site_id,property_name,floorplan_id,unit_key,name,beds,baths,price_low,price_high,price_range,all_in_price_range,per_bed_pricing,square_feet,units_available,availability,availability_description,available_date,deposit,deposit_description,application_fees,admin_fee,max_occupants,unit_number,is_unit,is_new,raw_unit_floorplans
"kele8mc","Lofts at Lakeview","935968","7sgyt2x","S1","0","1","1595","1595","$1,595","$1,731","false","685 sq. ft.","1","AvailableNow","Rentals Available","2026-08-21T23:59:59.000Z",,"",,,,"","false","false","[]"
"kele8mc","Lofts at Lakeview","935978","dzng4lj","A7","1","1","1695","1795","$1,695 - $1,795","$1,831 - $1,931","false","925 sq. ft.","21","AvailableNow","Rentals Available","2025-03-31T23:59:59.000Z",,"",,,,"","false","false","[]"
"kele8mc","Lofts at Lakeview","935972","vb02s3d","A4","1","1","1595","1695","$1,595 - $1,695","$1,731 - $1,831","false","747 sq. ft.","19","AvailableNow","Rentals Available","2026-01-07T23:59:59.000Z",,"",,,,"","false","false","[]"
"kele8mc","Lofts at Lakeview","935992","dseg23l","A14","1","1","1795","1795","$1,795","$1,931","false","1,038 sq. ft.","12","AvailableNow","Rentals Available","2024-07-31T23:59:59.000Z",,"",,,,"","false","false","[]"
"kele8mc","Lofts at Lakeview","935976","lfjbx5g","A6","1","1","1695","1695","$1,695","$1,831","false","911 sq. ft.","2","AvailableNow","Rentals Available","2023-05-31T23:59:59.000Z",,"",,,,"","false","false","[]"
"kele8mc","Lofts at Lakeview","935987","t5zspe8","A12","1","1","1695","1695","$1,695","$1,831","false","1,002 sq. ft.","1","AvailableNow","Rentals Available","2024-06-05T23:59:59.000Z",,"",,,,"","false","false","[]"
"kele8mc","Lofts at Lakeview","935989","26h1ng9","A13","1","1","1895","1895","$1,895","$2,031","false","1,022 sq. ft.","1","AvailableNow","Rentals Available","2024-04-30T23:59:59.000Z",,"",,,,"","false","false","[]"
"kele8mc","Lofts at Lakeview","935984","8fjc581","A10","1","1",,,"","","false","976 sq. ft.","0","AvailableSoon","Available Soon","",,"",,,,"","false","false","[]"
"kele8mc","Lofts at Lakeview","935986","pqpnmrs","A11","1","1",,,"","","false","988 sq. ft.","0","AvailableSoon","Available Soon","",,"",,,,"","false","false","[]"
"kele8mc","Lofts at Lakeview","935993","dwsg7vh","A15","1","1",,,"","","false","1,115 sq. ft.","0","AvailableSoon","Available Soon","",,"",,,,"","false","false","[]"
"kele8mc","Lofts at Lakeview","936003","4xw765h","B7","2","2","2195","2195","$2,195","$2,331","false","1,503 sq. ft.","16","AvailableNow","Rentals Available","2025-05-07T23:59:59.000Z",,"",,,,"","false","false","[]"
"kele8mc","Lofts at Lakeview","936007","hgpl4t1","B9","2","2","2695","2695","$2,695","$2,831","false","1,528 sq. ft.","6","AvailableNow","Rentals Available","2023-08-31T23:59:59.000Z",,"",,,,"","false","false","[]"
"kele8mc","Lofts at Lakeview","936006","rb3v142","B8","2","2","2795","2795","$2,795","$2,931","false","1,516 sq. ft.","3","AvailableNow","Rentals Available","2023-09-30T23:59:59.000Z",,"",,,,"","false","false","[]"
"kele8mc","Lofts at Lakeview","936001","b219j9b","B3","2","2","2195","2195","$2,195","$2,331","false","1,388 sq. ft.","2","AvailableNow","Rentals Available","2025-08-14T23:59:59.000Z",,"",,,,"","false","false","[]"
"kele8mc","Lofts at Lakeview","936021","yjgxkfv","B4","2","2","2395","2395","$2,395","$2,531","false","1,392 sq. ft.","2","AvailableNow","Rentals Available","2026-07-14T23:59:59.000Z",,"",,,,"","false","false","[]"
"kele8mc","Lofts at Lakeview","935999","heyl6b0","B6","2","2","2895","2895","$2,895","$3,031","false","1,455 sq. ft.","2","AvailableNow","Rentals Available","2026-06-22T23:59:59.000Z",,"",,,,"","false","false","[]"
"kele8mc","Lofts at Lakeview","936010","qv5fryw","B10","2","2","2195","2195","$2,195","$2,331","false","1,531 sq. ft.","1","AvailableNow","Rentals Available","2026-08-28T23:59:59.000Z",,"",,,,"","false","false","[]"
"kele8mc","Lofts at Lakeview","936012","t7qsmx9","B11","2","2","2195","2195","$2,195","$2,331","false","1,531 sq. ft.","1","AvailableNow","Rentals Available","2026-05-28T23:59:59.000Z",,"",,,,"","false","false","[]"
"kele8mc","Lofts at Lakeview","936016","t0cslnc","B13","2","2","2995","2995","$2,995","$3,131","false","1,672 sq. ft.","1","AvailableNow","Rentals Available","2024-08-10T23:59:59.000Z",,"",,,,"","false","false","[]"
"kele8mc","Lofts at Lakeview","936014","08833y3","B12","2","2",,,"","","false","1,580 sq. ft.","0","AvailableSoon","Available Soon","",,"",,,,"","false","false","[]"
"kele8mc","Lofts at Lakeview","936017","vgm2wvg","B1","2","2",,,"","","false","1,202 sq. ft.","0","AvailableSoon","Available Soon","",,"",,,,"","false","false","[]"
"kele8mc","Lofts at Lakeview","936020","msfq29l","B2","2","2",,,"","","false","1,220 sq. ft.","0","AvailableSoon","Available Soon","",,"",,,,"","false","false","[]"
"kele8mc","Lofts at Lakeview","936024","0fh35f1","B5","2","2",,,"","","false","1,402 sq. ft.","0","AvailableSoon","Available Soon","",,"",,,,"","false","false","[]"
"ocpet5b7hm","Modern/High Ceilings 2bed/2 bath","1","q2j0gkx","","2","2","1250","1250","$1,250","$1,250","true","950 sq. ft.","1","AvailableNow","Rentals Available","2026-07-07T23:59:59.000Z",,"","N/A","N/A","2","","false","false","[]"
"59xvx3n","Aventura RTP","1087288","jx9ntw7","A2","1","1","1315","1495","$1,315 - $1,495","$1,463 - $1,643","false","852 sq. ft.","5","AvailableNow","Rentals Available","2026-09-03T23:59:59.000Z",,"",,,,"","false","false","[]"
"59xvx3n","Aventura RTP","1986801","97nm1r4","A1","1","1","1149","1518","$1,149 - $1,518","$1,297 - $1,666","false","621 sq. ft.","4","AvailableNow","Rentals Available","2026-08-31T23:59:59.000Z",,"",,,,"","false","false","[]"
"59xvx3n","Aventura RTP","1986798","388ypqf","B6","2","2","1597","1762","$1,597 - $1,762","$1,745 - $1,910","false","1,305 sq. ft.","5","AvailableNow","Rentals Available","2026-06-05T23:59:59.000Z",,"",,,,"","false","false","[]"
"59xvx3n","Aventura RTP","1986800","14rw2p5","B5","2","2","1602","1652","$1,602 - $1,652","$1,750 - $1,800","false","1,248 sq. ft.","5","AvailableNow","Rentals Available","2026-06-05T23:59:59.000Z",,"",,,,"","false","false","[]"
"59xvx3n","Aventura RTP","2397637","f6d14gt","B2","2","2","1506","1586","$1,506 - $1,586","$1,654 - $1,734","false","1,174 sq. ft.","3","AvailableNow","Rentals Available","2026-06-08T23:59:59.000Z",,"",,,,"","false","false","[]"
"59xvx3n","Aventura RTP","1986788","j5yd325","B1","2","2","1516","1571","$1,516 - $1,571","$1,664 - $1,719","false","1,052 sq. ft.","3","AvailableNow","Rentals Available","2026-06-12T23:59:59.000Z",,"",,,,"","false","false","[]"
"59xvx3n","Aventura RTP","2397639","3x2pg4e","B3","2","2","1542","1617","$1,542 - $1,617","$1,690 - $1,765","false","1,220 sq. ft.","3","AvailableNow","Rentals Available","2026-05-18T23:59:59.000Z",,"",,,,"","false","false","[]"
"59xvx3n","Aventura RTP","1701715","7fmz64y","B4","2","2","1675","1675","$1,675","$1,823","false","1,242 sq. ft.","2","AvailableNow","Rentals Available","2026-08-28T23:59:59.000Z",,"",,,,"","false","false","[]"
"59xvx3n","Aventura RTP","1986805","pmsjtyv","C1","3","2","1876","1946","$1,876 - $1,946","$2,024 - $2,094","false","1,444 sq. ft.","5","FutureDate","Available Soon","2026-09-14T23:59:59.000Z",,"",,,,"","false","false","[]"
"ocpvcjy8we","Rare 4 bedroom 4 full bath only $2200. per month","1","q2j0gkx","","4","4","2200","2200","$2,200","$2,200","false","1,200 sq. ft.","1","FutureDate","Available Soon","2027-08-05T23:59:59.000Z",,"","N/A","N/A","4","","false","false","[]"
"7e6kx1w","Centennial Ridge Student Housing","2716169","sn3nrn5","3x3","3","3","599","2157","$599 - $2,157","$636 - $2,194","true","1,212 sq. ft.","2","AvailableNow","Rentals Available","2026-08-14T23:59:59.000Z",,"",,,"3","","false","false","[]"
"ocpw46rjcl","Brand New Luxury Furnished Townhome | 4 Bed /  3.5 Bath | 5 Min to NC State & 3 Mins to Fenton +shop","1","q2j0gkx","","3","2.5","900","1050","$900 - $1,050","$900 - $1,050","true","2,021 sq. ft.","1","AvailableNow","Rentals Available","2026-08-01T23:59:59.000Z",,"","N/A","N/A","4","","false","false","[]"
"mc0h4yh","The Reserve at Patterson Place","2458955","xx8z6vp","C3","1","1","1447","1496","$1,447 - $1,496","$1,447 - $1,496","false","776 sq. ft.","7","AvailableNow","Rentals Available","2026-09-02T23:59:59.000Z","350","",,,,"","false","false","[]"
"mc0h4yh","The Reserve at Patterson Place","3483655","dz8k6lh","B1.3","1","1","1288","1341","$1,288 - $1,341","$1,288 - $1,341","false","638 sq. ft.","3","AvailableNow","Rentals Available","2026-09-01T23:59:59.000Z","350","",,,,"","false","false","[]"
"mc0h4yh","The Reserve at Patterson Place","2458956","6x8yypr","C2.2","1","1","1462","1513","$1,462 - $1,513","$1,462 - $1,513","false","766 sq. ft.","3","AvailableNow","Rentals Available","2026-06-19T23:59:59.000Z","350","",,,,"","false","false","[]"
"mc0h4yh","The Reserve at Patterson Place","3483656","lg8qyxf","B1.1","1","1","1238","1318","$1,238 - $1,318","$1,238 - $1,318","false","620 sq. ft.","2","AvailableNow","Rentals Available","2026-08-05T23:59:59.000Z","350","",,,,"","false","true","[]"
"mc0h4yh","The Reserve at Patterson Place","2458957","l65jnqg","C3.1","1","1","1488","1543","$1,488 - $1,543","$1,488 - $1,543","false","852 sq. ft.","2","AvailableNow","Rentals Available","2026-09-06T23:59:59.000Z","350","",,,,"","false","false","[]"
"mc0h4yh","The Reserve at Patterson Place","3483650","t2y4l5c","B1","1","1","1324","1324","$1,324","$1,324","false","615 sq. ft.","1","FutureDate","Available Soon","2026-12-06T23:59:59.000Z","350","",,,,"","false","false","[]"
"mc0h4yh","The Reserve at Patterson Place","2458953","fwepz8r","C1","1","1","1375","1375","$1,375","$1,375","false","735 sq. ft.","1","FutureDate","Available Soon","2026-09-19T23:59:59.000Z","350","",,,,"","false","false","[]"
"mc0h4yh","The Reserve at Patterson Place","2458954","c1t9kne","C2","1","1",,,"","","false","742 sq. ft.","0","AvailableSoon","Available Soon","","350","",,,,"","false","false","[]"
"mc0h4yh","The Reserve at Patterson Place","3483654","t7b4px8","B1.2","1","1",,,"","","false","635 sq. ft.","0","AvailableSoon","Available Soon","","350","",,,,"","false","false","[]"
"mc0h4yh","The Reserve at Patterson Place","3483653","qrmlspw","E1","2","1","1788","1821","$1,788 - $1,821","$1,788 - $1,821","false","960 sq. ft.","2","FutureDate","Available Soon","2026-09-25T23:59:59.000Z","350","",,,,"","false","false","[]"
"mc0h4yh","The Reserve at Patterson Place","3483651","vg9zyvf","E1.2","2","1",,,"","","false","1,035 sq. ft.","0","AvailableSoon","Available Soon","","350","",,,,"","false","false","[]"
"mc0h4yh","The Reserve at Patterson Place","3483652","fn0hm2s","E1.1","2","1",,,"","","false","997 sq. ft.","0","AvailableSoon","Available Soon","","350","",,,,"","false","false","[]"
"mc0h4yh","The Reserve at Patterson Place","2458964","83jh822","F1.1","2","2","1795","1820","$1,795 - $1,820","$1,795 - $1,820","false","1,260 sq. ft.","2","AvailableNow","Rentals Available","2026-09-02T23:59:59.000Z","350","",,,,"","false","false","[]"
"mc0h4yh","The Reserve at Patterson Place","2458963","nx9q6xp","F1.3","2","2","1841","1850","$1,841 - $1,850","$1,841 - $1,850","false","1,278 sq. ft.","2","AvailableNow","Rentals Available","2026-09-07T23:59:59.000Z","350","",,,,"","false","false","[]"
"mc0h4yh","The Reserve at Patterson Place","2458961","7nc5phy","F1","2","2","1986","1986","$1,986","$1,986","false","1,260 sq. ft.","1","FutureDate","Available Soon","2026-09-12T23:59:59.000Z","350","",,,,"","false","true","[]"
"mc0h4yh","The Reserve at Patterson Place","2458962","zn8xpty","F1.2","2","2",,,"","","false","1,278 sq. ft.","0","AvailableSoon","Available Soon","","350","",,,,"","false","false","[]"
"mc0h4yh","The Reserve at Patterson Place","2458965","2chtr5b","F2","2","2",,,"","","false","1,294 sq. ft.","0","AvailableSoon","Available Soon","","350","",,,,"","false","false","[]"
"mc0h4yh","The Reserve at Patterson Place","2458966","estg2qn","F3","2","2",,,"","","false","1,337 sq. ft.","0","AvailableSoon","Available Soon","","350","",,,,"","false","false","[]"
"mc0h4yh","The Reserve at Patterson Place","2458968","wmg4g5h","G1.1","3","2","2422","2422","$2,422","$2,422","false","1,486 sq. ft.","2","FutureDate","Available Soon","2026-09-24T23:59:59.000Z","350","",,,,"","false","false","[]"
"mc0h4yh","The Reserve at Patterson Place","2458967","sf4v5h7","G1","3","2",,,"","","false","1,471 sq. ft.","0","AvailableSoon","Available Soon","","350","",,,,"","false","false","[]"
"mc0h4yh","The Reserve at Patterson Place","2458969","7q35m0z","TG1","3","3",,,"","","false","1,726 sq. ft.","0","AvailableSoon","Available Soon","","350","",,,,"","false","false","[]"
"ocpchygggd","Hurry 2 Rooms Left! – 4BR/4BA Condo Near NC State  – All Utilities & Internet Included!","1","q2j0gkx","","2","2","695","695","$695","$695","true","1,250 sq. ft.","1","AvailableNow","Rentals Available","1970-01-01T23:59:59.000Z",,"","N/A","N/A","2","","false","false","[]"
"es0855q","Maxwell Raleigh","2750739","srdz1v7","Soho - S1","0","1","1549","1549","$1,549","$1,549","true","391 sq. ft.","1","FutureDate","Available Soon","2027-08-13T23:59:59.000Z",,"",,,,"","false","false","[]"
"es0855q","Maxwell Raleigh","5768681","8tkv0l1","Soho - S1 Alt","0","1","1549","1549","$1,549","$1,549","false","391 sq. ft.","1","FutureDate","Available Soon","2027-08-13T23:59:59.000Z",,"",,,,"","false","false","[]"
"es0855q","Maxwell Raleigh","5768682","vtlkrrg","Soho - S2","0","1","1549","1549","$1,549","$1,549","false","391 sq. ft.","1","FutureDate","Available Soon","2027-08-13T23:59:59.000Z",,"",,,,"","false","false","[]"
"es0855q","Maxwell Raleigh","5768683","slqh917","Soho - S2 Alt","0","1","1549","1549","$1,549","$1,549","false","391 sq. ft.","1","FutureDate","Available Soon","2027-08-13T23:59:59.000Z",,"",,,,"","false","false","[]"
"es0855q","Maxwell Raleigh","5858347","ccqnf7d","Soho - S3","0","1","1549","1549","$1,549","$1,549","false","391 sq. ft.","1","FutureDate","Available Soon","2027-08-13T23:59:59.000Z",,"",,,,"","false","false","[]"
"es0855q","Maxwell Raleigh","5858350","zrs1e0x","Soho - S Type A","0","1","1549","1549","$1,549","$1,549","false","391 sq. ft.","0","AvailableSoon","Available Soon","",,"",,,,"","false","false","[]"
"es0855q","Maxwell Raleigh","5858348","mz7hk9j","Arden - A1","1","1","799","799","$799","$799","false","578 sq. ft.","1","FutureDate","Available Soon","2027-08-13T23:59:59.000Z",,"",,,,"","false","false","[]"
"es0855q","Maxwell Raleigh","6051725","w8rcpxj","Astoria - A1","1","1","1899","1899","$1,899","$1,899","false","571 sq. ft.","1","FutureDate","Available Soon","2027-08-13T23:59:59.000Z",,"",,,,"","false","false","[]"
"es0855q","Maxwell Raleigh","6051726","p5e132t","Astoria - A2","1","1","1899","1899","$1,899","$1,899","false","571 sq. ft.","1","FutureDate","Available Soon","2027-08-13T23:59:59.000Z",,"",,,,"","false","false","[]"
"es0855q","Maxwell Raleigh","2750743","2xrywfb","Astoria - A Type A","1","1","1899","1899","$1,899","$1,899","true","571 sq. ft.","0","AvailableSoon","Available Soon","",,"",,,"1","","false","false","[]"
"es0855q","Maxwell Raleigh","2750745","8l1mbs0","Brookhaven","2","1","1109","1109","$1,109","$1,109","true","989 sq. ft.","1","FutureDate","Available Soon","2027-08-13T23:59:59.000Z",,"",,,"2","","false","false","[]"
"es0855q","Maxwell Raleigh","5858351","j60gvm7","Bradford","2","2","799","899","$799 - $899","$799 - $899","false","800 sq. ft.","2","FutureDate","Available Soon","2027-08-13T23:59:59.000Z",,"",,,,"","false","false","[]"
"es0855q","Maxwell Raleigh","2021129","38ygmve","Bexley - B1","2","2","1249","1249","$1,249","$1,249","true","800 sq. ft.","1","FutureDate","Available Soon","2027-08-13T23:59:59.000Z",,"",,,"2","","false","false","[]"
"es0855q","Maxwell Raleigh","2750746","jwxq5x4","Bexley - B3","2","2","1249","1249","$1,249","$1,249","true","800 sq. ft.","1","FutureDate","Available Soon","2027-08-13T23:59:59.000Z",,"",,,"2","","false","false","[]"
"es0855q","Maxwell Raleigh","5858352","gvqjf4w","Bexley - B1 Alt","2","2","1249","1249","$1,249","$1,249","false","800 - 880 sq. ft.","1","FutureDate","Available Soon","2027-08-13T23:59:59.000Z",,"",,,,"","false","false","[]"
"es0855q","Maxwell Raleigh","5909103","wjfmewl","Bexley - B Type A","2","2","1249","1249","$1,249","$1,249","false","800 sq. ft.","1","FutureDate","Available Soon","2027-08-13T23:59:59.000Z",,"",,,,"","false","false","[]"
"es0855q","Maxwell Raleigh","2750756","7331kvy","Belmont","2","3","1299","1299","$1,299","$1,299","true","940 sq. ft.","1","FutureDate","Available Soon","2027-08-13T23:59:59.000Z",,"",,,"3","","false","false","[]"
"es0855q","Maxwell Raleigh","5858354","j2hgzm4","Chelsea- Premium","3","3","799","899","$799 - $899","$799 - $899","false","1,199 sq. ft.","2","FutureDate","Available Soon","2027-08-13T23:59:59.000Z",,"",,,,"","false","false","[]"
"es0855q","Maxwell Raleigh","2750750","m0f89rj","Camden C1","3","3","1149","1169","$1,149 - $1,169","$1,149 - $1,169","true","1,115 sq. ft.","2","FutureDate","Available Soon","2027-08-13T23:59:59.000Z",,"",,,"3","","false","false","[]"
"es0855q","Maxwell Raleigh","2750752","vhdxjtg","Camden C5","3","3","1149","1169","$1,149 - $1,169","$1,149 - $1,169","true","1,199 sq. ft.","2","FutureDate","Available Soon","2027-08-13T23:59:59.000Z",,"",,,"3","","false","false","[]"
"es0855q","Maxwell Raleigh","2750753","rjc4851","Chatham - Premium","3","3","1149","1149","$1,149","$1,149","true","1,250 sq. ft.","1","FutureDate","Available Soon","2027-08-13T23:59:59.000Z",,"",,,"3","","false","false","[]"
"es0855q","Maxwell Raleigh","2750754","cjbehfg","Concord - C2","3","3","1149","1149","$1,149","$1,149","true","940 sq. ft.","1","FutureDate","Available Soon","2027-08-13T23:59:59.000Z",,"",,,"3","","false","false","[]"
"es0855q","Maxwell Raleigh","2692085","y314blr","Dover","4","3","999","1019","$999 - $1,019","$999 - $1,019","true","1,403 sq. ft.","2","FutureDate","Available Soon","2027-08-13T23:59:59.000Z",,"",,,"4","","false","false","[]"
"es0855q","Maxwell Raleigh","2750758","ngjl6pn","Derby - D3","4","4","999","1019","$999 - $1,019","$999 - $1,019","true","1,536 sq. ft.","2","FutureDate","Available Soon","2027-08-13T23:59:59.000Z",,"",,,"4","","false","false","[]"
"es0855q","Maxwell Raleigh","2692084","cs8c0bg","Dawson - Premium","4","4","999","999","$999","$999","true","1,642 sq. ft.","1","FutureDate","Available Soon","2027-08-13T23:59:59.000Z",,"",,,"4","","false","false","[]"
"es0855q","Maxwell Raleigh","2750765","70g1jlz","Derby D3 Alt 1","4","4","999","999","$999","$999","true","1,536 sq. ft.","1","FutureDate","Available Soon","2027-08-13T23:59:59.000Z",,"",,,"4","","false","false","[]"
"es0855q","Maxwell Raleigh","2750768","m7k8fhl","Denmark - D1","4","4","999","999","$999","$999","true","1,343 sq. ft.","1","FutureDate","Available Soon","2027-08-13T23:59:59.000Z",,"",,,"4","","false","false","[]"
"es0855q","Maxwell Raleigh","5858355","xhs3x1n","Denmark - D1 Alt","4","4","999","999","$999","$999","false","1,343 sq. ft.","1","FutureDate","Available Soon","2027-08-13T23:59:59.000Z",,"",,,,"","false","false","[]"
"es0855q","Maxwell Raleigh","5858357","5lpvy3m","Derby - D3 Alt 2","4","4","999","999","$999","$999","false","1,536 sq. ft.","1","FutureDate","Available Soon","2027-08-13T23:59:59.000Z",,"",,,,"","false","false","[]"
"es0855q","Maxwell Raleigh","5858358","ymbt16r","Derby - D3 Type A","4","4","999","999","$999","$999","false","1,536 sq. ft.","1","FutureDate","Available Soon","2027-08-13T23:59:59.000Z",,"",,,,"","false","false","[]"
"es0855q","Maxwell Raleigh","5858360","cdcn9gf","Derby - D9","4","4","999","999","$999","$999","false","1,536 sq. ft.","1","FutureDate","Available Soon","2027-08-13T23:59:59.000Z",,"",,,,"","false","false","[]"
"es0855q","Maxwell Raleigh","5858359","nndcrzp","Derby - D6","4","4","1009","1009","$1,009","$1,009","false","1,536 sq. ft.","1","FutureDate","Available Soon","2027-08-13T23:59:59.000Z",,"",,,,"","false","false","[]"
"es0855q","Maxwell Raleigh","2750773","ygl2yqv","Deerwood - D7 Premium","4","4","1059","1059","$1,059","$1,059","true","1,535 sq. ft.","1","FutureDate","Available Soon","2027-08-13T23:59:59.000Z",,"",,,"4","","false","false","[]"
"es0855q","Maxwell Raleigh","2750775","f99krcs","Downing - D4 Premium","4","4","1059","1059","$1,059","$1,059","true","1,638 sq. ft.","1","FutureDate","Available Soon","2027-08-13T23:59:59.000Z",,"",,,"4","","false","false","[]"
"es0855q","Maxwell Raleigh","6065457","44rd0jj","Deerwood - D7 Alt Premium","4","4","1059","1059","$1,059","$1,059","false","1,535 sq. ft.","1","FutureDate","Available Soon","2027-08-13T23:59:59.000Z",,"",,,,"","false","false","[]"
"es0855q","Maxwell Raleigh","5858353","np0cvqq","Downing - D5 Premium","4","4","1069","1069","$1,069","$1,069","false","1,638 sq. ft.","1","FutureDate","Available Soon","2027-08-13T23:59:59.000Z",,"",,,,"","false","false","[]"
"ocpesl9n3p","maisonNC --- Fully Furnished minutes away from Wolfline and Shopping","1","q2j0gkx","","4","4","750","750","$750","$750","true","1,220 sq. ft.","1","AvailableNow","Rentals Available","1970-01-01T23:59:59.000Z",,"","N/A","N/A","4","","false","false","[]"
"lvqgnje","Trellis-University Hill","5980092","0e6zhs3","1 Bed 1 Bath","1","1","1400","1400","$1,400","$1,400","false","743 sq. ft.","6","AvailableNow","Rentals Available","2026-08-25T23:59:59.000Z",,"",,,"2","","false","false","[]"
"lvqgnje","Trellis-University Hill","5980089","dsqlmwh","2 Bed 2 Bath","2","2","1625","1625","$1,625","$1,625","false","1,048 sq. ft.","0","AvailableSoon","Available Soon","",,"",,,"4","","false","false","[]"
"ocpcm3jede","maisonNC --- Fully Furnished minutes away from Wolfline and Shopping","1","q2j0gkx","","4","4","750","750","$750","$750","true","1,220 sq. ft.","1","AvailableNow","Rentals Available","2026-09-01T23:59:59.000Z",,"","N/A","N/A","4","","false","false","[]"
"seyb987","Wesley","1876886","c7wxpqd","A2","1","1","1270","1455","$1,270 - $1,455","$1,385 - $1,570","false","805 sq. ft.","7","AvailableNow","Rentals Available","2026-08-05T23:59:59.000Z",,"",,,,"","false","false","[]"
"seyb987","Wesley","985992","49gsb1k","A1","1","1","1240","1474","$1,240 - $1,474","$1,355 - $1,589","false","722 - 772 sq. ft.","6","AvailableNow","Rentals Available","2026-07-09T23:59:59.000Z",,"",,,,"","false","false","[]"
"seyb987","Wesley","3035957","gf5j0ty","A3","1","1","1530","1685","$1,530 - $1,685","$1,645 - $1,800","false","890 sq. ft.","3","AvailableNow","Rentals Available","2026-07-27T23:59:59.000Z",,"",,,,"","false","false","[]"
"seyb987","Wesley","986008","p09cvmt","B2","2","2","1659","1760","$1,659 - $1,760","$1,774 - $1,875","false","1,117 sq. ft.","8","AvailableNow","Rentals Available","2026-08-28T23:59:59.000Z",,"",,,,"","false","false","[]"
"seyb987","Wesley","986006","4c7s8jl","B1","2","2","1595","1780","$1,595 - $1,780","$1,710 - $1,895","false","1,021 sq. ft.","6","AvailableNow","Rentals Available","2026-08-14T23:59:59.000Z",,"",,,,"","false","false","[]"
"seyb987","Wesley","986010","3v44hne","C1","3","2","1885","2160","$1,885 - $2,160","$2,000 - $2,275","false","1,289 sq. ft.","5","AvailableNow","Rentals Available","2026-08-27T23:59:59.000Z",,"",,,,"","false","false","[]"
"ocpnx5c0kn","Modern & spacious 3BR/3BA Apartment w/View","1","q2j0gkx","","3","3","1000","1000","$1,000","$1,000","true","1,500 sq. ft.","1","AvailableNow","Rentals Available","1970-01-01T23:59:59.000Z",,"","N/A","N/A","3","","false","false","[]"
"ll5gb9f","Rhyne's Gate Apartments","1042825","47k8mvk","Standard Model","2","2","1150","1150","$1,150","$1,150","false","950 sq. ft.","4","AvailableNow","Rentals Available","",,"",,,"4","","false","false","[]"
"ocp5ey2bmq","Furnished Studio/ADU | Olde Raleigh | Parking | Fast Wi-Fi","1","q2j0gkx","","0","1","1875","1875","$1,875","$1,875","false","670 sq. ft.","1","AvailableNow","Rentals Available","1970-01-01T23:59:59.000Z",,"","N/A","N/A","2","","false","false","[]"
"70rqkwy","Brook Hill Townhouse - Students Save Up to 10%","2661427","1ejxmv6","Cherry Birch","1","1.5","1350","1610","$1,350 - $1,610","$1,379 - $1,639","false","645 sq. ft.","0","AvailableSoon","Available Soon","",,"",,,,"","false","false","[]"
"70rqkwy","Brook Hill Townhouse - Students Save Up to 10%","1383299","vy4f2sf","Silver Birch","2","1.5","1355","1645","$1,355 - $1,645","$1,384 - $1,674","false","827 sq. ft.","1","AvailableNow","Rentals Available","2026-09-08T23:59:59.000Z",,"",,,,"","false","false","[]"
"70rqkwy","Brook Hill Townhouse - Students Save Up to 10%","1688882","xe5wdvm","Water Birch","3","1.5",,,"","","false","1,009 sq. ft.","0","AvailableSoon","Available Soon","",,"",,,,"","false","false","[]"
"ocpjeweyz6","All Girls Unit - Room with Private Bathroom at  University Woods at Centennial Condominiums","1","q2j0gkx","","4","4","645","645","$645","$645","true","200 sq. ft.","1","AvailableNow","Rentals Available","1970-01-01T23:59:59.000Z",,"","N/A","N/A","1","","false","false","[]"
"0smdl31","Paloma Raleigh","2552040","rcmy6l2","1x1","1","1","1599","1599","$1,599","$1,599","true","591 sq. ft.","6","CallForAvailability","Rentals Available","2025-08-15T23:59:59.000Z",,"",,,,"","false","false","[]"
"0smdl31","Paloma Raleigh","2440368","e4tnp6q","2x2","2","2","979","979","$979","$979","true","841 sq. ft.","7","CallForAvailability","Rentals Available","2025-05-01T23:59:59.000Z",,"",,,,"","false","false","[]"
"0smdl31","Paloma Raleigh","2440369","3rcv22d","2x2 Corner","2","2","989","989","$989","$989","true","821 sq. ft.","6","CallForAvailability","Rentals Available","2025-08-15T23:59:59.000Z",,"",,,,"","false","false","[]"
"0smdl31","Paloma Raleigh","2440371","4dr6y6j","3x3","3","3","879","879","$879","$879","true","1,075 sq. ft.","6","CallForAvailability","Rentals Available","2025-08-15T23:59:59.000Z",,"",,,,"","false","false","[]"
"0smdl31","Paloma Raleigh","2440372","wgqyx4h","4x4 Townhome","4","4","749","749","$749","$749","true","1,630 sq. ft.","6","CallForAvailability","Rentals Available","2025-08-15T23:59:59.000Z",,"",,,,"","false","false","[]"
"0smdl31","Paloma Raleigh","2552044","pnehh7r","4x4 Loft Private Access","4","4","989","989","$989","$989","true","1,682 sq. ft.","6","CallForAvailability","Rentals Available","2025-08-15T23:59:59.000Z",,"",,,,"","false","false","[]"
"0smdl31","Paloma Raleigh","2596473","gc4m3by","4x4 Loft","4","4","999","999","$999","$999","true","1,682 sq. ft.","6","CallForAvailability","Rentals Available","2025-08-15T23:59:59.000Z",,"",,,,"","false","false","[]"
"0smdl31","Paloma Raleigh","2595053","lg63f0f","5x5 Loft Private Access","5","5","949","949","$949","$949","true","1,754 sq. ft.","6","CallForAvailability","Rentals Available","2025-08-15T23:59:59.000Z",,"",,,,"","false","false","[]"
"0smdl31","Paloma Raleigh","2595054","njy5rkm","5x5 Loft","5","5","949","949","$949","$949","true","1,754 sq. ft.","6","CallForAvailability","Rentals Available","2025-08-15T23:59:59.000Z",,"",,,,"","false","false","[]"
"ocppjxdd3r","Collegeview Duplex--Brand New Luxury Housing within walking distance to NCSU","1","q2j0gkx","","4","4.5","900","950","$900 - $950","$900 - $950","true","2,500 sq. ft.","1","AvailableNow","Rentals Available","1970-01-01T23:59:59.000Z",,"","N/A","N/A","4","","false","false","[]"
"hgdd8s0","Lantower Bullhouse","5787998","tf7j2jb","S1.1","0","1","1388","2224","$1,388 - $2,224","$1,388 - $2,224","false","667 sq. ft.","2","AvailableNow","Rentals Available","2026-09-08T23:59:59.000Z",,"",,,,"","false","false","[]"
"hgdd8s0","Lantower Bullhouse","5787992","5z3mv7m","S2.1","0","1","1426","2232","$1,426 - $2,232","$1,426 - $2,232","false","661 sq. ft.","2","AvailableNow","Rentals Available","2026-09-08T23:59:59.000Z",,"",,,,"","false","false","[]"
"hgdd8s0","Lantower Bullhouse","5787996","nvj4zcq","S3.1","0","1","1543","2318","$1,543 - $2,318","$1,543 - $2,318","false","761 sq. ft.","1","AvailableNow","Rentals Available","2026-09-08T23:59:59.000Z",,"",,,,"","false","false","[]"
"hgdd8s0","Lantower Bullhouse","5788006","h66vkp2","A2.1","1","1","1377","1877","$1,377 - $1,877","$1,377 - $1,877","false","747 sq. ft.","2","FutureDate","Available Soon","2026-10-19T23:59:59.000Z",,"",,,,"","false","false","[]"
"hgdd8s0","Lantower Bullhouse","5787993","ywgn02v","A1.3","1","1","1406","1873","$1,406 - $1,873","$1,406 - $1,873","false","722 sq. ft.","1","FutureDate","Available Soon","2026-10-05T23:59:59.000Z",,"",,,,"","false","false","[]"
"hgdd8s0","Lantower Bullhouse","3133724","gklsp9z","A5.1","1","1","1475","1888","$1,475 - $1,888","$1,475 - $1,888","false","755 sq. ft.","1","AvailableNow","Rentals Available","2026-09-08T23:59:59.000Z",,"",,,,"","false","false","[]"
"hgdd8s0","Lantower Bullhouse","5787994","1clhz47","A1.A","1","1","1482","1975","$1,482 - $1,975","$1,482 - $1,975","false","722 sq. ft.","1","FutureDate","Available Soon","2026-10-05T23:59:59.000Z",,"",,,,"","false","false","[]"
"hgdd8s0","Lantower Bullhouse","3454558","77k1m9y","A6.1","1","1","1497","2076","$1,497 - $2,076","$1,497 - $2,076","false","972 sq. ft.","1","FutureDate","Available Soon","2026-11-09T23:59:59.000Z",,"",,,,"","false","false","[]"
"hgdd8s0","Lantower Bullhouse","5788018","zq0fcdw","A4.2","1","1","1515","1941","$1,515 - $1,941","$1,515 - $1,941","false","898 sq. ft.","1","AvailableNow","Rentals Available","2026-09-08T23:59:59.000Z",,"",,,,"","false","false","[]"
"hgdd8s0","Lantower Bullhouse","2935031","czfeb0f","B3.1","1","1","1632","2092","$1,632 - $2,092","$1,632 - $2,092","false","989 sq. ft.","1","AvailableNow","Rentals Available","2026-09-08T23:59:59.000Z",,"",,,,"","false","false","[]"
"hgdd8s0","Lantower Bullhouse","5788019","373kc5d","B1.2A","1","1","1781","2284","$1,781 - $2,284","$1,781 - $2,284","false","1,083 sq. ft.","1","AvailableNow","Rentals Available","2026-09-08T23:59:59.000Z",,"",,,,"","false","false","[]"
"hgdd8s0","Lantower Bullhouse","3232720","bek2mmb","C3.1","2","2","2006","3970","$2,006 - $3,970","$2,006 - $3,970","false","1,250 sq. ft.","2","FutureDate","Available Soon","2026-09-21T23:59:59.000Z",,"",,,,"","false","false","[]"
"hgdd8s0","Lantower Bullhouse","5788025","jg10v84","C1.2","2","2","1826","2476","$1,826 - $2,476","$1,826 - $2,476","false","1,134 sq. ft.","1","FutureDate","Available Soon","2026-10-12T23:59:59.000Z",,"",,,,"","false","false","[]"
"hgdd8s0","Lantower Bullhouse","5788027","c5bt9le","C1.4","2","2","1876","3739","$1,876 - $3,739","$1,876 - $3,739","false","1,134 sq. ft.","1","FutureDate","Available Soon","2026-09-14T23:59:59.000Z",,"",,,,"","false","false","[]"
"hgdd8s0","Lantower Bullhouse","5788028","4n8gjjl","C1.3","2","2","1877","3741","$1,877 - $3,741","$1,877 - $3,741","false","1,174 sq. ft.","1","AvailableNow","Rentals Available","2026-09-08T23:59:59.000Z",,"",,,,"","false","false","[]"
"hgdd8s0","Lantower Bullhouse","5788035","tbqj6j9","C2.1","2","2","1957","3874","$1,957 - $3,874","$1,957 - $3,874","false","1,189 sq. ft.","1","FutureDate","Available Soon","2026-09-28T23:59:59.000Z",,"",,,,"","false","false","[]"
"hgdd8s0","Lantower Bullhouse","5788038","bf512xb","C3.2","2","2","2006","2723","$2,006 - $2,723","$2,006 - $2,723","false","1,250 sq. ft.","1","FutureDate","Available Soon","2026-10-12T23:59:59.000Z",,"",,,,"","false","false","[]"
"hgdd8s0","Lantower Bullhouse","5788034","xy4dtnm","C2.4","2","2","2183","4346","$2,183 - $4,346","$2,183 - $4,346","false","1,210 sq. ft.","1","FutureDate","Available Soon","2026-09-14T23:59:59.000Z",,"",,,,"","false","false","[]"
"ocpe1n95cm","Big Promotion w/best price ever. Move in Immediately . MarcomTowns. Great location nice","1","q2j0gkx","","4","4.5","950","950","$950","$950","true","1,720 sq. ft.","1","AvailableNow","Rentals Available","1970-01-01T23:59:59.000Z",,"","N/A","N/A","4","","false","false","[]"
"p8mlexs","Valentine Commons","4136601","fx6fkns","The Haywood Platinum","2","2","2238","2238","$2,238","$2,288","true","672 sq. ft.","1","AvailableNow","Rentals Available","2026-08-12T23:59:59.000Z",,"",,,,"","false","false","[]"
"p8mlexs","Valentine Commons","5852055","ysq0sdv","The Caswell Platinum","3","3","2038","2238","$2,038 - $2,238","$2,088 - $2,288","false","963 sq. ft.","4","AvailableNow","Rentals Available","2026-08-12T23:59:59.000Z",,"",,,,"","false","false","[]"
"p8mlexs","Valentine Commons","4137171","ec82f9p","The Wilson Platinum","3","3","2038","2038","$2,038","$2,088","true","921 sq. ft.","1","AvailableNow","Rentals Available","2026-08-12T23:59:59.000Z",,"",,,,"","false","false","[]"
"p8mlexs","Valentine Commons","4136602","fttfnxv","The Jackson Platinum","4","3","1190","1240","$1,190 - $1,240","$1,240 - $1,290","true","1,169 sq. ft.","2","AvailableNow","Rentals Available","2026-08-12T23:59:59.000Z",,"",,,,"","false","false","[]"
"p8mlexs","Valentine Commons","4137173","m38165h","The Washington Platinum","4","4","1190","1190","$1,190","$1,240","true","1,098 sq. ft.","1","AvailableNow","Rentals Available","2026-08-12T23:59:59.000Z",,"",,,,"","false","false","[]"
"p8mlexs","Valentine Commons","1700592","zxxg8cz","The Henderson Platinum","4","4","1240","1240","$1,240","$1,290","true","1,098 sq. ft.","1","AvailableNow","Rentals Available","2026-08-12T23:59:59.000Z",,"",,,"4","","false","false","[]"
"p8mlexs","Valentine Commons","3468960","je582d4","The Mitchell Platinum","4","4","1240","1240","$1,240","$1,290","true","1,098 sq. ft.","1","AvailableNow","Rentals Available","2026-08-12T23:59:59.000Z",,"",,,,"","false","false","[]"
"p8mlexs","Valentine Commons","1700591","s5x9r97","The Gaston Platinum","4","4","1340","1340","$1,340","$1,390","true","1,098 sq. ft.","1","AvailableNow","Rentals Available","2026-08-12T23:59:59.000Z",,"",,,"4","","false","false","[]"
"p8mlexs","Valentine Commons","1700586","eqqxtpp","The Franklin Platinum","4","4","1440","1440","$1,440","$1,490","true","1,157 sq. ft.","1","AvailableNow","Rentals Available","2026-08-12T23:59:59.000Z",,"",,,"4","","false","false","[]"
"p8mlexs","Valentine Commons","1700584","pjgw4ct","The Camden Platinum","4","4","1640","1640","$1,640","$1,690","true","1,169 sq. ft.","1","AvailableNow","Rentals Available","2026-08-12T23:59:59.000Z",,"",,,"4","","false","false","[]"
"p8mlexs","Valentine Commons","1700589","vgncbrf","The Hyde Platinum","4","4","1640","1640","$1,640","$1,690","true","1,129 sq. ft.","1","AvailableNow","Rentals Available","2026-08-12T23:59:59.000Z",,"",,,"4","","false","false","[]"
"p8mlexs","Valentine Commons","4137172","peh3hmt","The Pamlico Platinum","4","4","1640","1640","$1,640","$1,690","true","1,098 sq. ft.","1","AvailableNow","Rentals Available","2026-08-12T23:59:59.000Z",,"",,,,"","false","false","[]"
"ocp2evl6hb","University Oaks -","1","q2j0gkx","","1","1","725","725","$725","$725","true","1,250 sq. ft.","1","AvailableNow","Rentals Available","2026-06-01T23:59:59.000Z",,"","N/A","N/A","1","","false","false","[]"
"fgrbwjv","Stanhope","1618028","8gxbpq1","Studio","0","1","1675","1675","$1,675","$1,680","true","394 - 432 sq. ft.","1","AvailableNow","Rentals Available","2026-08-13T23:59:59.000Z",,"",,,,"","false","false","[]"
"fgrbwjv","Stanhope","5934063","q58xxmz","Studio +","0","1","1695","1695","$1,695","$1,700","false","424 - 446 sq. ft.","1","AvailableNow","Rentals Available","2026-08-13T23:59:59.000Z",,"",,,,"","false","false","[]"
"fgrbwjv","Stanhope","5934065","sy5lfr6","2x2 Shared","2","2","845","845","$845","$850","false","1,394 sq. ft.","1","AvailableNow","Rentals Available","2026-08-13T23:59:59.000Z",,"",,,,"","false","false","[]"
"fgrbwjv","Stanhope","1753261","my9fxzh","2x2","2","2","1385","1385","$1,385","$1,390","true","835 - 921 sq. ft.","1","AvailableNow","Rentals Available","2026-08-13T23:59:59.000Z",,"",,,"2","","false","false","[]"
"fgrbwjv","Stanhope","5934064","jx8vep7","2x2 +","2","2","1419","1419","$1,419","$1,424","false","1,015 - 1,056 sq. ft.","1","AvailableNow","Rentals Available","2026-08-13T23:59:59.000Z",,"",,,,"","false","false","[]"
"fgrbwjv","Stanhope","1753262","4w3yz3j","3x3","3","3","999","999","$999","$1,004","true","1,286 - 1,311 sq. ft.","1","AvailableNow","Rentals Available","2026-08-13T23:59:59.000Z",,"",,,"3","","false","false","[]"
"fgrbwjv","Stanhope","5934067","xcjqc3n","3x3 +","3","3","1335","1335","$1,335","$1,340","false","1,340 - 1,348 sq. ft.","1","AvailableNow","Rentals Available","2026-08-13T23:59:59.000Z",,"",,,,"","false","false","[]"
"fgrbwjv","Stanhope","5934066","43jm3gl","3x3 Grand","3","3","1340","1340","$1,340","$1,345","false","1,490 sq. ft.","1","AvailableNow","Rentals Available","2026-08-13T23:59:59.000Z",,"",,,,"","false","false","[]"
"fgrbwjv","Stanhope","1753263","drkpv5k","4x4 Corner","4","4","1199","1199","$1,199","$1,204","true","1,544 sq. ft.","1","AvailableNow","Rentals Available","2026-08-13T23:59:59.000Z",,"",,,"4","","false","false","[]"
"fgrbwjv","Stanhope","5934061","ng0zg5p","4x4","4","4","1199","1199","$1,199","$1,204","false","1,589 sq. ft.","1","AvailableNow","Rentals Available","2026-08-13T23:59:59.000Z",,"",,,,"","false","false","[]"
"ocpvlydr3e","Reavis ---Brand New Luxury Housing within walking distance to NCSU","1","q2j0gkx","","4","4.5","925","975","$925 - $975","$925 - $975","true","2,160 sq. ft.","1","AvailableNow","Rentals Available","1970-01-01T23:59:59.000Z",,"","N/A","N/A","4","","false","false","[]"
"86fjg60","HeyDay Raleigh","6041988","ge8f64w","Studio - S1","0","1","1819","1819","$1,819","$1,819","false","375 sq. ft.","1","FutureDate","Available Soon","2027-08-14T23:59:59.000Z",,"",,,,"","false","false","[]"
"86fjg60","HeyDay Raleigh","6041990","sjtrkb7","Studio - S4","0","1","1899","1899","$1,899","$1,899","false","414 sq. ft.","1","FutureDate","Available Soon","2027-08-14T23:59:59.000Z",,"",,,,"","false","false","[]"
"86fjg60","HeyDay Raleigh","6041989","rx93yd2","Studio - S2","0","1","1999","1999","$1,999","$1,999","false","375 sq. ft.","1","FutureDate","Available Soon","2027-08-14T23:59:59.000Z",,"",,,,"","false","false","[]"
"86fjg60","HeyDay Raleigh","6041991","x72wmsn","Studio - S3","0","1","2009","2009","$2,009","$2,009","false","397 sq. ft.","1","FutureDate","Available Soon","2027-08-14T23:59:59.000Z",,"",,,,"","false","false","[]"
"86fjg60","HeyDay Raleigh","6041992","lvlk0xf","1BR/1BA - A1","1","1","2179","2179","$2,179","$2,179","false","519 sq. ft.","1","FutureDate","Available Soon","2027-08-14T23:59:59.000Z",,"",,,,"","false","false","[]"
"86fjg60","HeyDay Raleigh","6041993","f5cnf2t","1BR/1BA - A2","1","1","2199","2199","$2,199","$2,199","false","528 sq. ft.","1","FutureDate","Available Soon","2027-08-14T23:59:59.000Z",,"",,,,"","false","false","[]"
"86fjg60","HeyDay Raleigh","6041994","ddgqzvk","1BR/1BA - A3","1","1","2219","2219","$2,219","$2,219","false","562 sq. ft.","1","FutureDate","Available Soon","2027-08-14T23:59:59.000Z",,"",,,,"","false","false","[]"
"86fjg60","HeyDay Raleigh","6041995","tp51e5c","1BR/1BA - A4","1","1","2269","2269","$2,269","$2,269","false","610 sq. ft.","1","FutureDate","Available Soon","2027-08-14T23:59:59.000Z",,"",,,,"","false","false","[]"
"86fjg60","HeyDay Raleigh","6041996","w9s7tgj","2BR/2BA - B1","2","2","1579","1579","$1,579","$1,579","false","723 sq. ft.","1","FutureDate","Available Soon","2027-08-14T23:59:59.000Z",,"",,,,"","false","false","[]"
"86fjg60","HeyDay Raleigh","6041997","y655e6v","2BR/2BA - B2","2","2","1599","1599","$1,599","$1,599","false","795 sq. ft.","1","FutureDate","Available Soon","2027-08-14T23:59:59.000Z",,"",,,,"","false","false","[]"
"86fjg60","HeyDay Raleigh","6041999","p4deght","2BR/2BA - B3","2","2","1609","1609","$1,609","$1,609","false","795 sq. ft.","1","FutureDate","Available Soon","2027-08-14T23:59:59.000Z",,"",,,,"","false","false","[]"
"86fjg60","HeyDay Raleigh","6041998","mchgrsh","2BR/2BA - B4","2","2","1619","1619","$1,619","$1,619","false","806 sq. ft.","1","FutureDate","Available Soon","2027-08-14T23:59:59.000Z",,"",,,,"","false","false","[]"
"86fjg60","HeyDay Raleigh","6042000","0wfvzy2","2BR/2BA - B5","2","2","1629","1629","$1,629","$1,629","false","819 sq. ft.","1","FutureDate","Available Soon","2027-08-14T23:59:59.000Z",,"",,,,"","false","false","[]"
"86fjg60","HeyDay Raleigh","6042001","cvhb0qf","2BR/2BA - B6","2","2","1649","1649","$1,649","$1,649","false","826 sq. ft.","1","FutureDate","Available Soon","2027-08-14T23:59:59.000Z",,"",,,,"","false","false","[]"
"86fjg60","HeyDay Raleigh","6042002","bncjf1b","3BR/3BA - C1","3","3","1499","1499","$1,499","$1,499","false","932 sq. ft.","1","FutureDate","Available Soon","2027-08-14T23:59:59.000Z",,"",,,,"","false","false","[]"
"86fjg60","HeyDay Raleigh","6042003","rrx3vm1","3BR/3BA - C2","3","3","1529","1529","$1,529","$1,529","false","1,087 sq. ft.","1","FutureDate","Available Soon","2027-08-14T23:59:59.000Z",,"",,,,"","false","false","[]"
"86fjg60","HeyDay Raleigh","6042004","bq3jdjc","3BR/3BA - C3","3","3","1549","1549","$1,549","$1,549","false","1,100 sq. ft.","1","FutureDate","Available Soon","2027-08-14T23:59:59.000Z",,"",,,,"","false","false","[]"
"86fjg60","HeyDay Raleigh","6042005","zf6y50x","4BR/4BA - D1","4","4","1349","1349","$1,349","$1,349","false","1,416 sq. ft.","1","FutureDate","Available Soon","2027-08-14T23:59:59.000Z",,"",,,,"","false","false","[]"
"86fjg60","HeyDay Raleigh","6042007","qecp6fw","4BR/4BA - D2","4","4","1399","1399","$1,399","$1,399","false","1,457 sq. ft.","1","FutureDate","Available Soon","2027-08-14T23:59:59.000Z",,"",,,,"","false","false","[]"
"86fjg60","HeyDay Raleigh","6042006","lsvk2eg","4BR/4BA - D3","4","4","1449","1449","$1,449","$1,449","false","1,471 sq. ft.","1","FutureDate","Available Soon","2027-08-14T23:59:59.000Z",,"",,,,"","false","false","[]"
"86fjg60","HeyDay Raleigh","6042009","mf4gx1l","4BR/4BA - TH1","4","4","1479","1479","$1,479","$1,479","false","1,470 sq. ft.","1","FutureDate","Available Soon","2027-08-14T23:59:59.000Z",,"",,,,"","false","false","[]"
"86fjg60","HeyDay Raleigh","6042008","1kn0j86","4BR/4BA - TH2","4","4","1499","1499","$1,499","$1,499","false","1,470 sq. ft.","1","FutureDate","Available Soon","2027-08-14T23:59:59.000Z",,"",,,,"","false","false","[]"
"86fjg60","HeyDay Raleigh","6042010","m9rgt9j","4BR/4BA - TH3","4","4","1519","1519","$1,519","$1,519","false","1,602 sq. ft.","1","FutureDate","Available Soon","2027-08-14T23:59:59.000Z",,"",,,,"","false","false","[]"
"86fjg60","HeyDay Raleigh","6042011","ly7k55e","4BR/4.5BA - TH4","4","4.5","1539","1539","$1,539","$1,539","false","1,629 sq. ft.","1","FutureDate","Available Soon","2027-08-14T23:59:59.000Z",,"",,,,"","false","false","[]"
"ocpxdxd79p","4BR/4BA Condo| On Wolfline | Preleasing 27-28 Special $850 Util/Parking Incld | Mile to Campus","1","q2j0gkx","","4","4","875","875","$875","$875","true","1,224 sq. ft.","1","FutureDate","Available Soon","2027-08-01T23:59:59.000Z",,"","N/A","N/A","4","","false","false","[]"
"9de4we5","LYV Woodcroft at Southpoint","3302954","egqsmhn","A1R","1","1","1200","1200","$1,200","$1,200","false","845 sq. ft.","2","FutureDate","Available Soon","2026-11-05T23:59:59.000Z",,"",,,,"","false","false","[]"
"9de4we5","LYV Woodcroft at Southpoint","3022361","870r230","A2R","1","1","1325","1325","$1,325","$1,325","false","945 sq. ft.","1","FutureDate","Available Soon","2026-09-24T23:59:59.000Z",,"",,,,"","false","false","[]"
"9de4we5","LYV Woodcroft at Southpoint","1952392","008b1x0","A1","1","1",,,"","","false","845 sq. ft.","0","AvailableSoon","Available Soon","",,"",,,,"","false","false","[]"
"9de4we5","LYV Woodcroft at Southpoint","1952396","gk2zvgz","A2","1","1",,,"","","false","945 sq. ft.","0","AvailableSoon","Available Soon","",,"",,,,"","false","false","[]"
"9de4we5","LYV Woodcroft at Southpoint","64125","6kf0n5r","B1","2","2","1275","1300","$1,275 - $1,300","$1,275 - $1,300","false","1,075 sq. ft.","20","AvailableNow","Rentals Available","2026-09-04T23:59:59.000Z",,"",,,,"","false","false","[]"
"9de4we5","LYV Woodcroft at Southpoint","3022362","j8wve74","B1R","2","2","1375","1400","$1,375 - $1,400","$1,375 - $1,400","false","1,075 sq. ft.","12","AvailableNow","Rentals Available","2026-08-28T23:59:59.000Z",,"",,,,"","false","false","[]"
"9de4we5","LYV Woodcroft at Southpoint","64124","vcb7wkf","B2 with Den","2","2","1385","1385","$1,385","$1,385","false","1,179 sq. ft.","8","AvailableNow","Rentals Available","2026-09-04T23:59:59.000Z",,"",,,,"","false","false","[]"
"9de4we5","LYV Woodcroft at Southpoint","5975579","fqlj3nv","B2R With Den","2","2",,,"","","false","1,179 sq. ft.","0","AvailableSoon","Available Soon","",,"",,,,"","false","false","[]"
"ocpm68s5sh","Burt Drive Townhouses---Brand New Luxury Housing within walking distance to NCSU","1","q2j0gkx","","4","4.5","1050","1050","$1,050","$1,050","true","2,430 sq. ft.","1","AvailableNow","Rentals Available","1970-01-01T23:59:59.000Z",,"","N/A","N/A","4","","false","false","[]"
"gky0hgw","Willow Bend Apartments","1002951","e1jncsq","WB 2x1","2","1","1312","1357","$1,312 - $1,357","$1,312 - $1,357","false","812 sq. ft.","3","FutureDate","Available Soon","2026-10-02T23:59:59.000Z",,"",,,,"","false","false","[]"
"ocpd8x87kh","New Construction: 4 Bed 4.5 Bath Townhomes","1","q2j0gkx","","4","4.5","4000","4000","$4,000","$4,000","false","2,100 sq. ft.","1","AvailableNow","Rentals Available","2026-06-01T23:59:59.000Z",,"","N/A","N/A","4","","false","false","[]"
"v534e5d","Kensington Park","1043037","zkse8jy","K1A","1","1","1185","1215","$1,185 - $1,215","$1,185 - $1,215","false","870 sq. ft.","1","AvailableNow","Rentals Available","2026-08-01T23:59:59.000Z",,"",,,,"","false","false","[]"
"v534e5d","Kensington Park","1043036","0558qq2","K1B","1","1","1175","1175","$1,175","$1,175","false","780 sq. ft.","0","AvailableSoon","Available Soon","",,"",,,,"","false","false","[]"
"v534e5d","Kensington Park","1043038","ghlxbez","K1C","1","1","1205","1205","$1,205","$1,205","false","890 sq. ft.","0","AvailableSoon","Available Soon","",,"",,,,"","false","false","[]"
"v534e5d","Kensington Park","1043039","mlzwj8h","K1D","1","1","1225","1225","$1,225","$1,225","false","960 sq. ft.","0","AvailableSoon","Available Soon","",,"",,,,"","false","false","[]"
"v534e5d","Kensington Park","1043040","se5czv4","K2F","2","1","1335","1335","$1,335","$1,335","false","960 sq. ft.","0","AvailableSoon","Available Soon","",,"",,,,"","false","false","[]"
"v534e5d","Kensington Park","1043041","2cxb168","K2B","2","1","1345","1345","$1,345","$1,345","false","990 sq. ft.","0","AvailableSoon","Available Soon","",,"",,,,"","false","false","[]"
"v534e5d","Kensington Park","1043043","kczt1b8","K2A","2","1","1375","1375","$1,375","$1,375","false","1,090 sq. ft.","0","AvailableSoon","Available Soon","",,"",,,,"","false","false","[]"
"v534e5d","Kensington Park","1043042","v1n9ctg","K2D","2","1","1385","1385","$1,385","$1,385","false","1,085 sq. ft.","0","AvailableSoon","Available Soon","",,"",,,,"","false","false","[]"
"v534e5d","Kensington Park","1043044","scxcsc6","K2C","2","1.5","1395","1395","$1,395","$1,395","false","1,085 sq. ft.","0","AvailableSoon","Available Soon","",,"",,,,"","false","false","[]"
"v534e5d","Kensington Park","1043045","01n8lq1","K2E","2","2","1575","1575","$1,575","$1,575","false","1,065 sq. ft.","0","AvailableSoon","Available Soon","",,"",,,,"","false","false","[]"
"v534e5d","Kensington Park","1043047","zjnecsz","K3C","3","1.5","1745","1745","$1,745","$1,745","false","1,190 sq. ft.","0","AvailableSoon","Available Soon","",,"",,,,"","false","false","[]"
"v534e5d","Kensington Park","1043048","nw07y6m","K3F","3","2","1725","1725","$1,725","$1,725","false","1,065 sq. ft.","0","AvailableSoon","Available Soon","",,"",,,,"","false","false","[]"
"v534e5d","Kensington Park","1043050","fw066ct","K3B","3","2","1845","1845","$1,845","$1,845","false","1,325 sq. ft.","0","AvailableSoon","Available Soon","",,"",,,,"","false","false","[]"
"v534e5d","Kensington Park","1043051","l7d1ede","K3A","3","2","1845","1845","$1,845","$1,845","false","1,325 sq. ft.","0","AvailableSoon","Available Soon","",,"",,,,"","false","false","[]"
"v534e5d","Kensington Park","5766602","5htmt9n","K3D","3","2","1945","1945","$1,945","$1,945","false","1,525 sq. ft.","0","AvailableSoon","Available Soon","",,"",,,,"","false","false","[]"
"ocp913l1z6","** WAITLIST for 2026-2027 ** 4 Bedroom, 4.5 Bathroom Unit Near NCSU Campus and Cup A Joe","1","q2j0gkx","","4","4.5","4400","4400","$4,400","$4,400","false","1,726 sq. ft.","1","AvailableNow","Rentals Available","2026-06-07T23:59:59.000Z",,"","N/A","N/A","4","","false","false","[]"
"0zm5l03","616 at the Village","2365478","p29qb9r","S1A","0","1","1675","1675","$1,675","$1,712","false","600 sq. ft.","1","AvailableNow","Rentals Available","2026-09-09T23:59:59.000Z",,"",,,,"","false","false","[]"
"0zm5l03","616 at the Village","1808397","e81j63q","A1B","1","1","1600","1620","$1,600 - $1,620","$1,637 - $1,657","false","690 sq. ft.","3","AvailableNow","Rentals Available","2026-08-25T23:59:59.000Z",,"",,,,"","false","false","[]"
"0zm5l03","616 at the Village","1808398","9wjn204","A1C","1","1","1652","1740","$1,652 - $1,740","$1,689 - $1,777","false","730 sq. ft.","2","FutureDate","Available Soon","2026-09-12T23:59:59.000Z",,"",,,,"","false","false","[]"
"0zm5l03","616 at the Village","2030333","v3y847f","A1D","1","1","1684","1684","$1,684","$1,721","false","804 sq. ft.","1","AvailableNow","Rentals Available","2026-09-01T23:59:59.000Z",,"",,,,"","false","false","[]"
"0zm5l03","616 at the Village","2030335","gqdw08x","A1F","1","1","1823","1823","$1,823","$1,860","false","857 sq. ft.","1","FutureDate","Available Soon","2026-09-30T23:59:59.000Z",,"",,,,"","false","false","[]"
"0zm5l03","616 at the Village","2030332","pw0zcdt","A1A","1","1",,,"","","false","618 sq. ft.","0","AvailableSoon","Available Soon","",,"",,,,"","false","false","[]"
"0zm5l03","616 at the Village","2030334","mm0xvek","A1E","1","1",,,"","","false","849 sq. ft.","0","AvailableSoon","Available Soon","",,"",,,,"","false","false","[]"
"0zm5l03","616 at the Village","2010136","842dn60","A2B","1","1.5","2017","2017","$2,017","$2,054","false","1,156 sq. ft.","1","FutureDate","Available Soon","2026-11-04T23:59:59.000Z",,"",,,,"","false","false","[]"
"0zm5l03","616 at the Village","2030336","nmnnd7q","A2C","1","1.5",,,"","","false","1,258 sq. ft.","0","AvailableSoon","Available Soon","",,"",,,,"","false","false","[]"
"0zm5l03","616 at the Village","2382033","7nw6ntw","A2A","1","1.5",,,"","","false","1,070 sq. ft.","0","AvailableSoon","Available Soon","",,"",,,,"","false","false","[]"
"0zm5l03","616 at the Village","2030341","12g1br5","B2G","2","2","2485","2530","$2,485 - $2,530","$2,522 - $2,567","false","1,187 sq. ft.","2","AvailableNow","Rentals Available","2026-08-27T23:59:59.000Z",,"",,,,"","false","false","[]"
"0zm5l03","616 at the Village","2030338","dr5p0ck","B2D","2","2","2435","2435","$2,435","$2,472","false","1,069 sq. ft.","1","AvailableNow","Rentals Available","2026-09-02T23:59:59.000Z",,"",,,,"","false","false","[]"
"0zm5l03","616 at the Village","2030344","5nl5elq","B2J","2","2","2630","2630","$2,630","$2,667","false","1,328 sq. ft.","1","FutureDate","Available Soon","2026-09-12T23:59:59.000Z",,"",,,,"","false","false","[]"
"0zm5l03","616 at the Village","2010138","33wxbgd","B2A","2","2",,,"","","false","1,001 sq. ft.","0","AvailableSoon","Available Soon","",,"",,,,"","false","false","[]"
"0zm5l03","616 at the Village","2010139","6tv23kt","B2B","2","2",,,"","","false","1,001 sq. ft.","0","AvailableSoon","Available Soon","",,"",,,,"","false","false","[]"
"0zm5l03","616 at the Village","2030339","enkeenq","B2E","2","2",,,"","","false","1,097 sq. ft.","0","AvailableSoon","Available Soon","",,"",,,,"","false","false","[]"
"0zm5l03","616 at the Village","2030340","rgv27d0","B2F","2","2",,,"","","false","1,113 sq. ft.","0","AvailableSoon","Available Soon","",,"",,,,"","false","false","[]"
"0zm5l03","616 at the Village","2030342","dxjp5lj","B2H","2","2",,,"","","false","1,223 sq. ft.","0","AvailableSoon","Available Soon","",,"",,,,"","false","false","[]"
"0zm5l03","616 at the Village","2030343","t5l0nx9","B2I","2","2",,,"","","false","1,305 sq. ft.","0","AvailableSoon","Available Soon","",,"",,,,"","false","false","[]"
"0zm5l03","616 at the Village","2365479","x6v6p8n","B2C","2","2",,,"","","false","1,050 sq. ft.","0","AvailableSoon","Available Soon","",,"",,,,"","false","false","[]"
"0zm5l03","616 at the Village","2030337","zzrzz8y","B3","2","2.5",,,"","","false","1,517 sq. ft.","0","AvailableSoon","Available Soon","",,"",,,,"","false","false","[]"
"0zm5l03","616 at the Village","2010140","l56edlf","C2A","3","2","3430","3430","$3,430","$3,467","false","1,317 sq. ft.","1","FutureDate","Available Soon","2026-09-24T23:59:59.000Z",,"",,,,"","false","false","[]"
"ocp2k0px98","Liberty station male only townhome- 5 miles from Centennial","1","q2j0gkx","","1","2.5","900","900","$900","$900","true","1,526 sq. ft.","1","AvailableNow","Rentals Available","2026-08-01T23:59:59.000Z",,"","N/A","N/A","3","","false","false","[]"
"z8cfdjw","Campus Crossings Raleigh","778007","0x8v0q2","2 Bedroom 2 Bathroom","2","2","755","870","$755 - $870","$755 - $870","true","876 sq. ft.","5","AvailableNow","Rentals Available","2026-08-13T23:59:59.000Z",,"",,,"2","","false","false","[]"
"z8cfdjw","Campus Crossings Raleigh","778011","p5behst","3 Bedroom 3 Bathroom","3","3","695","805","$695 - $805","$695 - $805","true","1,163 sq. ft.","5","AvailableNow","Rentals Available","2026-08-13T23:59:59.000Z",,"",,,"3","","false","false","[]"
"z8cfdjw","Campus Crossings Raleigh","778015","55c48km","4 Bedroom 4 Bathroom","4","4","685","795","$685 - $795","$685 - $795","true","1,393 sq. ft.","5","AvailableNow","Rentals Available","2026-08-13T23:59:59.000Z",,"",,,"4","","false","false","[]"
"ocp6mp93ms","Newly Renovated - All Girls Unit Room with Private Bathroom","1","q2j0gkx","","4","4","645","645","$645","$645","true","1,330 sq. ft.","1","AvailableNow","Rentals Available","1970-01-01T23:59:59.000Z",,"","N/A","N/A","1","","false","false","[]"
"75medjw","Brickside","6076660","telmqr9","S2A","0","1","1599","1599","$1,599","$1,618","true","480 sq. ft.","19","AvailableNow","Rentals Available","",,"",,,"1","","false","false","[]"
"75medjw","Brickside","6076659","mj2t3wk","S1D","0","1","1499","1499","$1,499","$1,518","true","432 sq. ft.","7","AvailableNow","Rentals Available","",,"",,,"1","","false","false","[]"
"75medjw","Brickside","6076666","dj123pk","A2A","1","1","1775","1775","$1,775","$1,794","true","540 sq. ft.","12","AvailableNow","Rentals Available","",,"",,,"1","","false","false","[]"
"75medjw","Brickside","6076662","gkfvrsx","A1B","1","1","1749","1749","$1,749","$1,768","true","500 sq. ft.","8","AvailableNow","Rentals Available","",,"",,,"1","","false","false","[]"
"75medjw","Brickside","6076663","1fzndx6","A1C","1","1","1749","1749","$1,749","$1,768","true","500 sq. ft.","8","AvailableNow","Rentals Available","",,"",,,"1","","false","false","[]"
"75medjw","Brickside","6076667","ptfrhnv","A2B","1","1","1775","1775","$1,775","$1,794","true","540 sq. ft.","8","AvailableNow","Rentals Available","",,"",,,"1","","false","false","[]"
"75medjw","Brickside","6076661","gqtvx1y","A1A","1","1","1749","1749","$1,749","$1,768","true","477 sq. ft.","4","AvailableNow","Rentals Available","",,"",,,"1","","false","false","[]"
"75medjw","Brickside","6076664","exksghq","A1D","1","1","1749","1749","$1,749","$1,768","true","507 sq. ft.","4","AvailableNow","Rentals Available","",,"",,,"1","","false","false","[]"
"75medjw","Brickside","6076665","s84eb74","A1E","1","1","1749","1749","$1,749","$1,768","true","513 sq. ft.","4","AvailableNow","Rentals Available","",,"",,,"1","","false","false","[]"
"75medjw","Brickside","6076669","h3by1g3","A3B","1","1","1825","1825","$1,825","$1,844","true","652 sq. ft.","4","AvailableNow","Rentals Available","",,"",,,"1","","false","false","[]"
"75medjw","Brickside","6076670","zmmcy5z","A4A","1","1","1825","1825","$1,825","$1,844","true","667 sq. ft.","4","AvailableNow","Rentals Available","",,"",,,"1","","false","false","[]"
"75medjw","Brickside","6076671","4qrb50h","A4B","1","1","1825","1825","$1,825","$1,844","true","688 sq. ft.","4","AvailableNow","Rentals Available","",,"",,,"1","","false","false","[]"
"75medjw","Brickside","6076668","xwm9f4q","A3A","1","1","1825","1825","$1,825","$1,844","true","635 sq. ft.","1","AvailableNow","Rentals Available","",,"",,,"1","","false","false","[]"
"75medjw","Brickside","6076672","dvmelwh","B1A","2","2","1195","1195","$1,195","$1,214","true","954 sq. ft.","4","AvailableNow","Rentals Available","",,"",,,"2","","false","false","[]"
"75medjw","Brickside","6076673","6hs70ls","D1A","4","4","999","999","$999","$1,018","true","1,369 sq. ft.","4","AvailableNow","Rentals Available","",,"",,,"4","","false","false","[]"
"75medjw","Brickside","4297716","k7dzddb","D2A","4","4","999","999","$999","$1,018","true","1,467 sq. ft.","3","AvailableNow","Rentals Available","",,"",,,"4","","false","true","[]"
"75medjw","Brickside","6076674","nq4fzhn","D1B","4","4","999","999","$999","$1,018","true","1,369 sq. ft.","2","AvailableNow","Rentals Available","",,"",,,"4","","false","false","[]"
"75medjw","Brickside","4297717","7x5h6nx","D4A","4","4","1225","1225","$1,225","$1,244","true","1,762 sq. ft.","1","AvailableNow","Rentals Available","",,"",,,"4","","false","true","[]"
"75medjw","Brickside","4297718","7rjh3ey","D3A","4","4.5","1109","1109","$1,109","$1,128","true","1,729 sq. ft.","2","AvailableNow","Rentals Available","",,"",,,"4","","false","true","[]"
"ocp6wsb4yt","We have 1 bedroom open In a luxury 5 bed 5 full bath house 1/1/27-6/30/27","1","q2j0gkx","","1","1","1200","1200","$1,200","$1,200","true","","1","FutureDate","Available Soon","2027-01-01T23:59:59.000Z",,"","N/A","N/A","5","","false","false","[]"
"tv2h1cb","Gorman Crossings","756248","kvhg6f8","2B","2","1.5","1295","1325","$1,295 - $1,325","$1,295 - $1,325","false","985 sq. ft.","1","CallForAvailability","Rentals Available","",,"",,,,"","false","false","[]"
"tv2h1cb","Gorman Crossings","756249","0lkxp30","2C","2","1.5","1335","1375","$1,335 - $1,375","$1,335 - $1,375","false","1,035 sq. ft.","1","CallForAvailability","Rentals Available","",,"",,,,"","false","false","[]"
"tv2h1cb","Gorman Crossings","756247","bxcq0mb","2F","2","2.5","1595","1635","$1,595 - $1,635","$1,595 - $1,635","false","1,185 sq. ft.","1","CallForAvailability","Rentals Available","",,"",,,,"","false","false","[]"
"tv2h1cb","Gorman Crossings","756250","swfys74","2E","2","2.5","1595","1635","$1,595 - $1,635","$1,595 - $1,635","false","1,125 sq. ft.","1","CallForAvailability","Rentals Available","",,"",,,,"","false","false","[]"
"tv2h1cb","Gorman Crossings","756251","w591htk","3A","3","1.5","1575","1625","$1,575 - $1,625","$1,575 - $1,625","false","1,315 sq. ft.","1","CallForAvailability","Rentals Available","",,"",,,,"","false","false","[]"
"tv2h1cb","Gorman Crossings","756252","9tmfzv6","3B","3","2","1645","1695","$1,645 - $1,695","$1,645 - $1,695","false","1,115 sq. ft.","2","CallForAvailability","Rentals Available","2026-02-05T23:59:59.000Z",,"",,,,"","false","false","[]"
"tv2h1cb","Gorman Crossings","5827422","gsfpqrz","3E","3","2.5","1845","1895","$1,845 - $1,895","$1,845 - $1,895","false","1,315 sq. ft.","0","CallForAvailability","Available Soon","",,"",,,,"","false","false","[]"
"tv2h1cb","Gorman Crossings","756253","ybn37lr","3C","3","2.5","1975","2025","$1,975 - $2,025","$1,975 - $2,025","false","1,485 sq. ft.","0","CallForAvailability","Available Soon","",,"",,,,"","false","false","[]"
"tv2h1cb","Gorman Crossings","756254","w0x1n2j","3D","3","3.5","2095","2145","$2,095 - $2,145","$2,095 - $2,145","false","1,785 sq. ft.","0","CallForAvailability","Available Soon","",,"",,,,"","false","false","[]"
"ocpbp1v5c9","Prime ITB location one block off Ridge Road","1","q2j0gkx","","3","2","2800","2800","$2,800","$2,800","false","1,900 sq. ft.","1","AvailableNow","Rentals Available","1970-01-01T23:59:59.000Z",,"","N/A","N/A","4","","false","false","[]"
"5x5ph7m","Redpoint Raleigh","1333967","jz3xeb5","3 Bedroom, 3 BathTownhome","3","3","995","995","$995","$995","true","1,353 - 1,395 sq. ft.","0","AvailableSoon","Available Soon","",,"",,,"3","","false","false","[]"
"5x5ph7m","Redpoint Raleigh","1333978","z1tlvyz","4 Bedroom, 4 Bath Townhome","4","4","899","899","$899","$899","true","1,748 - 2,124 sq. ft.","0","AvailableSoon","Available Soon","",,"",,,"4","","false","false","[]"
"5x5ph7m","Redpoint Raleigh","1699433","k61qb4c","4 Bedroom, 4.5 Bath Commons","4","4.5","905","905","$905","$905","true","1,785 - 2,333 sq. ft.","0","AvailableSoon","Available Soon","",,"",,,"4","","false","false","[]"
"ocp5z7c91m","$300 off 1st month's rent! Spacious 3BD/2.5BA Townhome Rental available near NCSU for fall semester!","1","q2j0gkx","","3","2","1800","1800","$1,800","$1,800","false","1,100 sq. ft.","1","AvailableNow","Rentals Available","2026-08-13T23:59:59.000Z",,"","N/A","N/A","4","","false","false","[]"
"syvz9l4","The Wilde","4289016","zp6yngw","B1 Premium","2","2","730","730","$730","$730","true","430 sq. ft.","3","AvailableNow","Rentals Available","2026-08-14T23:59:59.000Z",,"",,,,"","false","false","[]"
"syvz9l4","The Wilde","4289021","28ysvh8","B1","2","2","920","920","$920","$920","true","430 sq. ft.","0","AvailableSoon","Available Soon","",,"",,,,"","false","false","[]"
"syvz9l4","The Wilde","4289020","gq0fmvw","C1 Premium","3","3","690","690","$690","$690","true","381 sq. ft.","3","AvailableNow","Rentals Available","2026-08-14T23:59:59.000Z",,"",,,,"","false","false","[]"
"syvz9l4","The Wilde","4289018","ytn5s9s","D1","4","4","599","599","$599","$599","true","330 sq. ft.","3","AvailableNow","Rentals Available","2026-08-14T23:59:59.000Z",,"",,,,"","false","false","[]"
"syvz9l4","The Wilde","4289017","c3hbhrg","D1 Premium","4","4","660","660","$660","$660","true","330 sq. ft.","3","AvailableNow","Rentals Available","2026-08-14T23:59:59.000Z",,"",,,,"","false","false","[]"
"ocph8n0fc0","Affordable Student Housing 1 Block from Campus on Wolf Line","1","q2j0gkx","","4","4","640","640","$640","$640","true","1,200 sq. ft.","1","AvailableNow","Rentals Available","2026-08-14T23:59:59.000Z",,"","N/A","N/A","1","","false","false","[]"
"61y0ywr","Hub Raleigh","5960266","qx07e5z","Murphy","0","1","1599","1599","$1,599","$1,599","false","339 - 396 sq. ft.","1","AvailableNow","Rentals Available","2026-08-05T23:59:59.000Z",,"",,,,"","false","false","[]"
"61y0ywr","Hub Raleigh","5960270","0febp50","2x1 Lite","2","1","999","999","$999","$999","false","607 - 728 sq. ft.","2","AvailableNow","Rentals Available","2026-08-05T23:59:59.000Z",,"",,,,"","false","false","[]"
"61y0ywr","Hub Raleigh","5960271","r8pkhz2","2x1","2","1","1225","1225","$1,225","$1,225","false","594 - 686 sq. ft.","2","AvailableNow","Rentals Available","2026-08-05T23:59:59.000Z",,"",,,,"","false","false","[]"
"61y0ywr","Hub Raleigh","5960268","t1kh16b","2x1 Shared","2","1","1079","1079","$1,079","$1,079","false","575 sq. ft.","1","AvailableNow","Rentals Available","2026-08-05T23:59:59.000Z",,"",,,,"","false","false","[]"
"61y0ywr","Hub Raleigh","5960269","gtzzb7x","2x2","2","2","1449","1449","$1,449","$1,449","false","797 - 843 sq. ft.","0","AvailableSoon","Available Soon","",,"",,,,"","false","false","[]"
"61y0ywr","Hub Raleigh","5960275","91lsse4","3x2","3","2","1159","1159","$1,159","$1,159","false","1,024 - 1,126 sq. ft.","1","AvailableNow","Rentals Available","2026-08-05T23:59:59.000Z",,"",,,,"","false","false","[]"
"61y0ywr","Hub Raleigh","5960274","39kl9bd","3x2 Mansion Spa","3","2","1284","1284","$1,284","$1,284","false","1,026 sq. ft.","1","AvailableNow","Rentals Available","2026-08-05T23:59:59.000Z",,"",,,,"","false","false","[]"
"61y0ywr","Hub Raleigh","5960276","mzcyqkh","3x3","3","3","1355","1355","$1,355","$1,355","false","1,029 - 1,190 sq. ft.","0","AvailableSoon","Available Soon","",,"",,,,"","false","false","[]"
"61y0ywr","Hub Raleigh","5960279","5kynt0n","4x2 Lite","4","2","1029","1029","$1,029","$1,029","false","955 - 1,044 sq. ft.","2","AvailableNow","Rentals Available","2026-08-05T23:59:59.000Z",,"",,,,"","false","false","[]"
"61y0ywr","Hub Raleigh","5960278","j501x77","4x2 Pod","4","2","799","799","$799","$799","false","901 - 908 sq. ft.","1","AvailableNow","Rentals Available","2026-08-05T23:59:59.000Z",,"",,,,"","false","false","[]"
"61y0ywr","Hub Raleigh","5960281","vcscche","4x2","4","2","799","799","$799","$799","false","1,089 - 1,201 sq. ft.","1","AvailableNow","Rentals Available","2026-08-05T23:59:59.000Z",,"",,,,"","false","false","[]"
"61y0ywr","Hub Raleigh","5960283","plvw3lv","4x2 Corner","4","2","799","799","$799","$799","false","1,117 - 1,201 sq. ft.","1","AvailableNow","Rentals Available","2026-08-05T23:59:59.000Z",,"",,,,"","false","false","[]"
"61y0ywr","Hub Raleigh","5960282","4w5fmpj","4x2 VIP","4","2","849","849","$849","$849","false","1,135 - 1,201 sq. ft.","1","AvailableNow","Rentals Available","2026-08-05T23:59:59.000Z",,"",,,,"","false","false","[]"
"61y0ywr","Hub Raleigh","5960284","hd7tms1","4x2 VIP Corner","4","2","1074","1074","$1,074","$1,074","false","1,139 sq. ft.","1","AvailableNow","Rentals Available","2026-08-05T23:59:59.000Z",,"",,,,"","false","false","[]"
"61y0ywr","Hub Raleigh","5960280","08nbhn2","4x2 Mansion Spa","4","2","1124","1124","$1,124","$1,124","false","1,089 - 1,186 sq. ft.","1","AvailableNow","Rentals Available","2026-08-05T23:59:59.000Z",,"",,,,"","false","false","[]"
"61y0ywr","Hub Raleigh","5960286","zsjg93w","4x3","4","3","899","899","$899","$899","false","1,145 - 1,340 sq. ft.","2","AvailableNow","Rentals Available","2026-08-05T23:59:59.000Z",,"",,,,"","false","false","[]"
"61y0ywr","Hub Raleigh","5960288","947swn7","4x3 Corner","4","3","899","899","$899","$899","false","1,253 sq. ft.","2","AvailableNow","Rentals Available","2026-08-05T23:59:59.000Z",,"",,,,"","false","false","[]"
"61y0ywr","Hub Raleigh","5960287","4txfk6l","4x3 Mansion Spa","4","3","1099","1099","$1,099","$1,099","false","1,237 - 1,318 sq. ft.","2","AvailableNow","Rentals Available","2026-08-05T23:59:59.000Z",,"",,,,"","false","false","[]"
"61y0ywr","Hub Raleigh","5960285","gvvzczx","4x3 VIP","4","3","1124","1124","$1,124","$1,124","false","1,145 - 1,286 sq. ft.","1","AvailableNow","Rentals Available","2026-08-05T23:59:59.000Z",,"",,,,"","false","false","[]"
"61y0ywr","Hub Raleigh","5960289","k2zr28c","4x3 Corner VIP","4","3","1124","1124","$1,124","$1,124","false","1,253 sq. ft.","1","AvailableNow","Rentals Available","2026-08-05T23:59:59.000Z",,"",,,,"","false","false","[]"
"61y0ywr","Hub Raleigh","5960290","c8qv8md","4x3 TH","4","3","1149","1149","$1,149","$1,149","false","1,427 sq. ft.","1","AvailableNow","Rentals Available","2026-08-05T23:59:59.000Z",,"",,,,"","false","false","[]"
"61y0ywr","Hub Raleigh","5960291","22x824c","4x3 TH Mansion","4","3","1249","1249","$1,249","$1,249","false","1,431 sq. ft.","1","AvailableNow","Rentals Available","2026-08-05T23:59:59.000Z",,"",,,,"","false","false","[]"
"61y0ywr","Hub Raleigh","5960292","92zst55","4x3.5 TH","4","3.5","1275","1275","$1,275","$1,275","false","1,699 - 1,769 sq. ft.","2","AvailableNow","Rentals Available","2026-08-05T23:59:59.000Z",,"",,,,"","false","false","[]"
"61y0ywr","Hub Raleigh","5960294","njh5s4m","4x4","4","4","999","999","$999","$999","false","1,211 - 1,453 sq. ft.","2","AvailableNow","Rentals Available","2026-08-05T23:59:59.000Z",,"",,,,"","false","false","[]"
"61y0ywr","Hub Raleigh","5960296","5n2nx8q","4x4 TH Mansion","4","4","1199","1199","$1,199","$1,199","false","1,359 sq. ft.","2","AvailableNow","Rentals Available","2026-08-05T23:59:59.000Z",,"",,,,"","false","false","[]"
"61y0ywr","Hub Raleigh","5960295","grqz8qw","4x4 Mansion Spa","4","4","1244","1244","$1,244","$1,244","false","1,318 - 1,415 sq. ft.","2","AvailableNow","Rentals Available","2026-08-05T23:59:59.000Z",,"",,,,"","false","false","[]"
"61y0ywr","Hub Raleigh","5960298","yn2m55s","4x4 TH","4","4","1299","1299","$1,299","$1,299","false","1,446 - 1,502 sq. ft.","2","AvailableNow","Rentals Available","2026-08-05T23:59:59.000Z",,"",,,,"","false","false","[]"
"61y0ywr","Hub Raleigh","5960293","h8qths2","4x4 Mansion","4","4","1219","1219","$1,219","$1,219","false","1,213 sq. ft.","1","AvailableNow","Rentals Available","2026-08-05T23:59:59.000Z",,"",,,,"","false","false","[]"
"61y0ywr","Hub Raleigh","5960299","3fflf2f","4x4 Mansion Spa +","4","4","1574","1574","$1,574","$1,574","false","1,544 sq. ft.","0","AvailableSoon","Available Soon","",,"",,,,"","false","false","[]"
"ocp1tnqde5","2 blocks from central campus, 2 blocks from Village District!","1","q2j0gkx","","4","2","3900","3900","$3,900","$3,900","false","1,800 sq. ft.","1","AvailableNow","Rentals Available","2026-07-01T23:59:59.000Z",,"","N/A","N/A","4","","false","false","[]"
"dw0f7sh","Campus Edge","779519","8xc85n0","1x1 Platinum","1","1","1475","1475","$1,475","$1,475","false","641 sq. ft.","2","AvailableNow","Rentals Available","2026-08-14T23:59:59.000Z",,"",,,"1","","false","false","[]"
"dw0f7sh","Campus Edge","779520","15rh4p5","2x2 Platinum","2","2","960","1895","$960 - $1,895","$960 - $1,895","true","978 sq. ft.","3","AvailableNow","Rentals Available","2026-08-14T23:59:59.000Z",,"",,,"2","","false","false","[]"
"dw0f7sh","Campus Edge","3464221","plz57tr","2x2 Upgraded","2","2","955","955","$955","$955","true","978 sq. ft.","2","AvailableNow","Rentals Available","2026-08-14T23:59:59.000Z",,"",,,,"","false","false","[]"
"dw0f7sh","Campus Edge","3464222","msq7ncj","3x3 Upgraded","3","3","905","905","$905","$905","true","1,296 sq. ft.","2","AvailableNow","Rentals Available","2026-08-14T23:59:59.000Z",,"",,,,"","false","false","[]"
"dw0f7sh","Campus Edge","779521","cfntqsd","3x3 Platinum","3","3","940","940","$940","$940","true","1,296 sq. ft.","2","AvailableNow","Rentals Available","2026-08-14T23:59:59.000Z",,"",,,"3","","false","false","[]"
"ocp85fz0j3","Brand-New 4BR Townhomes - Eight at State","1","q2j0gkx","","4","4.5","4000","4000","$4,000","$4,000","false","1,783 sq. ft.","1","AvailableNow","Rentals Available","2026-08-01T23:59:59.000Z",,"","N/A","N/A","4","","false","false","[]"
"zfcjzqy","Yugo Raleigh Logan","2020717","sy8wqv5","1 Bed, 1 Bath Classic","1","1","1859","1879","$1,859 - $1,879","$1,859 - $1,879","false","561 sq. ft.","2","FutureDate","Available Soon","2027-08-13T23:59:59.000Z",,"",,,"1","","false","false","[]"
"zfcjzqy","Yugo Raleigh Logan","2381641","4qts4ql","1 Bed, 1 Bath Corner","1","1","1879","1879","$1,879","$1,879","false","617 sq. ft.","1","FutureDate","Available Soon","2027-08-13T23:59:59.000Z",,"",,,"1","","false","false","[]"
"zfcjzqy","Yugo Raleigh Logan","2381642","1be69b6","2 Bed, 2 Bath Courtyard","2","2","1219","1289","$1,219 - $1,289","$1,219 - $1,289","true","844 sq. ft.","3","AvailableNow","Rentals Available","2026-08-16T23:59:59.000Z",,"",,,"2","","false","false","[]"
"zfcjzqy","Yugo Raleigh Logan","2020718","8hjqs11","2 Bed, 2 Bath Classic","2","2","1219","1219","$1,219","$1,219","true","816 sq. ft.","1","FutureDate","Available Soon","2027-08-13T23:59:59.000Z",,"",,,"2","","false","false","[]"
"zfcjzqy","Yugo Raleigh Logan","2381643","qpzhx4x","2 Bed, 2 Bath Plus","2","2","1219","1219","$1,219","$1,219","true","866 sq. ft.","1","FutureDate","Available Soon","2027-08-13T23:59:59.000Z",,"",,,"2","","false","false","[]"
"zfcjzqy","Yugo Raleigh Logan","2381644","dpzj59l","2 Bed, 2 Bath Corner","2","2","1259","1259","$1,259","$1,259","true","946 - 952 sq. ft.","1","FutureDate","Available Soon","2027-08-13T23:59:59.000Z",,"",,,"2","","false","false","[]"
"zfcjzqy","Yugo Raleigh Logan","2020719","1w34n14","3 Bed, 3 Bath Classic","3","3","1149","1199","$1,149 - $1,199","$1,149 - $1,199","true","1,071 sq. ft.","2","AvailableNow","Rentals Available","2026-08-16T23:59:59.000Z",,"",,,"3","","false","false","[]"
"zfcjzqy","Yugo Raleigh Logan","3307143","2qk6jwc","3 Bed, 3 Bath Courtyard","3","3","1149","1149","$1,149","$1,149","false","1,071 sq. ft.","1","FutureDate","Available Soon","2027-08-13T23:59:59.000Z",,"",,,,"","false","false","[]"
"zfcjzqy","Yugo Raleigh Logan","2381646","ps0ckbs","3 Bed, 3 Bath Corner","3","3","1169","1169","$1,169","$1,169","true","1,116 sq. ft.","1","FutureDate","Available Soon","2027-08-13T23:59:59.000Z",,"",,,"3","","false","false","[]"
"zfcjzqy","Yugo Raleigh Logan","3307144","dc385rh","4 Bed, 4 Bath Courtyard","4","4","999","1239","$999 - $1,239","$999 - $1,239","false","1,392 sq. ft.","2","AvailableNow","Rentals Available","2026-08-16T23:59:59.000Z",,"",,,,"","false","false","[]"
"zfcjzqy","Yugo Raleigh Logan","2020720","kybegtc","4 Bed, 4 Bath Classic","4","4","999","1259","$999 - $1,259","$999 - $1,259","true","1,288 sq. ft.","2","AvailableNow","Rentals Available","2026-08-16T23:59:59.000Z",,"",,,"4","","false","false","[]"
"zfcjzqy","Yugo Raleigh Logan","2381647","fzvlmhv","4 Bed, 4 Bath Deluxe","4","4","1099","1239","$1,099 - $1,239","$1,099 - $1,239","true","1,368 - 1,380 sq. ft.","2","AvailableNow","Rentals Available","2026-08-16T23:59:59.000Z",,"",,,"4","","false","false","[]"
"zfcjzqy","Yugo Raleigh Logan","3333267","9dhdsd6","4 Bed, 4 Bath Vista","4","4","1099","1259","$1,099 - $1,259","$1,099 - $1,259","false","1,552 - 1,700 sq. ft.","2","AvailableNow","Rentals Available","2026-08-16T23:59:59.000Z",,"",,,,"","false","false","[]"
"zfcjzqy","Yugo Raleigh Logan","2381666","xzttdvn","4 Bed, 4 Bath Plus","4","4","999","999","$999","$999","true","1,340 sq. ft.","1","FutureDate","Available Soon","2027-08-13T23:59:59.000Z",,"",,,"4","","false","false","[]"
"zfcjzqy","Yugo Raleigh Logan","2381664","zlbrrty","4 Bed, 4 Bath Premier","4","4","1099","1099","$1,099","$1,099","true","1,512 sq. ft.","1","FutureDate","Available Soon","2027-08-13T23:59:59.000Z",,"",,,"4","","false","false","[]"
"ocpx3vt61n","FURNISHED NCSU STUDENT HOUSING – TOWNHOME ROOM RENTAL WITH PRIVATE BATHROOM ($850/room)","1","q2j0gkx","","3","3","850","850","$850","$850","true","1,359 sq. ft.","1","AvailableNow","Rentals Available","1970-01-01T23:59:59.000Z",,"","N/A","N/A","3","","false","false","[]"
"9rxe6j6","The Dakota","2057687","yqsd0hv","A2","1","1","1374","1413","$1,374 - $1,413","$1,416 - $1,455","false","716 sq. ft.","4","AvailableNow","Rentals Available","2026-08-10T23:59:59.000Z","150","",,,,"","false","false","[]"
"9rxe6j6","The Dakota","1872900","7mtkhdz","A1","1","1","1370","1383","$1,370 - $1,383","$1,412 - $1,425","false","706 sq. ft.","2","AvailableNow","Rentals Available","2026-08-26T23:59:59.000Z","150","",,,,"","false","false","[]"
"9rxe6j6","The Dakota","2057690","fh7w7ms","A5","1","1","1437","1437","$1,437","$1,479","false","812 sq. ft.","1","FutureDate","Available Soon","2026-10-28T23:59:59.000Z","150","",,,,"","false","false","[]"
"9rxe6j6","The Dakota","2057689","3bece7f","A4","1","1","1330","1330","$1,330","$1,372","false","760 sq. ft.","0","AvailableSoon","Available Soon","","150","",,,,"","false","false","[]"
"9rxe6j6","The Dakota","2057688","dvcymxh","A3","1","1","1345","1345","$1,345","$1,387","false","750 sq. ft.","0","AvailableSoon","Available Soon","","150","",,,,"","false","false","[]"
"9rxe6j6","The Dakota","2057691","wtefn9h","A6","1","1","1505","1505","$1,505","$1,547","false","1,086 sq. ft.","0","AvailableSoon","Available Soon","","150","",,,,"","false","false","[]"
"9rxe6j6","The Dakota","2057692","qzvz8hx","B1","2","2","1782","1828","$1,782 - $1,828","$1,824 - $1,870","false","1,104 sq. ft.","3","AvailableNow","Rentals Available","2026-07-21T23:59:59.000Z","150","",,,,"","false","false","[]"
"9rxe6j6","The Dakota","2219225","jhj9gs6","B7","2","2","1804","1841","$1,804 - $1,841","$1,846 - $1,883","false","1,105 sq. ft.","3","FutureDate","Available Soon","2026-09-14T23:59:59.000Z","150","",,,,"","false","false","[]"
"9rxe6j6","The Dakota","1931644","pmvl6js","B6","2","2","1749","1776","$1,749 - $1,776","$1,791 - $1,818","false","1,095 sq. ft.","2","FutureDate","Available Soon","2026-09-22T23:59:59.000Z","150","",,,,"","false","false","[]"
"9rxe6j6","The Dakota","2057698","s4pjvw4","B5","2","2","1979","2014","$1,979 - $2,014","$2,021 - $2,056","false","1,293 sq. ft.","2","AvailableNow","Rentals Available","2026-07-22T23:59:59.000Z","150","",,,,"","false","false","[]"
"9rxe6j6","The Dakota","2176310","t8zwd18","B2","2","2","1819","1819","$1,819","$1,861","false","1,114 sq. ft.","1","FutureDate","Available Soon","2026-09-26T23:59:59.000Z","150","",,,,"","false","false","[]"
"9rxe6j6","The Dakota","2057694","pqr40pv","B4","2","2","1867","1867","$1,867","$1,909","false","1,170 sq. ft.","1","FutureDate","Available Soon","2026-12-05T23:59:59.000Z","150","",,,,"","false","true","[]"
"9rxe6j6","The Dakota","2057696","t2e85c8","B3A","2","2","1948","1948","$1,948","$1,990","false","1,206 sq. ft.","1","AvailableNow","Rentals Available","2026-08-10T23:59:59.000Z","150","",,,,"","false","false","[]"
"9rxe6j6","The Dakota","2057693","xh6nzzq","B3","2","2","1722","1722","$1,722","$1,764","false","1,160 sq. ft.","0","AvailableSoon","Available Soon","","150","",,,,"","false","false","[]"
"9rxe6j6","The Dakota","2057695","j13sy27","B3D","2","2","1852","1852","$1,852","$1,894","false","1,207 sq. ft.","0","AvailableSoon","Available Soon","","150","",,,,"","false","false","[]"
"9rxe6j6","The Dakota","2057697","xnknt7m","B3B","2","2","1857","1857","$1,857","$1,899","false","1,247 sq. ft.","0","AvailableSoon","Available Soon","","150","",,,,"","false","false","[]"
"9rxe6j6","The Dakota","1931645","cezmg6g","C1","3","3","1885","1941","$1,885 - $1,941","$1,927 - $1,983","false","1,332 sq. ft.","4","FutureDate","Available Soon","2026-09-12T23:59:59.000Z","150","",,,,"","false","false","[]"
"9rxe6j6","The Dakota","2219221","6404ljv","C2","3","3","1972","1972","$1,972","$2,014","false","1,342 sq. ft.","2","AvailableNow","Rentals Available","2026-09-07T23:59:59.000Z","150","",,,,"","false","false","[]"
"9rxe6j6","The Dakota","2057699","8cctmy0","C3","3","3","2017","2017","$2,017","$2,059","false","1,352 sq. ft.","1","AvailableNow","Rentals Available","2026-07-26T23:59:59.000Z","150","",,,,"","false","false","[]"
"ocp5km4x4p","Private Townhome in North Raleigh","1","q2j0gkx","","2","2.5","1495","1495","$1,495","$1,495","false","1,250 sq. ft.","1","AvailableNow","Rentals Available","1970-01-01T23:59:59.000Z",,"","N/A","N/A","2","","false","false","[]"
"xr4rsmq","Pine Knoll Apartments","924164","kyqk68c","2503-B","1","1","1095","1095","$1,095","$1,095","false","500 sq. ft.","1","AvailableNow","Rentals Available","",,"",,,"2","","false","false","[]"
"ocpwwwe8yh","FURNISHED TOWNHOME RENTAL – 10 Mins to NCSU - 3 Bedroom - starting $750 per room","1","q2j0gkx","","4","3","750","750","$750","$750","true","1,827 sq. ft.","1","AvailableNow","Rentals Available","2026-08-01T23:59:59.000Z",,"","N/A","N/A","5","","false","false","[]"
"5je4q3n","Signature 1505","2170401","1y8ez34","B6","2","2","1305","1305","$1,305","$1,320","true","1,261 sq. ft.","1","AvailableNow","Rentals Available","",,"",,,"2","","false","false","[]"
"5je4q3n","Signature 1505","2170403","m2s2lbj","C2","3","3","1150","1150","$1,150","$1,165","true","1,176 sq. ft.","1","AvailableNow","Rentals Available","2026-08-13T23:59:59.000Z",,"",,,"3","","false","false","[]"
"5je4q3n","Signature 1505","2170404","yd085xv","C3","3","3","1155","1155","$1,155","$1,170","true","1,276 sq. ft.","1","AvailableNow","Rentals Available","2026-08-13T23:59:59.000Z",,"",,,"3","","false","false","[]"
"5je4q3n","Signature 1505","2170402","ky9478b","C1","3","3","1190","1190","$1,190","$1,205","true","1,312 sq. ft.","1","AvailableNow","Rentals Available","2026-08-13T23:59:59.000Z",,"",,,"3","","false","false","[]"
"5je4q3n","Signature 1505","2170406","d0ktjhh","D1-A","4","2","650","665","$650 - $665","$665 - $680","true","1,218 sq. ft.","2","AvailableNow","Rentals Available","2025-08-13T23:59:59.000Z",,"",,,"4","","false","false","[]"
"5je4q3n","Signature 1505","2170407","740cejx","D2","4","4","699","699","$699","$714","true","1,427 sq. ft.","1","AvailableNow","Rentals Available","2026-08-13T23:59:59.000Z",,"",,,"4","","false","false","[]"
"5je4q3n","Signature 1505","2170408","p8j01vr","D3","4","4","699","699","$699","$714","true","1,542 sq. ft.","1","AvailableNow","Rentals Available","2026-08-13T23:59:59.000Z",,"",,,"4","","false","false","[]"
"ocptf3fhqb","Spacious 2BD/1BA apartment available 08/01/26- 1 block from the NCSU McKimmon Center!","1","q2j0gkx","","2","1","1200","1200","$1,200","$1,200","false","900 sq. ft.","1","AvailableNow","Rentals Available","2026-08-01T23:59:59.000Z",,"","N/A","N/A","3","","false","false","[]"
"h2l8mh2","Redfield Villages","5975802","eqh8vkn","2x1.5","2","1.5","850","850","$850","$850","true","800 sq. ft.","0","AvailableSoon","Available Soon","",,"",,,,"","false","false","[]"
"h2l8mh2","Redfield Villages","5975803","qwzk8jw","4x4.5","4","4.5","899","899","$899","$899","true","1,855 sq. ft.","1","AvailableNow","Rentals Available","2026-08-10T23:59:59.000Z",,"",,,,"","false","false","[]"
"h2l8mh2","Redfield Villages","5975804","wt53p0h","5x5 Burt","5","5","799","799","$799","$799","true","2,100 sq. ft.","1","AvailableNow","Rentals Available","2026-08-10T23:59:59.000Z",,"",,,,"","false","false","[]"
"ocpthnbmc9","Luxury 4 Bedroom 4 Full Bath w free parking, 1 gig internet included. 2027-2028 School yea","1","q2j0gkx","","4","4","4000","4000","$4,000","$4,000","false","1,450 sq. ft.","1","FutureDate","Available Soon","2027-07-07T23:59:59.000Z",,"","N/A","N/A","4","","false","false","[]"
"vw4rv9e","Signature at Varsity","6060361","jnnckh7","S1","0","1","1723","1923","$1,723 - $1,923","$1,778 - $1,978","false","441 sq. ft.","3","FutureDate","Available Soon","2027-08-01T23:59:59.000Z",,"",,,,"","false","false","[]"
"vw4rv9e","Signature at Varsity","6060362","m82mzek","A4","1","1","2022","2222","$2,022 - $2,222","$2,077 - $2,277","false","537 sq. ft.","3","FutureDate","Available Soon","2027-08-01T23:59:59.000Z",,"",,,,"","false","false","[]"
"vw4rv9e","Signature at Varsity","6060363","2mh2c39","A5","1","1","2022","2222","$2,022 - $2,222","$2,077 - $2,277","false","546 sq. ft.","3","FutureDate","Available Soon","2027-08-01T23:59:59.000Z",,"",,,,"","false","false","[]"
"vw4rv9e","Signature at Varsity","6060364","smh3lf7","A1","1","1","2022","2222","$2,022 - $2,222","$2,077 - $2,277","false","588 sq. ft.","3","FutureDate","Available Soon","2027-08-01T23:59:59.000Z",,"",,,,"","false","false","[]"
"vw4rv9e","Signature at Varsity","6060365","dgxdrgh","A2","1","1","2022","2222","$2,022 - $2,222","$2,077 - $2,277","false","642 sq. ft.","3","FutureDate","Available Soon","2027-08-01T23:59:59.000Z",,"",,,,"","false","false","[]"
"vw4rv9e","Signature at Varsity","6060366","3vgs4ee","A3","1","1","2022","2222","$2,022 - $2,222","$2,077 - $2,277","false","671 sq. ft.","3","FutureDate","Available Soon","2027-08-01T23:59:59.000Z",,"",,,,"","false","false","[]"
"vw4rv9e","Signature at Varsity","6060368","sld3m65","B1","2","2","1368","1568","$1,368 - $1,568","$1,423 - $1,623","false","878 sq. ft.","3","FutureDate","Available Soon","2027-08-01T23:59:59.000Z",,"",,,,"","false","false","[]"
"vw4rv9e","Signature at Varsity","6060369","rwlrv81","B2","2","2","1368","1568","$1,368 - $1,568","$1,423 - $1,623","false","976 sq. ft.","3","FutureDate","Available Soon","2027-08-01T23:59:59.000Z",,"",,,,"","false","false","[]"
"vw4rv9e","Signature at Varsity","6060370","0wh0v21","C1","3","3","1290","1490","$1,290 - $1,490","$1,345 - $1,545","false","1,134 sq. ft.","3","FutureDate","Available Soon","2027-08-01T23:59:59.000Z",,"",,,,"","false","false","[]"
"vw4rv9e","Signature at Varsity","6060371","bmjbc59","C2","3","3","1290","1490","$1,290 - $1,490","$1,345 - $1,545","false","1,290 sq. ft.","3","FutureDate","Available Soon","2027-08-01T23:59:59.000Z",,"",,,,"","false","false","[]"
"vw4rv9e","Signature at Varsity","6060372","qb9e5tx","D1","4","4","1249","1449","$1,249 - $1,449","$1,304 - $1,504","false","1,345 sq. ft.","3","FutureDate","Available Soon","2027-08-01T23:59:59.000Z",,"",,,,"","false","false","[]"
"vw4rv9e","Signature at Varsity","6060373","x287nxn","D4","4","4","1249","1449","$1,249 - $1,449","$1,304 - $1,504","false","1,430 sq. ft.","3","FutureDate","Available Soon","2027-08-01T23:59:59.000Z",,"",,,,"","false","false","[]"
"vw4rv9e","Signature at Varsity","6060374","kh2kggb","D3","4","4","1249","1449","$1,249 - $1,449","$1,304 - $1,504","false","1,373 sq. ft.","3","FutureDate","Available Soon","2027-08-01T23:59:59.000Z",,"",,,,"","false","false","[]"
"vw4rv9e","Signature at Varsity","6060375","67w688r","D5","4","4","1249","1449","$1,249 - $1,449","$1,304 - $1,504","false","1,650 sq. ft.","3","FutureDate","Available Soon","2027-08-01T23:59:59.000Z",,"",,,,"","false","false","[]"
"vw4rv9e","Signature at Varsity","6060376","3xqs2xg","D2","4","4","1249","1449","$1,249 - $1,449","$1,304 - $1,504","false","1,511 sq. ft.","3","FutureDate","Available Soon","2027-08-01T23:59:59.000Z",,"",,,,"","false","false","[]"
"vw4rv9e","Signature at Varsity","6060367","vxm12qg","E1","5","5","1270","1470","$1,270 - $1,470","$1,325 - $1,525","false","1,680 sq. ft.","3","FutureDate","Available Soon","2027-08-01T23:59:59.000Z",,"",,,,"","false","false","[]"
"ocp8c26c92","Fully Furnished 3BR Townhome Steps from Lake Johnson","1","q2j0gkx","","3","2","2500","2500","$2,500","$2,500","false","1,515 sq. ft.","1","AvailableNow","Rentals Available","2026-06-01T23:59:59.000Z",,"","N/A","N/A","3","","false","false","[]"
"rf696l2","Madison Hunters Glen","927039","h7w0tf3","The Oak","1","1","1081","1331","$1,081 - $1,331","$1,081 - $1,331","false","712 sq. ft.","3","AvailableNow","Rentals Available","2026-08-26T23:59:59.000Z",,"",,,,"","false","false","[]"
"rf696l2","Madison Hunters Glen","927040","fr3yefs","The Maple","1","1","1142","1396","$1,142 - $1,396","$1,142 - $1,396","false","764 sq. ft.","3","AvailableNow","Rentals Available","2026-08-12T23:59:59.000Z",,"",,,,"","false","false","[]"
"rf696l2","Madison Hunters Glen","927037","9gw3k25","The Laurel","1","1","1216","1216","$1,216","$1,216","false","782 sq. ft.","1","FutureDate","Available Soon","2026-10-10T23:59:59.000Z",,"",,,,"","false","false","[]"
"rf696l2","Madison Hunters Glen","927043","4qymt1l","The Spruce","2","1","1195","1350","$1,195 - $1,350","$1,195 - $1,350","false","1,016 sq. ft.","3","AvailableNow","Rentals Available","2026-07-21T23:59:59.000Z",,"",,,,"","false","false","[]"
"rf696l2","Madison Hunters Glen","927046","r018x01","The Magnolia","2","2","1325","1325","$1,325","$1,325","false","1,118 sq. ft.","3","AvailableNow","Rentals Available","2026-06-23T23:59:59.000Z",,"",,,,"","false","false","[]"
"rf696l2","Madison Hunters Glen","927044","v16j4zg","The Cypress","2","2","1284","1534","$1,284 - $1,534","$1,284 - $1,534","false","1,099 sq. ft.","2","FutureDate","Available Soon","2026-09-26T23:59:59.000Z",,"",,,,"","false","false","[]"
"ocpszex2v4","Spacious bedroom with private bath in 2BR townhome – 5 minutes to NC State","1","q2j0gkx","","2","2.5","800","800","$800","$800","true","1,344 sq. ft.","1","AvailableNow","Rentals Available","1970-01-01T23:59:59.000Z",,"","N/A","N/A","2","","false","false","[]"
"6mnn0qr","Live on Hillsborough","2935998","hd7ezf3","Bldg 109 1x1","1","1","1409","1409","$1,409","$1,424","false","540 sq. ft.","1","AvailableNow","Rentals Available","2026-08-13T23:59:59.000Z",,"",,,"1","","false","false","[]"
"6mnn0qr","Live on Hillsborough","2935999","h8qevf0","Bldg 1301 1x1","1","1","1409","1409","$1,409","$1,424","false","540 sq. ft.","1","AvailableNow","Rentals Available","2026-08-13T23:59:59.000Z",,"",,,"1","","false","false","[]"
"6mnn0qr","Live on Hillsborough","5971714","jf6he14","Bldg 1301 Studio","1","1","1409","1409","$1,409","$1,424","false","482 sq. ft.","1","AvailableNow","Rentals Available","2026-08-13T23:59:59.000Z",,"",,,,"","false","false","[]"
"6mnn0qr","Live on Hillsborough","2861437","kkwrhpc","Bldg 103 1x1","1","1","1435","1435","$1,435","$1,450","false","540 sq. ft.","1","AvailableNow","Rentals Available","2026-08-13T23:59:59.000Z",,"",,,"1","","false","false","[]"
"6mnn0qr","Live on Hillsborough","2935995","hbzesy1","Bldg 104 1x1","1","1","1435","1435","$1,435","$1,450","false","540 sq. ft.","1","AvailableNow","Rentals Available","2026-08-13T23:59:59.000Z",,"",,,"1","","false","false","[]"
"6mnn0qr","Live on Hillsborough","2935996","xkxtjxq","Bldg 2811 1x1","1","1","1435","1435","$1,435","$1,450","false","540 sq. ft.","0","AvailableSoon","Available Soon","",,"",,,,"","false","false","[]"
"6mnn0qr","Live on Hillsborough","3332080","d67yj0k","Bldg 2604 1x1","1","1","1435","1435","$1,435","$1,450","false","540 sq. ft.","0","AvailableSoon","Available Soon","",,"",,,,"","false","false","[]"
"6mnn0qr","Live on Hillsborough","2936001","6hnvc0r","Bldg 109 2x2","2","2","1209","1209","$1,209","$1,224","true","732 sq. ft.","1","AvailableNow","Rentals Available","2026-08-13T23:59:59.000Z",,"",,,"2","","false","false","[]"
"6mnn0qr","Live on Hillsborough","2936002","vbxw1zg","Bldg 1301 2x2","2","2","1209","1209","$1,209","$1,224","true","732 sq. ft.","1","AvailableNow","Rentals Available","2026-08-13T23:59:59.000Z",,"",,,"2","","false","false","[]"
"6mnn0qr","Live on Hillsborough","2861438","sky98q5","Bldg 103 2x2","2","2","1235","1235","$1,235","$1,250","true","732 sq. ft.","1","AvailableNow","Rentals Available","2026-08-13T23:59:59.000Z",,"",,,"2","","false","false","[]"
"6mnn0qr","Live on Hillsborough","2936000","4sjstsh","Bldg 104 2x2","2","2","1235","1235","$1,235","$1,250","true","732 sq. ft.","1","AvailableNow","Rentals Available","2026-08-13T23:59:59.000Z",,"",,,"2","","false","false","[]"
"6mnn0qr","Live on Hillsborough","2936005","nkwkjvq","Bldg 1301 3x3","3","3","979","979","$979","$994","true","1,050 sq. ft.","1","AvailableNow","Rentals Available","2026-08-13T23:59:59.000Z",,"",,,"3","","false","false","[]"
"6mnn0qr","Live on Hillsborough","2936006","22xz9l9","Bldg 2604 3x3","3","3","979","979","$979","$994","true","1,050 sq. ft.","1","AvailableNow","Rentals Available","2026-08-13T23:59:59.000Z",,"",,,"3","","false","false","[]"
"6mnn0qr","Live on Hillsborough","2936007","r9k5th0","Bldg 2811 3x3","3","3","979","979","$979","$994","true","1,050 sq. ft.","1","AvailableNow","Rentals Available","2026-08-13T23:59:59.000Z",,"",,,"3","","false","false","[]"
"6mnn0qr","Live on Hillsborough","2936004","zsjr2my","Bldg 109 3x3","3","3","985","985","$985","$1,000","true","1,050 sq. ft.","1","AvailableNow","Rentals Available","2026-08-13T23:59:59.000Z",,"",,,"3","","false","false","[]"
"6mnn0qr","Live on Hillsborough","2861439","e3rx90n","Bldg 103 3x3","3","3","1059","1059","$1,059","$1,074","true","1,050 sq. ft.","1","AvailableNow","Rentals Available","2026-08-13T23:59:59.000Z",,"",,,"3","","false","false","[]"
"6mnn0qr","Live on Hillsborough","2936003","drmjv7h","Bldg 104 3x3","3","3","1059","1059","$1,059","$1,074","true","1,050 sq. ft.","1","AvailableNow","Rentals Available","2026-08-13T23:59:59.000Z",,"",,,"3","","false","false","[]"
"ocp74dcp6w","Crabtree Woods Townhome West Raleigh","1","q2j0gkx","","2","2.5","1595","1595","$1,595","$1,595","false","1,200 sq. ft.","1","AvailableNow","Rentals Available","1970-01-01T23:59:59.000Z",,"","N/A","N/A","2","","false","false","[]"
"nhblm0q","Viceroy Apartments","2102383","0why1r0","VR 2x1","2","1","1099","1099","$1,099","$1,099","false","840 sq. ft.","3","AvailableNow","Rentals Available","2026-09-05T23:59:59.000Z",,"",,,,"","false","false","[]"
"ocpkb0kbhb","Great Location - Connected to Centennial Campus","1","q2j0gkx","","2","1","1240","1240","$1,240","$1,240","false","900 sq. ft.","1","AvailableNow","Rentals Available","2026-08-01T23:59:59.000Z",,"","N/A","N/A","2","","false","false","[]"
"jjs8f07","Village Green Student Housing","2761355","z5zze7x","3BD/3BA Classic","3","3","649","649","$649","$669","true","1,167 sq. ft.","1","AvailableNow","Rentals Available","2026-08-14T23:59:59.000Z",,"",,,"3","","false","false","[]"
"jjs8f07","Village Green Student Housing","727277","z509c9y","3BD/3BA","3","3","749","749","$749","$769","true","1,167 sq. ft.","1","AvailableNow","Rentals Available","2026-08-14T23:59:59.000Z",,"",,,"3","","false","false","[]"
"jjs8f07","Village Green Student Housing","727279","xg8csrq","4BD/4BA","4","4","839","839","$839","$859","true","1,460 sq. ft.","1","AvailableNow","Rentals Available","2026-08-14T23:59:59.000Z",,"",,,"4","","false","false","[]"
"ocpjh4j574","4BD/3.5BA townhome near NCSU & Downtown Raleigh available August 2026!","1","q2j0gkx","","4","3.5","2200","2200","$2,200","$2,200","false","2,000 sq. ft.","1","AvailableNow","Rentals Available","2026-08-13T23:59:59.000Z",,"","N/A","N/A","5","","false","false","[]"
"8gchf40","The Hillsborough","5867610","8jrx1s1","2 Bed 2 Bath Unfurnished","2","2","1250","1250","$1,250","$1,250","true","1,200 sq. ft.","1","AvailableNow","Rentals Available","",,"",,,"2","","false","false","[]"
"8gchf40","The Hillsborough","5781899","e76k68m","3 Bed 3 Bath Furnished","3","3","1100","1100","$1,100","$1,100","true","1,475 sq. ft.","1","AvailableNow","Rentals Available","2025-08-01T23:59:59.000Z","3495","",,,"3","","false","false","[]"
"8gchf40","The Hillsborough","5781900","crtmj2f","3 Bed 3 Bath by Room","3","3","1300","1350","$1,300 - $1,350","$1,300 - $1,350","true","1,475 sq. ft.","1","AvailableNow","Rentals Available","2025-08-01T23:59:59.000Z","1300","",,,"3","","false","false","[]"
"ocp032vj21","5 bedroom 5 full Bath luxury house with 1Gig AT&T Fiber and 1 free parking space per bedroom","1","q2j0gkx","","5","5","6000","6000","$6,000","$6,000","false","2,200 sq. ft.","1","FutureDate","Available Soon","2027-07-07T23:59:59.000Z",,"","N/A","N/A","5","","false","false","[]"
"0pm7tt3","Campus West at Tryon","1569046","l7jhj6f","3X3","3","3","699","699","$699","$735","true","1,050 sq. ft.","1","AvailableNow","Rentals Available","2026-08-10T23:59:59.000Z",,"",,,"3","","false","false","[]"
"ocpbhbkvy9","Voyager House","1","q2j0gkx","","1","1","800","800","$800","$800","true","500 sq. ft.","1","AvailableNow","Rentals Available","2026-06-15T23:59:59.000Z",,"","N/A","N/A","1","","false","false","[]"
"e13mz5m","University Suites Student Housing","6022939","g9fx8fx","3X3","3","3","799","799","$799","$799","true","1,384 sq. ft.","1","AvailableNow","Rentals Available","2026-08-14T23:59:59.000Z",,"",,,,"","false","false","[]"
"e13mz5m","University Suites Student Housing","1058151","17wwdz5","4X4","4","4","699","699","$699","$699","true","1,398 sq. ft.","1","AvailableNow","Rentals Available","2026-08-14T23:59:59.000Z",,"",,,"4","","false","false","[]"
"ocpepvxvln","Village Green Student Living","1","q2j0gkx","","1","1","831","831","$831","$831","true","","1","AvailableNow","Rentals Available","2026-08-14T23:59:59.000Z",,"","N/A","N/A","4","","false","false","[]"
"ocpjpg1817","Gorman Street Village PRE-LEASING for 2026! 3Bed 3Bath w/ Utilities! Upgraded Units Available!","229220","3czfhwg","3 Bed 3 Bath Renovated","3","3","2295","2295","$2,295","$2,410","false","1,197 sq. ft.","1","AvailableNow","Rentals Available","1970-01-01T23:59:59.000Z","0","$0 - $800","N/A","N/A","4","","false","false","[]"
"ocpgxr290w","Spacious Forest Park Two-Room Suite + Private Bath - Walk to Campus (Includes Utilities)","1","q2j0gkx","","2","1","1225","1225","$1,225","$1,225","false","750 sq. ft.","1","FutureDate","Available Soon","2026-10-01T23:59:59.000Z",,"","N/A","N/A","1","","false","false","[]"
"ocpb48f058","Now Pre-Leasing for August 2026! 1 and 3 Bedrooms with Utilities! Marcom St Apartments!","110733","py9lyhs","B2","2","2","1545","1545","$1,545","$1,620 - $1,660","false","1,095 sq. ft.","1","AvailableNow","Rentals Available","2026-08-01T23:59:59.000Z","1545","$1,545 - $3,090","N/A","N/A","4","","false","false","[]"
"ocpb48f058","Now Pre-Leasing for August 2026! 1 and 3 Bedrooms with Utilities! Marcom St Apartments!","96906","hm5sdc0","B1","2","2","1595","1595","$1,595","$1,670 - $1,710","false","1,031 sq. ft.","1","AvailableNow","Rentals Available","1970-01-01T23:59:59.000Z","1595","$1,595 - $3,190","N/A","N/A","4","","false","false","[]"
"ocpb48f058","Now Pre-Leasing for August 2026! 1 and 3 Bedrooms with Utilities! Marcom St Apartments!","96909","2ygcyp9","C1","3","2","2045","2045","$2,045","$2,120 - $2,160","false","1,273 sq. ft.","1","AvailableNow","Rentals Available","1970-01-01T23:59:59.000Z","2045","$2,045 - $4,090","N/A","N/A","4","","false","false","[]"
"ocpsd8dpj6","Spacious En-suite with private patio and garage parking in Crescent Ridge Townhome Community","1","q2j0gkx","","1","1","900","900","$900","$900","true","","1","AvailableNow","Rentals Available","1970-01-01T23:59:59.000Z",,"","N/A","N/A","1","","false","false","[]"
"xcp87fm","Tryon Flats Apartments","3217496","ss1xft7","A2","4","4","750","750","$750","$750","true","1,300 sq. ft.","1","AvailableNow","Rentals Available","2026-06-19T23:59:59.000Z","875","",,,,"","false","false","[]"
"ocpsq86tm4","4bed 4bath Apartment Near Centennial Campus","1","q2j0gkx","","4","4","725","725","$725","$725","true","1,300 sq. ft.","1","AvailableNow","Rentals Available","1970-01-01T23:59:59.000Z",,"","N/A","N/A","4","","false","false","[]"
"35cz5ed","644 Coleman St (Raleigh, NC)","39831844","nzs5yqp","","3","2.5","2150","2150","$2,150","$2,150","false","1,320 sq. ft.","1","AvailableNow","Rentals Available","2026-09-03T23:59:59.000Z","2150","",,,,"","false","false","[]"
"ocp2gxtxqc","The Station","1","q2j0gkx","","1","4","969","969","$969","$969","true","","1","FutureDate","Available Soon","2027-01-02T23:59:59.000Z",,"","N/A","N/A","4","","false","false","[]"
"pxc3rhs","Room in Condo on Crab Orchard Dr","35127316","d193mhk","","1","1","675","675","$675","$675","false","1,173 sq. ft.","1","CallForAvailability","Rentals Available","2026-09-09T23:59:59.000Z",,"",,,,"","false","false","[]"
"ocppbmmgnt","5 bedroom townhome available near NC State","1","q2j0gkx","","2","2","650","650","$650","$650","true","2,700 sq. ft.","1","AvailableNow","Rentals Available","2026-08-01T23:59:59.000Z",,"","N/A","N/A","5","","false","false","[]"
"tqbb2mb","Room in House on Okelly St","1","q2j0gkx","","1","1","700","700","$700","$700","false","1,300 sq. ft.","1","AvailableNow","Rentals Available","2026-09-09T23:59:59.000Z",,"",,,,"","false","false","[]"
"ocp176ghy4","Campus Crossings Raleigh","1","q2j0gkx","","1","1","865","865","$865","$865","true","","1","AvailableNow","Rentals Available","1970-01-01T23:59:59.000Z",,"","N/A","N/A","1","","false","false","[]"
"qcvpeqz","1431 Collegiate Cir (Raleigh, NC)","40259345","znftldx","","1","1","725","725","$725","$725","false","","1","AvailableNow","Rentals Available","2026-09-07T23:59:59.000Z","950","",,,,"","false","false","[]"
"ocpqe84m5z","University Commons, close to Wolfline Stops","1","q2j0gkx","","4","4","2500","2500","$2,500","$2,500","false","1,224 sq. ft.","1","AvailableNow","Rentals Available","2026-08-01T23:59:59.000Z",,"","N/A","N/A","4","","false","false","[]"
"c1v4mzd","Room in House on Henslowe Dr","1","q2j0gkx","","1","1","670","670","$670","$670","false","1,900 sq. ft.","1","CallForAvailability","Rentals Available","2026-09-09T23:59:59.000Z",,"",,,,"","false","false","[]"
"ocpx51p4tm","Condo near NCSU","1","q2j0gkx","","4","4","800","800","$800","$800","true","","1","AvailableNow","Rentals Available","1970-01-01T23:59:59.000Z",,"","N/A","N/A","1","","false","false","[]"
"x5wd0zn","Room in House on Pineland Cir","1","q2j0gkx","","1","1","700","700","$700","$700","false","1,477 sq. ft.","1","AvailableNow","Rentals Available","2026-09-09T23:59:59.000Z",,"",,,,"","false","false","[]"
"ocphdtdgk2","105 Friendly Drive! Furnished Room Rentals with Utilities!","129416","mtgxxxl","2 Bed 2 Bath","2","2","925","925","$925","$930","true","653 sq. ft.","1","AvailableNow","Rentals Available","2026-08-13T23:59:59.000Z","925","$925 - $1,850","N/A","N/A","2","","false","false","[]"
"ocphdtdgk2","105 Friendly Drive! Furnished Room Rentals with Utilities!","119878","bh3s4bb","2 Bedroom 2 Bathroom Penthouse","2","2","1050","1050","$1,050","$1,055","true","759 sq. ft.","1","AvailableNow","Rentals Available","1970-01-01T23:59:59.000Z","1050","$1,050 - $2,100","N/A","N/A","2","","false","false","[]"
"ocphdtdgk2","105 Friendly Drive! Furnished Room Rentals with Utilities!","119877","n6vwtmp","4 Bedroom 4 Bathroom","4","4","775","775","$775","$778","true","1,420 sq. ft.","1","AvailableNow","Rentals Available","2026-08-13T23:59:59.000Z","775","$775 - $1,550","N/A","N/A","4","","false","false","[]"
"51px18q","1101 Gunnison Pl (Raleigh, NC)","1","q2j0gkx","","3","2.5","3200","3200","$3,200","$3,200","false","1,723 sq. ft.","1","AvailableNow","Rentals Available","2026-08-21T23:59:59.000Z","3200","",,,,"","false","false","[]"
"ocpjxe9lb5","Private House room listing","1","q2j0gkx","","1","1.5","1000","1000","$1,000","$1,000","true","1,250 sq. ft.","1","AvailableNow","Rentals Available","1970-01-01T23:59:59.000Z",,"","N/A","N/A","1","","false","false","[]"
"6lbm6br","2810 Crestscene Trail (Raleigh, NC)","1","q2j0gkx","","3","2.5","2500","2500","$2,500","$2,500","false","1,789 sq. ft.","1","FutureDate","Available Soon","2027-06-01T23:59:59.000Z","2500","",,,,"","false","false","[]"
"ocp4lh373j","Hub Raleigh – 4x2 Lease Takeover, Available Now","1","q2j0gkx","","1","2","1199","1199","$1,199","$1,199","true","","1","AvailableNow","Rentals Available","2026-08-20T23:59:59.000Z",,"","N/A","N/A","4","","false","false","[]"
"dnbdmqk","2626 Wolf Cub Ct (Raleigh, NC)","1","q2j0gkx","","3","3.5","1895","1895","$1,895","$1,895","false","1,700 sq. ft.","1","AvailableNow","Rentals Available","2026-08-17T23:59:59.000Z","1895","",,,,"","false","false","[]"
"ocp5cx5drn","Valentine Commons","1","q2j0gkx","","4","4","1000","1300","$1,000 - $1,300","$1,023 - $1,323","true","1,098 sq. ft.","1","FutureDate","Available Soon","2027-08-11T23:59:59.000Z",,"","N/A","N/A","4","","false","false","[]"
"teq7kh8","1233 S Blount St (Raleigh, NC)","40330810","0yg6lz2","","3","2.5","3000","3000","$3,000","$3,000","false","2,400 sq. ft.","1","AvailableNow","Rentals Available","2026-09-01T23:59:59.000Z","1500","",,,,"","false","false","[]"
"ocpsgy1zk5","Family Neighborhood with Greenway Access","1","q2j0gkx","","3","1","3000","3500","$3,000 - $3,500","$3,100 - $3,640","false","1,100 sq. ft.","1","AvailableNow","Rentals Available","1970-01-01T23:59:59.000Z",,"","N/A","N/A","6","","false","false","[]"
"se736e5","College Inn","2202122","51er1tn","2X2","2","2","1275","1275","$1,275","$1,311","true","756 sq. ft.","1","AvailableNow","Rentals Available","2026-08-12T23:59:59.000Z",,"",,,"2","","false","false","[]"
"se736e5","College Inn","943937","dckygwj","4X2","4","2","859","859","$859","$895","true","1,133 sq. ft.","1","AvailableNow","Rentals Available","2026-08-12T23:59:59.000Z",,"",,,"4","","false","false","[]"
"se736e5","College Inn","943938","dg2ycwk","4X2 UP","4","2","879","879","$879","$915","true","1,133 sq. ft.","1","AvailableNow","Rentals Available","2026-08-12T23:59:59.000Z",,"",,,"4","","false","false","[]"
"se736e5","College Inn","943940","x2qn6fq","4X4 UP","4","4","899","899","$899","$935","true","1,239 sq. ft.","1","AvailableNow","Rentals Available","2026-08-12T23:59:59.000Z",,"",,,"4","","false","false","[]"
"ocp0gch9g2","Quiet Furnished Room in Cary – Private Bath, Storage, Driveway Access, Near Bus 3","1","q2j0gkx","","1","1","950","950","$950","$950","true","200 sq. ft.","1","AvailableNow","Rentals Available","2026-09-01T23:59:59.000Z",,"","N/A","N/A","1","","false","false","[]"
"r2tht53","Room in House on Tall Rock Ct","1","q2j0gkx","","1","1","825","825","$825","$825","false","1,000 sq. ft.","1","AvailableNow","Rentals Available","2026-09-09T23:59:59.000Z",,"",,,,"","false","false","[]"
"ocp1ddchy6","Village Green","1","q2j0gkx","","1","1","930","930","$930","$930","true","","1","FutureDate","Available Soon","2027-01-08T23:59:59.000Z",,"","N/A","N/A","4","","false","false","[]"
"r66ecw0","Room in Duplex on Bragg St","1","q2j0gkx","","1","1","630","630","$630","$630","false","1,300 sq. ft.","1","AvailableNow","Rentals Available","2026-09-09T23:59:59.000Z",,"",,,,"","false","false","[]"
"ocpmf8tflk","St. Albans Lofts in North Hills","1","q2j0gkx","","0","1","1330","1330","$1,330","$1,445","false","600 sq. ft.","1","AvailableNow","Rentals Available","2026-07-15T23:59:59.000Z",,"","N/A","N/A","1","","false","false","[]"
"kf77vv8","Room in Condo on Collegiate Cir","35127315","cl2yf4e","","1","1","675","675","$675","$675","false","1,219 sq. ft.","1","AvailableNow","Rentals Available","2026-09-09T23:59:59.000Z",,"",,,,"","false","false","[]"
"ocphycq162","Cozy house 10 min walk to campus","1","q2j0gkx","","1","1","1500","1500","$1,500","$1,500","true","850 sq. ft.","1","AvailableNow","Rentals Available","2026-06-01T23:59:59.000Z",,"","N/A","N/A","1","","false","false","[]"
"hz5leg1","Room in Townhome on Ivory Run Way","1","q2j0gkx","","1","1","690","690","$690","$690","false","1,691 sq. ft.","1","AvailableNow","Rentals Available","2026-09-09T23:59:59.000Z",,"",,,,"","false","false","[]"
"ocpszqbd35","Signature 1505 4X4 Apartment","1","q2j0gkx","","1","1","1230","1230","$1,230","$1,255","true","","1","FutureDate","Available Soon","2027-01-01T23:59:59.000Z",,"","N/A","N/A","4","","false","false","[]"
"ocpsq5c5s4","Lupton Flats- 2 Bedroom 1 Bathroom Flat Available Now! Pre Leasing for August 2026!","120036","x16mxtm","2 Story","2","1","1295","1295","$1,295","$1,295","false","900 sq. ft.","1","AvailableNow","Rentals Available","2026-08-10T23:59:59.000Z","647","$647","N/A","N/A","4","","false","false","[]"
"ocpsq5c5s4","Lupton Flats- 2 Bedroom 1 Bathroom Flat Available Now! Pre Leasing for August 2026!","120037","jlgrzg5","One Level","2","1","1295","1295","$1,295","$1,295","false","900 sq. ft.","1","AvailableNow","Rentals Available","2026-06-15T23:59:59.000Z","647","$647","N/A","N/A","4","","false","false","[]"
"ocpbnn75s8","912 Chaney Rd. #100","1","q2j0gkx","","4","3","2600","2600","$2,600","$2,650","false","1,530 sq. ft.","1","AvailableNow","Rentals Available","1970-01-01T23:59:59.000Z",,"","N/A","N/A","4","","false","false","[]"
"jkg82q6","Room in House on Joyner Pl","1","q2j0gkx","","1","1","700","700","$700","$700","false","2,800 sq. ft.","1","AvailableNow","Rentals Available","2026-09-09T23:59:59.000Z",,"",,,,"","false","false","[]"
"ocp2bnnl9c","Townhome at Hampton Place, Morrisville, 20 to 25 minutes from NCSU.","1","q2j0gkx","","1","3.5","733","733","$733","$833 - $853","true","2,310 sq. ft.","1","AvailableNow","Rentals Available","1970-01-01T23:59:59.000Z",,"","N/A","N/A","3","","false","false","[]"
"gc0phpz","591 E Cabarrus St (Raleigh, NC)","1","q2j0gkx","","3","2","2600","2600","$2,600","$2,600","false","1,020 sq. ft.","1","FutureDate","Available Soon","2026-10-01T23:59:59.000Z","2600","",,,,"","false","false","[]"
"ocp0gblz91","Great value in beautiful SW Raleigh","1","q2j0gkx","","1","1","850","850","$850","$850","true","","1","AvailableNow","Rentals Available","1970-01-01T23:59:59.000Z",,"","N/A","N/A","1","","false","false","[]"
"ocplp7c98d","Collegeview Apartments","141544","84jn0s0","2 Bed 2 Bath","2","2","1445","1445","$1,445","$1,445","false","1,122 sq. ft.","1","AvailableNow","Rentals Available","1970-01-01T23:59:59.000Z","1445","$1,445 - $2,890","N/A","N/A","4","","false","false","[]"
"ocplp7c98d","Collegeview Apartments","211157","ge4mhdx","2 Bed 2 Bath With Utilities","2","2","1545","1545","$1,545","$1,545","false","1,122 sq. ft.","1","AvailableNow","Rentals Available","1970-01-01T23:59:59.000Z","1545","$1,545 - $3,090","N/A","N/A","4","","false","false","[]"
"ocpteqgjg8","Huge modern studio suite- private entrance and beth- near NCSU","1","q2j0gkx","","1","1","1150","1150","$1,150","$1,150","false","1,000 sq. ft.","1","AvailableNow","Rentals Available","1970-01-01T23:59:59.000Z",,"","N/A","N/A","1","","false","false","[]"
"33f756e","University Village at 2505","2714357","jl3ftj4","4x4","4","4","799","799","$799","$842","true","1,453 sq. ft.","1","AvailableNow","Rentals Available","2026-08-12T23:59:59.000Z",,"",,,,"","false","false","[]"
"ocphe602k0","Apartment close to campus","1","q2j0gkx","","3","3","1800","1800","$1,800","$1,800","false","1,257 sq. ft.","1","AvailableNow","Rentals Available","2026-07-20T23:59:59.000Z",,"","N/A","N/A","3","","false","false","[]"
"zfenc9w","Room in Condo on Wolfmill Dr","35127329","bt557tc","","1","1","720","720","$720","$720","false","1,257 sq. ft.","1","AvailableNow","Rentals Available","2026-09-09T23:59:59.000Z",,"",,,,"","false","false","[]"
"ocpvv9069d","912 Chaney Rd. #102","1","q2j0gkx","","4","3","2600","2600","$2,600","$2,650","false","1,530 sq. ft.","1","AvailableNow","Rentals Available","1970-01-01T23:59:59.000Z",,"","N/A","N/A","4","","false","false","[]"
"49jmmdh","Room in Townhome on Haskell Dr","1","q2j0gkx","","1","1","563","563","$563","$563","false","1,500 sq. ft.","1","AvailableNow","Rentals Available","2026-09-09T23:59:59.000Z",,"",,,,"","false","false","[]"
"ocpn54lxfn","3 bedroom home close to campus and downtown Raleigh(Utilities included)","1","q2j0gkx","","3","1.5","2000","2000","$2,000","$2,000","false","1,100 sq. ft.","1","AvailableNow","Rentals Available","1970-01-01T23:59:59.000Z",,"","N/A","N/A","6","","false","false","[]"
"wjt9dqk","Room in Condo on University Ct","35127311","5b7hzrn","","1","1","625","625","$625","$625","false","1,176 sq. ft.","1","AvailableNow","Rentals Available","2026-09-09T23:59:59.000Z",,"",,,,"","false","false","[]"
"ocpg8zsjmz","Flex Stay | Lux Furnished | 3 Bed |  Pets OK | Utilities Incl. | International OK","1","q2j0gkx","","3","2.5","2800","2800","$2,800","$2,800","false","1,478 sq. ft.","1","AvailableNow","Rentals Available","2026-08-15T23:59:59.000Z",,"","N/A","N/A","5","","false","false","[]"
"bq6wzsb","Room in House on Quartz Ct","1","q2j0gkx","","1","1","685","685","$685","$685","false","1,057 sq. ft.","1","AvailableNow","Rentals Available","2026-09-09T23:59:59.000Z",,"",,,,"","false","true","[]"
"ocp4t7wmxk","University Oaks","1","q2j0gkx","","3","4","725","725","$725","$725","true","","1","AvailableNow","Rentals Available","1970-01-01T23:59:59.000Z",,"","N/A","N/A","4","","false","false","[]"
"z44390w","Lofts at Lineberry","2028025","zhgy0py","Two-Bedroom","1","1",,,"","","false","782 sq. ft.","0","CallForAvailability","Available Soon","",,"",,,,"","false","false","[]"
"z44390w","Lofts at Lineberry","2028026","b9bj978","Four-Bedroom","4","3",,,"","","false","1,404 sq. ft.","0","CallForAvailability","Available Soon","",,"",,,,"","false","false","[]"
"ocp90bdzb4","Brick Bungalow close to Campus","1","q2j0gkx","","1","1","1050","1050","$1,050","$1,050","true","460 sq. ft.","1","AvailableNow","Rentals Available","2026-09-08T23:59:59.000Z",,"","N/A","N/A","1","","false","false","[]"
"ocp9blcpd7","Studio, One and Two Bedrooms at Westgrove Towers","120210","lj2cnmf","Studio","1","1","805","805","$805","$805","false","350 sq. ft.","1","AvailableNow","Rentals Available","1970-01-01T23:59:59.000Z","200","$200 - $400","N/A","N/A","2","","false","false","[]"
"ocp9blcpd7","Studio, One and Two Bedrooms at Westgrove Towers","120860","g0pnl3z","Small 1 Bedroom","1","1","870","870","$870","$870","false","535 sq. ft.","1","AvailableNow","Rentals Available","1970-01-01T23:59:59.000Z","200","$200 - $400","N/A","N/A","2","","false","false","[]"
"ocp9blcpd7","Studio, One and Two Bedrooms at Westgrove Towers","120209","kzshv2b","Large 1 Bedroom","1","1","917","1050","$917 - $1,050","$917 - $1,050","false","580 sq. ft.","1","AvailableNow","Rentals Available","1970-01-01T23:59:59.000Z","200","$200 - $400","N/A","N/A","2","","false","false","[]"
"ocpq99qjpx","Apartment close to NCSU","1","q2j0gkx","","1","1","645","645","$645","$645","true","768 sq. ft.","1","AvailableNow","Rentals Available","1970-01-01T23:59:59.000Z",,"","N/A","N/A","1","","false","false","[]"
"gdtz0ww","3111 Kentish Town Ln (Raleigh, NC)","1","q2j0gkx","","3","3","2675","2675","$2,675","$2,675","false","2,281 sq. ft.","1","FutureDate","Available Soon","2026-09-12T23:59:59.000Z","2675","",,,,"","false","false","[]"
"ocps6ymwl7","University Woods","97149","p89zsjt","4 Bedroom 4 Bathroom","1","1","600","600","$600","$600","true","","1","AvailableNow","Rentals Available","1970-01-01T23:59:59.000Z","600","$600","N/A","N/A","1","","false","false","[]"
"9m73sq5","Room in Townhome on Macedonia Lake Dr","1","q2j0gkx","","1","1","800","800","$800","$800","false","2,317 sq. ft.","1","CallForAvailability","Rentals Available","2026-09-09T23:59:59.000Z",,"",,,,"","false","false","[]"
"ocpvgtpebg","Lake Park Condos- Room Rental with Utilities","1","q2j0gkx","","1","1","500","600","$500 - $600","$500 - $600","true","","1","AvailableNow","Rentals Available","1970-01-01T23:59:59.000Z",,"","N/A","N/A","1","","false","false","[]"
"5hme2mn","The Station Raleigh","2396735","dhq5gsh","1x1 - Oak","1","1","1930","1930","$1,930","$1,956","true","564 sq. ft.","1","AvailableNow","Rentals Available","2026-08-08T23:59:59.000Z",,"",,,,"","false","false","[]"
"5hme2mn","The Station Raleigh","2396739","r0njgp0","4x4 - Carter Flat","4","4","749","749","$749","$775","true","1,695 sq. ft.","1","AvailableNow","Rentals Available","2026-08-08T23:59:59.000Z",,"",,,,"","false","false","[]"
"5hme2mn","The Station Raleigh","2396738","pvrzwts","4x4 - Carter Townhome","4","4","799","799","$799","$825","true","1,694 sq. ft.","1","AvailableNow","Rentals Available","2026-08-08T23:59:59.000Z",,"",,,,"","false","false","[]"
"5hme2mn","The Station Raleigh","2396737","pz8zrtt","4x4 - Murphy A","4","4","1129","1129","$1,129","$1,155","true","1,640 sq. ft.","1","AvailableNow","Rentals Available","2026-08-08T23:59:59.000Z",,"",,,,"","false","true","[]"
"5hme2mn","The Station Raleigh","2396740","7pemj8w","4x4.5 - Finley","4","4.5","1079","1079","$1,079","$1,105","true","1,875 sq. ft.","1","AvailableNow","Rentals Available","2026-08-08T23:59:59.000Z",,"",,,,"","false","false","[]"
"5hme2mn","The Station Raleigh","2351600","swhc9g4","4x4.5 - Murphy B","4","4.5","1230","1230","$1,230","$1,256","true","2,034 sq. ft.","1","AvailableNow","Rentals Available","2026-08-08T23:59:59.000Z",,"",,,,"","false","false","[]"
"5hme2mn","The Station Raleigh","2351602","d2947ph","4x4 - Hillsborough B","4","4.5","1230","1230","$1,230","$1,256","true","2,034 sq. ft.","1","AvailableNow","Rentals Available","2026-08-08T23:59:59.000Z",,"",,,,"","false","false","[]"
"ocp1kxjde4","Rent a WHOLE unit with water, electric, washer and dryer! 4 Bed 4 Bath! Lake Park Condos!","1","q2j0gkx","","4","4","2000","2000","$2,000","$2,000","false","1,224 sq. ft.","1","AvailableNow","Rentals Available","1970-01-01T23:59:59.000Z",,"","N/A","N/A","4","","false","false","[]"
"lpl9fce","2850 Sanderford Rd (Raleigh, NC)","1","q2j0gkx","","1","1","650","650","$650","$650","false","","1","AvailableNow","Rentals Available","2026-08-25T23:59:59.000Z","650","",,,,"","false","false","[]"
"ocp706k96x","Six Forks townhome","1","q2j0gkx","","1","2.5","900","900","$900","$900","true","1,232 sq. ft.","1","AvailableNow","Rentals Available","2026-08-25T23:59:59.000Z",,"","N/A","N/A","2","","false","false","[]"
"k8k3t7b","Room in House on Old Farm Rd","1","q2j0gkx","","1","1","630","630","$630","$630","false","1,671 sq. ft.","1","AvailableNow","Rentals Available","2026-09-09T23:59:59.000Z",,"",,,,"","false","false","[]"
"ocpssgbbl7","Inona Place","1","q2j0gkx","","3","2.5","1800","1800","$1,800","$1,800","false","1,300 sq. ft.","1","AvailableNow","Rentals Available","1970-01-01T23:59:59.000Z",,"","N/A","N/A","4","","false","false","[]"
"3zb9brd","Room in House on Slippery Elm Dr","1","q2j0gkx","","1","1","720","720","$720","$720","false","2,125 sq. ft.","1","AvailableNow","Rentals Available","2026-09-09T23:59:59.000Z",,"",,,,"","false","false","[]"
"ocpd9wnxdk","$3600 saving on 2*2 Sublet at Stanhope Apartment for NC STATE","1","q2j0gkx","","1","1","550","550","$550","$550","true","1,394 sq. ft.","1","AvailableNow","Rentals Available","1970-01-01T23:59:59.000Z",,"","N/A","N/A","1","","false","false","[]"
"0nhgh82","Room in Condo on Carlton Ave","40611579","v57vqcg","","1","1","600","600","$600","$600","false","1,250 sq. ft.","1","AvailableNow","Rentals Available","2026-09-09T23:59:59.000Z",,"",,,,"","false","false","[]"
"ocp67ldb5s","The Wilde","1","q2j0gkx","","1","1","860","860","$860","$860","true","1,620 sq. ft.","1","FutureDate","Available Soon","2027-01-01T23:59:59.000Z",,"","N/A","N/A","1","","false","false","[]"
"w6v7z0h","Room in Condo on University Ct","36189306","mcerp4j","","1","1","575","575","$575","$575","false","1,200 sq. ft.","1","AvailableNow","Rentals Available","2026-09-09T23:59:59.000Z",,"",,,,"","false","false","[]"
"ocp0psn632","An apartments with 3 bed and 3 bath for NC State Students www.ncstudentsliving.com","1","q2j0gkx","","3","3","650","650","$650","$650","true","1,250 sq. ft.","1","AvailableNow","Rentals Available","2026-07-20T23:59:59.000Z",,"","N/A","N/A","3","","false","false","[]"
"l1e6hxd","707 E Martin St (Raleigh, NC)","1","q2j0gkx","","3","2.5","2650","2650","$2,650","$2,650","false","1,238 sq. ft.","1","FutureDate","Available Soon","2026-09-14T23:59:59.000Z","2650","",,,,"","false","false","[]"
"ocpsqjgls7","Cozy private apt","1","q2j0gkx","","1","1","1595","1595","$1,595","$1,595","false","720 sq. ft.","1","AvailableNow","Rentals Available","1970-01-01T23:59:59.000Z",,"","N/A","N/A","2","","false","false","[]"
"y6ff3gt","Room in Condo on Trailwood Heights Ln","35127323","6fm93zr","","1","1","850","850","$850","$850","false","1,145 sq. ft.","1","AvailableNow","Rentals Available","2026-09-09T23:59:59.000Z",,"",,,,"","false","false","[]"
"ocpk5yz73b","Stanhope Student Apartments","1","q2j0gkx","","1","1","1300","1300","$1,300","$1,300","true","300 sq. ft.","1","AvailableNow","Rentals Available","2025-12-10T23:59:59.000Z",,"","N/A","N/A","1","","false","false","[]"
"hp3tns3","Room in House on Ravel St","1","q2j0gkx","","1","1","550","550","$550","$550","false","1,220 sq. ft.","1","AvailableNow","Rentals Available","2026-09-09T23:59:59.000Z",,"",,,,"","false","false","[]"
"ocp5lwrmvq","Convenient Kaplan Dr property near NCSU buses, park, grocery, with parking space & private bathroom","1","q2j0gkx","","1","1.5","675","675","$675","$675","true","","1","AvailableNow","Rentals Available","2026-09-01T23:59:59.000Z",,"","N/A","N/A","1","","false","false","[]"
"ocpf3gzfct","Champion Court Condo","1","q2j0gkx","","2","2.5","1500","1500","$1,500","$1,500","false","1,900 sq. ft.","1","AvailableNow","Rentals Available","1970-01-01T23:59:59.000Z",,"","N/A","N/A","2","","false","false","[]"
"ocpvee4m9g","Furnished 4 bed 3 baths Ranch House, walk to NCSU, free parking","1","q2j0gkx","","4","3","2495","2495","$2,495","$2,495","false","1,300 sq. ft.","1","AvailableNow","Rentals Available","2026-06-01T23:59:59.000Z",,"","N/A","N/A","4","","false","false","[]"
"ocpkrnvkk8","The Hub Raleigh","1","q2j0gkx","","0","1","1500","1500","$1,500","$1,500","false","370 sq. ft.","1","AvailableNow","Rentals Available","1970-01-01T23:59:59.000Z",,"","N/A","N/A","1","","false","false","[]"
"ocpq292qyw","1st Month FREE!","1","q2j0gkx","","1","1","625","625","$625","$625","true","","1","AvailableNow","Rentals Available","1970-01-01T23:59:59.000Z",,"","N/A","N/A","4","","false","false","[]"
"ocpqh8kxbz","Falcon Ridge subdivision","1","q2j0gkx","","1","2","650","650","$650","$650","true","1,338 sq. ft.","1","AvailableNow","Rentals Available","2026-09-01T23:59:59.000Z",,"","N/A","N/A","3","","false","false","[]"
"ocpqfg7r3z","University Commons PRELEASING FOR 2026-2027","1","q2j0gkx","","4","4","2200","2700","$2,200 - $2,700","$2,200 - $2,700","false","1,224 sq. ft.","1","AvailableNow","Rentals Available","2026-07-20T23:59:59.000Z",,"","N/A","N/A","4","","false","false","[]"
"ocpqsb7fkz","TWO BEDROOM TOWNHOUSE IN EXCELLENT CONDITION","1","q2j0gkx","","2","2.5","1550","1550","$1,550","$1,550","false","1,134 sq. ft.","1","AvailableNow","Rentals Available","2026-08-02T23:59:59.000Z",,"","N/A","N/A","2","","false","false","[]"
"ocp8d9cwv0","Bright 2 BR, 2 BA unit in vibrant Person St district","1","q2j0gkx","","2","2","1950","1950","$1,950","$1,950","false","931 sq. ft.","1","AvailableNow","Rentals Available","1970-01-01T23:59:59.000Z",,"","N/A","N/A","2","","false","false","[]"
"ocp9g1mkz6","Stylish Studio Condo on NC State University Campus","1","q2j0gkx","","2","2.5","1630","1630","$1,630","$1,630","false","1,166 sq. ft.","1","AvailableNow","Rentals Available","1970-01-01T23:59:59.000Z",,"","N/A","N/A","2","","false","false","[]"
"ocpeg5yhcm","Avery Close","141607","q1glntz","Garden","2","2","1395","1650","$1,395 - $1,650","$1,395 - $1,650","false","","1","AvailableNow","Rentals Available","1970-01-01T23:59:59.000Z","1395","$1,395 - $2,790","N/A","N/A","4","","false","false","[]"
"ocpeg5yhcm","Avery Close","141608","6eyrsht","Townhouse","2","2.5","1295","1495","$1,295 - $1,495","$1,295 - $1,495","false","","1","AvailableNow","Rentals Available","1970-01-01T23:59:59.000Z","1295","$1,295 - $2,590","N/A","N/A","4","","false","false","[]"
"ocpsnmx4w4","""Avery Close "" condos room available across from Centennial Campus NCSU NC State Raleigh","1","q2j0gkx","","1","1","750","750","$750","$750","true","1,200 sq. ft.","1","AvailableNow","Rentals Available","2026-08-01T23:59:59.000Z",,"","N/A","N/A","1","","false","false","[]"
"ocp2k6k5g8","Furnished Room for Rent (Between Central and Centennial Campus)","1","q2j0gkx","","1","1","600","600","$600","$600","true","1,200 sq. ft.","1","FutureDate","Available Soon","2027-01-01T23:59:59.000Z",,"","N/A","N/A","2","","false","false","[]"