{
"type": "FeatureCollection",
"name": "ncsu-campus-buildings",
"crs": { "type": "name", "properties": { "name": "urn:ogc:def:crs:OGC:1.3:CRS84" } },
"features": [
{ "type": "Feature", "properties": { "OBJECTID": 25, "BLDGNUM": "825H", "Precinct_N": "Lake Wheeler", "story_group": "other" }, "geometry": { "type": "Polygon", "coordinates": [ [ [ -78.683400910834663, 35.724196192438313, 0.0 ], [ -78.683211392598295, 35.724157137255709, 0.0 ], [ -78.683221518498016, 35.724124464818736, 0.0 ], [ -78.683174461213412, 35.724114768069605, 0.0 ], [ -78.683203750766538, 35.724020260547604, 0.0 ], [ -78.683338569549207, 35.724048044330011, 0.0 ], [ -78.683326871933176, 35.724085788270337, 0.0 ], [ -78.683473519807947, 35.72411600931482, 0.0 ], [ -78.683457690184895, 35.724167089922979, 0.0 ], [ -78.683412796521935, 35.724157837856396, 0.0 ], [ -78.683400910834663, 35.724196192438313, 0.0 ] ] ] } },
{ "type": "Feature", "properties": { "OBJECTID": 26, "BLDGNUM": "814Z", "Precinct_N": "Lake Wheeler", "story_group": "other" }, "geometry": { "type": "Polygon", "coordinates": [ [ [ -78.687310489439582, 35.727452418273799, 0.0 ], [ -78.687173124290553, 35.727628631587777, 0.0 ], [ -78.6871309488061, 35.727606771514402, 0.0 ], [ -78.687268312907904, 35.727430557342608, 0.0 ], [ -78.687310489439582, 35.727452418273799, 0.0 ] ] ] } },
{ "type": "Feature", "properties": { "OBJECTID": 30, "BLDGNUM": "444F", "Precinct_N": "West Campus", "story_group": "vet" }, "geometry": { "type": "Polygon", "coordinates": [ [ [ -78.700177598742329, 35.791906027561772, 0.0 ], [ -78.700061727695115, 35.791924286629822, 0.0 ], [ -78.700007940473313, 35.791697714038477, 0.0 ], [ -78.700123811211469, 35.791679454118906, 0.0 ], [ -78.700177598742329, 35.791906027561772, 0.0 ] ] ] } },
{ "type": "Feature", "properties": { "OBJECTID": 31, "BLDGNUM": "444E", "Precinct_N": "West Campus", "story_group": "vet" }, "geometry": { "type": "Polygon", "coordinates": [ [ [ -78.700003713401543, 35.792012658492183, 0.0 ], [ -78.699887842162255, 35.792030917394236, 0.0 ], [ -78.699834055356661, 35.791804344734118, 0.0 ], [ -78.699949926286834, 35.791786084980551, 0.0 ], [ -78.700003713401543, 35.792012658492183, 0.0 ] ] ] } },
{ "type": "Feature", "properties": { "OBJECTID": 32, "BLDGNUM": "444D", "Precinct_N": "West Campus", "story_group": "vet" }, "geometry": { "type": "Polygon", "coordinates": [ [ [ -78.699769480703722, 35.791908481058961, 0.0 ], [ -78.699653609557473, 35.791926740640214, 0.0 ], [ -78.699599823480668, 35.79170016696758, 0.0 ], [ -78.699715694311124, 35.791681908337473, 0.0 ], [ -78.699769480703722, 35.791908481058961, 0.0 ] ] ] } },
{ "type": "Feature", "properties": { "OBJECTID": 33, "BLDGNUM": "444C", "Precinct_N": "West Campus", "story_group": "vet" }, "geometry": { "type": "Polygon", "coordinates": [ [ [ -78.699831591565825, 35.79217011940343, 0.0 ], [ -78.699715720058762, 35.792188379042202, 0.0 ], [ -78.699661933633976, 35.791961805416612, 0.0 ], [ -78.699777804828585, 35.791943545827635, 0.0 ], [ -78.699831591565825, 35.79217011940343, 0.0 ] ] ] } },
{ "type": "Feature", "properties": { "OBJECTID": 34, "BLDGNUM": "809L", "Precinct_N": "Lake Wheeler", "story_group": "other" }, "geometry": { "type": "Polygon", "coordinates": [ [ [ -78.687209573784216, 35.724333280802036, 0.0 ], [ -78.687212616971721, 35.724465130223408, 0.0 ], [ -78.687084611857003, 35.724467095236704, 0.0 ], [ -78.687081568877872, 35.724335245812213, 0.0 ], [ -78.687209573784216, 35.724333280802036, 0.0 ] ] ] } },
{ "type": "Feature", "properties": { "OBJECTID": 40, "BLDGNUM": "819F", "Precinct_N": "Lake Wheeler", "story_group": "other" }, "geometry": { "type": "Polygon", "coordinates": [ [ [ -78.675241132071179, 35.738112955995113, 0.0 ], [ -78.675247699968722, 35.738086009315751, 0.0 ], [ -78.675297275202539, 35.738094041955911, 0.0 ], [ -78.675290708430026, 35.738120987739521, 0.0 ], [ -78.675241132071179, 35.738112955995113, 0.0 ] ] ] } },
{ "type": "Feature", "properties": { "OBJECTID": 45, "BLDGNUM": "443D", "Precinct_N": "West Campus", "story_group": "vet" }, "geometry": { "type": "Polygon", "coordinates": [ [ [ -78.700049201981159, 35.793290588531519, 0.0 ], [ -78.700091294504617, 35.793286518924837, 0.0 ], [ -78.700093772689442, 35.793308881952605, 0.0 ], [ -78.700052049656193, 35.793312058336845, 0.0 ], [ -78.700049201981159, 35.793290588531519, 0.0 ] ] ] } },
{ "type": "Feature", "properties": { "OBJECTID": 46, "BLDGNUM": "443C", "Precinct_N": "West Campus", "story_group": "vet" }, "geometry": { "type": "Polygon", "coordinates": [ [ [ -78.700091822029535, 35.793277021863837, 0.0 ], [ -78.699975872214893, 35.793286753040547, 0.0 ], [ -78.699956598020805, 35.793156148650979, 0.0 ], [ -78.700076500717373, 35.793146058573285, 0.0 ], [ -78.700091822029535, 35.793277021863837, 0.0 ] ] ] } },
{ "type": "Feature", "properties": { "OBJECTID": 47, "BLDGNUM": "443B", "Precinct_N": "West Campus", "story_group": "vet" }, "geometry": { "type": "Polygon", "coordinates": [ [ [ -78.699710955285738, 35.793301274551602, 0.0 ], [ -78.699778361768807, 35.793292319962205, 0.0 ], [ -78.699784783910928, 35.793324506543932, 0.0 ], [ -78.699717377401797, 35.793333461136847, 0.0 ], [ -78.699710955285738, 35.793301274551602, 0.0 ] ] ] } },
{ "type": "Feature", "properties": { "OBJECTID": 48, "BLDGNUM": "443A", "Precinct_N": "West Campus", "story_group": "vet" }, "geometry": { "type": "Polygon", "coordinates": [ [ [ -78.699702634403934, 35.79326381673495, 0.0 ], [ -78.699770040856663, 35.793254862150036, 0.0 ], [ -78.699776462992546, 35.793287048732587, 0.0 ], [ -78.699709056513655, 35.793296003321004, 0.0 ], [ -78.699702634403934, 35.79326381673495, 0.0 ] ] ] } },
{ "type": "Feature", "properties": { "OBJECTID": 49, "BLDGNUM": "815H", "Precinct_N": "Lake Wheeler", "story_group": "other" }, "geometry": { "type": "Polygon", "coordinates": [ [ [ -78.668022573364183, 35.726359410593972, 0.0 ], [ -78.668027046452139, 35.726381084370217, 0.0 ], [ -78.667960595652488, 35.726390202520101, 0.0 ], [ -78.667956122585522, 35.726368527840087, 0.0 ], [ -78.668022573364183, 35.726359410593972, 0.0 ] ] ] } },
{ "type": "Feature", "properties": { "OBJECTID": 51, "BLDGNUM": "821Z", "Precinct_N": "", "story_group": "other" }, "geometry": { "type": "Polygon", "coordinates": [ [ [ -78.743627634780566, 35.808395203801759, 0.0 ], [ -78.74363421990023, 35.808275764227993, 0.0 ], [ -78.744139114852601, 35.808294628531527, 0.0 ], [ -78.744132535253968, 35.80841395727726, 0.0 ], [ -78.743627634780566, 35.808395203801759, 0.0 ] ] ] } },
{ "type": "Feature", "properties": { "OBJECTID": 52, "BLDGNUM": "820G", "Precinct_N": "Reedy Creek", "story_group": "other" }, "geometry": { "type": "Polygon", "coordinates": [ [ [ -78.720785504751873, 35.821489822498961, 0.0 ], [ -78.720771256597445, 35.821509207309816, 0.0 ], [ -78.720735811568346, 35.821491834902339, 0.0 ], [ -78.720750059728218, 35.82147245009557, 0.0 ], [ -78.720785504751873, 35.821489822498961, 0.0 ] ] ] } },
{ "type": "Feature", "properties": { "OBJECTID": 53, "BLDGNUM": "475", "Precinct_N": "Reedy Creek", "story_group": "other" }, "geometry": { "type": "Polygon", "coordinates": [ [ [ -78.72071490219507, 35.820297967305855, 0.0 ], [ -78.720888871752265, 35.820292347596229, 0.0 ], [ -78.720883168287543, 35.820175235802168, 0.0 ], [ -78.721018055254817, 35.820170891926026, 0.0 ], [ -78.721023758964435, 35.820287989292687, 0.0 ], [ -78.721282407756362, 35.820279633470058, 0.0 ], [ -78.72128757641066, 35.820385761251323, 0.0 ], [ -78.721029300921444, 35.820394237817354, 0.0 ], [ -78.721034461192787, 35.820498531370284, 0.0 ], [ -78.720899447310458, 35.820502935364139, 0.0 ], [ -78.72089428822629, 35.820398668847986, 0.0 ], [ -78.720720084593381, 35.820404386274888, 0.0 ], [ -78.72071490219507, 35.820297967305855, 0.0 ] ] ] } },
{ "type": "Feature", "properties": { "OBJECTID": 54, "BLDGNUM": "476", "Precinct_N": "Reedy Creek", "story_group": "other" }, "geometry": { "type": "Polygon", "coordinates": [ [ [ -78.721472875117911, 35.820335514482323, 0.0 ], [ -78.721595313716861, 35.820333933855636, 0.0 ], [ -78.721597291798261, 35.82043311405458, 0.0 ], [ -78.721475266274211, 35.820434890315774, 0.0 ], [ -78.721472875117911, 35.820335514482323, 0.0 ] ] ] } },
{ "type": "Feature", "properties": { "OBJECTID": 55, "BLDGNUM": "823H", "Precinct_N": "Reedy Creek", "story_group": "other" }, "geometry": { "type": "Polygon", "coordinates": [ [ [ -78.726767934132724, 35.814330690726294, 0.0 ], [ -78.726701730878958, 35.814198400930856, 0.0 ], [ -78.726795431901934, 35.814167291365948, 0.0 ], [ -78.726861635283527, 35.814299581111882, 0.0 ], [ -78.726767934132724, 35.814330690726294, 0.0 ] ] ] } },
{ "type": "Feature", "properties": { "OBJECTID": 56, "BLDGNUM": "465N", "Precinct_N": "", "story_group": "other" }, "geometry": { "type": "Polygon", "coordinates": [ [ [ -78.710619581152301, 35.812963751215776, 0.0 ], [ -78.710783177217621, 35.813060779146362, 0.0 ], [ -78.710723616144307, 35.813127406159772, 0.0 ], [ -78.710560018912318, 35.813030377247486, 0.0 ], [ -78.710619581152301, 35.812963751215776, 0.0 ] ] ] } },
{ "type": "Feature", "properties": { "OBJECTID": 57, "BLDGNUM": "822V", "Precinct_N": "Reedy Creek", "story_group": "other" }, "geometry": { "type": "Polygon", "coordinates": [ [ [ -78.715305056439178, 35.815975939796104, 0.0 ], [ -78.715254203520672, 35.815951534489813, 0.0 ], [ -78.715295630100798, 35.815894268415349, 0.0 ], [ -78.715346407355966, 35.815918784392522, 0.0 ], [ -78.715305056439178, 35.815975939796104, 0.0 ] ] ] } },
{ "type": "Feature", "properties": { "OBJECTID": 58, "BLDGNUM": "821H", "Precinct_N": "Reedy Creek", "story_group": "other" }, "geometry": { "type": "Polygon", "coordinates": [ [ [ -78.715356512254047, 35.8158080364489, 0.0 ], [ -78.715254203520672, 35.815951534489813, 0.0 ], [ -78.71524498321935, 35.815947118031751, 0.0 ], [ -78.7152169215707, 35.815986067713702, 0.0 ], [ -78.715099732601672, 35.815929855093088, 0.0 ], [ -78.715230978763017, 35.815747962064748, 0.0 ], [ -78.715356512254047, 35.8158080364489, 0.0 ] ] ] } },
{ "type": "Feature", "properties": { "OBJECTID": 60, "BLDGNUM": "822C", "Precinct_N": "Reedy Creek", "story_group": "other" }, "geometry": { "type": "Polygon", "coordinates": [ [ [ -78.721469161906796, 35.824092829027876, 0.0 ], [ -78.721442498867901, 35.824008893582814, 0.0 ], [ -78.72152196446028, 35.823992151715622, 0.0 ], [ -78.72153451594076, 35.82403165881005, 0.0 ], [ -78.721572185404611, 35.824023722990802, 0.0 ], [ -78.7215752894692, 35.824033455472531, 0.0 ], [ -78.721606818724467, 35.82402682336695, 0.0 ], [ -78.721614794921493, 35.824051896859956, 0.0 ], [ -78.721549170127233, 35.824065731156892, 0.0 ], [ -78.721552206045729, 35.824075326480695, 0.0 ], [ -78.721469161906796, 35.824092829027876, 0.0 ] ] ] } },
{ "type": "Feature", "properties": { "OBJECTID": 61, "BLDGNUM": "820K", "Precinct_N": "", "story_group": "other" }, "geometry": { "type": "Polygon", "coordinates": [ [ [ -78.744015177818781, 35.811105470782394, 0.0 ], [ -78.744018508684533, 35.811065229468277, 0.0 ], [ -78.744072565449699, 35.811068201138376, 0.0 ], [ -78.744069267807106, 35.811108442523633, 0.0 ], [ -78.744015177818781, 35.811105470782394, 0.0 ] ] ] } },
{ "type": "Feature", "properties": { "OBJECTID": 64, "BLDGNUM": "820", "Precinct_N": "", "story_group": "other" }, "geometry": { "type": "Polygon", "coordinates": [ [ [ -78.743751263486047, 35.808080293842394, 0.0 ], [ -78.743760424282371, 35.807956686469893, 0.0 ], [ -78.743865499841263, 35.807961852099552, 0.0 ], [ -78.743856339202111, 35.808085460381058, 0.0 ], [ -78.743751263486047, 35.808080293842394, 0.0 ] ] ] } },
{ "type": "Feature", "properties": { "OBJECTID": 65, "BLDGNUM": "821U", "Precinct_N": "", "story_group": "other" }, "geometry": { "type": "Polygon", "coordinates": [ [ [ -78.743583475534194, 35.808069062670995, 0.0 ], [ -78.743588464607043, 35.807984675472419, 0.0 ], [ -78.743661710427318, 35.807987358716581, 0.0 ], [ -78.743656721087902, 35.808071854077951, 0.0 ], [ -78.743583475534194, 35.808069062670995, 0.0 ] ] ] } },
{ "type": "Feature", "properties": { "OBJECTID": 66, "BLDGNUM": "820A", "Precinct_N": "", "story_group": "other" }, "geometry": { "type": "Polygon", "coordinates": [ [ [ -78.744225495165821, 35.81122572079893, 0.0 ], [ -78.744227093755939, 35.811189459755553, 0.0 ], [ -78.744257446123356, 35.811190293194358, 0.0 ], [ -78.744258746892399, 35.811162824069093, 0.0 ], [ -78.744389999550648, 35.811166723701604, 0.0 ], [ -78.744385927469125, 35.811261223063092, 0.0 ], [ -78.744256694113659, 35.811257325861405, 0.0 ], [ -78.744258139620882, 35.811226778072857, 0.0 ], [ -78.744225495165821, 35.81122572079893, 0.0 ] ] ] } },
{ "type": "Feature", "properties": { "OBJECTID": 67, "BLDGNUM": "822H", "Precinct_N": "", "story_group": "other" }, "geometry": { "type": "Polygon", "coordinates": [ [ [ -78.743016750829682, 35.808042702663741, 0.0 ], [ -78.743018106794139, 35.808030014682267, 0.0 ], [ -78.743034562575843, 35.808030791182915, 0.0 ], [ -78.743034908964489, 35.808027989653048, 0.0 ], [ -78.743087881453008, 35.808031671538131, 0.0 ], [ -78.743085343018706, 35.808055732815944, 0.0 ], [ -78.743030717749591, 35.808051936580192, 0.0 ], [ -78.743031586922001, 35.80804375155877, 0.0 ], [ -78.743016750829682, 35.808042702663741, 0.0 ] ] ] } },
{ "type": "Feature", "properties": { "OBJECTID": 68, "BLDGNUM": "822F", "Precinct_N": "Reedy Creek", "story_group": "other" }, "geometry": { "type": "Polygon", "coordinates": [ [ [ -78.721365008009485, 35.815258617262778, 0.0 ], [ -78.721381818458156, 35.815196017315202, 0.0 ], [ -78.721471483864036, 35.815212046124294, 0.0 ], [ -78.721463825863054, 35.815240710952317, 0.0 ], [ -78.721492550227225, 35.815245830388236, 0.0 ], [ -78.721483396744318, 35.815279767322075, 0.0 ], [ -78.721365008009485, 35.815258617262778, 0.0 ] ] ] } },
{ "type": "Feature", "properties": { "OBJECTID": 69, "BLDGNUM": "820D", "Precinct_N": "Reedy Creek", "story_group": "other" }, "geometry": { "type": "Polygon", "coordinates": [ [ [ -78.721863314106997, 35.810683031326114, 0.0 ], [ -78.722562977894654, 35.810452123301317, 0.0 ], [ -78.722612985575921, 35.810543529140055, 0.0 ], [ -78.721912697747257, 35.810779381662933, 0.0 ], [ -78.721863314106997, 35.810683031326114, 0.0 ] ] ] } },
{ "type": "Feature", "properties": { "OBJECTID": 71, "BLDGNUM": "823G", "Precinct_N": "Reedy Creek", "story_group": "other" }, "geometry": { "type": "Polygon", "coordinates": [ [ [ -78.723025266345502, 35.812908750787614, 0.0 ], [ -78.723057252851305, 35.812865855833827, 0.0 ], [ -78.723093618669978, 35.812883850737805, 0.0 ], [ -78.723061632179451, 35.81292674479959, 0.0 ], [ -78.723025266345502, 35.812908750787614, 0.0 ] ] ] } },
{ "type": "Feature", "properties": { "OBJECTID": 72, "BLDGNUM": "821D", "Precinct_N": "Reedy Creek", "story_group": "other" }, "geometry": { "type": "Polygon", "coordinates": [ [ [ -78.723785369634442, 35.812831024780934, 0.0 ], [ -78.723920189148998, 35.812621767565446, 0.0 ], [ -78.724001423899978, 35.812656457450352, 0.0 ], [ -78.723866604913368, 35.812865604791, 0.0 ], [ -78.723785369634442, 35.812831024780934, 0.0 ] ] ] } },
{ "type": "Feature", "properties": { "OBJECTID": 73, "BLDGNUM": "820L", "Precinct_N": "Reedy Creek", "story_group": "other" }, "geometry": { "type": "Polygon", "coordinates": [ [ [ -78.723133386211103, 35.81267624686236, 0.0 ], [ -78.723187959315268, 35.812557907174032, 0.0 ], [ -78.723379603782234, 35.812617024766567, 0.0 ], [ -78.723325276920292, 35.81273300088943, 0.0 ], [ -78.723133386211103, 35.81267624686236, 0.0 ] ] ] } },
{ "type": "Feature", "properties": { "OBJECTID": 74, "BLDGNUM": "820Q", "Precinct_N": "Reedy Creek", "story_group": "other" }, "geometry": { "type": "Polygon", "coordinates": [ [ [ -78.723554002624368, 35.812501018184065, 0.0 ], [ -78.723582360776078, 35.812434982937788, 0.0 ], [ -78.723631593383715, 35.812448226173274, 0.0 ], [ -78.723606168051106, 35.812515449735002, 0.0 ], [ -78.723554002624368, 35.812501018184065, 0.0 ] ] ] } },
{ "type": "Feature", "properties": { "OBJECTID": 75, "BLDGNUM": "821P", "Precinct_N": "Reedy Creek", "story_group": "other" }, "geometry": { "type": "Polygon", "coordinates": [ [ [ -78.723162443452296, 35.812326309191384, 0.0 ], [ -78.72322090671274, 35.81219479174603, 0.0 ], [ -78.723530220813515, 35.812285931301268, 0.0 ], [ -78.723471758357135, 35.81241734163266, 0.0 ], [ -78.723162443452296, 35.812326309191384, 0.0 ] ] ] } },
{ "type": "Feature", "properties": { "OBJECTID": 76, "BLDGNUM": "821E", "Precinct_N": "Reedy Creek", "story_group": "other" }, "geometry": { "type": "Polygon", "coordinates": [ [ [ -78.722239445755903, 35.810928699717572, 0.0 ], [ -78.722328928241922, 35.810799780681208, 0.0 ], [ -78.722435474107584, 35.810848924568717, 0.0 ], [ -78.722345991740156, 35.810977842779863, 0.0 ], [ -78.722239445755903, 35.810928699717572, 0.0 ] ] ] } },
{ "type": "Feature", "properties": { "OBJECTID": 77, "BLDGNUM": "822G", "Precinct_N": "", "story_group": "other" }, "geometry": { "type": "Polygon", "coordinates": [ [ [ -78.742991125598834, 35.811543128374957, 0.0 ], [ -78.7429965426671, 35.811324345626332, 0.0 ], [ -78.743071684914398, 35.811325603694286, 0.0 ], [ -78.74307450026221, 35.811203629870846, 0.0 ], [ -78.743032005056548, 35.811202991362336, 0.0 ], [ -78.743033237241292, 35.811154754394884, 0.0 ], [ -78.743077081310616, 35.811155393042633, 0.0 ], [ -78.743078941809387, 35.811079352047329, 0.0 ], [ -78.743250135554277, 35.811082130211823, 0.0 ], [ -78.743238675550842, 35.811547169887135, 0.0 ], [ -78.742991125598834, 35.811543128374957, 0.0 ] ] ] } },
{ "type": "Feature", "properties": { "OBJECTID": 78, "BLDGNUM": "820P", "Precinct_N": "Reedy Creek", "story_group": "other" }, "geometry": { "type": "Polygon", "coordinates": [ [ [ -78.722240915247909, 35.811050791066222, 0.0 ], [ -78.722263546784077, 35.811021062445512, 0.0 ], [ -78.722285769011165, 35.81103221306045, 0.0 ], [ -78.722263137483139, 35.811061940783816, 0.0 ], [ -78.722240915247909, 35.811050791066222, 0.0 ] ] ] } },
{ "type": "Feature", "properties": { "OBJECTID": 79, "BLDGNUM": "821F", "Precinct_N": "Reedy Creek", "story_group": "other" }, "geometry": { "type": "Polygon", "coordinates": [ [ [ -78.721757155115966, 35.810845125350859, 0.0 ], [ -78.721881077395665, 35.810804035005816, 0.0 ], [ -78.721895708434943, 35.810835496240429, 0.0 ], [ -78.721774481780272, 35.810877198453007, 0.0 ], [ -78.721757155115966, 35.810845125350859, 0.0 ] ] ] } },
{ "type": "Feature", "properties": { "OBJECTID": 80, "BLDGNUM": "820M", "Precinct_N": "Reedy Creek", "story_group": "other" }, "geometry": { "type": "Polygon", "coordinates": [ [ [ -78.722374404166686, 35.810717905808879, 0.0 ], [ -78.722440813255332, 35.810629703431722, 0.0 ], [ -78.722489568107221, 35.810654100107158, 0.0 ], [ -78.722423159051715, 35.810742302510157, 0.0 ], [ -78.722374404166686, 35.810717905808879, 0.0 ] ] ] } },
{ "type": "Feature", "properties": { "OBJECTID": 81, "BLDGNUM": "820N", "Precinct_N": "Reedy Creek", "story_group": "other" }, "geometry": { "type": "Polygon", "coordinates": [ [ [ -78.722437571616553, 35.810748818658595, 0.0 ], [ -78.722522426227712, 35.810632088541084, 0.0 ], [ -78.722573877339215, 35.810656931174435, 0.0 ], [ -78.722489022776216, 35.81077366132677, 0.0 ], [ -78.722437571616553, 35.810748818658595, 0.0 ] ] ] } },
{ "type": "Feature", "properties": { "OBJECTID": 82, "BLDGNUM": "820E", "Precinct_N": "Reedy Creek", "story_group": "other" }, "geometry": { "type": "Polygon", "coordinates": [ [ [ -78.721705172015788, 35.810504839049742, 0.0 ], [ -78.721795164671889, 35.810463174667326, 0.0 ], [ -78.721815033070271, 35.810492012359134, 0.0 ], [ -78.72172557968635, 35.81053323723296, 0.0 ], [ -78.721705172015788, 35.810504839049742, 0.0 ] ] ] } },
{ "type": "Feature", "properties": { "OBJECTID": 83, "BLDGNUM": "821B", "Precinct_N": "", "story_group": "other" }, "geometry": { "type": "Polygon", "coordinates": [ [ [ -78.743924988341902, 35.809624962622259, 0.0 ], [ -78.743956618369225, 35.809622586454978, 0.0 ], [ -78.743960116968921, 35.809671592320882, 0.0 ], [ -78.743927887582956, 35.809673492224746, 0.0 ], [ -78.743924988341902, 35.809624962622259, 0.0 ] ] ] } },
{ "type": "Feature", "properties": { "OBJECTID": 84, "BLDGNUM": "820Y", "Precinct_N": "", "story_group": "other" }, "geometry": { "type": "Polygon", "coordinates": [ [ [ -78.744246821130034, 35.809515857319383, 0.0 ], [ -78.744247352840489, 35.809433110229811, 0.0 ], [ -78.744320337304586, 35.809433483298434, 0.0 ], [ -78.744319941015348, 35.809516119807725, 0.0 ], [ -78.744246821130034, 35.809515857319383, 0.0 ] ] ] } },
{ "type": "Feature", "properties": { "OBJECTID": 85, "BLDGNUM": "821A", "Precinct_N": "", "story_group": "other" }, "geometry": { "type": "Polygon", "coordinates": [ [ [ -78.744599791669955, 35.809030217689973, 0.0 ], [ -78.744601784985434, 35.808954397726239, 0.0 ], [ -78.744832329898941, 35.808958397678794, 0.0 ], [ -78.744830336799552, 35.809034217646165, 0.0 ], [ -78.744599791669955, 35.809030217689973, 0.0 ] ] ] } },
{ "type": "Feature", "properties": { "OBJECTID": 86, "BLDGNUM": "822", "Precinct_N": "", "story_group": "other" }, "geometry": { "type": "Polygon", "coordinates": [ [ [ -78.743510021996983, 35.809024193839171, 0.0 ], [ -78.743516953438458, 35.808881458145848, 0.0 ], [ -78.743708772685991, 35.808887687042919, 0.0 ], [ -78.743707767527553, 35.808907025836618, 0.0 ], [ -78.744042510112408, 35.808919109640982, 0.0 ], [ -78.744036954812429, 35.809030795360975, 0.0 ], [ -78.743702958305335, 35.809019874034959, 0.0 ], [ -78.743702385234101, 35.809030313025616, 0.0 ], [ -78.743510021996983, 35.809024193839171, 0.0 ] ] ] } },
{ "type": "Feature", "properties": { "OBJECTID": 87, "BLDGNUM": "822A", "Precinct_N": "", "story_group": "other" }, "geometry": { "type": "Polygon", "coordinates": [ [ [ -78.743644781444615, 35.808816455821869, 0.0 ], [ -78.743653575898534, 35.808681085257078, 0.0 ], [ -78.744158612165393, 35.808702250884814, 0.0 ], [ -78.744150476953948, 35.808839713971167, 0.0 ], [ -78.743644781444615, 35.808816455821869, 0.0 ] ] ] } },
{ "type": "Feature", "properties": { "OBJECTID": 88, "BLDGNUM": "822B", "Precinct_N": "", "story_group": "other" }, "geometry": { "type": "Polygon", "coordinates": [ [ [ -78.743715341852905, 35.808602532870367, 0.0 ], [ -78.743722164393674, 35.80849298508263, 0.0 ], [ -78.744127237951588, 35.808509551073826, 0.0 ], [ -78.744120398557044, 35.808617254709723, 0.0 ], [ -78.743715341852905, 35.808602532870367, 0.0 ] ] ] } },
{ "type": "Feature", "properties": { "OBJECTID": 89, "BLDGNUM": "821J", "Precinct_N": "Reedy Creek", "story_group": "other" }, "geometry": { "type": "Polygon", "coordinates": [ [ [ -78.715319871187575, 35.816292009965579, 0.0 ], [ -78.715469741340598, 35.816089521401899, 0.0 ], [ -78.715696775766617, 35.816200998500349, 0.0 ], [ -78.715546905985008, 35.816403484631593, 0.0 ], [ -78.715319871187575, 35.816292009965579, 0.0 ] ] ] } },
{ "type": "Feature", "properties": { "OBJECTID": 90, "BLDGNUM": "821G", "Precinct_N": "Reedy Creek", "story_group": "other" }, "geometry": { "type": "Polygon", "coordinates": [ [ [ -78.722954284235769, 35.814961686920597, 0.0 ], [ -78.722964620432734, 35.814937643829509, 0.0 ], [ -78.723026621904069, 35.814955258056706, 0.0 ], [ -78.723016285729457, 35.814979299350192, 0.0 ], [ -78.722954284235769, 35.814961686920597, 0.0 ] ] ] } },
{ "type": "Feature", "properties": { "OBJECTID": 91, "BLDGNUM": "465D", "Precinct_N": "", "story_group": "other" }, "geometry": { "type": "Polygon", "coordinates": [ [ [ -78.708836599040296, 35.812959083712073, 0.0 ], [ -78.708919162017594, 35.812868724453267, 0.0 ], [ -78.709178911636286, 35.813026188993874, 0.0 ], [ -78.709096347685161, 35.813116547519883, 0.0 ], [ -78.708836599040296, 35.812959083712073, 0.0 ] ] ] } },
{ "type": "Feature", "properties": { "OBJECTID": 92, "BLDGNUM": "465F", "Precinct_N": "", "story_group": "other" }, "geometry": { "type": "Polygon", "coordinates": [ [ [ -78.710269270708082, 35.813415690441268, 0.0 ], [ -78.710189775135262, 35.813504478746971, 0.0 ], [ -78.709917259007426, 35.813342601002638, 0.0 ], [ -78.709996754720351, 35.813253812869903, 0.0 ], [ -78.710269270708082, 35.813415690441268, 0.0 ] ] ] } },
{ "type": "Feature", "properties": { "OBJECTID": 93, "BLDGNUM": "465C", "Precinct_N": "", "story_group": "other" }, "geometry": { "type": "Polygon", "coordinates": [ [ [ -78.710189307116622, 35.813041352472744, 0.0 ], [ -78.710461821667238, 35.813203229622559, 0.0 ], [ -78.710382326517959, 35.813292017158865, 0.0 ], [ -78.710109810720695, 35.813130139833511, 0.0 ], [ -78.710189307116622, 35.813041352472744, 0.0 ] ] ] } },
{ "type": "Feature", "properties": { "OBJECTID": 94, "BLDGNUM": "465G", "Precinct_N": "", "story_group": "other" }, "geometry": { "type": "Polygon", "coordinates": [ [ [ -78.708903189375505, 35.813178329974782, 0.0 ], [ -78.709390221998106, 35.813473574319751, 0.0 ], [ -78.709309671992159, 35.813561729502979, 0.0 ], [ -78.708822639132705, 35.813266484844902, 0.0 ], [ -78.708903189375505, 35.813178329974782, 0.0 ] ] ] } },
{ "type": "Feature", "properties": { "OBJECTID": 95, "BLDGNUM": "465E", "Precinct_N": "", "story_group": "other" }, "geometry": { "type": "Polygon", "coordinates": [ [ [ -78.7092762455691, 35.813135083754233, 0.0 ], [ -78.709546819912362, 35.813299108009907, 0.0 ], [ -78.709466270250971, 35.81338726330182, 0.0 ], [ -78.709195695776103, 35.813223238872233, 0.0 ], [ -78.7092762455691, 35.813135083754233, 0.0 ] ] ] } },
{ "type": "Feature", "properties": { "OBJECTID": 96, "BLDGNUM": "465B", "Precinct_N": "", "story_group": "other" }, "geometry": { "type": "Polygon", "coordinates": [ [ [ -78.709821110456957, 35.813023656508378, 0.0 ], [ -78.709720424344653, 35.813133851302759, 0.0 ], [ -78.709311858317605, 35.812886176029821, 0.0 ], [ -78.709412544678344, 35.812775981563789, 0.0 ], [ -78.709821110456957, 35.813023656508378, 0.0 ] ] ] } },
{ "type": "Feature", "properties": { "OBJECTID": 98, "BLDGNUM": "465A", "Precinct_N": "", "story_group": "other" }, "geometry": { "type": "Polygon", "coordinates": [ [ [ -78.709182490203673, 35.812648402814069, 0.0 ], [ -78.709081803691532, 35.812758596193476, 0.0 ], [ -78.708811232097034, 35.812594571776863, 0.0 ], [ -78.708911919883505, 35.812484377716217, 0.0 ], [ -78.709182490203673, 35.812648402814069, 0.0 ] ] ] } },
{ "type": "Feature", "properties": { "OBJECTID": 99, "BLDGNUM": "465I", "Precinct_N": "", "story_group": "other" }, "geometry": { "type": "Polygon", "coordinates": [ [ [ -78.709463764781631, 35.813929637926613, 0.0 ], [ -78.709632695383817, 35.813740964309005, 0.0 ], [ -78.709741702235121, 35.813805715546984, 0.0 ], [ -78.70957277064538, 35.81399438930891, 0.0 ], [ -78.709463764781631, 35.813929637926613, 0.0 ] ] ] } },
{ "type": "Feature", "properties": { "OBJECTID": 100, "BLDGNUM": "465H", "Precinct_N": "", "story_group": "other" }, "geometry": { "type": "Polygon", "coordinates": [ [ [ -78.710067410469179, 35.81363144571835, 0.0 ], [ -78.70996804015779, 35.81374243069326, 0.0 ], [ -78.709695524778525, 35.8135805524688, 0.0 ], [ -78.70979489526502, 35.81346956771003, 0.0 ], [ -78.710067410469179, 35.81363144571835, 0.0 ] ] ] } },
{ "type": "Feature", "properties": { "OBJECTID": 101, "BLDGNUM": "820X", "Precinct_N": "", "story_group": "other" }, "geometry": { "type": "Polygon", "coordinates": [ [ [ -78.744593011887829, 35.809906065729784, 0.0 ], [ -78.744595110826907, 35.809818184310757, 0.0 ], [ -78.744674564952902, 35.809819448627721, 0.0 ], [ -78.744680865403765, 35.809555614176823, 0.0 ], [ -78.74468895928851, 35.809555740195258, 0.0 ], [ -78.744690088559381, 35.80950788513799, 0.0 ], [ -78.744728670300375, 35.809508488734544, 0.0 ], [ -78.744727423709918, 35.809561617272813, 0.0 ], [ -78.74489928833404, 35.809564343157774, 0.0 ], [ -78.744896920684468, 35.809662797617648, 0.0 ], [ -78.744809066396655, 35.809661377951258, 0.0 ], [ -78.744798053146923, 35.810051579059724, 0.0 ], [ -78.744631283907523, 35.810048948437377, 0.0 ], [ -78.74463466316044, 35.80990672986875, 0.0 ], [ -78.744593011887829, 35.809906065729784, 0.0 ] ] ] } },
{ "type": "Feature", "properties": { "OBJECTID": 102, "BLDGNUM": "821", "Precinct_N": "", "story_group": "other" }, "geometry": { "type": "Polygon", "coordinates": [ [ [ -78.744713228383517, 35.808645314607368, 0.0 ], [ -78.744714054181031, 35.808617519977552, 0.0 ], [ -78.744817371199758, 35.808619558865139, 0.0 ], [ -78.74481776950536, 35.808606247839542, 0.0 ], [ -78.74478335890467, 35.808605568279667, 0.0 ], [ -78.7447843222335, 35.808573105907946, 0.0 ], [ -78.744818766015655, 35.808573785537078, 0.0 ], [ -78.74481930678985, 35.808555651750346, 0.0 ], [ -78.74497315971216, 35.808558687736692, 0.0 ], [ -78.744970220989188, 35.808657565566122, 0.0 ], [ -78.74481549376803, 35.808654166309346, 0.0 ], [ -78.744815694580879, 35.808647335489923, 0.0 ], [ -78.744713228383517, 35.808645314607368, 0.0 ] ] ] } },
{ "type": "Feature", "properties": { "OBJECTID": 103, "BLDGNUM": "821X", "Precinct_N": "", "story_group": "other" }, "geometry": { "type": "Polygon", "coordinates": [ [ [ -78.746100292654233, 35.808840603775884, 0.0 ], [ -78.74610190864162, 35.808798519173223, 0.0 ], [ -78.746204969215981, 35.808801261195669, 0.0 ], [ -78.746203353618796, 35.808843238541137, 0.0 ], [ -78.746100292654233, 35.808840603775884, 0.0 ] ] ] } },
{ "type": "Feature", "properties": { "OBJECTID": 104, "BLDGNUM": "821Y", "Precinct_N": "", "story_group": "other" }, "geometry": { "type": "Polygon", "coordinates": [ [ [ -78.746105574844648, 35.80866204082686, 0.0 ], [ -78.746106670513683, 35.808613691740703, 0.0 ], [ -78.746316846061347, 35.808616875805164, 0.0 ], [ -78.746315618837315, 35.808665226421738, 0.0 ], [ -78.746105574844648, 35.80866204082686, 0.0 ] ] ] } },
{ "type": "Feature", "properties": { "OBJECTID": 105, "BLDGNUM": "819C", "Precinct_N": "Lake Wheeler", "story_group": "other" }, "geometry": { "type": "Polygon", "coordinates": [ [ [ -78.673546445613326, 35.723014717796374, 0.0 ], [ -78.673636288625261, 35.723025948130747, 0.0 ], [ -78.673624856901768, 35.723087129160319, 0.0 ], [ -78.673645734332553, 35.723089712557908, 0.0 ], [ -78.67361282175122, 35.723264246600785, 0.0 ], [ -78.673493211191214, 35.723249200258365, 0.0 ], [ -78.673498581010932, 35.723220971300151, 0.0 ], [ -78.673471102675563, 35.723217491341671, 0.0 ], [ -78.673498645741049, 35.723071185393259, 0.0 ], [ -78.673534879858977, 35.723075678525461, 0.0 ], [ -78.673546445613326, 35.723014717796374, 0.0 ] ] ] } },
{ "type": "Feature", "properties": { "OBJECTID": 106, "BLDGNUM": "830N", "Precinct_N": "Lake Wheeler", "story_group": "other" }, "geometry": { "type": "Polygon", "coordinates": [ [ [ -78.705793036383312, 35.737742881361342, 0.0 ], [ -78.705893703825581, 35.73767433369553, 0.0 ], [ -78.706039432407607, 35.737816667789041, 0.0 ], [ -78.705938764499095, 35.737885329142607, 0.0 ], [ -78.705793036383312, 35.737742881361342, 0.0 ] ] ] } },
{ "type": "Feature", "properties": { "OBJECTID": 107, "BLDGNUM": "830M", "Precinct_N": "Lake Wheeler", "story_group": "other" }, "geometry": { "type": "Polygon", "coordinates": [ [ [ -78.706438421784185, 35.737199778973228, 0.0 ], [ -78.706512295129187, 35.737160204390548, 0.0 ], [ -78.706691028345489, 35.737381987412462, 0.0 ], [ -78.706617122815047, 35.73742156472764, 0.0 ], [ -78.706438421784185, 35.737199778973228, 0.0 ] ] ] } },
{ "type": "Feature", "properties": { "OBJECTID": 108, "BLDGNUM": "815K", "Precinct_N": "Lake Wheeler", "story_group": "other" }, "geometry": { "type": "Polygon", "coordinates": [ [ [ -78.695616054936394, 35.727181640369558, 0.0 ], [ -78.695638917816041, 35.727127617556917, 0.0 ], [ -78.695995464717015, 35.72722795128476, 0.0 ], [ -78.695972602060522, 35.727281970557257, 0.0 ], [ -78.695616054936394, 35.727181640369558, 0.0 ] ] ] } },
{ "type": "Feature", "properties": { "OBJECTID": 109, "BLDGNUM": "830F", "Precinct_N": "Lake Wheeler", "story_group": "other" }, "geometry": { "type": "Polygon", "coordinates": [ [ [ -78.698791069258604, 35.733959806078396, 0.0 ], [ -78.698794760652206, 35.733873325121522, 0.0 ], [ -78.698869153084885, 35.733875379463676, 0.0 ], [ -78.698865465793517, 35.733961967694654, 0.0 ], [ -78.698791069258604, 35.733959806078396, 0.0 ] ] ] } },
{ "type": "Feature", "properties": { "OBJECTID": 110, "BLDGNUM": "825B", "Precinct_N": "Lake Wheeler", "story_group": "other" }, "geometry": { "type": "Polygon", "coordinates": [ [ [ -78.674834230740871, 35.72539972585691, 0.0 ], [ -78.674965766483083, 35.725399308254978, 0.0 ], [ -78.674966300590043, 35.725534699060553, 0.0 ], [ -78.674949585784503, 35.725534765300047, 0.0 ], [ -78.674949848308984, 35.725604548698293, 0.0 ], [ -78.674835024171699, 35.72560479189017, 0.0 ], [ -78.674834230740871, 35.72539972585691, 0.0 ] ] ] } },
{ "type": "Feature", "properties": { "OBJECTID": 111, "BLDGNUM": "830K", "Precinct_N": "Lake Wheeler", "story_group": "other" }, "geometry": { "type": "Polygon", "coordinates": [ [ [ -78.705312834763205, 35.73855019275431, 0.0 ], [ -78.705361223975217, 35.738514096840667, 0.0 ], [ -78.705413980538893, 35.73856110870387, 0.0 ], [ -78.705365590216772, 35.738597204635269, 0.0 ], [ -78.705312834763205, 35.73855019275431, 0.0 ] ] ] } },
{ "type": "Feature", "properties": { "OBJECTID": 112, "BLDGNUM": "830L", "Precinct_N": "Lake Wheeler", "story_group": "other" }, "geometry": { "type": "Polygon", "coordinates": [ [ [ -78.705408626157919, 35.73848035377177, 0.0 ], [ -78.705457580662156, 35.738445353437335, 0.0 ], [ -78.705509171812267, 35.738493321487553, 0.0 ], [ -78.705460217307845, 35.738528320039471, 0.0 ], [ -78.705408626157919, 35.73848035377177, 0.0 ] ] ] } },
{ "type": "Feature", "properties": { "OBJECTID": 113, "BLDGNUM": "810", "Precinct_N": "Lake Wheeler", "story_group": "other" }, "geometry": { "type": "Polygon", "coordinates": [ [ [ -78.677617485661273, 35.738124169086369, 0.0 ], [ -78.677787612597299, 35.738090189252446, 0.0 ], [ -78.677819791471379, 35.738197259567023, 0.0 ], [ -78.677722911683432, 35.738216614076222, 0.0 ], [ -78.677733961301684, 35.738253375558131, 0.0 ], [ -78.67766070835799, 35.738268007227973, 0.0 ], [ -78.677617485661273, 35.738124169086369, 0.0 ] ] ] } },
{ "type": "Feature", "properties": { "OBJECTID": 114, "BLDGNUM": "809K", "Precinct_N": "Lake Wheeler", "story_group": "other" }, "geometry": { "type": "Polygon", "coordinates": [ [ [ -78.678656510485354, 35.734814340870258, 0.0 ], [ -78.678688195342815, 35.734796577538759, 0.0 ], [ -78.678714090523073, 35.734827297565275, 0.0 ], [ -78.678682409004438, 35.734845053701321, 0.0 ], [ -78.678656510485354, 35.734814340870258, 0.0 ] ] ] } },
{ "type": "Feature", "properties": { "OBJECTID": 115, "BLDGNUM": "809X", "Precinct_N": "Lake Wheeler", "story_group": "other" }, "geometry": { "type": "Polygon", "coordinates": [ [ [ -78.674820080347772, 35.734677002616053, 0.0 ], [ -78.674826546601281, 35.73461918673447, 0.0 ], [ -78.674935060903096, 35.734627254349107, 0.0 ], [ -78.674928594733714, 35.734685068433592, 0.0 ], [ -78.674820080347772, 35.734677002616053, 0.0 ] ] ] } },
{ "type": "Feature", "properties": { "OBJECTID": 116, "BLDGNUM": "809H", "Precinct_N": "Lake Wheeler", "story_group": "other" }, "geometry": { "type": "Polygon", "coordinates": [ [ [ -78.678653007677937, 35.734056546306498, 0.0 ], [ -78.678728392665008, 35.733800114108142, 0.0 ], [ -78.678871824968965, 35.733828131853876, 0.0 ], [ -78.67879644030296, 35.734084591179361, 0.0 ], [ -78.678653007677937, 35.734056546306498, 0.0 ] ] ] } },
{ "type": "Feature", "properties": { "OBJECTID": 117, "BLDGNUM": "809M", "Precinct_N": "Lake Wheeler", "story_group": "other" }, "geometry": { "type": "Polygon", "coordinates": [ [ [ -78.679258824490674, 35.733856102681621, 0.0 ], [ -78.679269068347679, 35.73381724853688, 0.0 ], [ -78.679357335315856, 35.733832717641256, 0.0 ], [ -78.679347091499295, 35.733871571793252, 0.0 ], [ -78.679258824490674, 35.733856102681621, 0.0 ] ] ] } },
{ "type": "Feature", "properties": { "OBJECTID": 118, "BLDGNUM": "815", "Precinct_N": "Lake Wheeler", "story_group": "other" }, "geometry": { "type": "Polygon", "coordinates": [ [ [ -78.67454967178503, 35.733029195816087, 0.0 ], [ -78.674603701820388, 35.732751363818878, 0.0 ], [ -78.674841784623098, 35.732782146849914, 0.0 ], [ -78.674787747649674, 35.733059978028052, 0.0 ], [ -78.67454967178503, 35.733029195816087, 0.0 ] ] ] } },
{ "type": "Feature", "properties": { "OBJECTID": 119, "BLDGNUM": "815A", "Precinct_N": "Lake Wheeler", "story_group": "other" }, "geometry": { "type": "Polygon", "coordinates": [ [ [ -78.67375982205337, 35.732470904615816, 0.0 ], [ -78.673779341946599, 35.732359439501316, 0.0 ], [ -78.674273293957498, 35.732416943909307, 0.0 ], [ -78.674253774723383, 35.732528410903711, 0.0 ], [ -78.67375982205337, 35.732470904615816, 0.0 ] ] ] } },
{ "type": "Feature", "properties": { "OBJECTID": 120, "BLDGNUM": "809E", "Precinct_N": "Lake Wheeler", "story_group": "other" }, "geometry": { "type": "Polygon", "coordinates": [ [ [ -78.678700583067254, 35.730695448092796, 0.0 ], [ -78.678750567970226, 35.730691398575843, 0.0 ], [ -78.678755304958187, 35.73072869503001, 0.0 ], [ -78.678704443450059, 35.730733011742899, 0.0 ], [ -78.678700583067254, 35.730695448092796, 0.0 ] ] ] } },
{ "type": "Feature", "properties": { "OBJECTID": 121, "BLDGNUM": "815F", "Precinct_N": "Lake Wheeler", "story_group": "other" }, "geometry": { "type": "Polygon", "coordinates": [ [ [ -78.687403001659249, 35.730218282663543, 0.0 ], [ -78.687411088492155, 35.730119405052257, 0.0 ], [ -78.687721334831437, 35.73013627341868, 0.0 ], [ -78.68773447729204, 35.729975577097207, 0.0 ], [ -78.687530693495717, 35.729964498389045, 0.0 ], [ -78.687553821080257, 35.729681699404537, 0.0 ], [ -78.687831966044627, 35.729696820290521, 0.0 ], [ -78.687826296506159, 35.729766113312984, 0.0 ], [ -78.68823991647217, 35.729788601279097, 0.0 ], [ -78.688223513034785, 35.729989148455431, 0.0 ], [ -78.687811094532336, 35.729966723008403, 0.0 ], [ -78.687809998059066, 35.729980160410896, 0.0 ], [ -78.687778635386948, 35.729978456630924, 0.0 ], [ -78.687776301025849, 35.730007026535176, 0.0 ], [ -78.687763953575654, 35.730006353098915, 0.0 ], [ -78.68775165939013, 35.730156644468316, 0.0 ], [ -78.687823479686926, 35.730160550372638, 0.0 ], [ -78.687816914492984, 35.730240787231743, 0.0 ], [ -78.687403001659249, 35.730218282663543, 0.0 ] ] ] } },
{ "type": "Feature", "properties": { "OBJECTID": 122, "BLDGNUM": "813J", "Precinct_N": "Lake Wheeler", "story_group": "other" }, "geometry": { "type": "Polygon", "coordinates": [ [ [ -78.688162129696167, 35.726794699407989, 0.0 ], [ -78.688193973178571, 35.726758789535843, 0.0 ], [ -78.688232161103613, 35.726781279904657, 0.0 ], [ -78.688200318634031, 35.726817215928698, 0.0 ], [ -78.688162129696167, 35.726794699407989, 0.0 ] ] ] } },
{ "type": "Feature", "properties": { "OBJECTID": 124, "BLDGNUM": "825C", "Precinct_N": "Lake Wheeler", "story_group": "other" }, "geometry": { "type": "Polygon", "coordinates": [ [ [ -78.678084382798914, 35.723408060709417, 0.0 ], [ -78.678098060236351, 35.723306664527328, 0.0 ], [ -78.678420203026917, 35.723335539354238, 0.0 ], [ -78.678406524879136, 35.723436936470009, 0.0 ], [ -78.678084382798914, 35.723408060709417, 0.0 ] ] ] } },
{ "type": "Feature", "properties": { "OBJECTID": 125, "BLDGNUM": "825D", "Precinct_N": "Lake Wheeler", "story_group": "other" }, "geometry": { "type": "Polygon", "coordinates": [ [ [ -78.68033417576315, 35.722605055110911, 0.0 ], [ -78.68055500496061, 35.722637845956747, 0.0 ], [ -78.680476746094712, 35.722982663103387, 0.0 ], [ -78.680304048431083, 35.722956599224432, 0.0 ], [ -78.680349902507274, 35.722754564293801, 0.0 ], [ -78.680301887186175, 35.722747318327428, 0.0 ], [ -78.68033417576315, 35.722605055110911, 0.0 ] ] ] } },
{ "type": "Feature", "properties": { "OBJECTID": 126, "BLDGNUM": "810X", "Precinct_N": "Lake Wheeler", "story_group": "other" }, "geometry": { "type": "Polygon", "coordinates": [ [ [ -78.675691884781671, 35.738380236302575, 0.0 ], [ -78.675695327897955, 35.738255151077546, 0.0 ], [ -78.676133730870362, 35.738263171917922, 0.0 ], [ -78.676130287332967, 35.738388255349371, 0.0 ], [ -78.675691884781671, 35.738380236302575, 0.0 ] ] ] } },
{ "type": "Feature", "properties": { "OBJECTID": 127, "BLDGNUM": "810Y", "Precinct_N": "Lake Wheeler", "story_group": "other" }, "geometry": { "type": "Polygon", "coordinates": [ [ [ -78.677329430515442, 35.737741180566779, 0.0 ], [ -78.677754024649261, 35.737740884496866, 0.0 ], [ -78.677754175223825, 35.737882163229351, 0.0 ], [ -78.677329578144878, 35.737882457491189, 0.0 ], [ -78.677329430515442, 35.737741180566779, 0.0 ] ] ] } },
{ "type": "Feature", "properties": { "OBJECTID": 128, "BLDGNUM": "815E", "Precinct_N": "Lake Wheeler", "story_group": "other" }, "geometry": { "type": "Polygon", "coordinates": [ [ [ -78.674795122070535, 35.735740498079579, 0.0 ], [ -78.674874417603363, 35.735514944122009, 0.0 ], [ -78.675201183192883, 35.735591310661263, 0.0 ], [ -78.675159193658104, 35.73571074526587, 0.0 ], [ -78.675109956655461, 35.735699238714915, 0.0 ], [ -78.675060263060033, 35.735840567516156, 0.0 ], [ -78.674896869249125, 35.735802384142225, 0.0 ], [ -78.674909253269803, 35.735767173989714, 0.0 ], [ -78.674795122070535, 35.735740498079579, 0.0 ] ] ] } },
{ "type": "Feature", "properties": { "OBJECTID": 129, "BLDGNUM": "809F", "Precinct_N": "Lake Wheeler", "story_group": "other" }, "geometry": { "type": "Polygon", "coordinates": [ [ [ -78.678807544725089, 35.730690451946622, 0.0 ], [ -78.67884728846073, 35.730687013536013, 0.0 ], [ -78.678852786443741, 35.730719473480278, 0.0 ], [ -78.678810484814562, 35.730723153019269, 0.0 ], [ -78.678807544725089, 35.730690451946622, 0.0 ] ] ] } },
{ "type": "Feature", "properties": { "OBJECTID": 130, "BLDGNUM": "809Z", "Precinct_N": "Lake Wheeler", "story_group": "other" }, "geometry": { "type": "Polygon", "coordinates": [ [ [ -78.67483518383321, 35.734522903838702, 0.0 ], [ -78.674840438783249, 35.734490866360758, 0.0 ], [ -78.67492754315208, 35.73450015673594, 0.0 ], [ -78.674921429195521, 35.73453358542875, 0.0 ], [ -78.67483518383321, 35.734522903838702, 0.0 ] ] ] } },
{ "type": "Feature", "properties": { "OBJECTID": 131, "BLDGNUM": "809W", "Precinct_N": "Lake Wheeler", "story_group": "other" }, "geometry": { "type": "Polygon", "coordinates": [ [ [ -78.675223361450065, 35.733777564785747, 0.0 ], [ -78.675267106426375, 35.733781872800407, 0.0 ], [ -78.67525711292619, 35.73384932748651, 0.0 ], [ -78.675213366808478, 35.733845019465377, 0.0 ], [ -78.675223361450065, 35.733777564785747, 0.0 ] ] ] } },
{ "type": "Feature", "properties": { "OBJECTID": 132, "BLDGNUM": "809S", "Precinct_N": "Lake Wheeler", "story_group": "other" }, "geometry": { "type": "Polygon", "coordinates": [ [ [ -78.677111182918779, 35.734601567511724, 0.0 ], [ -78.677111150038925, 35.734609809472829, 0.0 ], [ -78.677104410922965, 35.734609791600569, 0.0 ], [ -78.677104443803515, 35.734601549639443, 0.0 ], [ -78.677111182918779, 35.734601567511724, 0.0 ] ] ] } },
{ "type": "Feature", "properties": { "OBJECTID": 133, "BLDGNUM": "813S", "Precinct_N": "Lake Wheeler", "story_group": "other" }, "geometry": { "type": "Polygon", "coordinates": [ [ [ -78.678555154829283, 35.730809563376418, 0.0 ], [ -78.678051804070975, 35.730852757957969, 0.0 ], [ -78.67803904142059, 35.730754131384671, 0.0 ], [ -78.67854247307524, 35.73071073426317, 0.0 ], [ -78.678555154829283, 35.730809563376418, 0.0 ] ] ] } },
{ "type": "Feature", "properties": { "OBJECTID": 134, "BLDGNUM": "813Q", "Precinct_N": "Lake Wheeler", "story_group": "other" }, "geometry": { "type": "Polygon", "coordinates": [ [ [ -78.679052762025137, 35.730858691642609, 0.0 ], [ -78.678935091048871, 35.730866888443003, 0.0 ], [ -78.678926695659982, 35.730785926665462, 0.0 ], [ -78.679195245992133, 35.730767403124631, 0.0 ], [ -78.679203416797506, 35.730848197539594, 0.0 ], [ -78.679098530694418, 35.730855503386756, 0.0 ], [ -78.679106447366465, 35.73093234105712, 0.0 ], [ -78.679215781659977, 35.730924826089556, 0.0 ], [ -78.679224608972248, 35.73101012723771, 0.0 ], [ -78.678957270955408, 35.73102854407464, 0.0 ], [ -78.678948437458217, 35.730943200526532, 0.0 ], [ -78.679060856852786, 35.730935473901134, 0.0 ], [ -78.679052762025137, 35.730858691642609, 0.0 ] ] ] } },
{ "type": "Feature", "properties": { "OBJECTID": 135, "BLDGNUM": "813T", "Precinct_N": "Lake Wheeler", "story_group": "other" }, "geometry": { "type": "Polygon", "coordinates": [ [ [ -78.678069396380607, 35.731006726524832, 0.0 ], [ -78.678571929229022, 35.730963459404492, 0.0 ], [ -78.678585008441587, 35.731063827280053, 0.0 ], [ -78.678082384240497, 35.731107116747182, 0.0 ], [ -78.678069396380607, 35.731006726524832, 0.0 ] ] ] } },
{ "type": "Feature", "properties": { "OBJECTID": 136, "BLDGNUM": "813U", "Precinct_N": "Lake Wheeler", "story_group": "other" }, "geometry": { "type": "Polygon", "coordinates": [ [ [ -78.678323700356898, 35.730874743398871, 0.0 ], [ -78.678332722958231, 35.730944045949627, 0.0 ], [ -78.678239612618398, 35.730952032051356, 0.0 ], [ -78.678230587705883, 35.730882774555674, 0.0 ], [ -78.678323700356898, 35.730874743398871, 0.0 ] ] ] } },
{ "type": "Feature", "properties": { "OBJECTID": 137, "BLDGNUM": "810B", "Precinct_N": "Lake Wheeler", "story_group": "other" }, "geometry": { "type": "Polygon", "coordinates": [ [ [ -78.68434419394076, 35.724985580474396, 0.0 ], [ -78.684330447752032, 35.725054668622043, 0.0 ], [ -78.684309165766749, 35.725051866078793, 0.0 ], [ -78.68430078056727, 35.725094044386218, 0.0 ], [ -78.684312364357226, 35.725095612152053, 0.0 ], [ -78.684308241201549, 35.725116042588873, 0.0 ], [ -78.684196845259365, 35.725101357083759, 0.0 ], [ -78.684222965120185, 35.724969661668496, 0.0 ], [ -78.68434419394076, 35.724985580474396, 0.0 ] ] ] } },
{ "type": "Feature", "properties": { "OBJECTID": 138, "BLDGNUM": "809Y", "Precinct_N": "Lake Wheeler", "story_group": "other" }, "geometry": { "type": "Polygon", "coordinates": [ [ [ -78.674776670026475, 35.734627262214659, 0.0 ], [ -78.67466820621047, 35.734617914660454, 0.0 ], [ -78.674684873417505, 35.734509960770211, 0.0 ], [ -78.674795036684714, 35.734521403106775, 0.0 ], [ -78.674776670026475, 35.734627262214659, 0.0 ] ] ] } },
{ "type": "Feature", "properties": { "OBJECTID": 139, "BLDGNUM": "809V", "Precinct_N": "Lake Wheeler", "story_group": "other" }, "geometry": { "type": "Polygon", "coordinates": [ [ [ -78.675529320578107, 35.733158675434574, 0.0 ], [ -78.675523518811858, 35.73318573868427, 0.0 ], [ -78.675483688645116, 35.733180062111138, 0.0 ], [ -78.675489490424283, 35.733152998863325, 0.0 ], [ -78.675529320578107, 35.733158675434574, 0.0 ] ] ] } },
{ "type": "Feature", "properties": { "OBJECTID": 141, "BLDGNUM": "809R", "Precinct_N": "Lake Wheeler", "story_group": "other" }, "geometry": { "type": "Polygon", "coordinates": [ [ [ -78.67694312773493, 35.735293731323189, 0.0 ], [ -78.676940416396207, 35.735322134131856, 0.0 ], [ -78.676875322209398, 35.735318004419867, 0.0 ], [ -78.676878033570844, 35.735289601612664, 0.0 ], [ -78.67694312773493, 35.735293731323189, 0.0 ] ] ] } },
{ "type": "Feature", "properties": { "OBJECTID": 142, "BLDGNUM": "809Q", "Precinct_N": "Lake Wheeler", "story_group": "other" }, "geometry": { "type": "Polygon", "coordinates": [ [ [ -78.677571703787478, 35.735834318618785, 0.0 ], [ -78.677511050825672, 35.735834157984414, 0.0 ], [ -78.677511138398017, 35.735812179429502, 0.0 ], [ -78.677571791343368, 35.735812340063831, 0.0 ], [ -78.677571703787478, 35.735834318618785, 0.0 ] ] ] } },
{ "type": "Feature", "properties": { "OBJECTID": 143, "BLDGNUM": "809P", "Precinct_N": "Lake Wheeler", "story_group": "other" }, "geometry": { "type": "Polygon", "coordinates": [ [ [ -78.677689941982294, 35.735802965061211, 0.0 ], [ -78.677689679410761, 35.735868900726047, 0.0 ], [ -78.677649244085444, 35.735868793678996, 0.0 ], [ -78.677649506689917, 35.735802858014246, 0.0 ], [ -78.677689941982294, 35.735802965061211, 0.0 ] ] ] } },
{ "type": "Feature", "properties": { "OBJECTID": 144, "BLDGNUM": "809N", "Precinct_N": "Lake Wheeler", "story_group": "other" }, "geometry": { "type": "Polygon", "coordinates": [ [ [ -78.677558138929399, 35.736446775467435, 0.0 ], [ -78.677557731725813, 35.736487660116133, 0.0 ], [ -78.677415501734345, 35.736486715513557, 0.0 ], [ -78.677415907907843, 35.736445829961056, 0.0 ], [ -78.677558138929399, 35.736446775467435, 0.0 ] ] ] } },
{ "type": "Feature", "properties": { "OBJECTID": 145, "BLDGNUM": "814X", "Precinct_N": "Lake Wheeler", "story_group": "other" }, "geometry": { "type": "Polygon", "coordinates": [ [ [ -78.676469012181741, 35.734443396360724, 0.0 ], [ -78.676221926863263, 35.734444219572566, 0.0 ], [ -78.676220953767597, 35.734250004235356, 0.0 ], [ -78.6764709537469, 35.734249171646198, 0.0 ], [ -78.676469012181741, 35.734443396360724, 0.0 ] ] ] } },
{ "type": "Feature", "properties": { "OBJECTID": 146, "BLDGNUM": "809J", "Precinct_N": "Lake Wheeler", "story_group": "other" }, "geometry": { "type": "Polygon", "coordinates": [ [ [ -78.678391045340163, 35.734788629869392, 0.0 ], [ -78.678420127234574, 35.734822223803853, 0.0 ], [ -78.678386634646699, 35.734839746133837, 0.0 ], [ -78.678359060735119, 35.734807528948487, 0.0 ], [ -78.678391045340163, 35.734788629869392, 0.0 ] ] ] } },
{ "type": "Feature", "properties": { "OBJECTID": 147, "BLDGNUM": "809T", "Precinct_N": "Lake Wheeler", "story_group": "other" }, "geometry": { "type": "Polygon", "coordinates": [ [ [ -78.676363832009727, 35.734902343314587, 0.0 ], [ -78.676371501098359, 35.734683886331254, 0.0 ], [ -78.676539358356891, 35.734687803533582, 0.0 ], [ -78.676530499196133, 35.734906232126207, 0.0 ], [ -78.676363832009727, 35.734902343314587, 0.0 ] ] ] } },
{ "type": "Feature", "properties": { "OBJECTID": 148, "BLDGNUM": "809U", "Precinct_N": "Lake Wheeler", "story_group": "other" }, "geometry": { "type": "Polygon", "coordinates": [ [ [ -78.676311014118895, 35.733697040249545, 0.0 ], [ -78.676072402573496, 35.73374231830249, 0.0 ], [ -78.676047957592374, 35.733653984718842, 0.0 ], [ -78.676288513408934, 35.733611206851727, 0.0 ], [ -78.676311014118895, 35.733697040249545, 0.0 ] ] ] } },
{ "type": "Feature", "properties": { "OBJECTID": 149, "BLDGNUM": "815R", "Precinct_N": "Lake Wheeler", "story_group": "other" }, "geometry": { "type": "Polygon", "coordinates": [ [ [ -78.679739501211998, 35.731804790555579, 0.0 ], [ -78.67971493119633, 35.731619240923557, 0.0 ], [ -78.679750188366299, 35.731616052711566, 0.0 ], [ -78.679746577460364, 35.731588784219582, 0.0 ], [ -78.680483861602085, 35.731523873654751, 0.0 ], [ -78.680487484582599, 35.731551225983111, 0.0 ], [ -78.680517055070169, 35.731548622030893, 0.0 ], [ -78.68054162690315, 35.731734171505138, 0.0 ], [ -78.679739501211998, 35.731804790555579, 0.0 ] ] ] } },
{ "type": "Feature", "properties": { "OBJECTID": 150, "BLDGNUM": "815P", "Precinct_N": "Lake Wheeler", "story_group": "other" }, "geometry": { "type": "Polygon", "coordinates": [ [ [ -78.680111935847052, 35.730818166934775, 0.0 ], [ -78.680577423510286, 35.730773530488968, 0.0 ], [ -78.680595289735109, 35.730897396603808, 0.0 ], [ -78.680129801369389, 35.7309420331162, 0.0 ], [ -78.680111935847052, 35.730818166934775, 0.0 ] ] ] } },
{ "type": "Feature", "properties": { "OBJECTID": 151, "BLDGNUM": "815Q", "Precinct_N": "Lake Wheeler", "story_group": "other" }, "geometry": { "type": "Polygon", "coordinates": [ [ [ -78.680472773744214, 35.731174957899654, 0.0 ], [ -78.679957775010962, 35.731221405339291, 0.0 ], [ -78.679943887255305, 35.731119037174999, 0.0 ], [ -78.680458924050143, 35.731072586288789, 0.0 ], [ -78.680472773744214, 35.731174957899654, 0.0 ] ] ] } },
{ "type": "Feature", "properties": { "OBJECTID": 152, "BLDGNUM": "812T", "Precinct_N": "Lake Wheeler", "story_group": "other" }, "geometry": { "type": "Polygon", "coordinates": [ [ [ -78.688774125461777, 35.725693387899291, 0.0 ], [ -78.688701542390703, 35.725783645135841, 0.0 ], [ -78.688535712685351, 35.725694975690615, 0.0 ], [ -78.688608431140665, 35.725604608930105, 0.0 ], [ -78.688774125461777, 35.725693387899291, 0.0 ] ] ] } },
{ "type": "Feature", "properties": { "OBJECTID": 153, "BLDGNUM": "813B", "Precinct_N": "Lake Wheeler", "story_group": "other" }, "geometry": { "type": "Polygon", "coordinates": [ [ [ -78.680304362224916, 35.723218044429395, 0.0 ], [ -78.680684834458148, 35.723278716040532, 0.0 ], [ -78.680635780718063, 35.7234833214726, 0.0 ], [ -78.68025975330147, 35.723423210319773, 0.0 ], [ -78.680304362224916, 35.723218044429395, 0.0 ] ] ] } },
{ "type": "Feature", "properties": { "OBJECTID": 154, "BLDGNUM": "813C", "Precinct_N": "Lake Wheeler", "story_group": "other" }, "geometry": { "type": "Polygon", "coordinates": [ [ [ -78.680293947813738, 35.723261645823428, 0.0 ], [ -78.680270302165994, 35.723379720151691, 0.0 ], [ -78.680248888081422, 35.723376366716359, 0.0 ], [ -78.680127487711019, 35.723881892564599, 0.0 ], [ -78.679869708749365, 35.723840664380816, 0.0 ], [ -78.680014263105377, 35.723239591012437, 0.0 ], [ -78.68027042397425, 35.72328059562134, 0.0 ], [ -78.680275766256059, 35.723258740747831, 0.0 ], [ -78.680293947813738, 35.723261645823428, 0.0 ] ] ] } },
{ "type": "Feature", "properties": { "OBJECTID": 155, "BLDGNUM": "813D", "Precinct_N": "Lake Wheeler", "story_group": "other" }, "geometry": { "type": "Polygon", "coordinates": [ [ [ -78.679995402956465, 35.723237783775886, 0.0 ], [ -78.679848969022913, 35.723836982749944, 0.0 ], [ -78.679595771588367, 35.723795875999897, 0.0 ], [ -78.679742207760398, 35.723196566456082, 0.0 ], [ -78.679995402956465, 35.723237783775886, 0.0 ] ] ] } },
{ "type": "Feature", "properties": { "OBJECTID": 157, "BLDGNUM": "812J", "Precinct_N": "Lake Wheeler", "story_group": "other" }, "geometry": { "type": "Polygon", "coordinates": [ [ [ -78.688370148189591, 35.726517771717759, 0.0 ], [ -78.687805570385294, 35.726209609284467, 0.0 ], [ -78.687894533305936, 35.72610104192357, 0.0 ], [ -78.688460730411393, 35.726408548301691, 0.0 ], [ -78.688370148189591, 35.726517771717759, 0.0 ] ] ] } },
{ "type": "Feature", "properties": { "OBJECTID": 158, "BLDGNUM": "813H", "Precinct_N": "Lake Wheeler", "story_group": "other" }, "geometry": { "type": "Polygon", "coordinates": [ [ [ -78.68029258431514, 35.722241930271373, 0.0 ], [ -78.680140537630933, 35.722216584689399, 0.0 ], [ -78.680158199458091, 35.722146188537252, 0.0 ], [ -78.680310247120929, 35.722171534100632, 0.0 ], [ -78.68029258431514, 35.722241930271373, 0.0 ] ] ] } },
{ "type": "Feature", "properties": { "OBJECTID": 159, "BLDGNUM": "813K", "Precinct_N": "Lake Wheeler", "story_group": "other" }, "geometry": { "type": "Polygon", "coordinates": [ [ [ -78.687038750297802, 35.727762687568294, 0.0 ], [ -78.687017764157773, 35.727791801724614, 0.0 ], [ -78.68699367798078, 35.727780434905618, 0.0 ], [ -78.68701438024317, 35.727751266843121, 0.0 ], [ -78.687038750297802, 35.727762687568294, 0.0 ] ] ] } },
{ "type": "Feature", "properties": { "OBJECTID": 160, "BLDGNUM": "812Y", "Precinct_N": "Lake Wheeler", "story_group": "other" }, "geometry": { "type": "Polygon", "coordinates": [ [ [ -78.687552207143113, 35.726976572007764, 0.0 ], [ -78.687680540300164, 35.727038442778806, 0.0 ], [ -78.687503587363381, 35.727282283344628, 0.0 ], [ -78.687375253951515, 35.727220413293104, 0.0 ], [ -78.687552207143113, 35.726976572007764, 0.0 ] ] ] } },
{ "type": "Feature", "properties": { "OBJECTID": 161, "BLDGNUM": "812Z", "Precinct_N": "Lake Wheeler", "story_group": "other" }, "geometry": { "type": "Polygon", "coordinates": [ [ [ -78.687283636596177, 35.727178637769384, 0.0 ], [ -78.687134985031776, 35.727108473204169, 0.0 ], [ -78.68752619799281, 35.726557368628697, 0.0 ], [ -78.687674847778894, 35.726627532725395, 0.0 ], [ -78.687283636596177, 35.727178637769384, 0.0 ] ] ] } },
{ "type": "Feature", "properties": { "OBJECTID": 162, "BLDGNUM": "812X", "Precinct_N": "Lake Wheeler", "story_group": "other" }, "geometry": { "type": "Polygon", "coordinates": [ [ [ -78.687900718907898, 35.726733830180862, 0.0 ], [ -78.687724697902439, 35.726980861598534, 0.0 ], [ -78.687595016055226, 35.726919317310831, 0.0 ], [ -78.687771035789552, 35.726672396939698, 0.0 ], [ -78.687900718907898, 35.726733830180862, 0.0 ] ] ] } },
{ "type": "Feature", "properties": { "OBJECTID": 163, "BLDGNUM": "812L", "Precinct_N": "Lake Wheeler", "story_group": "other" }, "geometry": { "type": "Polygon", "coordinates": [ [ [ -78.688371151279767, 35.726607228283676, 0.0 ], [ -78.688297752127895, 35.726699241727815, 0.0 ], [ -78.688087138571561, 35.726585730830855, 0.0 ], [ -78.688161074750738, 35.726494377782245, 0.0 ], [ -78.688371151279767, 35.726607228283676, 0.0 ] ] ] } },
{ "type": "Feature", "properties": { "OBJECTID": 164, "BLDGNUM": "812K", "Precinct_N": "Lake Wheeler", "story_group": "other" }, "geometry": { "type": "Polygon", "coordinates": [ [ [ -78.687960117127815, 35.72639330947284, 0.0 ], [ -78.688084644968825, 35.726463192210751, 0.0 ], [ -78.688019659278396, 35.726540171576431, 0.0 ], [ -78.687895129845685, 35.726470398736133, 0.0 ], [ -78.687960117127815, 35.72639330947284, 0.0 ] ] ] } },
{ "type": "Feature", "properties": { "OBJECTID": 165, "BLDGNUM": "812M", "Precinct_N": "Lake Wheeler", "story_group": "other" }, "geometry": { "type": "Polygon", "coordinates": [ [ [ -78.688345966951346, 35.7260778021245, 0.0 ], [ -78.688650724225297, 35.726241775567154, 0.0 ], [ -78.688572595679076, 35.726336963409885, 0.0 ], [ -78.687974410639114, 35.726006847785555, 0.0 ], [ -78.688051584991968, 35.725914404325479, 0.0 ], [ -78.688345966951346, 35.7260778021245, 0.0 ] ] ] } },
{ "type": "Feature", "properties": { "OBJECTID": 166, "BLDGNUM": "811Z", "Precinct_N": "Lake Wheeler", "story_group": "other" }, "geometry": { "type": "Polygon", "coordinates": [ [ [ -78.686485747938633, 35.72499693908712, 0.0 ], [ -78.686546077047737, 35.725078636312723, 0.0 ], [ -78.686271977188753, 35.725212990594677, 0.0 ], [ -78.686211648256162, 35.725131293236579, 0.0 ], [ -78.686485747938633, 35.72499693908712, 0.0 ] ] ] } },
{ "type": "Feature", "properties": { "OBJECTID": 167, "BLDGNUM": "812N", "Precinct_N": "Lake Wheeler", "story_group": "other" }, "geometry": { "type": "Polygon", "coordinates": [ [ [ -78.688735223621435, 35.726136932331642, 0.0 ], [ -78.688136219678498, 35.72580956184067, 0.0 ], [ -78.688211233514252, 35.725718322369872, 0.0 ], [ -78.688810236666129, 35.726045801564986, 0.0 ], [ -78.688735223621435, 35.726136932331642, 0.0 ] ] ] } },
{ "type": "Feature", "properties": { "OBJECTID": 168, "BLDGNUM": "812W", "Precinct_N": "Lake Wheeler", "story_group": "other" }, "geometry": { "type": "Polygon", "coordinates": [ [ [ -78.686608236077063, 35.72531441012093, 0.0 ], [ -78.686645180834944, 35.725344506211236, 0.0 ], [ -78.686496464529441, 35.725465886743287, 0.0 ], [ -78.686459519349057, 35.725435899672867, 0.0 ], [ -78.686608236077063, 35.72531441012093, 0.0 ] ] ] } },
{ "type": "Feature", "properties": { "OBJECTID": 169, "BLDGNUM": "812Q", "Precinct_N": "Lake Wheeler", "story_group": "other" }, "geometry": { "type": "Polygon", "coordinates": [ [ [ -78.685798534845802, 35.724970331182888, 0.0 ], [ -78.685465398105606, 35.724967822321851, 0.0 ], [ -78.685466633131526, 35.724857931232471, 0.0 ], [ -78.685799769419518, 35.724860440090239, 0.0 ], [ -78.685798534845802, 35.724970331182888, 0.0 ] ] ] } },
{ "type": "Feature", "properties": { "OBJECTID": 170, "BLDGNUM": "812P", "Precinct_N": "Lake Wheeler", "story_group": "other" }, "geometry": { "type": "Polygon", "coordinates": [ [ [ -78.685471362699744, 35.725166967023966, 0.0 ], [ -78.685470078255577, 35.72504662893494, 0.0 ], [ -78.685804311823588, 35.725044304796342, 0.0 ], [ -78.685805596764595, 35.725164642881929, 0.0 ], [ -78.685471362699744, 35.725166967023966, 0.0 ] ] ] } },
{ "type": "Feature", "properties": { "OBJECTID": 171, "BLDGNUM": "813L", "Precinct_N": "Lake Wheeler", "story_group": "other" }, "geometry": { "type": "Polygon", "coordinates": [ [ [ -78.686020822635825, 35.724921122370731, 0.0 ], [ -78.686022809132439, 35.724964975238684, 0.0 ], [ -78.685975230395059, 35.724966391146538, 0.0 ], [ -78.685973243924195, 35.724922538277816, 0.0 ], [ -78.686020822635825, 35.724921122370731, 0.0 ] ] ] } },
{ "type": "Feature", "properties": { "OBJECTID": 172, "BLDGNUM": "811P", "Precinct_N": "Lake Wheeler", "story_group": "other" }, "geometry": { "type": "Polygon", "coordinates": [ [ [ -78.686158548184295, 35.725305449457991, 0.0 ], [ -78.686065650817, 35.725351035265625, 0.0 ], [ -78.686045271766886, 35.725323729078291, 0.0 ], [ -78.685950348749614, 35.725370299271269, 0.0 ], [ -78.685885058854382, 35.725282105447612, 0.0 ], [ -78.686073284084074, 35.725189839737006, 0.0 ], [ -78.686158548184295, 35.725305449457991, 0.0 ] ] ] } },
{ "type": "Feature", "properties": { "OBJECTID": 173, "BLDGNUM": "811K", "Precinct_N": "Lake Wheeler", "story_group": "other" }, "geometry": { "type": "Polygon", "coordinates": [ [ [ -78.684621232428896, 35.725204659286184, 0.0 ], [ -78.684615455799786, 35.725234425380542, 0.0 ], [ -78.684523995082643, 35.725222320145178, 0.0 ], [ -78.684529906603146, 35.72519255350317, 0.0 ], [ -78.684621232428896, 35.725204659286184, 0.0 ] ] ] } },
{ "type": "Feature", "properties": { "OBJECTID": 174, "BLDGNUM": "811M", "Precinct_N": "Lake Wheeler", "story_group": "other" }, "geometry": { "type": "Polygon", "coordinates": [ [ [ -78.685191372093612, 35.72525591728585, 0.0 ], [ -78.685240858723375, 35.725353191525151, 0.0 ], [ -78.684944651983983, 35.72545330864768, 0.0 ], [ -78.684895165652435, 35.725356033389666, 0.0 ], [ -78.685191372093612, 35.72525591728585, 0.0 ] ] ] } },
{ "type": "Feature", "properties": { "OBJECTID": 175, "BLDGNUM": "825A", "Precinct_N": "Lake Wheeler", "story_group": "other" }, "geometry": { "type": "Polygon", "coordinates": [ [ [ -78.685035365064721, 35.725726961228098, 0.0 ], [ -78.684439935363997, 35.725801026560404, 0.0 ], [ -78.684417885471404, 35.725683821874235, 0.0 ], [ -78.685013449185988, 35.72560975699605, 0.0 ], [ -78.685035365064721, 35.725726961228098, 0.0 ] ] ] } },
{ "type": "Feature", "properties": { "OBJECTID": 176, "BLDGNUM": "811L", "Precinct_N": "Lake Wheeler", "story_group": "other" }, "geometry": { "type": "Polygon", "coordinates": [ [ [ -78.684517579682549, 35.725547292921618, 0.0 ], [ -78.684511663650454, 35.725514678870645, 0.0 ], [ -78.684406096146731, 35.725527411022838, 0.0 ], [ -78.68438683567615, 35.725420873079536, 0.0 ], [ -78.684644634638843, 35.725389891574913, 0.0 ], [ -78.684663895869775, 35.725496319513205, 0.0 ], [ -78.684558325097811, 35.725509051788883, 0.0 ], [ -78.684564240046413, 35.725541664933374, 0.0 ], [ -78.684517579682549, 35.725547292921618, 0.0 ] ] ] } },
{ "type": "Feature", "properties": { "OBJECTID": 177, "BLDGNUM": "812V", "Precinct_N": "Lake Wheeler", "story_group": "other" }, "geometry": { "type": "Polygon", "coordinates": [ [ [ -78.685117638498923, 35.726472478206652, 0.0 ], [ -78.685116642167955, 35.72648621240814, 0.0 ], [ -78.685066248548281, 35.726483554631251, 0.0 ], [ -78.685065391946495, 35.726495750566436, 0.0 ], [ -78.685033187619354, 35.726494238590909, 0.0 ], [ -78.685036455600056, 35.726450948251006, 0.0 ], [ -78.685066503728024, 35.726452344681476, 0.0 ], [ -78.68506535799547, 35.726469814647565, 0.0 ], [ -78.685117638498923, 35.726472478206652, 0.0 ] ] ] } },
{ "type": "Feature", "properties": { "OBJECTID": 178, "BLDGNUM": "811N", "Precinct_N": "Lake Wheeler", "story_group": "other" }, "geometry": { "type": "Polygon", "coordinates": [ [ [ -78.685806544876527, 35.725441249520394, 0.0 ], [ -78.685345588902223, 35.725661277059359, 0.0 ], [ -78.685276690875199, 35.725565270485198, 0.0 ], [ -78.685737646913452, 35.72534513413661, 0.0 ], [ -78.685806544876527, 35.725441249520394, 0.0 ] ] ] } },
{ "type": "Feature", "properties": { "OBJECTID": 179, "BLDGNUM": "813A", "Precinct_N": "Lake Wheeler", "story_group": "other" }, "geometry": { "type": "Polygon", "coordinates": [ [ [ -78.687473019502178, 35.724588142936121, 0.0 ], [ -78.68734322924405, 35.724590337092145, 0.0 ], [ -78.687336605426609, 35.724316572251453, 0.0 ], [ -78.687466259286964, 35.724314377753295, 0.0 ], [ -78.687473019502178, 35.724588142936121, 0.0 ] ] ] } },
{ "type": "Feature", "properties": { "OBJECTID": 180, "BLDGNUM": "812F", "Precinct_N": "Lake Wheeler", "story_group": "other" }, "geometry": { "type": "Polygon", "coordinates": [ [ [ -78.68743812775557, 35.72406099881087, 0.0 ], [ -78.687216836763369, 35.724062189002815, 0.0 ], [ -78.687217464815944, 35.724143952445708, 0.0 ], [ -78.686978248302708, 35.724145315178184, 0.0 ], [ -78.686977237287167, 35.724023440048605, 0.0 ], [ -78.687437743901697, 35.724020996190788, 0.0 ], [ -78.68743812775557, 35.72406099881087, 0.0 ] ] ] } },
{ "type": "Feature", "properties": { "OBJECTID": 181, "BLDGNUM": "812G", "Precinct_N": "Lake Wheeler", "story_group": "other" }, "geometry": { "type": "Polygon", "coordinates": [ [ [ -78.686817520513927, 35.724167540452896, 0.0 ], [ -78.686768605039248, 35.724166314938536, 0.0 ], [ -78.686774030752034, 35.724018191521658, 0.0 ], [ -78.686822946140779, 35.724019416132556, 0.0 ], [ -78.686817520513927, 35.724167540452896, 0.0 ] ] ] } },
{ "type": "Feature", "properties": { "OBJECTID": 182, "BLDGNUM": "812E", "Precinct_N": "Lake Wheeler", "story_group": "other" }, "geometry": { "type": "Polygon", "coordinates": [ [ [ -78.687319126908903, 35.724201358281263, 0.0 ], [ -78.687319672989901, 35.724164435307657, 0.0 ], [ -78.687438264063047, 35.72416539874645, 0.0 ], [ -78.687437716927306, 35.724202322619121, 0.0 ], [ -78.687319126908903, 35.724201358281263, 0.0 ] ] ] } },
{ "type": "Feature", "properties": { "OBJECTID": 183, "BLDGNUM": "811E", "Precinct_N": "Lake Wheeler", "story_group": "other" }, "geometry": { "type": "Polygon", "coordinates": [ [ [ -78.685092322153693, 35.723938355558289, 0.0 ], [ -78.684899063810605, 35.723939174181936, 0.0 ], [ -78.68489927790894, 35.723953460456286, 0.0 ], [ -78.684872054424801, 35.723953609921502, 0.0 ], [ -78.684871955934469, 35.72394426883001, 0.0 ], [ -78.684505521010522, 35.72394573718389, 0.0 ], [ -78.684504923846873, 35.723822434426964, 0.0 ], [ -78.685091570434878, 35.723819887323813, 0.0 ], [ -78.685092322153693, 35.723938355558289, 0.0 ] ] ] } },
{ "type": "Feature", "properties": { "OBJECTID": 184, "BLDGNUM": "811X", "Precinct_N": "Lake Wheeler", "story_group": "other" }, "geometry": { "type": "Polygon", "coordinates": [ [ [ -78.686690197701807, 35.724368319760231, 0.0 ], [ -78.686695289241428, 35.724654717815525, 0.0 ], [ -78.686553775979348, 35.724656441093735, 0.0 ], [ -78.686548686045654, 35.72437004303552, 0.0 ], [ -78.686690197701807, 35.724368319760231, 0.0 ] ] ] } },
{ "type": "Feature", "properties": { "OBJECTID": 185, "BLDGNUM": "811V", "Precinct_N": "Lake Wheeler", "story_group": "other" }, "geometry": { "type": "Polygon", "coordinates": [ [ [ -78.685105172575604, 35.724064657292047, 0.0 ], [ -78.68510620812927, 35.724179500063961, 0.0 ], [ -78.684515243088697, 35.724183024849175, 0.0 ], [ -78.684514208373386, 35.724068182072379, 0.0 ], [ -78.685105172575604, 35.724064657292047, 0.0 ] ] ] } },
{ "type": "Feature", "properties": { "OBJECTID": 186, "BLDGNUM": "811T", "Precinct_N": "Lake Wheeler", "story_group": "other" }, "geometry": { "type": "Polygon", "coordinates": [ [ [ -78.684971093873898, 35.724303550449847, 0.0 ], [ -78.685096303487413, 35.724300688077754, 0.0 ], [ -78.68509861127032, 35.724365531865431, 0.0 ], [ -78.685110606369875, 35.724365342960063, 0.0 ], [ -78.685112777854556, 35.724430845290662, 0.0 ], [ -78.685093234068646, 35.724431344569062, 0.0 ], [ -78.685095425632923, 35.724491682135046, 0.0 ], [ -78.684973450004307, 35.724494553777035, 0.0 ], [ -78.684971141890031, 35.724429819954835, 0.0 ], [ -78.684957124222493, 35.72443022354517, 0.0 ], [ -78.684954950299442, 35.724365380102228, 0.0 ], [ -78.684973279958811, 35.724364987670626, 0.0 ], [ -78.684971093873898, 35.724303550449847, 0.0 ] ] ] } },
{ "type": "Feature", "properties": { "OBJECTID": 187, "BLDGNUM": "811R", "Precinct_N": "Lake Wheeler", "story_group": "other" }, "geometry": { "type": "Polygon", "coordinates": [ [ [ -78.685108963240779, 35.724614689336143, 0.0 ], [ -78.685110125112843, 35.724731729940295, 0.0 ], [ -78.684608102602169, 35.72473515621612, 0.0 ], [ -78.684606941455897, 35.724618115607292, 0.0 ], [ -78.685108963240779, 35.724614689336143, 0.0 ] ] ] } },
{ "type": "Feature", "properties": { "OBJECTID": 188, "BLDGNUM": "811Q", "Precinct_N": "Lake Wheeler", "story_group": "other" }, "geometry": { "type": "Polygon", "coordinates": [ [ [ -78.685973061595632, 35.724726485760243, 0.0 ], [ -78.685465245870205, 35.724729350794675, 0.0 ], [ -78.685464221753577, 35.72461143172125, 0.0 ], [ -78.685971901458615, 35.724608676308435, 0.0 ], [ -78.685973061595632, 35.724726485760243, 0.0 ] ] ] } },
{ "type": "Feature", "properties": { "OBJECTID": 189, "BLDGNUM": "811S", "Precinct_N": "Lake Wheeler", "story_group": "other" }, "geometry": { "type": "Polygon", "coordinates": [ [ [ -78.685462533445104, 35.72449120253426, 0.0 ], [ -78.685461086842153, 35.724377897344148, 0.0 ], [ -78.68596876909298, 35.724373823259029, 0.0 ], [ -78.685970215979879, 35.724487238408557, 0.0 ], [ -78.685462533445104, 35.72449120253426, 0.0 ] ] ] } },
{ "type": "Feature", "properties": { "OBJECTID": 190, "BLDGNUM": "811U", "Precinct_N": "Lake Wheeler", "story_group": "other" }, "geometry": { "type": "Polygon", "coordinates": [ [ [ -78.68606224288348, 35.724179331862757, 0.0 ], [ -78.68556050464818, 35.724179904565368, 0.0 ], [ -78.685560285251057, 35.724063086314352, 0.0 ], [ -78.686062023188754, 35.724062403647309, 0.0 ], [ -78.68606224288348, 35.724179331862757, 0.0 ] ] ] } },
{ "type": "Feature", "properties": { "OBJECTID": 191, "BLDGNUM": "811W", "Precinct_N": "Lake Wheeler", "story_group": "other" }, "geometry": { "type": "Polygon", "coordinates": [ [ [ -78.686398673666744, 35.724652635389397, 0.0 ], [ -78.686259723227991, 35.724653925963437, 0.0 ], [ -78.686255701837297, 35.724370168034866, 0.0 ], [ -78.686394651789087, 35.724368877465295, 0.0 ], [ -78.686398673666744, 35.724652635389397, 0.0 ] ] ] } },
{ "type": "Feature", "properties": { "OBJECTID": 192, "BLDGNUM": "819B", "Precinct_N": "Lake Wheeler", "story_group": "other" }, "geometry": { "type": "Polygon", "coordinates": [ [ [ -78.674195073680934, 35.722712047469052, 0.0 ], [ -78.674177072322635, 35.722764967991516, 0.0 ], [ -78.674184881076684, 35.722766747453981, 0.0 ], [ -78.67416851472025, 35.722814947396216, 0.0 ], [ -78.674159898842362, 35.722812946740682, 0.0 ], [ -78.674149669995003, 35.722843140319092, 0.0 ], [ -78.674049765047229, 35.722820674049636, 0.0 ], [ -78.674094226474196, 35.722689468746438, 0.0 ], [ -78.674195073680934, 35.722712047469052, 0.0 ] ] ] } },
{ "type": "Feature", "properties": { "OBJECTID": 193, "BLDGNUM": "819A", "Precinct_N": "Lake Wheeler", "story_group": "other" }, "geometry": { "type": "Polygon", "coordinates": [ [ [ -78.675102374985443, 35.723366367215192, 0.0 ], [ -78.674998097618129, 35.723358725620351, 0.0 ], [ -78.675003968096746, 35.723306431499843, 0.0 ], [ -78.674965302050879, 35.723303580908343, 0.0 ], [ -78.674974398121464, 35.72321986571756, 0.0 ], [ -78.675012795307055, 35.723222495655634, 0.0 ], [ -78.675014751832137, 35.723205137891959, 0.0 ], [ -78.675119164299844, 35.723212668966099, 0.0 ], [ -78.675102374985443, 35.723366367215192, 0.0 ] ] ] } },
{ "type": "Feature", "properties": { "OBJECTID": 194, "BLDGNUM": "813G", "Precinct_N": "Lake Wheeler", "story_group": "other" }, "geometry": { "type": "Polygon", "coordinates": [ [ [ -78.679797048092496, 35.722415140174121, 0.0 ], [ -78.680048633760762, 35.722453825739308, 0.0 ], [ -78.680030533775877, 35.722532681827772, 0.0 ], [ -78.67975106800256, 35.722489747764186, 0.0 ], [ -78.679769030162035, 35.722411989215118, 0.0 ], [ -78.679774417383925, 35.722412883118444, 0.0 ], [ -78.679777708098044, 35.722398605143965, 0.0 ], [ -78.679800065422555, 35.722402071111439, 0.0 ], [ -78.679797048092496, 35.722415140174121, 0.0 ] ] ] } },
{ "type": "Feature", "properties": { "OBJECTID": 195, "BLDGNUM": "813F", "Precinct_N": "Lake Wheeler", "story_group": "other" }, "geometry": { "type": "Polygon", "coordinates": [ [ [ -78.679104041450231, 35.722734317463974, 0.0 ], [ -78.678997791811881, 35.723156142771408, 0.0 ], [ -78.678803724539023, 35.723123651372397, 0.0 ], [ -78.678909975146013, 35.722701826230093, 0.0 ], [ -78.679104041450231, 35.722734317463974, 0.0 ] ] ] } },
{ "type": "Feature", "properties": { "OBJECTID": 196, "BLDGNUM": "813E", "Precinct_N": "Lake Wheeler", "story_group": "other" }, "geometry": { "type": "Polygon", "coordinates": [ [ [ -78.679589723356031, 35.723212979263572, 0.0 ], [ -78.6796028958302, 35.723153780764825, 0.0 ], [ -78.679685062928897, 35.723163667733168, 0.0 ], [ -78.679674179281108, 35.723223531160592, 0.0 ], [ -78.679589723356031, 35.723212979263572, 0.0 ] ] ] } },
{ "type": "Feature", "properties": { "OBJECTID": 197, "BLDGNUM": "810V", "Precinct_N": "Lake Wheeler", "story_group": "other" }, "geometry": { "type": "Polygon", "coordinates": [ [ [ -78.686920249971266, 35.736562673482098, 0.0 ], [ -78.686875218807856, 35.736600800606588, 0.0 ], [ -78.686837995677877, 35.736571582815884, 0.0 ], [ -78.686883161716551, 35.73653345605166, 0.0 ], [ -78.686920249971266, 35.736562673482098, 0.0 ] ] ] } },
{ "type": "Feature", "properties": { "OBJECTID": 198, "BLDGNUM": "810C", "Precinct_N": "Lake Wheeler", "story_group": "other" }, "geometry": { "type": "Polygon", "coordinates": [ [ [ -78.687609164254539, 35.736488616028119, 0.0 ], [ -78.687538798523335, 35.736560086420383, 0.0 ], [ -78.687459608691256, 35.736508342475247, 0.0 ], [ -78.687475576246243, 35.736492229278483, 0.0 ], [ -78.68733225587178, 35.736398341556466, 0.0 ], [ -78.687386654107826, 35.736342984467967, 0.0 ], [ -78.687609164254539, 35.736488616028119, 0.0 ] ] ] } },
{ "type": "Feature", "properties": { "OBJECTID": 199, "BLDGNUM": "810L", "Precinct_N": "Lake Wheeler", "story_group": "other" }, "geometry": { "type": "Polygon", "coordinates": [ [ [ -78.673114011846749, 35.737392136110522, 0.0 ], [ -78.673115894062178, 35.737426757921114, 0.0 ], [ -78.673085426787139, 35.73742799481213, 0.0 ], [ -78.673083544584713, 35.737393373001105, 0.0 ], [ -78.673114011846749, 35.737392136110522, 0.0 ] ] ] } },
{ "type": "Feature", "properties": { "OBJECTID": 201, "BLDGNUM": "810K", "Precinct_N": "Lake Wheeler", "story_group": "other" }, "geometry": { "type": "Polygon", "coordinates": [ [ [ -78.676286717809376, 35.738019755357811, 0.0 ], [ -78.675683632095343, 35.737894299938425, 0.0 ], [ -78.675721726094338, 35.73777263931489, 0.0 ], [ -78.676324810521095, 35.737898204515197, 0.0 ], [ -78.676286717809376, 35.738019755357811, 0.0 ] ] ] } },
{ "type": "Feature", "properties": { "OBJECTID": 202, "BLDGNUM": "810F", "Precinct_N": "Lake Wheeler", "story_group": "other" }, "geometry": { "type": "Polygon", "coordinates": [ [ [ -78.676582140184252, 35.738669904737215, 0.0 ], [ -78.676635797998117, 35.738700817886688, 0.0 ], [ -78.676611017154116, 35.738729214323769, 0.0 ], [ -78.676557494208495, 35.738698301521971, 0.0 ], [ -78.676582140184252, 35.738669904737215, 0.0 ] ] ] } },
{ "type": "Feature", "properties": { "OBJECTID": 203, "BLDGNUM": "810E", "Precinct_N": "Lake Wheeler", "story_group": "other" }, "geometry": { "type": "Polygon", "coordinates": [ [ [ -78.676811701613644, 35.738428567556042, 0.0 ], [ -78.676763318494025, 35.738427010465919, 0.0 ], [ -78.676764932264291, 35.738394156561668, 0.0 ], [ -78.676813316469904, 35.738395713654079, 0.0 ], [ -78.676811701613644, 35.738428567556042, 0.0 ] ] ] } },
{ "type": "Feature", "properties": { "OBJECTID": 204, "BLDGNUM": "810P", "Precinct_N": "Lake Wheeler", "story_group": "other" }, "geometry": { "type": "Polygon", "coordinates": [ [ [ -78.676819921685578, 35.738395288618314, 0.0 ], [ -78.67686427276081, 35.738394087639286, 0.0 ], [ -78.676865743198803, 35.738430905800193, 0.0 ], [ -78.676821392103463, 35.738432106779776, 0.0 ], [ -78.676819921685578, 35.738395288618314, 0.0 ] ] ] } },
{ "type": "Feature", "properties": { "OBJECTID": 205, "BLDGNUM": "811B", "Precinct_N": "Lake Wheeler", "story_group": "other" }, "geometry": { "type": "Polygon", "coordinates": [ [ [ -78.683758948011288, 35.729284670374177, 0.0 ], [ -78.683756133378125, 35.729314993916667, 0.0 ], [ -78.683778365650596, 35.729316480324741, 0.0 ], [ -78.683775409537631, 35.729348781990915, 0.0 ], [ -78.683755603237614, 35.729347411850291, 0.0 ], [ -78.683747594211496, 35.729430910406869, 0.0 ], [ -78.683636971108015, 35.729424029528289, 0.0 ], [ -78.68365074998033, 35.729277905772761, 0.0 ], [ -78.683758948011288, 35.729284670374177, 0.0 ] ] ] } },
{ "type": "Feature", "properties": { "OBJECTID": 206, "BLDGNUM": "813", "Precinct_N": "Lake Wheeler", "story_group": "other" }, "geometry": { "type": "Polygon", "coordinates": [ [ [ -78.67725427753453, 35.738111228694827, 0.0 ], [ -78.676868645476929, 35.738110754818052, 0.0 ], [ -78.676868751336741, 35.737983168435854, 0.0 ], [ -78.677254516560893, 35.737983641765574, 0.0 ], [ -78.67725427753453, 35.738111228694827, 0.0 ] ] ] } },
{ "type": "Feature", "properties": { "OBJECTID": 207, "BLDGNUM": "811A", "Precinct_N": "Lake Wheeler", "story_group": "other" }, "geometry": { "type": "Polygon", "coordinates": [ [ [ -78.683219297347932, 35.729700646068622, 0.0 ], [ -78.683216352610643, 35.729729980462025, 0.0 ], [ -78.683171348409431, 35.729727006033059, 0.0 ], [ -78.683174294698759, 35.729697561678485, 0.0 ], [ -78.683219297347932, 35.729700646068622, 0.0 ] ] ] } },
{ "type": "Feature", "properties": { "OBJECTID": 208, "BLDGNUM": "811C", "Precinct_N": "Lake Wheeler", "story_group": "other" }, "geometry": { "type": "Polygon", "coordinates": [ [ [ -78.683756753392899, 35.729501486555264, 0.0 ], [ -78.683746145104635, 35.729594978973857, 0.0 ], [ -78.683584865327902, 35.729582910706633, 0.0 ], [ -78.68358835796586, 35.72955138020528, 0.0 ], [ -78.683566934806521, 35.729549895865773, 0.0 ], [ -78.683570286572873, 35.729519903624414, 0.0 ], [ -78.68358874496441, 35.729521380258149, 0.0 ], [ -78.683592375469445, 35.729489080350703, 0.0 ], [ -78.683756753392899, 35.729501486555264, 0.0 ] ] ] } },
{ "type": "Feature", "properties": { "OBJECTID": 209, "BLDGNUM": "812H", "Precinct_N": "Lake Wheeler", "story_group": "other" }, "geometry": { "type": "Polygon", "coordinates": [ [ [ -78.677312441436385, 35.728729272134522, 0.0 ], [ -78.677449270807841, 35.728720842834058, 0.0 ], [ -78.677454436848294, 35.728777342236384, 0.0 ], [ -78.67731760738188, 35.728785771542512, 0.0 ], [ -78.677312441436385, 35.728729272134522, 0.0 ] ] ] } },
{ "type": "Feature", "properties": { "OBJECTID": 210, "BLDGNUM": "811", "Precinct_N": "Lake Wheeler", "story_group": "other" }, "geometry": { "type": "Polygon", "coordinates": [ [ [ -78.677319509761858, 35.728179618022821, 0.0 ], [ -78.67732279274847, 35.72820127656621, 0.0 ], [ -78.677291647931071, 35.728204490298985, 0.0 ], [ -78.677288364949078, 35.728182832656096, 0.0 ], [ -78.677319509761858, 35.728179618022821, 0.0 ] ] ] } },
{ "type": "Feature", "properties": { "OBJECTID": 211, "BLDGNUM": "810S", "Precinct_N": "Lake Wheeler", "story_group": "other" }, "geometry": { "type": "Polygon", "coordinates": [ [ [ -78.676322136355566, 35.731421692401447, 0.0 ], [ -78.676367025487224, 35.731419614213252, 0.0 ], [ -78.676368942349015, 35.731445884104225, 0.0 ], [ -78.676361932450249, 35.731446194467551, 0.0 ], [ -78.676364997841304, 35.731488512561178, 0.0 ], [ -78.676343967686819, 35.731489555417106, 0.0 ], [ -78.676341287126832, 35.731452184120762, 0.0 ], [ -78.676324436480385, 35.731453018151726, 0.0 ], [ -78.676322136355566, 35.731421692401447, 0.0 ] ] ] } },
{ "type": "Feature", "properties": { "OBJECTID": 212, "BLDGNUM": "810J", "Precinct_N": "Lake Wheeler", "story_group": "other" }, "geometry": { "type": "Polygon", "coordinates": [ [ [ -78.677224779917907, 35.728811570352491, 0.0 ], [ -78.677051936293168, 35.72882726620513, 0.0 ], [ -78.677041590119742, 35.728751741495614, 0.0 ], [ -78.677214433146702, 35.728736155622435, 0.0 ], [ -78.677224779917907, 35.728811570352491, 0.0 ] ] ] } },
{ "type": "Feature", "properties": { "OBJECTID": 213, "BLDGNUM": "814Q", "Precinct_N": "Lake Wheeler", "story_group": "other" }, "geometry": { "type": "Polygon", "coordinates": [ [ [ -78.674431413060191, 35.73404697044014, 0.0 ], [ -78.674365117914235, 35.734042397206899, 0.0 ], [ -78.674368352777122, 35.734009107758091, 0.0 ], [ -78.674434781660324, 35.734013681347271, 0.0 ], [ -78.674431413060191, 35.73404697044014, 0.0 ] ] ] } },
{ "type": "Feature", "properties": { "OBJECTID": 214, "BLDGNUM": "814P", "Precinct_N": "Lake Wheeler", "story_group": "other" }, "geometry": { "type": "Polygon", "coordinates": [ [ [ -78.674602121247332, 35.734028855143364, 0.0 ], [ -78.67459834766747, 35.73406225222287, 0.0 ], [ -78.674532863483648, 35.734057242285395, 0.0 ], [ -78.67453663709388, 35.734023844306471, 0.0 ], [ -78.674602121247332, 35.734028855143364, 0.0 ] ] ] } },
{ "type": "Feature", "properties": { "OBJECTID": 215, "BLDGNUM": "814L", "Precinct_N": "Lake Wheeler", "story_group": "other" }, "geometry": { "type": "Polygon", "coordinates": [ [ [ -78.674552734234993, 35.733908937589284, 0.0 ], [ -78.674619833857804, 35.733914392599701, 0.0 ], [ -78.674615931606311, 35.733946250712783, 0.0 ], [ -78.674548966823437, 35.733940796962109, 0.0 ], [ -78.674552734234993, 35.733908937589284, 0.0 ] ] ] } },
{ "type": "Feature", "properties": { "OBJECTID": 216, "BLDGNUM": "814M", "Precinct_N": "Lake Wheeler", "story_group": "other" }, "geometry": { "type": "Polygon", "coordinates": [ [ [ -78.674380674939329, 35.733927709000149, 0.0 ], [ -78.674382952882354, 35.733897604205339, 0.0 ], [ -78.67445356395514, 35.73390131014196, 0.0 ], [ -78.674451287586081, 35.733931304976089, 0.0 ], [ -78.674380674939329, 35.733927709000149, 0.0 ] ] ] } },
{ "type": "Feature", "properties": { "OBJECTID": 217, "BLDGNUM": "814K", "Precinct_N": "Lake Wheeler", "story_group": "other" }, "geometry": { "type": "Polygon", "coordinates": [ [ [ -78.674299980272451, 35.733716935975345, 0.0 ], [ -78.674296885568864, 35.73374890710825, 0.0 ], [ -78.674230994839917, 35.733744444848867, 0.0 ], [ -78.674234089569396, 35.733712473717631, 0.0 ], [ -78.674299980272451, 35.733716935975345, 0.0 ] ] ] } },
{ "type": "Feature", "properties": { "OBJECTID": 218, "BLDGNUM": "814N", "Precinct_N": "Lake Wheeler", "story_group": "other" }, "geometry": { "type": "Polygon", "coordinates": [ [ [ -78.674213870693407, 35.733880118859219, 0.0 ], [ -78.674281914359824, 35.733885575680794, 0.0 ], [ -78.674278003572297, 35.73391952221575, 0.0 ], [ -78.674209960983021, 35.733914065395048, 0.0 ], [ -78.674213870693407, 35.733880118859219, 0.0 ] ] ] } },
{ "type": "Feature", "properties": { "OBJECTID": 219, "BLDGNUM": "814J", "Precinct_N": "Lake Wheeler", "story_group": "other" }, "geometry": { "type": "Polygon", "coordinates": [ [ [ -78.674466386251609, 35.733762877247486, 0.0 ], [ -78.674402249463512, 35.733757980807283, 0.0 ], [ -78.674405886917441, 35.733724912363471, 0.0 ], [ -78.674470158991056, 35.733729699197433, 0.0 ], [ -78.674466386251609, 35.733762877247486, 0.0 ] ] ] } },
{ "type": "Feature", "properties": { "OBJECTID": 220, "BLDGNUM": "809D", "Precinct_N": "Lake Wheeler", "story_group": "other" }, "geometry": { "type": "Polygon", "coordinates": [ [ [ -78.675487870434793, 35.734477169603387, 0.0 ], [ -78.675477324645428, 35.734552528661681, 0.0 ], [ -78.6754273388662, 35.734547889512832, 0.0 ], [ -78.675437885142443, 35.734472420493873, 0.0 ], [ -78.675487870434793, 35.734477169603387, 0.0 ] ] ] } },
{ "type": "Feature", "properties": { "OBJECTID": 221, "BLDGNUM": "814H", "Precinct_N": "Lake Wheeler", "story_group": "other" }, "geometry": { "type": "Polygon", "coordinates": [ [ [ -78.674640733230433, 35.73377828875968, 0.0 ], [ -78.67456567510142, 35.733774242047595, 0.0 ], [ -78.674568511007337, 35.733739522866259, 0.0 ], [ -78.674643567995219, 35.733743570475042, 0.0 ], [ -78.674640733230433, 35.73377828875968, 0.0 ] ] ] } },
{ "type": "Feature", "properties": { "OBJECTID": 222, "BLDGNUM": "809C", "Precinct_N": "Lake Wheeler", "story_group": "other" }, "geometry": { "type": "Polygon", "coordinates": [ [ [ -78.67553072406524, 35.734210021120482, 0.0 ], [ -78.675520606752428, 35.734279446766358, 0.0 ], [ -78.675467523977758, 35.734274140484189, 0.0 ], [ -78.675477775764591, 35.734204825167055, 0.0 ], [ -78.67553072406524, 35.734210021120482, 0.0 ] ] ] } },
{ "type": "Feature", "properties": { "OBJECTID": 223, "BLDGNUM": "809B", "Precinct_N": "Lake Wheeler", "story_group": "other" }, "geometry": { "type": "Polygon", "coordinates": [ [ [ -78.675575815187443, 35.73388903031929, 0.0 ], [ -78.675565408389716, 35.733963400975355, 0.0 ], [ -78.675515422969212, 35.733958761861821, 0.0 ], [ -78.675525829812301, 35.733884391209926, 0.0 ], [ -78.675575815187443, 35.73388903031929, 0.0 ] ] ] } },
{ "type": "Feature", "properties": { "OBJECTID": 224, "BLDGNUM": "809A", "Precinct_N": "Lake Wheeler", "story_group": "other" }, "geometry": { "type": "Polygon", "coordinates": [ [ [ -78.675619745406266, 35.733622324490661, 0.0 ], [ -78.675609605340185, 35.733697464728664, 0.0 ], [ -78.675553690474445, 35.733692479933381, 0.0 ], [ -78.675563830150978, 35.733617449664848, 0.0 ], [ -78.675619745406266, 35.733622324490661, 0.0 ] ] ] } },
{ "type": "Feature", "properties": { "OBJECTID": 225, "BLDGNUM": "813Z", "Precinct_N": "Lake Wheeler", "story_group": "other" }, "geometry": { "type": "Polygon", "coordinates": [ [ [ -78.67736155228387, 35.730335875052262, 0.0 ], [ -78.677224296969129, 35.730349248002923, 0.0 ], [ -78.677208552319911, 35.730241619622277, 0.0 ], [ -78.677345808560162, 35.730228246691823, 0.0 ], [ -78.67736155228387, 35.730335875052262, 0.0 ] ] ] } },
{ "type": "Feature", "properties": { "OBJECTID": 226, "BLDGNUM": "810W", "Precinct_N": "Lake Wheeler", "story_group": "other" }, "geometry": { "type": "Polygon", "coordinates": [ [ [ -78.677539634355469, 35.730497524896506, 0.0 ], [ -78.677557641955616, 35.730612192549231, 0.0 ], [ -78.677268021321709, 35.730642195868725, 0.0 ], [ -78.67725014898916, 35.730527528531773, 0.0 ], [ -78.677539634355469, 35.730497524896506, 0.0 ] ] ] } },
{ "type": "Feature", "properties": { "OBJECTID": 227, "BLDGNUM": "812S", "Precinct_N": "Lake Wheeler", "story_group": "other" }, "geometry": { "type": "Polygon", "coordinates": [ [ [ -78.675728535970393, 35.730757340147036, 0.0 ], [ -78.675566335111426, 35.730773172205375, 0.0 ], [ -78.675555440711761, 35.730700393304431, 0.0 ], [ -78.675717776731702, 35.730684451654419, 0.0 ], [ -78.675728535970393, 35.730757340147036, 0.0 ] ] ] } },
{ "type": "Feature", "properties": { "OBJECTID": 228, "BLDGNUM": "810R", "Precinct_N": "Lake Wheeler", "story_group": "other" }, "geometry": { "type": "Polygon", "coordinates": [ [ [ -78.675739145508658, 35.730464170496077, 0.0 ], [ -78.675584491648124, 35.730480132645205, 0.0 ], [ -78.675576081713686, 35.730426261933154, 0.0 ], [ -78.675730870336778, 35.730410300153707, 0.0 ], [ -78.675739145508658, 35.730464170496077, 0.0 ] ] ] } },
{ "type": "Feature", "properties": { "OBJECTID": 229, "BLDGNUM": "810T", "Precinct_N": "Lake Wheeler", "story_group": "other" }, "geometry": { "type": "Polygon", "coordinates": [ [ [ -78.67481440334349, 35.730775012241857, 0.0 ], [ -78.674934243984893, 35.730769178673697, 0.0 ], [ -78.67494460132896, 35.730908662428099, 0.0 ], [ -78.674824760481783, 35.730914496006214, 0.0 ], [ -78.67481440334349, 35.730775012241857, 0.0 ] ] ] } },
{ "type": "Feature", "properties": { "OBJECTID": 230, "BLDGNUM": "813Y", "Precinct_N": "Lake Wheeler", "story_group": "other" }, "geometry": { "type": "Polygon", "coordinates": [ [ [ -78.679448279581692, 35.730889392979883, 0.0 ], [ -78.679479802089446, 35.73089321302033, 0.0 ], [ -78.67947511905264, 35.730918695725173, 0.0 ], [ -78.679443596096107, 35.730914986549955, 0.0 ], [ -78.679448279581692, 35.730889392979883, 0.0 ] ] ] } },
{ "type": "Feature", "properties": { "OBJECTID": 231, "BLDGNUM": "813N", "Precinct_N": "Lake Wheeler", "story_group": "other" }, "geometry": { "type": "Polygon", "coordinates": [ [ [ -78.679156240596669, 35.730509269120553, 0.0 ], [ -78.678660098127025, 35.730550049729928, 0.0 ], [ -78.67864952349305, 35.730463975052693, 0.0 ], [ -78.678877371347653, 35.730445124840493, 0.0 ], [ -78.678875153886935, 35.730426436451317, 0.0 ], [ -78.678795878893624, 35.730433040725401, 0.0 ], [ -78.678791306758498, 35.730396544212887, 0.0 ], [ -78.678869368175754, 35.730390156673216, 0.0 ], [ -78.678866884477586, 35.730370588752827, 0.0 ], [ -78.678650901466483, 35.7303883706007, 0.0 ], [ -78.678640190021142, 35.730302515489569, 0.0 ], [ -78.679128242523419, 35.730262262570491, 0.0 ], [ -78.679138956423401, 35.730347348782686, 0.0 ], [ -78.678911783659586, 35.730366091298336, 0.0 ], [ -78.678921055923638, 35.730440844111335, 0.0 ], [ -78.679145532522483, 35.73042242437144, 0.0 ], [ -78.679156240596669, 35.730509269120553, 0.0 ] ] ] } },
{ "type": "Feature", "properties": { "OBJECTID": 232, "BLDGNUM": "813P", "Precinct_N": "Lake Wheeler", "story_group": "other" }, "geometry": { "type": "Polygon", "coordinates": [ [ [ -78.679104959146869, 35.730695953949969, 0.0 ], [ -78.678991715867113, 35.730703567575944, 0.0 ], [ -78.678983027619367, 35.730617277974083, 0.0 ], [ -78.679096270779226, 35.730609664356059, 0.0 ], [ -78.679104959146869, 35.730695953949969, 0.0 ] ] ] } },
{ "type": "Feature", "properties": { "OBJECTID": 233, "BLDGNUM": "813V", "Precinct_N": "Lake Wheeler", "story_group": "other" }, "geometry": { "type": "Polygon", "coordinates": [ [ [ -78.678403748577651, 35.729940228427999, 0.0 ], [ -78.678143487744606, 35.729976135985936, 0.0 ], [ -78.678112411149201, 35.729826377147511, 0.0 ], [ -78.678372671947869, 35.729790360590613, 0.0 ], [ -78.678403748577651, 35.729940228427999, 0.0 ] ] ] } },
{ "type": "Feature", "properties": { "OBJECTID": 234, "BLDGNUM": "813M", "Precinct_N": "Lake Wheeler", "story_group": "other" }, "geometry": { "type": "Polygon", "coordinates": [ [ [ -78.678854522564308, 35.730055378503941, 0.0 ], [ -78.678697422957882, 35.730076833761963, 0.0 ], [ -78.678686712244684, 35.730025044747194, 0.0 ], [ -78.678662169105792, 35.730028387120996, 0.0 ], [ -78.678693111063112, 35.730178364482555, 0.0 ], [ -78.678631485365955, 35.730186773785675, 0.0 ], [ -78.678605304954729, 35.730059556666646, 0.0 ], [ -78.678341538723615, 35.730095674424639, 0.0 ], [ -78.678326864470762, 35.730023764604645, 0.0 ], [ -78.678592113299061, 35.729987540826045, 0.0 ], [ -78.678565404905825, 35.729857465878041, 0.0 ], [ -78.678628110134966, 35.729848839525289, 0.0 ], [ -78.678653892033068, 35.729974516969996, 0.0 ], [ -78.678675199344369, 35.729971495956235, 0.0 ], [ -78.678669911095326, 35.729945547091916, 0.0 ], [ -78.678723851017537, 35.729938106282219, 0.0 ], [ -78.678721867126313, 35.729928540293429, 0.0 ], [ -78.678768794652825, 35.729922070654659, 0.0 ], [ -78.678770647174147, 35.729930757467528, 0.0 ], [ -78.678827284536354, 35.729922994731858, 0.0 ], [ -78.678854522564308, 35.730055378503941, 0.0 ] ] ] } },
{ "type": "Feature", "properties": { "OBJECTID": 235, "BLDGNUM": "813X", "Precinct_N": "Lake Wheeler", "story_group": "other" }, "geometry": { "type": "Polygon", "coordinates": [ [ [ -78.678171979106665, 35.730335455673639, 0.0 ], [ -78.678175380235345, 35.730361399568444, 0.0 ], [ -78.678225400516922, 35.730357025870184, 0.0 ], [ -78.678239132318282, 35.73046245127032, 0.0 ], [ -78.678189383242653, 35.730466715724951, 0.0 ], [ -78.678192403193776, 35.730490664796775, 0.0 ], [ -78.678162996069787, 35.73049312980644, 0.0 ], [ -78.678159992976163, 35.730468835556579, 0.0 ], [ -78.678119140898986, 35.730472463704196, 0.0 ], [ -78.67810527788339, 35.730366159114993, 0.0 ], [ -78.67814397188225, 35.730362855165573, 0.0 ], [ -78.678140874711829, 35.730338036072574, 0.0 ], [ -78.678171979106665, 35.730335455673639, 0.0 ] ] ] } },
{ "type": "Feature", "properties": { "OBJECTID": 236, "BLDGNUM": "813R", "Precinct_N": "Lake Wheeler", "story_group": "other" }, "geometry": { "type": "Polygon", "coordinates": [ [ [ -78.677874068979506, 35.730518191525782, 0.0 ], [ -78.678498433819428, 35.730465004817951, 0.0 ], [ -78.678511382797097, 35.73056416364652, 0.0 ], [ -78.677887148129997, 35.730618339560138, 0.0 ], [ -78.677874068979506, 35.730518191525782, 0.0 ] ] ] } },
{ "type": "Feature", "properties": { "OBJECTID": 237, "BLDGNUM": "815W", "Precinct_N": "Lake Wheeler", "story_group": "other" }, "geometry": { "type": "Polygon", "coordinates": [ [ [ -78.677682000863527, 35.728438890908222, 0.0 ], [ -78.677610935314434, 35.728475239493299, 0.0 ], [ -78.67755280462238, 35.728399674803697, 0.0 ], [ -78.677623870131214, 35.728363326251738, 0.0 ], [ -78.677682000863527, 35.728438890908222, 0.0 ] ] ] } },
{ "type": "Feature", "properties": { "OBJECTID": 238, "BLDGNUM": "813W", "Precinct_N": "Lake Wheeler", "story_group": "other" }, "geometry": { "type": "Polygon", "coordinates": [ [ [ -78.678474388872218, 35.730309221029749, 0.0 ], [ -78.677851771654602, 35.730363840897652, 0.0 ], [ -78.677841696891662, 35.730287657215619, 0.0 ], [ -78.678464581513225, 35.730233477069213, 0.0 ], [ -78.678474388872218, 35.730309221029749, 0.0 ] ] ] } },
{ "type": "Feature", "properties": { "OBJECTID": 239, "BLDGNUM": "815X", "Precinct_N": "Lake Wheeler", "story_group": "other" }, "geometry": { "type": "Polygon", "coordinates": [ [ [ -78.676913499936688, 35.728294128424913, 0.0 ], [ -78.676902815825642, 35.728203340912486, 0.0 ], [ -78.677111580283537, 35.728187005034336, 0.0 ], [ -78.6771222657284, 35.728277793433207, 0.0 ], [ -78.676913499936688, 35.728294128424913, 0.0 ] ] ] } },
{ "type": "Feature", "properties": { "OBJECTID": 240, "BLDGNUM": "815B", "Precinct_N": "Lake Wheeler", "story_group": "other" }, "geometry": { "type": "Polygon", "coordinates": [ [ [ -78.67723914033084, 35.728448184253089, 0.0 ], [ -78.677246152146495, 35.728507764013699, 0.0 ], [ -78.677343576124358, 35.728500140735548, 0.0 ], [ -78.677336564237663, 35.728440560980388, 0.0 ], [ -78.677406152574434, 35.728435115479925, 0.0 ], [ -78.677413164511876, 35.728494695231191, 0.0 ], [ -78.677486232749814, 35.728488977680342, 0.0 ], [ -78.677496918658335, 35.728579765136431, 0.0 ], [ -78.677044591322542, 35.728615160508035, 0.0 ], [ -78.677033905920226, 35.72852437211192, 0.0 ], [ -78.677176563736509, 35.728513209422566, 0.0 ], [ -78.677169550866196, 35.728453629655107, 0.0 ], [ -78.67723914033084, 35.728448184253089, 0.0 ] ] ] } },
{ "type": "Feature", "properties": { "OBJECTID": 241, "BLDGNUM": "815V", "Precinct_N": "Lake Wheeler", "story_group": "other" }, "geometry": { "type": "Polygon", "coordinates": [ [ [ -78.677012843170175, 35.728345396558858, 0.0 ], [ -78.677026199315051, 35.728458882060657, 0.0 ], [ -78.676678255100398, 35.728486107171783, 0.0 ], [ -78.676664899435309, 35.72837262253411, 0.0 ], [ -78.677012843170175, 35.728345396558858, 0.0 ] ] ] } },
{ "type": "Feature", "properties": { "OBJECTID": 242, "BLDGNUM": "815U", "Precinct_N": "Lake Wheeler", "story_group": "other" }, "geometry": { "type": "Polygon", "coordinates": [ [ [ -78.677596991997149, 35.728775123007246, 0.0 ], [ -78.677587361694179, 35.728704302650868, 0.0 ], [ -78.677691585897676, 35.728694880856366, 0.0 ], [ -78.677701216294281, 35.728765700303406, 0.0 ], [ -78.677596991997149, 35.728775123007246, 0.0 ] ] ] } },
{ "type": "Feature", "properties": { "OBJECTID": 243, "BLDGNUM": "814W", "Precinct_N": "Lake Wheeler", "story_group": "other" }, "geometry": { "type": "Polygon", "coordinates": [ [ [ -78.67671506799158, 35.730328065988829, 0.0 ], [ -78.676733268816619, 35.7304286495946, 0.0 ], [ -78.676246631804432, 35.730491432547268, 0.0 ], [ -78.676224133463521, 35.730391428734187, 0.0 ], [ -78.67671506799158, 35.730328065988829, 0.0 ] ] ] } },
{ "type": "Feature", "properties": { "OBJECTID": 244, "BLDGNUM": "815T", "Precinct_N": "Lake Wheeler", "story_group": "other" }, "geometry": { "type": "Polygon", "coordinates": [ [ [ -78.677919487986969, 35.728647038438467, 0.0 ], [ -78.677942600542011, 35.728817006506503, 0.0 ], [ -78.677775841594183, 35.728832083120224, 0.0 ], [ -78.677752729385048, 35.728662115021343, 0.0 ], [ -78.677919487986969, 35.728647038438467, 0.0 ] ] ] } },
{ "type": "Feature", "properties": { "OBJECTID": 245, "BLDGNUM": "814R", "Precinct_N": "Lake Wheeler", "story_group": "other" }, "geometry": { "type": "Polygon", "coordinates": [ [ [ -78.674796672564028, 35.73424082355691, 0.0 ], [ -78.674897057673093, 35.734250518985895, 0.0 ], [ -78.67488120304526, 35.734359649556886, 0.0 ], [ -78.674780817802727, 35.73434995411521, 0.0 ], [ -78.674796672564028, 35.73424082355691, 0.0 ] ] ] } },
{ "type": "Feature", "properties": { "OBJECTID": 246, "BLDGNUM": "810H", "Precinct_N": "Lake Wheeler", "story_group": "other" }, "geometry": { "type": "Polygon", "coordinates": [ [ [ -78.676927887261471, 35.739883173517775, 0.0 ], [ -78.676912307097027, 35.739902913421396, 0.0 ], [ -78.676879352596231, 35.739885572143166, 0.0 ], [ -78.676894932761769, 35.739865833144989, 0.0 ], [ -78.676927887261471, 35.739883173517775, 0.0 ] ] ] } },
{ "type": "Feature", "properties": { "OBJECTID": 247, "BLDGNUM": "810D", "Precinct_N": "Lake Wheeler", "story_group": "other" }, "geometry": { "type": "Polygon", "coordinates": [ [ [ -78.676931765618448, 35.739924723879213, 0.0 ], [ -78.676937922458194, 35.739901772664147, 0.0 ], [ -78.676969441342351, 35.739907350976914, 0.0 ], [ -78.676963284511103, 35.739930302193542, 0.0 ], [ -78.676931765618448, 35.739924723879213, 0.0 ] ] ] } },
{ "type": "Feature", "properties": { "OBJECTID": 248, "BLDGNUM": "814S", "Precinct_N": "Lake Wheeler", "story_group": "other" }, "geometry": { "type": "Polygon", "coordinates": [ [ [ -78.686373734012847, 35.718428249949703, 0.0 ], [ -78.686374870604809, 35.718482651194748, 0.0 ], [ -78.686309375302741, 35.718483581197603, 0.0 ], [ -78.686307771768568, 35.718410497044445, 0.0 ], [ -78.686359656882175, 35.718409751909036, 0.0 ], [ -78.686360122775113, 35.718428434813568, 0.0 ], [ -78.686373734012847, 35.718428249949703, 0.0 ] ] ] } },
{ "type": "Feature", "properties": { "OBJECTID": 249, "BLDGNUM": "811J", "Precinct_N": "Lake Wheeler", "story_group": "other" }, "geometry": { "type": "Polygon", "coordinates": [ [ [ -78.686355207204613, 35.718097309072348, 0.0 ], [ -78.686377389697114, 35.718215283788822, 0.0 ], [ -78.686281542955328, 35.71822404776244, 0.0 ], [ -78.686285228634773, 35.718246695961724, 0.0 ], [ -78.686216611329328, 35.71825355245992, 0.0 ], [ -78.686190612188142, 35.718111995359521, 0.0 ], [ -78.686355207204613, 35.718097309072348, 0.0 ] ] ] } },
{ "type": "Feature", "properties": { "OBJECTID": 250, "BLDGNUM": "819D", "Precinct_N": "Lake Wheeler", "story_group": "other" }, "geometry": { "type": "Polygon", "coordinates": [ [ [ -78.675303558735763, 35.738242965255154, 0.0 ], [ -78.675304694224394, 35.738204640636454, 0.0 ], [ -78.675407146018102, 35.738206657033324, 0.0 ], [ -78.675406011683535, 35.738244981655932, 0.0 ], [ -78.675303558735763, 35.738242965255154, 0.0 ] ] ] } },
{ "type": "Feature", "properties": { "OBJECTID": 251, "BLDGNUM": "819E", "Precinct_N": "Lake Wheeler", "story_group": "other" }, "geometry": { "type": "Polygon", "coordinates": [ [ [ -78.675302565370643, 35.738185237683496, 0.0 ], [ -78.675304490897091, 35.738146194983898, 0.0 ], [ -78.675408650621321, 35.738149610338915, 0.0 ], [ -78.675406725148648, 35.738188652138724, 0.0 ], [ -78.675302565370643, 35.738185237683496, 0.0 ] ] ] } },
{ "type": "Feature", "properties": { "OBJECTID": 252, "BLDGNUM": "815L", "Precinct_N": "Lake Wheeler", "story_group": "other" }, "geometry": { "type": "Polygon", "coordinates": [ [ [ -78.695786563416448, 35.727083866676026, 0.0 ], [ -78.695820013451552, 35.727006090525578, 0.0 ], [ -78.695947190788729, 35.727042457330811, 0.0 ], [ -78.695913740860789, 35.727120233515386, 0.0 ], [ -78.695786563416448, 35.727083866676026, 0.0 ] ] ] } },
{ "type": "Feature", "properties": { "OBJECTID": 253, "BLDGNUM": "825E", "Precinct_N": "Lake Wheeler", "story_group": "other" }, "geometry": { "type": "Polygon", "coordinates": [ [ [ -78.691055042023336, 35.722726382401802, 0.0 ], [ -78.691060786300341, 35.722766406737996, 0.0 ], [ -78.691040886092068, 35.722819572780786, 0.0 ], [ -78.690861619561474, 35.72282421759644, 0.0 ], [ -78.69085042256512, 35.722745733512831, 0.0 ], [ -78.691055042023336, 35.722726382401802, 0.0 ] ] ] } },
{ "type": "Feature", "properties": { "OBJECTID": 254, "BLDGNUM": "825F", "Precinct_N": "Lake Wheeler", "story_group": "other" }, "geometry": { "type": "Polygon", "coordinates": [ [ [ -78.690597127313168, 35.72271087601235, 0.0 ], [ -78.69066380696303, 35.722700565304891, 0.0 ], [ -78.690676309220848, 35.72275474202732, 0.0 ], [ -78.690609749920085, 35.722765076482965, 0.0 ], [ -78.690597127313168, 35.72271087601235, 0.0 ] ] ] } },
{ "type": "Feature", "properties": { "OBJECTID": 255, "BLDGNUM": "825G", "Precinct_N": "Lake Wheeler", "story_group": "other" }, "geometry": { "type": "Polygon", "coordinates": [ [ [ -78.690395197214855, 35.722771522890191, 0.0 ], [ -78.690382931637103, 35.722717937134234, 0.0 ], [ -78.690513286815957, 35.722697851802565, 0.0 ], [ -78.69052727406833, 35.722751289591741, 0.0 ], [ -78.690395197214855, 35.722771522890191, 0.0 ] ] ] } },
{ "type": "Feature", "properties": { "OBJECTID": 265, "BLDGNUM": "127P", "Precinct_N": "Central Campus", "story_group": "main" }, "geometry": { "type": "Polygon", "coordinates": [ [ [ -78.688447338742506, 35.788295929177075, 0.0 ], [ -78.688447550386101, 35.788240983697932, 0.0 ], [ -78.688363255550755, 35.788240768114875, 0.0 ], [ -78.688363414329686, 35.788199558103642, 0.0 ], [ -78.688346555371254, 35.78819951498005, 0.0 ], [ -78.688347613927476, 35.787924787566553, 0.0 ], [ -78.688364472828653, 35.787924830689995, 0.0 ], [ -78.688364631602866, 35.787883621575794, 0.0 ], [ -78.688448926066016, 35.787883837157921, 0.0 ], [ -78.68844913770748, 35.787828891671296, 0.0 ], [ -78.68878631533542, 35.787829753416055, 0.0 ], [ -78.688786103923022, 35.787884698903262, 0.0 ], [ -78.688870399494633, 35.787884914196624, 0.0 ], [ -78.68887024097809, 35.787926123311465, 0.0 ], [ -78.688887099879807, 35.787926166362588, 0.0 ], [ -78.688886043155975, 35.788200893780648, 0.0 ], [ -78.688869184196989, 35.788200850729389, 0.0 ], [ -78.688869025675743, 35.788242060741254, 0.0 ], [ -78.688784729731935, 35.788241845446976, 0.0 ], [ -78.688784518317362, 35.788296790926687, 0.0 ], [ -78.688447338742506, 35.788295929177075, 0.0 ] ], [ [ -78.688768969942927, 35.788199076906906, 0.0 ], [ -78.688772803191981, 35.787938861935572, 0.0 ], [ -78.688455189886596, 35.787935741837856, 0.0 ], [ -78.688451356035912, 35.788195847737768, 0.0 ], [ -78.688768969942927, 35.788199076906906, 0.0 ] ] ] } },
{ "type": "Feature", "properties": { "OBJECTID": 266, "BLDGNUM": "127Q", "Precinct_N": "Central Campus", "story_group": "main" }, "geometry": { "type": "Polygon", "coordinates": [ [ [ -78.690415574634031, 35.788307934469032, 0.0 ], [ -78.690415784940626, 35.788252988986663, 0.0 ], [ -78.6903314889813, 35.788252774762547, 0.0 ], [ -78.690331646754004, 35.788211565650286, 0.0 ], [ -78.690314787792019, 35.78821152279906, 0.0 ], [ -78.69031583966661, 35.787936794468244, 0.0 ], [ -78.690332698571325, 35.787936837319329, 0.0 ], [ -78.690332856342792, 35.787895628202726, 0.0 ], [ -78.690417151929893, 35.787895842425925, 0.0 ], [ -78.690417362234342, 35.787840896936153, 0.0 ], [ -78.690754539933224, 35.787841753233899, 0.0 ], [ -78.690754329857825, 35.787896698724246, 0.0 ], [ -78.690838624340955, 35.787896912653032, 0.0 ], [ -78.690838466827174, 35.787938121770253, 0.0 ], [ -78.690855325732443, 35.787938164549026, 0.0 ], [ -78.690854275690242, 35.788212892884381, 0.0 ], [ -78.690837416727717, 35.788212850105474, 0.0 ], [ -78.690837259212699, 35.788254059218367, 0.0 ], [ -78.690752964357372, 35.788253845288672, 0.0 ], [ -78.690752754279842, 35.788308790771595, 0.0 ], [ -78.690415574634031, 35.788307934469032, 0.0 ] ], [ [ -78.690744017026844, 35.788208721055739, 0.0 ], [ -78.690747040311805, 35.787947185314856, 0.0 ], [ -78.690423489462091, 35.787944715062252, 0.0 ], [ -78.690420465127559, 35.788206251696629, 0.0 ], [ -78.690744017026844, 35.788208721055739, 0.0 ] ] ] } },
{ "type": "Feature", "properties": { "OBJECTID": 267, "BLDGNUM": "135", "Precinct_N": "West Campus", "story_group": "vet" }, "geometry": { "type": "MultiPolygon", "coordinates": [ [ [ [ -78.719738666688485, 35.801814191005157, 0.0 ], [ -78.719726378035389, 35.80172914739579, 0.0 ], [ -78.719833729759458, 35.801710723890189, 0.0 ], [ -78.719864592089095, 35.801792578883123, 0.0 ], [ -78.719738666688485, 35.801814191005157, 0.0 ] ] ], [ [ [ -78.720613600187676, 35.801261472745146, 0.0 ], [ -78.720556557087818, 35.801355446422932, 0.0 ], [ -78.720466923441577, 35.801310719116508, 0.0 ], [ -78.720515553080347, 35.80123060592868, 0.0 ], [ -78.720613600187676, 35.801261472745146, 0.0 ] ] ], [ [ [ -78.720581382385319, 35.800897373472459, 0.0 ], [ -78.72061044234114, 35.800947018356233, 0.0 ], [ -78.720636964800562, 35.801026920833372, 0.0 ], [ -78.720645416123929, 35.801109407481569, 0.0 ], [ -78.720634251133333, 35.801202328143809, 0.0 ], [ -78.720530935552233, 35.801186763941075, 0.0 ], [ -78.72054030416497, 35.801108796917916, 0.0 ], [ -78.720533432765237, 35.801041720503811, 0.0 ], [ -78.720511865342246, 35.800976745658318, 0.0 ], [ -78.720486607864274, 35.800933595522153, 0.0 ], [ -78.720581382385319, 35.800897373472459, 0.0 ] ] ], [ [ [ -78.719313815428961, 35.801698127270079, 0.0 ], [ -78.719380474504192, 35.801632367556955, 0.0 ], [ -78.719425485870474, 35.801663038368481, 0.0 ], [ -78.71949736470205, 35.801696230770702, 0.0 ], [ -78.719575400518949, 35.801718351710846, 0.0 ], [ -78.719670426270724, 35.801730369802428, 0.0 ], [ -78.719663209566704, 35.801815760629459, 0.0 ], [ -78.719549957798947, 35.801801436420135, 0.0 ], [ -78.719453994409221, 35.801774232994077, 0.0 ], [ -78.719365603132772, 35.801733415055288, 0.0 ], [ -78.719313815428961, 35.801698127270079, 0.0 ] ] ], [ [ [ -78.720441480776131, 35.800928080350836, 0.0 ], [ -78.720420915339076, 35.800935907281868, 0.0 ], [ -78.720430242854334, 35.800952103243077, 0.0 ], [ -78.720419136441379, 35.800956326682126, 0.0 ], [ -78.72044314348949, 35.800997280099814, 0.0 ], [ -78.720461302487834, 35.801051869100441, 0.0 ], [ -78.720467108876676, 35.801108229739029, 0.0 ], [ -78.720460373158147, 35.801164521044896, 0.0 ], [ -78.720441271716197, 35.801219001128921, 0.0 ], [ -78.720410598451934, 35.801269569880475, 0.0 ], [ -78.720389924217429, 35.80129219747193, 0.0 ], [ -78.720446697327304, 35.801326621039571, 0.0 ], [ -78.720544455319782, 35.801397954740118, 0.0 ], [ -78.720470325511982, 35.801465374449073, 0.0 ], [ -78.720016750385042, 35.801751909473538, 0.0 ], [ -78.719918142876651, 35.801793613233627, 0.0 ], [ -78.719826982341189, 35.801646658211226, 0.0 ], [ -78.719798831162763, 35.80165603863135, 0.0 ], [ -78.719731074401707, 35.801667650714016, 0.0 ], [ -78.719661419778376, 35.801669142647128, 0.0 ], [ -78.719593121432268, 35.801660480453847, 0.0 ], [ -78.719527388079001, 35.80164184628515, 0.0 ], [ -78.719467008860292, 35.801613928880926, 0.0 ], [ -78.719424315626455, 35.801584805615583, 0.0 ], [ -78.719416509653328, 35.801592503118052, 0.0 ], [ -78.719398057962024, 35.801581302033107, 0.0 ], [ -78.719385151329419, 35.801595389109465, 0.0 ], [ -78.71936219513168, 35.801579798933012, 0.0 ], [ -78.719220674659425, 35.801715558238911, 0.0 ], [ -78.71913361605263, 35.801653613072759, 0.0 ], [ -78.718992850956752, 35.801544774339106, 0.0 ], [ -78.718859651224193, 35.801429779610089, 0.0 ], [ -78.718734467115311, 35.801308961642441, 0.0 ], [ -78.718617664616289, 35.80118270437513, 0.0 ], [ -78.718509637425228, 35.801051374685436, 0.0 ], [ -78.718410645190929, 35.800915386911569, 0.0 ], [ -78.718321027257062, 35.800775143857493, 0.0 ], [ -78.718517187986905, 35.800697473415283, 0.0 ], [ -78.71849781234306, 35.800663827567213, 0.0 ], [ -78.718512790922134, 35.800658110712142, 0.0 ], [ -78.718504197371217, 35.800643187187916, 0.0 ], [ -78.718522769948535, 35.800636089667513, 0.0 ], [ -78.718492223827084, 35.800577065095318, 0.0 ], [ -78.718476763524293, 35.800514259991616, 0.0 ], [ -78.718475170767761, 35.80047153545209, 0.0 ], [ -78.718481423255298, 35.800423493097966, 0.0 ], [ -78.718504749483188, 35.800363149024157, 0.0 ], [ -78.718535598064946, 35.800315540242728, 0.0 ], [ -78.718576038238012, 35.800272962357326, 0.0 ], [ -78.718624861813694, 35.800236683459708, 0.0 ], [ -78.719022602388407, 35.799985748501548, 0.0 ], [ -78.71906806577347, 35.799961797430683, 0.0 ], [ -78.719117153952382, 35.799943189736481, 0.0 ], [ -78.719168925250031, 35.799930282879551, 0.0 ], [ -78.719224738969359, 35.799923850635338, 0.0 ], [ -78.719303786316217, 35.799926570025001, 0.0 ], [ -78.719370630345935, 35.799938773113055, 0.0 ], [ -78.719442790589284, 35.799965027694121, 0.0 ], [ -78.719515956224726, 35.80000861643493, 0.0 ], [ -78.719527199229731, 35.799997524270687, 0.0 ], [ -78.719542801824176, 35.80000802024604, 0.0 ], [ -78.719515985188721, 35.800036631986366, 0.0 ], [ -78.719550062092708, 35.800058093836235, 0.0 ], [ -78.719731250458523, 35.799884276961564, 0.0 ], [ -78.719875667062709, 35.799989901907978, 0.0 ], [ -78.719945111707716, 35.800045111840447, 0.0 ], [ -78.720012691246296, 35.800101863246553, 0.0 ], [ -78.720141928187218, 35.80021979415023, 0.0 ], [ -78.720262950773417, 35.800343384502604, 0.0 ], [ -78.720375420711619, 35.800472233355848, 0.0 ], [ -78.720428326871911, 35.800538507767619, 0.0 ], [ -78.720527320931296, 35.800674493916929, 0.0 ], [ -78.72062529365175, 35.800828225940052, 0.0 ], [ -78.720430021825294, 35.800908183101562, 0.0 ], [ -78.720441480776131, 35.800928080350836, 0.0 ] ], [ [ -78.720120492809016, 35.801049368848417, 0.0 ], [ -78.720131638108754, 35.801045106768285, 0.0 ], [ -78.72010287706145, 35.800995165916795, 0.0 ], [ -78.720096406410676, 35.800997819022669, 0.0 ], [ -78.720019231200098, 35.800880996505214, 0.0 ], [ -78.720012950977747, 35.80088393486799, 0.0 ], [ -78.71992823517796, 35.800771123955457, 0.0 ], [ -78.719922163106631, 35.800774341306408, 0.0 ], [ -78.719839733645045, 35.800677107148417, 0.0 ], [ -78.719829559169185, 35.800682831606707, 0.0 ], [ -78.71969085619051, 35.800537249811391, 0.0 ], [ -78.719700195045988, 35.800530646437544, 0.0 ], [ -78.719606304234972, 35.800442515430731, 0.0 ], [ -78.719611641000625, 35.800438524855394, 0.0 ], [ -78.719498614312869, 35.800343598685018, 0.0 ], [ -78.719503671962059, 35.800339375827079, 0.0 ], [ -78.719383999887469, 35.800249399737403, 0.0 ], [ -78.71938876511102, 35.800244954480824, 0.0 ], [ -78.719314582341497, 35.800195048528927, 0.0 ], [ -78.719298762934784, 35.800210676495304, 0.0 ], [ -78.719281201044708, 35.800198860919217, 0.0 ], [ -78.719096549581778, 35.800315509683941, 0.0 ], [ -78.719106193237849, 35.80032564045419, 0.0 ], [ -78.719077767017794, 35.800343598139648, 0.0 ], [ -78.718982707473842, 35.800243731193724, 0.0 ], [ -78.718934824436772, 35.800273979727955, 0.0 ], [ -78.719029885063534, 35.800373846712766, 0.0 ], [ -78.718998793158136, 35.800393487346113, 0.0 ], [ -78.718989149507422, 35.800383356567622, 0.0 ], [ -78.71880805215892, 35.800497758832265, 0.0 ], [ -78.718817830201417, 35.800514739225044, 0.0 ], [ -78.718794256698047, 35.800523748711697, 0.0 ], [ -78.71883520735247, 35.800594648047301, 0.0 ], [ -78.718841651399217, 35.800592012072151, 0.0 ], [ -78.718918852352544, 35.800708818285159, 0.0 ], [ -78.718925131497741, 35.800705879074677, 0.0 ], [ -78.719009846933147, 35.800818691590898, 0.0 ], [ -78.719015919044153, 35.800815474285464, 0.0 ], [ -78.719098346549814, 35.800912708993707, 0.0 ], [ -78.719108521106364, 35.800906984596921, 0.0 ], [ -78.719247223674003, 35.801052566135752, 0.0 ], [ -78.719236612535994, 35.801060069686066, 0.0 ], [ -78.719331776953098, 35.801147300748831, 0.0 ], [ -78.71932644012999, 35.801151290409628, 0.0 ], [ -78.719439467741438, 35.801246217615464, 0.0 ], [ -78.719434411138522, 35.801250440471996, 0.0 ], [ -78.719554084750598, 35.801340416482091, 0.0 ], [ -78.719549212996611, 35.801344936309754, 0.0 ], [ -78.719601420485347, 35.801380058217362, 0.0 ], [ -78.719609261950581, 35.801372324730579, 0.0 ], [ -78.719662511314127, 35.801404375437116, 0.0 ], [ -78.719671699241459, 35.801398571209091, 0.0 ], [ -78.71966256233938, 35.801388698535618, 0.0 ], [ -78.719720292337854, 35.801352229689158, 0.0 ], [ -78.719807088229885, 35.801443412428803, 0.0 ], [ -78.719837291051121, 35.801424331988038, 0.0 ], [ -78.719750495145519, 35.801333149269375, 0.0 ], [ -78.719784496845946, 35.80131167009673, 0.0 ], [ -78.719775770211527, 35.801301538788756, 0.0 ], [ -78.719802863778071, 35.801284423339084, 0.0 ], [ -78.719812163687052, 35.801294192723006, 0.0 ], [ -78.719977088912074, 35.801190005486092, 0.0 ], [ -78.719967788995163, 35.801180236114419, 0.0 ], [ -78.719994882483547, 35.801163119720073, 0.0 ], [ -78.720004182401766, 35.801172889089727, 0.0 ], [ -78.720031669516487, 35.801155524821581, 0.0 ], [ -78.720118875434963, 35.801246559565634, 0.0 ], [ -78.720155472805629, 35.801223439501342, 0.0 ], [ -78.720068958786229, 35.801131968320668, 0.0 ], [ -78.720126744969818, 35.801095463354848, 0.0 ], [ -78.720135527865281, 35.8011046898214, 0.0 ], [ -78.720145339204635, 35.801099361094295, 0.0 ], [ -78.720120492809016, 35.801049368848417, 0.0 ] ] ] ] } },
{ "type": "Feature", "properties": { "OBJECTID": 268, "BLDGNUM": "135B", "Precinct_N": "West Campus", "story_group": "vet" }, "geometry": { "type": "MultiPolygon", "coordinates": [ [ [ [ -78.719039532144393, 35.801896017245902, 0.0 ], [ -78.719138413197044, 35.801817451800019, 0.0 ], [ -78.719299417032133, 35.801951999042842, 0.0 ], [ -78.719200534868108, 35.802030563711888, 0.0 ], [ -78.719039532144393, 35.801896017245902, 0.0 ] ] ], [ [ [ -78.720774763827265, 35.800792873633362, 0.0 ], [ -78.720894583693422, 35.800734274352209, 0.0 ], [ -78.721013951347715, 35.800894906151889, 0.0 ], [ -78.720893046514703, 35.800955261578501, 0.0 ], [ -78.720774763827265, 35.800792873633362, 0.0 ] ] ], [ [ [ -78.719632349689519, 35.799672898554576, 0.0 ], [ -78.719709840813678, 35.799537826065205, 0.0 ], [ -78.719970028616515, 35.799640707578853, 0.0 ], [ -78.71989486895329, 35.799774519203247, 0.0 ], [ -78.719632349689519, 35.799672898554576, 0.0 ] ] ], [ [ [ -78.717776170450804, 35.800685882538161, 0.0 ], [ -78.717935872415879, 35.800611883569282, 0.0 ], [ -78.71808432968254, 35.800812095870285, 0.0 ], [ -78.717931292070816, 35.800889706806274, 0.0 ], [ -78.717776170450804, 35.800685882538161, 0.0 ] ] ], [ [ [ -78.719313564534687, 35.799624415207163, 0.0 ], [ -78.719346860731633, 35.799474490685363, 0.0 ], [ -78.719640374011561, 35.799517583471811, 0.0 ], [ -78.719607211101433, 35.799667510179852, 0.0 ], [ -78.719313564534687, 35.799624415207163, 0.0 ] ] ], [ [ [ -78.719035098624175, 35.801890621513714, 0.0 ], [ -78.718928969507616, 35.80180323335621, 0.0 ], [ -78.71889244721352, 35.801832270523249, 0.0 ], [ -78.718623854884527, 35.801604723696279, 0.0 ], [ -78.718663619588312, 35.801573607489772, 0.0 ], [ -78.718415102695374, 35.801309158766671, 0.0 ], [ -78.718326573805186, 35.8012166604722, 0.0 ], [ -78.718278711620016, 35.801239416844254, 0.0 ], [ -78.718079057084097, 35.800971257770499, 0.0 ], [ -78.718125267650919, 35.800948397605751, 0.0 ], [ -78.718046586988265, 35.800844037695484, 0.0 ], [ -78.718087805220151, 35.800822485555678, 0.0 ], [ -78.718167031716305, 35.800927065728281, 0.0 ], [ -78.718191348045394, 35.800914814155789, 0.0 ], [ -78.718396906241964, 35.801184364843351, 0.0 ], [ -78.718373164874421, 35.801195121558955, 0.0 ], [ -78.718393841512835, 35.801220890004707, 0.0 ], [ -78.718701237039767, 35.801539847187762, 0.0 ], [ -78.718720570185809, 35.801527583107138, 0.0 ], [ -78.718991052593836, 35.801755683903238, 0.0 ], [ -78.718966433602091, 35.801775077157131, 0.0 ], [ -78.719071352415625, 35.801861473721971, 0.0 ], [ -78.719035098624175, 35.801890621513714, 0.0 ] ] ] ] } },
{ "type": "Feature", "properties": { "OBJECTID": 269, "BLDGNUM": "252C", "Precinct_N": "South Campus", "story_group": "main" }, "geometry": { "type": "Polygon", "coordinates": [ [ [ -78.681116944915871, 35.778836653706904, 0.0 ], [ -78.681108247757265, 35.77881050445351, 0.0 ], [ -78.681071433050136, 35.77881862206705, 0.0 ], [ -78.680999795465112, 35.778603237539329, 0.0 ], [ -78.681079835853069, 35.778585562548152, 0.0 ], [ -78.68107193897724, 35.778561804860033, 0.0 ], [ -78.681170640168304, 35.778540001812466, 0.0 ], [ -78.681178771175823, 35.778564419894188, 0.0 ], [ -78.681257966776556, 35.778546934562286, 0.0 ], [ -78.681329071282704, 35.778760778944168, 0.0 ], [ -78.681288982955095, 35.778769629869807, 0.0 ], [ -78.681297979773774, 35.778796659610578, 0.0 ], [ -78.681116944915871, 35.778836653706904, 0.0 ] ] ] } },
{ "type": "Feature", "properties": { "OBJECTID": 270, "BLDGNUM": "143", "Precinct_N": "South Campus", "story_group": "main" }, "geometry": { "type": "Polygon", "coordinates": [ [ [ -78.682230267435585, 35.781783354676406, 0.0 ], [ -78.68196493967038, 35.781762555048068, 0.0 ], [ -78.681966753596654, 35.781746842084075, 0.0 ], [ -78.68195650821383, 35.781746045586686, 0.0 ], [ -78.681972545594121, 35.781611468482573, 0.0 ], [ -78.681984676497393, 35.781612379865081, 0.0 ], [ -78.681986631505254, 35.781596231016032, 0.0 ], [ -78.682248857961895, 35.781616806187316, 0.0 ], [ -78.682246626501495, 35.781635480796645, 0.0 ], [ -78.682258490403115, 35.781636500518516, 0.0 ], [ -78.682242867592223, 35.781768442297569, 0.0 ], [ -78.682232216249616, 35.781767644764557, 0.0 ], [ -78.682230267435585, 35.781783354676406, 0.0 ] ] ] } },
{ "type": "Feature", "properties": { "OBJECTID": 271, "BLDGNUM": "144", "Precinct_N": "South Campus", "story_group": "main" }, "geometry": { "type": "Polygon", "coordinates": [ [ [ -78.681631732230642, 35.781707080193051, 0.0 ], [ -78.681603468665983, 35.781684941338703, 0.0 ], [ -78.681596897354012, 35.781690474662852, 0.0 ], [ -78.681585497495632, 35.781683972290466, 0.0 ], [ -78.681465768482042, 35.781590184139134, 0.0 ], [ -78.681471019090836, 35.781584078618394, 0.0 ], [ -78.681393939136086, 35.781523697680136, 0.0 ], [ -78.681485896186018, 35.781445748929002, 0.0 ], [ -78.681527970454709, 35.781478708541982, 0.0 ], [ -78.681536310993025, 35.781471642146983, 0.0 ], [ -78.681687680066247, 35.781590217044162, 0.0 ], [ -78.68167897546283, 35.781597600673727, 0.0 ], [ -78.68172154722302, 35.781630951801247, 0.0 ], [ -78.681716529578097, 35.781635203869186, 0.0 ], [ -78.68174192799097, 35.781654870928335, 0.0 ], [ -78.681688404284586, 35.78170076742132, 0.0 ], [ -78.68166267944207, 35.781680848022376, 0.0 ], [ -78.681631732230642, 35.781707080193051, 0.0 ] ] ] } },
{ "type": "Feature", "properties": { "OBJECTID": 275, "BLDGNUM": "280A", "Precinct_N": "", "story_group": "other" }, "geometry": { "type": "Polygon", "coordinates": [ [ [ -78.67948156184292, 35.777241554352152, 0.0 ], [ -78.679394801390643, 35.777257940611868, 0.0 ], [ -78.67938465284557, 35.777222255634506, 0.0 ], [ -78.679369051908608, 35.777225201644079, 0.0 ], [ -78.679357699025971, 35.777185285265908, 0.0 ], [ -78.679371931801285, 35.777182597949363, 0.0 ], [ -78.679350108580365, 35.777105869055909, 0.0 ], [ -78.67933533010283, 35.777108660391335, 0.0 ], [ -78.679329874577647, 35.777089479744511, 0.0 ], [ -78.679432782585394, 35.77707004439678, 0.0 ], [ -78.67948156184292, 35.777241554352152, 0.0 ] ] ] } },
{ "type": "Feature", "properties": { "OBJECTID": 276, "BLDGNUM": "280B", "Precinct_N": "", "story_group": "other" }, "geometry": { "type": "Polygon", "coordinates": [ [ [ -78.679351046792092, 35.778139124714592, 0.0 ], [ -78.679327494750424, 35.778055913297628, 0.0 ], [ -78.679613849110069, 35.778002092778998, 0.0 ], [ -78.679637401434192, 35.778085303240744, 0.0 ], [ -78.679351046792092, 35.778139124714592, 0.0 ] ] ] } },
{ "type": "Feature", "properties": { "OBJECTID": 279, "BLDGNUM": "300B", "Precinct_N": "West Campus", "story_group": "vet" }, "geometry": { "type": "Polygon", "coordinates": [ [ [ -78.705043545493837, 35.795612702770484, 0.0 ], [ -78.705010948782615, 35.795627106635777, 0.0 ], [ -78.704920586145775, 35.795491226725673, 0.0 ], [ -78.704952254445189, 35.79547747140542, 0.0 ], [ -78.704928219260879, 35.79544136760007, 0.0 ], [ -78.705213108229771, 35.795315481586407, 0.0 ], [ -78.705237062082205, 35.795351462557505, 0.0 ], [ -78.705265644728627, 35.795338911997014, 0.0 ], [ -78.705276235265046, 35.795354821078419, 0.0 ], [ -78.70527976574536, 35.795353261281264, 0.0 ], [ -78.705594246819061, 35.795826224218743, 0.0 ], [ -78.705590717430482, 35.795827784027438, 0.0 ], [ -78.70560346804389, 35.795846936821171, 0.0 ], [ -78.705291005849915, 35.795984849455039, 0.0 ], [ -78.705043545493837, 35.795612702770484, 0.0 ] ] ] } },
{ "type": "Feature", "properties": { "OBJECTID": 281, "BLDGNUM": "001", "Precinct_N": "North Campus", "story_group": "main" }, "geometry": { "type": "Polygon", "coordinates": [ [ [ -78.661866641658079, 35.785133621731056, 0.0 ], [ -78.661715000416223, 35.785082553167051, 0.0 ], [ -78.66171649622656, 35.785079589183979, 0.0 ], [ -78.661652962198602, 35.785058295992442, 0.0 ], [ -78.661681178422043, 35.785002399786045, 0.0 ], [ -78.661663119599865, 35.784996346663604, 0.0 ], [ -78.661663676013532, 35.784993438659953, 0.0 ], [ -78.661596633696945, 35.784970970253276, 0.0 ], [ -78.661540833185029, 35.785077901608155, 0.0 ], [ -78.661414790719547, 35.785036897018792, 0.0 ], [ -78.661420897308318, 35.785023595682802, 0.0 ], [ -78.661391794214055, 35.785013841540717, 0.0 ], [ -78.661452502461287, 35.784893578541421, 0.0 ], [ -78.661464975043302, 35.784897758496136, 0.0 ], [ -78.661478014598131, 35.784871927864423, 0.0 ], [ -78.661465540916964, 35.784867747006615, 0.0 ], [ -78.661525607564286, 35.784748754885349, 0.0 ], [ -78.661552632742087, 35.784757811890699, 0.0 ], [ -78.661580207558174, 35.784703184820145, 0.0 ], [ -78.661717407981982, 35.784749166820568, 0.0 ], [ -78.661745624053097, 35.78469327059355, 0.0 ], [ -78.661840210565785, 35.784724969460498, 0.0 ], [ -78.661780785768812, 35.784842692618696, 0.0 ], [ -78.661767013009651, 35.784838076439939, 0.0 ], [ -78.661769230499672, 35.784833683120141, 0.0 ], [ -78.661759876334244, 35.784830548403612, 0.0 ], [ -78.661757658843811, 35.784834941723261, 0.0 ], [ -78.661751681590076, 35.78483293855885, 0.0 ], [ -78.661710427097702, 35.784914666346936, 0.0 ], [ -78.661780066426459, 35.784938006293167, 0.0 ], [ -78.661750440375059, 35.784996696391026, 0.0 ], [ -78.661916139481264, 35.785052428737032, 0.0 ], [ -78.661902672822364, 35.785079106396239, 0.0 ], [ -78.661956981975436, 35.785097307478267, 0.0 ], [ -78.661938278347179, 35.785134360439088, 0.0 ], [ -78.661934900318172, 35.785133227986982, 0.0 ], [ -78.661929835600688, 35.785151087647819, 0.0 ], [ -78.66187552641756, 35.785132886554045, 0.0 ], [ -78.661874029505896, 35.78513585053588, 0.0 ], [ -78.661866641658079, 35.785133621731056, 0.0 ] ] ] } },
{ "type": "Feature", "properties": { "OBJECTID": 283, "BLDGNUM": "170A", "Precinct_N": "Central Campus", "story_group": "main" }, "geometry": { "type": "Polygon", "coordinates": [ [ [ -78.693654702888395, 35.788972486089214, 0.0 ], [ -78.69365293730344, 35.789013670417596, 0.0 ], [ -78.693452995941996, 35.789007981182571, 0.0 ], [ -78.693455742198836, 35.788943915973938, 0.0 ], [ -78.693568068849359, 35.788947112586357, 0.0 ], [ -78.693567088314353, 35.788969992568994, 0.0 ], [ -78.693654702888395, 35.788972486089214, 0.0 ] ] ] } },
{ "type": "Feature", "properties": { "OBJECTID": 286, "BLDGNUM": "770", "Precinct_N": "Centennial Campus", "story_group": "centennial" }, "geometry": { "type": "Polygon", "coordinates": [ [ [ -78.674909844217282, 35.775416527015146, 0.0 ], [ -78.674873137658849, 35.775290633082911, 0.0 ], [ -78.675069935920817, 35.77525252903348, 0.0 ], [ -78.675106641662197, 35.775378422905028, 0.0 ], [ -78.674909844217282, 35.775416527015146, 0.0 ] ] ] } },
{ "type": "Feature", "properties": { "OBJECTID": 289, "BLDGNUM": "332", "Precinct_N": "West Campus", "story_group": "vet" }, "geometry": { "type": "Polygon", "coordinates": [ [ [ -78.703772526397714, 35.800021039588806, 0.0 ], [ -78.703833331274566, 35.800020658302465, 0.0 ], [ -78.703834783736596, 35.80017450190082, 0.0 ], [ -78.703773977640992, 35.800174882283848, 0.0 ], [ -78.703772526397714, 35.800021039588806, 0.0 ] ] ] } },
{ "type": "Feature", "properties": { "OBJECTID": 291, "BLDGNUM": "317C", "Precinct_N": "West Campus", "story_group": "vet" }, "geometry": { "type": "Polygon", "coordinates": [ [ [ -78.704995942861174, 35.802323930956405, 0.0 ], [ -78.704995762467973, 35.802373381681605, 0.0 ], [ -78.704955293855463, 35.802373283705087, 0.0 ], [ -78.704955474273405, 35.802323832979958, 0.0 ], [ -78.704995942861174, 35.802323930956405, 0.0 ] ] ] } },
{ "type": "Feature", "properties": { "OBJECTID": 292, "BLDGNUM": "317B", "Precinct_N": "West Campus", "story_group": "vet" }, "geometry": { "type": "Polygon", "coordinates": [ [ [ -78.70494457850107, 35.801876125905721, 0.0 ], [ -78.704944277791654, 35.801958544694131, 0.0 ], [ -78.704472145301025, 35.801957400596145, 0.0 ], [ -78.704472446491621, 35.801874981808858, 0.0 ], [ -78.70494457850107, 35.801876125905721, 0.0 ] ] ] } },
{ "type": "Feature", "properties": { "OBJECTID": 296, "BLDGNUM": "252D", "Precinct_N": "South Campus", "story_group": "main" }, "geometry": { "type": "Polygon", "coordinates": [ [ [ -78.68145999561365, 35.778760120859857, 0.0 ], [ -78.681439377276575, 35.778577930547968, 0.0 ], [ -78.681417864948642, 35.778579791460032, 0.0 ], [ -78.681405471913308, 35.778484628018212, 0.0 ], [ -78.681555500327036, 35.778471654192039, 0.0 ], [ -78.68155051965438, 35.778433406866768, 0.0 ], [ -78.681627069608169, 35.778426787346831, 0.0 ], [ -78.681632051422696, 35.778465034671932, 0.0 ], [ -78.68164099072024, 35.77846426124146, 0.0 ], [ -78.681653384029531, 35.778559424659974, 0.0 ], [ -78.681648634986288, 35.778559835883335, 0.0 ], [ -78.681656402960158, 35.778619483092776, 0.0 ], [ -78.681668136151487, 35.778618469090446, 0.0 ], [ -78.681674448265355, 35.778666933067626, 0.0 ], [ -78.681685108996376, 35.778673953585958, 0.0 ], [ -78.681686866619586, 35.778687443253652, 0.0 ], [ -78.681678250112142, 35.778696130469484, 0.0 ], [ -78.681683502053886, 35.778740793392053, 0.0 ], [ -78.68145999561365, 35.778760120859857, 0.0 ] ] ] } },
{ "type": "Feature", "properties": { "OBJECTID": 297, "BLDGNUM": "130J", "Precinct_N": "West Campus", "story_group": "vet" }, "geometry": { "type": "Polygon", "coordinates": [ [ [ -78.694412495766173, 35.800663375675278, 0.0 ], [ -78.69470533925444, 35.800874538716577, 0.0 ], [ -78.694616647256296, 35.800956169103536, 0.0 ], [ -78.694323802597623, 35.800745005852065, 0.0 ], [ -78.694412495766173, 35.800663375675278, 0.0 ] ] ] } },
{ "type": "Feature", "properties": { "OBJECTID": 298, "BLDGNUM": "127C", "Precinct_N": "Central Campus", "story_group": "main" }, "geometry": { "type": "Polygon", "coordinates": [ [ [ -78.689523549409458, 35.788410370270995, 0.0 ], [ -78.689523403967328, 35.788448259756954, 0.0 ], [ -78.689549256208181, 35.788447867750172, 0.0 ], [ -78.689549094518014, 35.78848999351748, 0.0 ], [ -78.689523245778915, 35.788489469766326, 0.0 ], [ -78.689523145595032, 35.788515568867766, 0.0 ], [ -78.688923243090628, 35.78851403865611, 0.0 ], [ -78.688923647685286, 35.788408840061273, 0.0 ], [ -78.689523549409458, 35.788410370270995, 0.0 ] ] ] } },
{ "type": "Feature", "properties": { "OBJECTID": 299, "BLDGNUM": "127D", "Precinct_N": "Central Campus", "story_group": "main" }, "geometry": { "type": "Polygon", "coordinates": [ [ [ -78.689936889626779, 35.788391700548331, 0.0 ], [ -78.689935479259319, 35.788759607200376, 0.0 ], [ -78.689806366836137, 35.78875927855205, 0.0 ], [ -78.689807777790875, 35.788391371901469, 0.0 ], [ -78.689839809889349, 35.788391453450124, 0.0 ], [ -78.689839328690397, 35.788370389585737, 0.0 ], [ -78.689891029607978, 35.788370521190558, 0.0 ], [ -78.689890386887086, 35.788391582194002, 0.0 ], [ -78.689936889626779, 35.788391700548331, 0.0 ] ] ] } },
{ "type": "Feature", "properties": { "OBJECTID": 300, "BLDGNUM": "127E", "Precinct_N": "Central Campus", "story_group": "main" }, "geometry": { "type": "Polygon", "coordinates": [ [ [ -78.690384025381107, 35.788826175637141, 0.0 ], [ -78.690383880341301, 35.788864065118908, 0.0 ], [ -78.690409732710862, 35.788863672929601, 0.0 ], [ -78.690409571471463, 35.78890579779096, 0.0 ], [ -78.69038372259395, 35.788905274222429, 0.0 ], [ -78.690383622687222, 35.788931373320999, 0.0 ], [ -78.689932078369822, 35.788930225006617, 0.0 ], [ -78.689932481650985, 35.788825027324201, 0.0 ], [ -78.690384025381107, 35.788826175637141, 0.0 ] ] ] } },
{ "type": "Feature", "properties": { "OBJECTID": 301, "BLDGNUM": "127F", "Precinct_N": "Central Campus", "story_group": "main" }, "geometry": { "type": "Polygon", "coordinates": [ [ [ -78.690767018220768, 35.788829319648556, 0.0 ], [ -78.691218561986673, 35.78883046486861, 0.0 ], [ -78.69121816037817, 35.788935662555019, 0.0 ], [ -78.690766616024987, 35.788934517333516, 0.0 ], [ -78.690766715808152, 35.788908418234648, 0.0 ], [ -78.690740863426029, 35.788908810499706, 0.0 ], [ -78.690741024492894, 35.788866685637942, 0.0 ], [ -78.690766873360388, 35.788867209130693, 0.0 ], [ -78.690767018220768, 35.788829319648556, 0.0 ] ] ] } },
{ "type": "Feature", "properties": { "OBJECTID": 302, "BLDGNUM": "127G", "Precinct_N": "Central Campus", "story_group": "main" }, "geometry": { "type": "Polygon", "coordinates": [ [ [ -78.691769268989503, 35.7884423150226, 0.0 ], [ -78.691769124599318, 35.788480204510797, 0.0 ], [ -78.691794976839446, 35.788479812027461, 0.0 ], [ -78.691794816322272, 35.788521936896032, 0.0 ], [ -78.691768967558474, 35.788521413621254, 0.0 ], [ -78.691768868099189, 35.788547512724286, 0.0 ], [ -78.691317325905132, 35.788546369543631, 0.0 ], [ -78.69131772738271, 35.788441171843374, 0.0 ], [ -78.691769268989503, 35.7884423150226, 0.0 ] ] ] } },
{ "type": "Feature", "properties": { "OBJECTID": 303, "BLDGNUM": "127H", "Precinct_N": "Central Campus", "story_group": "main" }, "geometry": { "type": "Polygon", "coordinates": [ [ [ -78.691418202232754, 35.787770164667684, 0.0 ], [ -78.691371699848204, 35.78777004687872, 0.0 ], [ -78.691372181442645, 35.787791110741274, 0.0 ], [ -78.691320480893012, 35.787790979764942, 0.0 ], [ -78.691321123236804, 35.787769918749738, 0.0 ], [ -78.691289091382984, 35.787769837590531, 0.0 ], [ -78.691290495576197, 35.787401930802737, 0.0 ], [ -78.691419605838732, 35.787402257878441, 0.0 ], [ -78.691418202232754, 35.787770164667684, 0.0 ] ] ] } },
{ "type": "Feature", "properties": { "OBJECTID": 304, "BLDGNUM": "127I", "Precinct_N": "Central Campus", "story_group": "main" }, "geometry": { "type": "Polygon", "coordinates": [ [ [ -78.690583569408275, 35.787357516485542, 0.0 ], [ -78.690583714351817, 35.787319626984726, 0.0 ], [ -78.690557862476581, 35.78732001921118, 0.0 ], [ -78.690558023639028, 35.787277893426236, 0.0 ], [ -78.690583871997632, 35.787278416958095, 0.0 ], [ -78.690583971837725, 35.787252317845095, 0.0 ], [ -78.691035506797292, 35.787253463744143, 0.0 ], [ -78.691035104955105, 35.787358662386048, 0.0 ], [ -78.690583569408275, 35.787357516485542, 0.0 ] ] ] } },
{ "type": "Feature", "properties": { "OBJECTID": 305, "BLDGNUM": "127J", "Precinct_N": "Central Campus", "story_group": "main" }, "geometry": { "type": "Polygon", "coordinates": [ [ [ -78.690450998549622, 35.787356132367591, 0.0 ], [ -78.689999463025202, 35.787354984302318, 0.0 ], [ -78.689999866210869, 35.787249786565077, 0.0 ], [ -78.690451401148039, 35.787250934628901, 0.0 ], [ -78.690451301265185, 35.787277033741788, 0.0 ], [ -78.690477153127205, 35.787276641537957, 0.0 ], [ -78.690476991926076, 35.787318766421464, 0.0 ], [ -78.690451143555265, 35.787318242866938, 0.0 ], [ -78.690450998549622, 35.787356132367591, 0.0 ] ] ] } },
{ "type": "Feature", "properties": { "OBJECTID": 306, "BLDGNUM": "127L", "Precinct_N": "Central Campus", "story_group": "main" }, "geometry": { "type": "Polygon", "coordinates": [ [ [ -78.688930698092605, 35.787439407726147, 0.0 ], [ -78.68893079494444, 35.787414224374139, 0.0 ], [ -78.688904943030948, 35.787414616249848, 0.0 ], [ -78.688905105050992, 35.78737249136973, 0.0 ], [ -78.688930953429121, 35.787373015252271, 0.0 ], [ -78.688931056884329, 35.787346114852951, 0.0 ], [ -78.689341147839997, 35.787347161208203, 0.0 ], [ -78.689340789521282, 35.787440454082549, 0.0 ], [ -78.688930698092605, 35.787439407726147, 0.0 ] ] ] } },
{ "type": "Feature", "properties": { "OBJECTID": 307, "BLDGNUM": "127K", "Precinct_N": "Central Campus", "story_group": "main" }, "geometry": { "type": "Polygon", "coordinates": [ [ [ -78.689417636716172, 35.787715996682351, 0.0 ], [ -78.689417782206533, 35.787678107187382, 0.0 ], [ -78.689391930211059, 35.787678499166418, 0.0 ], [ -78.689392091978007, 35.787636374289292, 0.0 ], [ -78.689417940443619, 35.787636898068477, 0.0 ], [ -78.689418040660371, 35.787610798959548, 0.0 ], [ -78.689869577604625, 35.787611949179535, 0.0 ], [ -78.68986917424769, 35.787717146903809, 0.0 ], [ -78.689417636716172, 35.787715996682351, 0.0 ] ] ] } },
{ "type": "Feature", "properties": { "OBJECTID": 308, "BLDGNUM": "127R", "Precinct_N": "Central Campus", "story_group": "main" }, "geometry": { "type": "Polygon", "coordinates": [ [ [ -78.688765448125551, 35.787351154062847, 0.0 ], [ -78.688765145082499, 35.7874299092732, 0.0 ], [ -78.688646008469263, 35.787429604873083, 0.0 ], [ -78.688645902715976, 35.78745707762031, 0.0 ], [ -78.688659390865226, 35.787457112089065, 0.0 ], [ -78.688658410923694, 35.7877116928682, 0.0 ], [ -78.688456103535955, 35.787711175718087, 0.0 ], [ -78.688457084114248, 35.787456594940529, 0.0 ], [ -78.688562732617314, 35.787456865047432, 0.0 ], [ -78.688563141638895, 35.787350637090412, 0.0 ], [ -78.688765448125551, 35.787351154062847, 0.0 ] ] ] } },
{ "type": "Feature", "properties": { "OBJECTID": 309, "BLDGNUM": "127M", "Precinct_N": "Central Campus", "story_group": "main" }, "geometry": { "type": "Polygon", "coordinates": [ [ [ -78.688125232923596, 35.787360616984273, 0.0 ], [ -78.687715141915476, 35.78735956653636, 0.0 ], [ -78.687715502108873, 35.787266273664301, 0.0 ], [ -78.688125592644013, 35.787267324111063, 0.0 ], [ -78.688125488921031, 35.787294224510397, 0.0 ], [ -78.68815134079982, 35.787293832800088, 0.0 ], [ -78.688151178387372, 35.787335957680263, 0.0 ], [ -78.688125330026125, 35.787335433632315, 0.0 ], [ -78.688125232923596, 35.787360616984273, 0.0 ] ] ] } },
{ "type": "Feature", "properties": { "OBJECTID": 310, "BLDGNUM": "127A", "Precinct_N": "Central Campus", "story_group": "main" }, "geometry": { "type": "Polygon", "coordinates": [ [ [ -78.687474710709054, 35.788758667589605, 0.0 ], [ -78.687926252927426, 35.788759825008526, 0.0 ], [ -78.687925847037235, 35.788865022686501, 0.0 ], [ -78.6874743042316, 35.788863865266109, 0.0 ], [ -78.687474405077026, 35.788837766169351, 0.0 ], [ -78.687448552701483, 35.788838157735846, 0.0 ], [ -78.687448715482887, 35.788796032877443, 0.0 ], [ -78.687474564306527, 35.78879655706875, 0.0 ], [ -78.687474710709054, 35.788758667589605, 0.0 ] ] ] } },
{ "type": "Feature", "properties": { "OBJECTID": 311, "BLDGNUM": "127B", "Precinct_N": "Central Campus", "story_group": "main" }, "geometry": { "type": "Polygon", "coordinates": [ [ [ -78.688203453698975, 35.788760945729912, 0.0 ], [ -78.688204871944762, 35.788393039098139, 0.0 ], [ -78.688333984883016, 35.788393369446432, 0.0 ], [ -78.688332567224506, 35.788761276079669, 0.0 ], [ -78.688300533874866, 35.788761194131951, 0.0 ], [ -78.688301014675361, 35.788782257999721, 0.0 ], [ -78.688249313497238, 35.788782125720196, 0.0 ], [ -78.688249956648548, 35.788761064728085, 0.0 ], [ -78.688203453698975, 35.788760945729912, 0.0 ] ] ] } },
{ "type": "Feature", "properties": { "OBJECTID": 312, "BLDGNUM": "127O", "Precinct_N": "Central Campus", "story_group": "main" }, "geometry": { "type": "Polygon", "coordinates": [ [ [ -78.687481347424793, 35.788358898260725, 0.0 ], [ -78.687481493823356, 35.788321008776123, 0.0 ], [ -78.68745564161307, 35.788321400344202, 0.0 ], [ -78.687455804389742, 35.788279275478594, 0.0 ], [ -78.687481653048224, 35.788279799668473, 0.0 ], [ -78.687481753894048, 35.788253699665297, 0.0 ], [ -78.687933294399727, 35.788254857061148, 0.0 ], [ -78.68793288851775, 35.788360055658032, 0.0 ], [ -78.687481347424793, 35.788358898260725, 0.0 ] ] ] } },
{ "type": "Feature", "properties": { "OBJECTID": 314, "BLDGNUM": "127N", "Precinct_N": "Central Campus", "story_group": "main" }, "geometry": { "type": "Polygon", "coordinates": [ [ [ -78.687528258509289, 35.788074343021023, 0.0 ], [ -78.687497350467495, 35.788074263747461, 0.0 ], [ -78.687497831054785, 35.788095327623139, 0.0 ], [ -78.687446130317028, 35.788095195002768, 0.0 ], [ -78.68744677367205, 35.788074134010138, 0.0 ], [ -78.687413758263943, 35.788074049309216, 0.0 ], [ -78.687416323643006, 35.787410238244519, 0.0 ], [ -78.687530822948659, 35.787410531953995, 0.0 ], [ -78.687528258509289, 35.788074343021023, 0.0 ] ] ] } },
{ "type": "Feature", "properties": { "OBJECTID": 316, "BLDGNUM": "304", "Precinct_N": "West Campus", "story_group": "vet" }, "geometry": { "type": "Polygon", "coordinates": [ [ [ -78.702429415194871, 35.798892241824426, 0.0 ], [ -78.702429888265243, 35.798763672862329, 0.0 ], [ -78.702564778716095, 35.798764002197167, 0.0 ], [ -78.702564619578268, 35.79880727162999, 0.0 ], [ -78.702605086403437, 35.798807370400553, 0.0 ], [ -78.702604904556154, 35.798856821180223, 0.0 ], [ -78.702564437706243, 35.798856722409582, 0.0 ], [ -78.702564172475803, 35.79892883812839, 0.0 ], [ -78.702658595210039, 35.798929068572498, 0.0 ], [ -78.70265811036667, 35.799060938212676, 0.0 ], [ -78.702334373645883, 35.799060147810017, 0.0 ], [ -78.702334992504291, 35.798892011202732, 0.0 ], [ -78.702429415194871, 35.798892241824426, 0.0 ] ] ] } },
{ "type": "Feature", "properties": { "OBJECTID": 317, "BLDGNUM": "321", "Precinct_N": "West Campus", "story_group": "vet" }, "geometry": { "type": "Polygon", "coordinates": [ [ [ -78.701775499375486, 35.799960300605804, 0.0 ], [ -78.701777330883729, 35.799885180968062, 0.0 ], [ -78.702031034577629, 35.799889282592787, 0.0 ], [ -78.702029206617496, 35.799964404045042, 0.0 ], [ -78.701775499375486, 35.799960300605804, 0.0 ] ] ] } },
{ "type": "Feature", "properties": { "OBJECTID": 318, "BLDGNUM": "345", "Precinct_N": "West Campus", "story_group": "vet" }, "geometry": { "type": "Polygon", "coordinates": [ [ [ -78.698188297455303, 35.800765848692045, 0.0 ], [ -78.698081550369395, 35.800786088871305, 0.0 ], [ -78.698072078231064, 35.800752932991024, 0.0 ], [ -78.698178826382005, 35.800732692822571, 0.0 ], [ -78.698188297455303, 35.800765848692045, 0.0 ] ] ] } },
{ "type": "Feature", "properties": { "OBJECTID": 319, "BLDGNUM": "135J", "Precinct_N": "West Campus", "story_group": "vet" }, "geometry": { "type": "Polygon", "coordinates": [ [ [ -78.716560555086744, 35.802235501537886, 0.0 ], [ -78.716548189694194, 35.802235472775557, 0.0 ], [ -78.716548215372541, 35.802228146739431, 0.0 ], [ -78.716529105222236, 35.802228102286087, 0.0 ], [ -78.71652912771124, 35.802221686596461, 0.0 ], [ -78.716439759643777, 35.80222148408, 0.0 ], [ -78.716439737166624, 35.8022278943616, 0.0 ], [ -78.716192104053619, 35.802227317873886, 0.0 ], [ -78.716192893897173, 35.802254788967765, 0.0 ], [ -78.716087441806607, 35.80226681147024, 0.0 ], [ -78.716023660288954, 35.802269350648707, 0.0 ], [ -78.716021451427906, 35.802258127416842, 0.0 ], [ -78.715989413811599, 35.802258052751974, 0.0 ], [ -78.715987126315142, 35.802269221339216, 0.0 ], [ -78.715896724952501, 35.802263932455652, 0.0 ], [ -78.715820806801531, 35.802253923611474, 0.0 ], [ -78.715821706772331, 35.802250334769532, 0.0 ], [ -78.71583317842655, 35.802252179525304, 0.0 ], [ -78.715833242983862, 35.80223380765144, 0.0 ], [ -78.715820877591838, 35.802233778815292, 0.0 ], [ -78.715820946779445, 35.80221409009355, 0.0 ], [ -78.715828640848429, 35.802214108036296, 0.0 ], [ -78.715828891847494, 35.802142679184215, 0.0 ], [ -78.715821197785303, 35.802142661241497, 0.0 ], [ -78.715821236401553, 35.802131672187201, 0.0 ], [ -78.715828930462706, 35.802131690129904, 0.0 ], [ -78.715829166980598, 35.802064382171324, 0.0 ], [ -78.715821472925839, 35.802064364228613, 0.0 ], [ -78.715821511542003, 35.802053375174033, 0.0 ], [ -78.715829205595725, 35.802053393116744, 0.0 ], [ -78.715829442113147, 35.801986085156393, 0.0 ], [ -78.715821748065835, 35.801986067213697, 0.0 ], [ -78.715821786681943, 35.801975078158797, 0.0 ], [ -78.715829480728203, 35.801975096101494, 0.0 ], [ -78.715829717245171, 35.801907788139374, 0.0 ], [ -78.71582202320532, 35.801907770196706, 0.0 ], [ -78.715825455908188, 35.801890607662479, 0.0 ], [ -78.715806345838047, 35.801890563095789, 0.0 ], [ -78.71580653893183, 35.801835616917884, 0.0 ], [ -78.715825648988996, 35.801835661484525, 0.0 ], [ -78.715825670710217, 35.801829480140825, 0.0 ], [ -78.715822298347419, 35.801829472276346, 0.0 ], [ -78.715822336963384, 35.801818483220906, 0.0 ], [ -78.715825709325699, 35.801818491085385, 0.0 ], [ -78.715825945845353, 35.801751183119762, 0.0 ], [ -78.715822573485838, 35.801751175255283, 0.0 ], [ -78.715822612101718, 35.801740186199531, 0.0 ], [ -78.715825984460778, 35.801740194063989, 0.0 ], [ -78.715826220979963, 35.801672886096668, 0.0 ], [ -78.715822848623716, 35.801672878232196, 0.0 ], [ -78.715822887239511, 35.801661889176124, 0.0 ], [ -78.715826259595303, 35.801661897040596, 0.0 ], [ -78.715826496114033, 35.801594589071478, 0.0 ], [ -78.715823123761055, 35.80159458120702, 0.0 ], [ -78.715823162376779, 35.801583592150699, 0.0 ], [ -78.715826534729302, 35.801583600015164, 0.0 ], [ -78.715826771247592, 35.801516292044241, 0.0 ], [ -78.715823398897868, 35.801516284179797, 0.0 ], [ -78.715823437513507, 35.801505295123164, 0.0 ], [ -78.715826809862776, 35.801505302987628, 0.0 ], [ -78.715826831583811, 35.801499121643275, 0.0 ], [ -78.715807721606183, 35.801499077076791, 0.0 ], [ -78.715807914694935, 35.801444131793019, 0.0 ], [ -78.715827024659589, 35.801444176359453, 0.0 ], [ -78.715823712649708, 35.801426998093625, 0.0 ], [ -78.715831406643815, 35.801427016036193, 0.0 ], [ -78.715831643160755, 35.801359707160444, 0.0 ], [ -78.715823949173043, 35.80135968921789, 0.0 ], [ -78.715823987788539, 35.801348700160688, 0.0 ], [ -78.715831681775214, 35.801348718103235, 0.0 ], [ -78.715831918288515, 35.801281410127054, 0.0 ], [ -78.71582422430825, 35.801281392184507, 0.0 ], [ -78.71582426292369, 35.801270403127042, 0.0 ], [ -78.715831956902889, 35.801270421069582, 0.0 ], [ -78.71583219341575, 35.80120311309166, 0.0 ], [ -78.715824499442931, 35.801203095149141, 0.0 ], [ -78.715824858243494, 35.801100988485821, 0.0 ], [ -78.715837223462302, 35.801101017321557, 0.0 ], [ -78.715837197719921, 35.801108343360305, 0.0 ], [ -78.715856307605236, 35.801108387922156, 0.0 ], [ -78.715856285082168, 35.801114798206036, 0.0 ], [ -78.715945653012596, 35.801115006561069, 0.0 ], [ -78.715945675528573, 35.801108596277174, 0.0 ], [ -78.71598100646726, 35.801108678630683, 0.0 ], [ -78.7159813974625, 35.800997348617599, 0.0 ], [ -78.715948418597989, 35.801000792384528, 0.0 ], [ -78.715947419781287, 35.800995358575825, 0.0 ], [ -78.71602787939544, 35.800987497130386, 0.0 ], [ -78.716088565562714, 35.800987077002397, 0.0 ], [ -78.716158474018542, 35.800991295895791, 0.0 ], [ -78.716237543142938, 35.801002268196818, 0.0 ], [ -78.716322604410479, 35.801021821641449, 0.0 ], [ -78.71633861348856, 35.801026455747689, 0.0 ], [ -78.716336921426645, 35.801030341094801, 0.0 ], [ -78.71638650872471, 35.801046766280272, 0.0 ], [ -78.71638862515195, 35.801043022529342, 0.0 ], [ -78.716419122181179, 35.801054764067111, 0.0 ], [ -78.716416112081788, 35.801059681087331, 0.0 ], [ -78.716402267928672, 35.801054192150609, 0.0 ], [ -78.716402075244659, 35.801109137442452, 0.0 ], [ -78.716443667450264, 35.80110920539073, 0.0 ], [ -78.716443641661684, 35.801116560272227, 0.0 ], [ -78.716533008489179, 35.801116768193907, 0.0 ], [ -78.716533034269631, 35.801109413312382, 0.0 ], [ -78.716552144054489, 35.801109486607785, 0.0 ], [ -78.716552168329457, 35.801102560761002, 0.0 ], [ -78.716564568751608, 35.801102647290627, 0.0 ], [ -78.716564167510768, 35.801204817850355, 0.0 ], [ -78.716556473537636, 35.801204799954078, 0.0 ], [ -78.7165562376276, 35.801272107933343, 0.0 ], [ -78.716563931607141, 35.801272125829662, 0.0 ], [ -78.716563893092228, 35.801283114887354, 0.0 ], [ -78.716556199111636, 35.801283096991035, 0.0 ], [ -78.716555963201145, 35.801350404968602, 0.0 ], [ -78.716563657188132, 35.801350422864928, 0.0 ], [ -78.716563618673135, 35.801361411922336, 0.0 ], [ -78.71655592468511, 35.80136139402601, 0.0 ], [ -78.71655568877101, 35.801428702903145, 0.0 ], [ -78.716563382765429, 35.801428720799478, 0.0 ], [ -78.716563344250375, 35.801439709856609, 0.0 ], [ -78.716559971903763, 35.801439702012544, 0.0 ], [ -78.716559735995958, 35.801507009986572, 0.0 ], [ -78.716563108345369, 35.801507017830644, 0.0 ], [ -78.716563069830215, 35.801518006887498, 0.0 ], [ -78.716559697480363, 35.801517999043419, 0.0 ], [ -78.716559461572089, 35.801585307015714, 0.0 ], [ -78.716562833924769, 35.801585314859786, 0.0 ], [ -78.716562795409544, 35.801596303916341, 0.0 ], [ -78.71655942305641, 35.801596296072276, 0.0 ], [ -78.716559187147695, 35.801663604042758, 0.0 ], [ -78.716562559503629, 35.801663611886859, 0.0 ], [ -78.716562520988347, 35.801674600943151, 0.0 ], [ -78.716559148631944, 35.801674593099037, 0.0 ], [ -78.716558912722761, 35.801741901067786, 0.0 ], [ -78.716562285081963, 35.801741908911886, 0.0 ], [ -78.71656224656661, 35.801752897967859, 0.0 ], [ -78.716558874206953, 35.801752890123772, 0.0 ], [ -78.7165586382973, 35.801820198090759, 0.0 ], [ -78.716562010659771, 35.801820205934888, 0.0 ], [ -78.716561972144348, 35.801831194990555, 0.0 ], [ -78.716558599781408, 35.801831187146441, 0.0 ], [ -78.71655836386816, 35.801898496013024, 0.0 ], [ -78.716561736233885, 35.801898503857132, 0.0 ], [ -78.716561697718376, 35.801909492912529, 0.0 ], [ -78.716554003678198, 35.801909475016075, 0.0 ], [ -78.716553767764054, 35.801976782979573, 0.0 ], [ -78.716561461810628, 35.80197680087602, 0.0 ], [ -78.716561423295033, 35.80198778993114, 0.0 ], [ -78.716553729247423, 35.801987772034671, 0.0 ], [ -78.716553493332825, 35.802055079996386, 0.0 ], [ -78.716561187386844, 35.802055097892875, 0.0 ], [ -78.716561148871179, 35.802066086947683, 0.0 ], [ -78.716553454816108, 35.802066069051207, 0.0 ], [ -78.716553218901055, 35.802133377011153, 0.0 ], [ -78.716560912962521, 35.802133394907656, 0.0 ], [ -78.716560555086744, 35.802235501537886, 0.0 ] ] ] } },
{ "type": "Feature", "properties": { "OBJECTID": 323, "BLDGNUM": "948D", "Precinct_N": "", "story_group": "other" }, "geometry": { "type": "Polygon", "coordinates": [ [ [ -78.669408873540206, 35.78858941016442, 0.0 ], [ -78.668909553468055, 35.788480683251755, 0.0 ], [ -78.669037715725537, 35.788089950035712, 0.0 ], [ -78.669536147974938, 35.788197737536613, 0.0 ], [ -78.669408873540206, 35.78858941016442, 0.0 ] ] ] } },
{ "type": "Feature", "properties": { "OBJECTID": 326, "BLDGNUM": "787G", "Precinct_N": "Centennial Campus", "story_group": "centennial" }, "geometry": { "type": "Polygon", "coordinates": [ [ [ -78.674592260474256, 35.762135182274058, 0.0 ], [ -78.674581684571265, 35.762158357562036, 0.0 ], [ -78.674510600855172, 35.762136806439401, 0.0 ], [ -78.674521177877949, 35.762113632061777, 0.0 ], [ -78.674592260474256, 35.762135182274058, 0.0 ] ] ] } },
{ "type": "Feature", "properties": { "OBJECTID": 328, "BLDGNUM": "174B", "Precinct_N": "Central Campus", "story_group": "main" }, "geometry": { "type": "Polygon", "coordinates": [ [ [ -78.69531168546149, 35.788099574535238, 0.0 ], [ -78.695314361840303, 35.78801959494092, 0.0 ], [ -78.695637541372761, 35.788026774326063, 0.0 ], [ -78.695634864207008, 35.788106753924524, 0.0 ], [ -78.69531168546149, 35.788099574535238, 0.0 ] ] ] } },
{ "type": "Feature", "properties": { "OBJECTID": 329, "BLDGNUM": "252A", "Precinct_N": "South Campus", "story_group": "main" }, "geometry": { "type": "Polygon", "coordinates": [ [ [ -78.680389531584808, 35.778775237708466, 0.0 ], [ -78.680432409550264, 35.778813166272315, 0.0 ], [ -78.680435715576735, 35.778810683617493, 0.0 ], [ -78.680462935935438, 35.778834763338132, 0.0 ], [ -78.680459629912448, 35.778837245092319, 0.0 ], [ -78.680588260819007, 35.778951027948075, 0.0 ], [ -78.680596525879736, 35.778944823103252, 0.0 ], [ -78.680607273189892, 35.778950071891352, 0.0 ], [ -78.680623330869309, 35.778962908631769, 0.0 ], [ -78.680633073711576, 35.778977152945799, 0.0 ], [ -78.680624808653945, 35.778983356891708, 0.0 ], [ -78.680633948645692, 35.778991442513842, 0.0 ], [ -78.680464093074448, 35.779118948022308, 0.0 ], [ -78.680454953081707, 35.779110863289105, 0.0 ], [ -78.680446686887066, 35.779117068121074, 0.0 ], [ -78.680424693681573, 35.77910369570948, 0.0 ], [ -78.68041013906651, 35.779084738224093, 0.0 ], [ -78.680418404154565, 35.779078533391626, 0.0 ], [ -78.680219676082331, 35.77890274288518, 0.0 ], [ -78.680389531584808, 35.778775237708466, 0.0 ] ] ] } },
{ "type": "Feature", "properties": { "OBJECTID": 330, "BLDGNUM": "175", "Precinct_N": "Central Campus", "story_group": "main" }, "geometry": { "type": "Polygon", "coordinates": [ [ [ -78.692348426935283, 35.788154389295322, 0.0 ], [ -78.692346221640065, 35.78803703846792, 0.0 ], [ -78.692415905203731, 35.788037214409393, 0.0 ], [ -78.692415689401187, 35.788093962572617, 0.0 ], [ -78.692413037768958, 35.788093955878338, 0.0 ], [ -78.692415298769035, 35.78819668431651, 0.0 ], [ -78.692345615067978, 35.788196508374689, 0.0 ], [ -78.692345775301078, 35.788154382599586, 0.0 ], [ -78.692348426935283, 35.788154389295322, 0.0 ] ] ] } },
{ "type": "Feature", "properties": { "OBJECTID": 331, "BLDGNUM": "271B", "Precinct_N": "South Campus", "story_group": "main" }, "geometry": { "type": "Polygon", "coordinates": [ [ [ -78.676735563331135, 35.779894730915849, 0.0 ], [ -78.676960879982261, 35.779544783410316, 0.0 ], [ -78.677019327334563, 35.779569774135574, 0.0 ], [ -78.677030051321708, 35.779553123114987, 0.0 ], [ -78.677099299285842, 35.779582727594459, 0.0 ], [ -78.677090950498467, 35.779595691191126, 0.0 ], [ -78.677149114145891, 35.779620558518104, 0.0 ], [ -78.67692142622991, 35.779974188389978, 0.0 ], [ -78.676735563331135, 35.779894730915849, 0.0 ] ] ] } },
{ "type": "Feature", "properties": { "OBJECTID": 332, "BLDGNUM": "271C", "Precinct_N": "South Campus", "story_group": "main" }, "geometry": { "type": "Polygon", "coordinates": [ [ [ -78.67638889663499, 35.780363503091721, 0.0 ], [ -78.676416727384918, 35.780320268139178, 0.0 ], [ -78.676451713199327, 35.780335229701521, 0.0 ], [ -78.676477204738802, 35.780295236981068, 0.0 ], [ -78.676600335463618, 35.780349943149034, 0.0 ], [ -78.676572148676115, 35.780393718907909, 0.0 ], [ -78.676543741907082, 35.780381573534882, 0.0 ], [ -78.676490154162053, 35.780464803241458, 0.0 ], [ -78.676389181747695, 35.780421634496093, 0.0 ], [ -78.676418470567469, 35.780376146441313, 0.0 ], [ -78.67638889663499, 35.780363503091721, 0.0 ] ] ] } },
{ "type": "Feature", "properties": { "OBJECTID": 333, "BLDGNUM": "271A", "Precinct_N": "South Campus", "story_group": "main" }, "geometry": { "type": "Polygon", "coordinates": [ [ [ -78.676547523326605, 35.780303401535861, 0.0 ], [ -78.676488464931808, 35.780278152084371, 0.0 ], [ -78.676701604833426, 35.779947126311441, 0.0 ], [ -78.676628273224907, 35.779915773872041, 0.0 ], [ -78.676662055070139, 35.779863305018139, 0.0 ], [ -78.67692142622991, 35.779974188389978, 0.0 ], [ -78.676674501813125, 35.780357689704253, 0.0 ], [ -78.676607444173584, 35.780329020096552, 0.0 ], [ -78.676600013266409, 35.780340614241531, 0.0 ], [ -78.676539956075004, 35.780315343235692, 0.0 ], [ -78.676547523326605, 35.780303401535861, 0.0 ] ] ] } },
{ "type": "Feature", "properties": { "OBJECTID": 334, "BLDGNUM": "271D", "Precinct_N": "South Campus", "story_group": "main" }, "geometry": { "type": "Polygon", "coordinates": [ [ [ -78.677413221281682, 35.779463308573533, 0.0 ], [ -78.677312324788048, 35.77961619486971, 0.0 ], [ -78.676991608898732, 35.779474500226229, 0.0 ], [ -78.677092011348861, 35.779322454737382, 0.0 ], [ -78.677413221281682, 35.779463308573533, 0.0 ] ] ] } },
{ "type": "Feature", "properties": { "OBJECTID": 335, "BLDGNUM": "271F", "Precinct_N": "South Campus", "story_group": "main" }, "geometry": { "type": "Polygon", "coordinates": [ [ [ -78.67785910269383, 35.77986021191947, 0.0 ], [ -78.677952740553735, 35.779713313482638, 0.0 ], [ -78.678302360537145, 35.779866548860618, 0.0 ], [ -78.678349168280661, 35.779795684069441, 0.0 ], [ -78.678431020899367, 35.779831499809688, 0.0 ], [ -78.678385162820447, 35.779900833945078, 0.0 ], [ -78.678412487173858, 35.779912884095467, 0.0 ], [ -78.678400419913928, 35.779931094626896, 0.0 ], [ -78.678435283744122, 35.779946461807, 0.0 ], [ -78.678363918032119, 35.780054517218225, 0.0 ], [ -78.678332011780554, 35.780040586464587, 0.0 ], [ -78.678318172616557, 35.780061539617975, 0.0 ], [ -78.67785910269383, 35.77986021191947, 0.0 ] ] ] } },
{ "type": "Feature", "properties": { "OBJECTID": 336, "BLDGNUM": "438", "Precinct_N": "West Campus", "story_group": "vet" }, "geometry": { "type": "Polygon", "coordinates": [ [ [ -78.697282931648573, 35.792034787410131, 0.0 ], [ -78.697277680659013, 35.792117095021517, 0.0 ], [ -78.697142984044987, 35.792111390980629, 0.0 ], [ -78.697148235171198, 35.792029083374921, 0.0 ], [ -78.697282931648573, 35.792034787410131, 0.0 ] ] ] } },
{ "type": "Feature", "properties": { "OBJECTID": 337, "BLDGNUM": "271E", "Precinct_N": "South Campus", "story_group": "main" }, "geometry": { "type": "Polygon", "coordinates": [ [ [ -78.677318937318901, 35.779606183081732, 0.0 ], [ -78.677390699066095, 35.779497536225705, 0.0 ], [ -78.677421661637553, 35.77951113483698, 0.0 ], [ -78.677435234157358, 35.779490510968863, 0.0 ], [ -78.67789618114017, 35.77969272407497, 0.0 ], [ -78.677870538036146, 35.779731558464483, 0.0 ], [ -78.677924931850185, 35.779755437487779, 0.0 ], [ -78.677883798631058, 35.779822581033436, 0.0 ], [ -78.67783021601997, 35.77979914579835, 0.0 ], [ -78.677808100689134, 35.779832603946971, 0.0 ], [ -78.677343425376691, 35.779629586555728, 0.0 ], [ -78.677349911038476, 35.779619767318664, 0.0 ], [ -78.677318937318901, 35.779606183081732, 0.0 ] ] ] } },
{ "type": "Feature", "properties": { "OBJECTID": 338, "BLDGNUM": "135H", "Precinct_N": "West Campus", "story_group": "vet" }, "geometry": { "type": "Polygon", "coordinates": [ [ [ -78.717434739105613, 35.803924457628064, 0.0 ], [ -78.717308062777349, 35.803962238234426, 0.0 ], [ -78.717276877582819, 35.80389284923541, 0.0 ], [ -78.717403553817007, 35.803855068660553, 0.0 ], [ -78.717434739105613, 35.803924457628064, 0.0 ] ] ] } },
{ "type": "Feature", "properties": { "OBJECTID": 341, "BLDGNUM": "787B", "Precinct_N": "Centennial Campus", "story_group": "centennial" }, "geometry": { "type": "Polygon", "coordinates": [ [ [ -78.67704684673879, 35.760195582831926, 0.0 ], [ -78.676982134522461, 35.760210980308408, 0.0 ], [ -78.676935380262009, 35.760080436674393, 0.0 ], [ -78.677000092382869, 35.760065039222148, 0.0 ], [ -78.676986868854527, 35.760028118038448, 0.0 ], [ -78.67708262606952, 35.760006794448358, 0.0 ], [ -78.677063156135034, 35.759947001975661, 0.0 ], [ -78.677102253192771, 35.759937700006375, 0.0 ], [ -78.67709403433264, 35.759915567098098, 0.0 ], [ -78.677232624509145, 35.759882591569038, 0.0 ], [ -78.677240305449658, 35.759904851936199, 0.0 ], [ -78.677279402466723, 35.759895549909906, 0.0 ], [ -78.677299552358562, 35.759951810842161, 0.0 ], [ -78.677476431476038, 35.75990972464119, 0.0 ], [ -78.677503507811721, 35.759985325307511, 0.0 ], [ -78.677468646751691, 35.759993381234302, 0.0 ], [ -78.677504335408884, 35.760086490974111, 0.0 ], [ -78.677456880064355, 35.760097781858107, 0.0 ], [ -78.677472890039198, 35.760135948828797, 0.0 ], [ -78.677373035676837, 35.760157799980128, 0.0 ], [ -78.677396601889072, 35.760217064239029, 0.0 ], [ -78.677325418726241, 35.760234001395702, 0.0 ], [ -78.677328567438224, 35.760242792531393, 0.0 ], [ -78.677318186836217, 35.760245261779829, 0.0 ], [ -78.677329397012798, 35.760275746429521, 0.0 ], [ -78.677271964943301, 35.760289411114755, 0.0 ], [ -78.677261293848787, 35.760258798994734, 0.0 ], [ -78.677250913239135, 35.760261269138709, 0.0 ], [ -78.677247764534883, 35.760252478001064, 0.0 ], [ -78.677176593341059, 35.760269448452533, 0.0 ], [ -78.677173432609763, 35.760260624832334, 0.0 ], [ -78.677076364235887, 35.760283720683816, 0.0 ], [ -78.67704684673879, 35.760195582831926, 0.0 ] ] ] } },
{ "type": "Feature", "properties": { "OBJECTID": 343, "BLDGNUM": "140A", "Precinct_N": "South Campus", "story_group": "main" }, "geometry": { "type": "Polygon", "coordinates": [ [ [ -78.680464753922109, 35.782207456403498, 0.0 ], [ -78.680257276289439, 35.782119767058369, 0.0 ], [ -78.68028075506767, 35.782082685046973, 0.0 ], [ -78.680229322525747, 35.782061011456506, 0.0 ], [ -78.680291882228559, 35.781962821501928, 0.0 ], [ -78.680550926619418, 35.782072294586285, 0.0 ], [ -78.680464753922109, 35.782207456403498, 0.0 ] ] ] } },
{ "type": "Feature", "properties": { "OBJECTID": 353, "BLDGNUM": "787E", "Precinct_N": "Centennial Campus", "story_group": "centennial" }, "geometry": { "type": "Polygon", "coordinates": [ [ [ -78.688458576826591, 35.756400506063784, 0.0 ], [ -78.6884048536715, 35.756424270750429, 0.0 ], [ -78.688383736578317, 35.756392553026735, 0.0 ], [ -78.688437459718557, 35.756368788349157, 0.0 ], [ -78.688458576826591, 35.756400506063784, 0.0 ] ] ] } },
{ "type": "Feature", "properties": { "OBJECTID": 354, "BLDGNUM": "787F", "Precinct_N": "Centennial Campus", "story_group": "centennial" }, "geometry": { "type": "Polygon", "coordinates": [ [ [ -78.67053563956614, 35.761429344395374, 0.0 ], [ -78.670531561148323, 35.761379631807863, 0.0 ], [ -78.67057573741647, 35.761377223905434, 0.0 ], [ -78.670579815857579, 35.761426937392777, 0.0 ], [ -78.67053563956614, 35.761429344395374, 0.0 ] ] ] } },
{ "type": "Feature", "properties": { "OBJECTID": 360, "BLDGNUM": "787D", "Precinct_N": "Centennial Campus", "story_group": "centennial" }, "geometry": { "type": "Polygon", "coordinates": [ [ [ -78.674360538442031, 35.762095122422394, 0.0 ], [ -78.674387003251539, 35.762044592989774, 0.0 ], [ -78.674489627261082, 35.762080296810623, 0.0 ], [ -78.674463162504026, 35.762130826264958, 0.0 ], [ -78.674360538442031, 35.762095122422394, 0.0 ] ] ] } },
{ "type": "Feature", "properties": { "OBJECTID": 392, "BLDGNUM": "787C", "Precinct_N": "Centennial Campus", "story_group": "centennial" }, "geometry": { "type": "Polygon", "coordinates": [ [ [ -78.681393249856853, 35.759800342251303, 0.0 ], [ -78.680794183791747, 35.759799693911731, 0.0 ], [ -78.680794539202623, 35.759583183282849, 0.0 ], [ -78.681393603664716, 35.759583831620724, 0.0 ], [ -78.681393249856853, 35.759800342251303, 0.0 ] ] ] } },
{ "type": "Feature", "properties": { "OBJECTID": 395, "BLDGNUM": "792B", "Precinct_N": "Centennial Campus", "story_group": "centennial" }, "geometry": { "type": "Polygon", "coordinates": [ [ [ -78.687716880029328, 35.758638549058908, 0.0 ], [ -78.687943206272081, 35.758373037688877, 0.0 ], [ -78.687986983267649, 35.758397610800493, 0.0 ], [ -78.687993522259887, 35.758391251372529, 0.0 ], [ -78.688018202811563, 35.758405163905657, 0.0 ], [ -78.688011901827821, 35.758412318037699, 0.0 ], [ -78.688077878201739, 35.758450737800466, 0.0 ], [ -78.688084829914445, 35.758443453733967, 0.0 ], [ -78.688293161525422, 35.758559125196882, 0.0 ], [ -78.68822840067088, 35.758639132183184, 0.0 ], [ -78.68824870308157, 35.758651099154449, 0.0 ], [ -78.688125710474296, 35.758797763578578, 0.0 ], [ -78.688102455845154, 35.758785121123601, 0.0 ], [ -78.688039893337006, 35.758862180798523, 0.0 ], [ -78.687829698884528, 35.758742258761842, 0.0 ], [ -78.687837233235101, 35.758734163181977, 0.0 ], [ -78.687766115493289, 35.758684907552308, 0.0 ], [ -78.687716880029328, 35.758638549058908, 0.0 ] ] ] } },
{ "type": "Feature", "properties": { "OBJECTID": 396, "BLDGNUM": "792A", "Precinct_N": "Centennial Campus", "story_group": "centennial" }, "geometry": { "type": "Polygon", "coordinates": [ [ [ -78.687716880029328, 35.758638549058908, 0.0 ], [ -78.687669392957275, 35.758578151028587, 0.0 ], [ -78.687646169404942, 35.758538013655972, 0.0 ], [ -78.687627859977297, 35.758496217771608, 0.0 ], [ -78.687528823719973, 35.758555161059576, 0.0 ], [ -78.687484512232601, 35.758502353294325, 0.0 ], [ -78.687570289970964, 35.758454456377756, 0.0 ], [ -78.687496932859361, 35.758412478684512, 0.0 ], [ -78.687492503091747, 35.758417865528685, 0.0 ], [ -78.687445971233018, 35.758391097582489, 0.0 ], [ -78.687478937313145, 35.758353004418424, 0.0 ], [ -78.687484328794909, 35.758356013453508, 0.0 ], [ -78.687624912981846, 35.758192861234186, 0.0 ], [ -78.687825383446977, 35.758306705230147, 0.0 ], [ -78.687846386620507, 35.758294357330612, 0.0 ], [ -78.687817102745299, 35.758261190850988, 0.0 ], [ -78.687897982585454, 35.7582158004315, 0.0 ], [ -78.687911639172455, 35.758230822245508, 0.0 ], [ -78.687958421265222, 35.75820418901931, 0.0 ], [ -78.687877717743376, 35.758109567156779, 0.0 ], [ -78.687888173429499, 35.758104104704223, 0.0 ], [ -78.687789552044634, 35.757991791045548, 0.0 ], [ -78.687852358386209, 35.757956326904733, 0.0 ], [ -78.687786542103808, 35.757880848236645, 0.0 ], [ -78.688060170219373, 35.757724805659088, 0.0 ], [ -78.688122510347881, 35.757799597462522, 0.0 ], [ -78.688183579549928, 35.757765175173461, 0.0 ], [ -78.688279928314159, 35.757876735481013, 0.0 ], [ -78.688290883013622, 35.757870609972649, 0.0 ], [ -78.688377429303756, 35.757970287793015, 0.0 ], [ -78.688400646646826, 35.757956094080484, 0.0 ], [ -78.68835717423498, 35.757906733746445, 0.0 ], [ -78.688424067029999, 35.757868206148771, 0.0 ], [ -78.688467983840553, 35.757918470753332, 0.0 ], [ -78.688492577958328, 35.757904838483178, 0.0 ], [ -78.688406722731528, 35.757805736673575, 0.0 ], [ -78.688418168733179, 35.757798949915191, 0.0 ], [ -78.688319575239248, 35.757685617315126, 0.0 ], [ -78.688381943551832, 35.757651498401472, 0.0 ], [ -78.688316298222801, 35.75757722105449, 0.0 ], [ -78.688586398514929, 35.757421860496436, 0.0 ], [ -78.688652469905946, 35.757495223915583, 0.0 ], [ -78.68871182663527, 35.757461429732452, 0.0 ], [ -78.688808630050431, 35.757573331505704, 0.0 ], [ -78.688821665751561, 35.757566650624085, 0.0 ], [ -78.688901073735124, 35.75765151230636, 0.0 ], [ -78.688973214255398, 35.757610118883754, 0.0 ], [ -78.689006014395332, 35.757648304700012, 0.0 ], [ -78.689048091811159, 35.757624785836903, 0.0 ], [ -78.689079552217791, 35.75766083110112, 0.0 ], [ -78.689031266079098, 35.757689689068641, 0.0 ], [ -78.689172391982439, 35.757850172234107, 0.0 ], [ -78.689029723631108, 35.757932491975794, 0.0 ], [ -78.689050591758487, 35.757955787580862, 0.0 ], [ -78.6886131465522, 35.758201616670085, 0.0 ], [ -78.688588342265973, 35.758174445919977, 0.0 ], [ -78.688564172334125, 35.758187604279456, 0.0 ], [ -78.688684892817292, 35.758325229737665, 0.0 ], [ -78.68855423554794, 35.758402158870524, 0.0 ], [ -78.68857895244814, 35.758428489339863, 0.0 ], [ -78.688344846953612, 35.758562639349158, 0.0 ], [ -78.688214906349501, 35.758413220076811, 0.0 ], [ -78.688439597597153, 35.758283397966892, 0.0 ], [ -78.688335660531934, 35.758224215911547, 0.0 ], [ -78.688405152196864, 35.758142929321693, 0.0 ], [ -78.688450270252019, 35.758168449417546, 0.0 ], [ -78.688538552565419, 35.758119196276802, 0.0 ], [ -78.688449101344844, 35.758021988968601, 0.0 ], [ -78.687888132241397, 35.758342122525555, 0.0 ], [ -78.687943206272081, 35.758373037688877, 0.0 ], [ -78.687716880029328, 35.758638549058908, 0.0 ] ] ] } },
{ "type": "Feature", "properties": { "OBJECTID": 397, "BLDGNUM": "790A", "Precinct_N": "Centennial Campus", "story_group": "centennial" }, "geometry": { "type": "Polygon", "coordinates": [ [ [ -78.682921863456485, 35.761902460235234, 0.0 ], [ -78.682904758020328, 35.761980251171273, 0.0 ], [ -78.682916360953058, 35.761981943474559, 0.0 ], [ -78.682896569004413, 35.762071943455148, 0.0 ], [ -78.682885804954353, 35.76207037141149, 0.0 ], [ -78.682871356715509, 35.762136074898422, 0.0 ], [ -78.682785317218446, 35.762123506807015, 0.0 ], [ -78.682814183429969, 35.761992232269719, 0.0 ], [ -78.68278704731425, 35.761988268652381, 0.0 ], [ -78.682777215436602, 35.762032980817509, 0.0 ], [ -78.682715970166598, 35.762024032189288, 0.0 ], [ -78.682725885364221, 35.761978949789722, 0.0 ], [ -78.682697752333283, 35.761974837536222, 0.0 ], [ -78.682684483999466, 35.76203516750455, 0.0 ], [ -78.682662127930598, 35.762036453175845, 0.0 ], [ -78.682660127127818, 35.762045541716681, 0.0 ], [ -78.682640361921955, 35.762042654558975, 0.0 ], [ -78.682642692683501, 35.762032053505926, 0.0 ], [ -78.682604428985044, 35.762024186836129, 0.0 ], [ -78.682592618707943, 35.762077885731394, 0.0 ], [ -78.682530504692423, 35.762068811260654, 0.0 ], [ -78.682542043705638, 35.76201633209655, 0.0 ], [ -78.682506047914401, 35.7620110726128, 0.0 ], [ -78.682503772313609, 35.762021421428194, 0.0 ], [ -78.682483653441579, 35.762018481945915, 0.0 ], [ -78.682485739873201, 35.762008995232897, 0.0 ], [ -78.682461120428258, 35.762005397743735, 0.0 ], [ -78.682494568673548, 35.761853299536611, 0.0 ], [ -78.682519155064398, 35.761853190567933, 0.0 ], [ -78.682521211112743, 35.76184383537224, 0.0 ], [ -78.682539112815178, 35.761846450891731, 0.0 ], [ -78.682537184052194, 35.761855215131675, 0.0 ], [ -78.682555454863333, 35.761860997163993, 0.0 ], [ -78.682554425733343, 35.761865675209926, 0.0 ], [ -78.682571966027098, 35.76186823750411, 0.0 ], [ -78.682584435031487, 35.761811529803609, 0.0 ], [ -78.682648600197751, 35.761820903433829, 0.0 ], [ -78.682636306941717, 35.761876798577831, 0.0 ], [ -78.682654994498009, 35.761879526093054, 0.0 ], [ -78.682656043909887, 35.761874750753023, 0.0 ], [ -78.682673144319665, 35.761877248791713, 0.0 ], [ -78.682675165407801, 35.761868062055491, 0.0 ], [ -78.682697248271694, 35.761871289647942, 0.0 ], [ -78.682696009693245, 35.761876927090711, 0.0 ], [ -78.682719540441809, 35.761880364861064, 0.0 ], [ -78.682708870777645, 35.761928898380894, 0.0 ], [ -78.682733719009093, 35.761932526160713, 0.0 ], [ -78.682739312819436, 35.761907078400299, 0.0 ], [ -78.68280283482629, 35.761916357434004, 0.0 ], [ -78.682797509091543, 35.761940566534513, 0.0 ], [ -78.68282404173209, 35.761944440245415, 0.0 ], [ -78.682836028676576, 35.761889920652983, 0.0 ], [ -78.682921863456485, 35.761902460235234, 0.0 ] ] ] } },
{ "type": "Feature", "properties": { "OBJECTID": 398, "BLDGNUM": "462", "Precinct_N": "West Campus", "story_group": "vet" }, "geometry": { "type": "Polygon", "coordinates": [ [ [ -78.700438700751889, 35.791795678279314, 0.0 ], [ -78.700376740696996, 35.791831524709451, 0.0 ], [ -78.700351156953261, 35.791802169011788, 0.0 ], [ -78.700412284146282, 35.791766571120135, 0.0 ], [ -78.700438700751889, 35.791795678279314, 0.0 ] ] ] } },
{ "type": "Feature", "properties": { "OBJECTID": 399, "BLDGNUM": "173A", "Precinct_N": "Central Campus", "story_group": "main" }, "geometry": { "type": "Polygon", "coordinates": [ [ [ -78.694959290946088, 35.788366367974042, 0.0 ], [ -78.694642437084553, 35.788359970594158, 0.0 ], [ -78.694641775858813, 35.78839036320079, 0.0 ], [ -78.694603655280162, 35.788389619586141, 0.0 ], [ -78.694604550017161, 35.788359205932657, 0.0 ], [ -78.694255672904546, 35.788352160326795, 0.0 ], [ -78.694259307169901, 35.788232689816937, 0.0 ], [ -78.694962924172856, 35.788246897443777, 0.0 ], [ -78.694959290946088, 35.788366367974042, 0.0 ] ] ] } },
{ "type": "Feature", "properties": { "OBJECTID": 400, "BLDGNUM": "173B", "Precinct_N": "Central Campus", "story_group": "main" }, "geometry": { "type": "Polygon", "coordinates": [ [ [ -78.695002577377863, 35.788200557602792, 0.0 ], [ -78.694651714125769, 35.788194972843137, 0.0 ], [ -78.694650327272541, 35.788240586453938, 0.0 ], [ -78.694613018939208, 35.788239791698295, 0.0 ], [ -78.694613825947684, 35.788194229813833, 0.0 ], [ -78.694264944347552, 35.788187388826465, 0.0 ], [ -78.694268514098397, 35.788066542694992, 0.0 ], [ -78.695006486699853, 35.788080604634963, 0.0 ], [ -78.695002577377863, 35.788200557602792, 0.0 ] ] ] } },
{ "type": "Feature", "properties": { "OBJECTID": 402, "BLDGNUM": "173C", "Precinct_N": "Central Campus", "story_group": "main" }, "geometry": { "type": "Polygon", "coordinates": [ [ [ -78.695006376745653, 35.78806018438079, 0.0 ], [ -78.694655817455541, 35.78805306990759, 0.0 ], [ -78.694655205512248, 35.788073926407051, 0.0 ], [ -78.694619015323511, 35.788073221885753, 0.0 ], [ -78.694619615219949, 35.788052335611887, 0.0 ], [ -78.694269055997893, 35.788045220025907, 0.0 ], [ -78.694272750733248, 35.787924376005009, 0.0 ], [ -78.69501007037664, 35.787939341239458, 0.0 ], [ -78.695006376745653, 35.78806018438079, 0.0 ] ] ] } },
{ "type": "Feature", "properties": { "OBJECTID": 404, "BLDGNUM": "453", "Precinct_N": "West Campus", "story_group": "vet" }, "geometry": { "type": "Polygon", "coordinates": [ [ [ -78.699257997286423, 35.791844005673404, 0.0 ], [ -78.699200798004341, 35.791840923389181, 0.0 ], [ -78.699205247850045, 35.791786097499781, 0.0 ], [ -78.699262445987245, 35.791789179779251, 0.0 ], [ -78.699257997286423, 35.791844005673404, 0.0 ] ] ] } },
{ "type": "Feature", "properties": { "OBJECTID": 405, "BLDGNUM": "450", "Precinct_N": "West Campus", "story_group": "vet" }, "geometry": { "type": "Polygon", "coordinates": [ [ [ -78.698820958828165, 35.791820619683307, 0.0 ], [ -78.698758213117046, 35.791816220137292, 0.0 ], [ -78.698764394126243, 35.79175439419754, 0.0 ], [ -78.698827140899354, 35.791758792841868, 0.0 ], [ -78.698820958828165, 35.791820619683307, 0.0 ] ] ] } },
{ "type": "Feature", "properties": { "OBJECTID": 406, "BLDGNUM": "452", "Precinct_N": "West Campus", "story_group": "vet" }, "geometry": { "type": "Polygon", "coordinates": [ [ [ -78.698934982557432, 35.791825825526722, 0.0 ], [ -78.698940741036154, 35.791764538439608, 0.0 ], [ -78.699187193328484, 35.791780111266142, 0.0 ], [ -78.699181436145011, 35.791841397465952, 0.0 ], [ -78.698934982557432, 35.791825825526722, 0.0 ] ] ] } },
{ "type": "Feature", "properties": { "OBJECTID": 407, "BLDGNUM": "454", "Precinct_N": "West Campus", "story_group": "vet" }, "geometry": { "type": "Polygon", "coordinates": [ [ [ -78.699286646300237, 35.79185012079801, 0.0 ], [ -78.699294333361109, 35.791788974558195, 0.0 ], [ -78.699423081138448, 35.791799717186151, 0.0 ], [ -78.69941539417394, 35.791860863433875, 0.0 ], [ -78.699286646300237, 35.79185012079801, 0.0 ] ] ] } },
{ "type": "Feature", "properties": { "OBJECTID": 409, "BLDGNUM": "451", "Precinct_N": "West Campus", "story_group": "vet" }, "geometry": { "type": "Polygon", "coordinates": [ [ [ -78.698857741865282, 35.791818250833145, 0.0 ], [ -78.698862191942325, 35.791763424955874, 0.0 ], [ -78.698919390050364, 35.79176650739641, 0.0 ], [ -78.698914941118247, 35.791821333278449, 0.0 ], [ -78.698857741865282, 35.791818250833145, 0.0 ] ] ] } },
{ "type": "Feature", "properties": { "OBJECTID": 422, "BLDGNUM": "135G", "Precinct_N": "West Campus", "story_group": "vet" }, "geometry": { "type": "Polygon", "coordinates": [ [ [ -78.715514929878367, 35.803174254524812, 0.0 ], [ -78.715427819023745, 35.803081923336194, 0.0 ], [ -78.715551867934607, 35.803004257837543, 0.0 ], [ -78.715558080639212, 35.803010856630429, 0.0 ], [ -78.715669419296006, 35.802941148118784, 0.0 ], [ -78.715672159701114, 35.802944052322069, 0.0 ], [ -78.715680076019126, 35.802939096295283, 0.0 ], [ -78.715656362610147, 35.802913960268555, 0.0 ], [ -78.715808095364736, 35.80281896142791, 0.0 ], [ -78.715924711536061, 35.802942567343564, 0.0 ], [ -78.715772978683333, 35.803037567226838, 0.0 ], [ -78.715749264110173, 35.803012431216523, 0.0 ], [ -78.715741347789162, 35.803017387247749, 0.0 ], [ -78.715744088196274, 35.803020292350638, 0.0 ], [ -78.715632644152109, 35.80309006648065, 0.0 ], [ -78.715638855763416, 35.803096665266622, 0.0 ], [ -78.715514929878367, 35.803174254524812, 0.0 ] ] ] } },
{ "type": "Feature", "properties": { "OBJECTID": 423, "BLDGNUM": "163H", "Precinct_N": "West Campus", "story_group": "vet" }, "geometry": { "type": "Polygon", "coordinates": [ [ [ -78.697766565968507, 35.790566314591636, 0.0 ], [ -78.697766357264626, 35.790622165887363, 0.0 ], [ -78.697628108518572, 35.790621822871778, 0.0 ], [ -78.697628317317907, 35.790565971576278, 0.0 ], [ -78.697766565968507, 35.790566314591636, 0.0 ] ] ] } },
{ "type": "Feature", "properties": { "OBJECTID": 424, "BLDGNUM": "163K", "Precinct_N": "West Campus", "story_group": "vet" }, "geometry": { "type": "Polygon", "coordinates": [ [ [ -78.698331773472376, 35.790633928090934, 0.0 ], [ -78.698358186643759, 35.7906339934855, 0.0 ], [ -78.698358087600496, 35.790660550454362, 0.0 ], [ -78.698331674420416, 35.790660485059796, 0.0 ], [ -78.698331773472376, 35.790633928090934, 0.0 ] ] ] } },
{ "type": "Feature", "properties": { "OBJECTID": 425, "BLDGNUM": "163J", "Precinct_N": "West Campus", "story_group": "vet" }, "geometry": { "type": "Polygon", "coordinates": [ [ [ -78.698417900244593, 35.790614948976774, 0.0 ], [ -78.698417695368008, 35.79066989442989, 0.0 ], [ -78.698377232619364, 35.790669794268432, 0.0 ], [ -78.698377437523447, 35.790614848815373, 0.0 ], [ -78.698417900244593, 35.790614948976774, 0.0 ] ] ] } },
{ "type": "Feature", "properties": { "OBJECTID": 428, "BLDGNUM": "338A", "Precinct_N": "West Campus", "story_group": "vet" }, "geometry": { "type": "Polygon", "coordinates": [ [ [ -78.703905558149671, 35.800180272127974, 0.0 ], [ -78.703902907819511, 35.799981870505356, 0.0 ], [ -78.703962491689481, 35.799981959392014, 0.0 ], [ -78.70396183493915, 35.800180410664531, 0.0 ], [ -78.703905558149671, 35.800180272127974, 0.0 ] ] ] } },
{ "type": "Feature", "properties": { "OBJECTID": 431, "BLDGNUM": "446D", "Precinct_N": "West Campus", "story_group": "vet" }, "geometry": { "type": "Polygon", "coordinates": [ [ [ -78.698746237662547, 35.79381775160126, 0.0 ], [ -78.698745530299576, 35.794007656619769, 0.0 ], [ -78.698737521716666, 35.794007636818797, 0.0 ], [ -78.698737381007405, 35.794045411775791, 0.0 ], [ -78.698745389594052, 35.794045431576798, 0.0 ], [ -78.698745325636978, 35.794062602011657, 0.0 ], [ -78.698736052534699, 35.794062579084155, 0.0 ], [ -78.698735973225425, 35.794083870423258, 0.0 ], [ -78.698745246330134, 35.794083893350766, 0.0 ], [ -78.698745030151485, 35.794141930320826, 0.0 ], [ -78.698552893541077, 35.794141455123537, 0.0 ], [ -78.698554101822282, 35.793817276405839, 0.0 ], [ -78.698746237662547, 35.79381775160126, 0.0 ] ] ] } },
{ "type": "Feature", "properties": { "OBJECTID": 432, "BLDGNUM": "172F", "Precinct_N": "Central Campus", "story_group": "main" }, "geometry": { "type": "Polygon", "coordinates": [ [ [ -78.696055070215252, 35.788054180103742, 0.0 ], [ -78.69585812934784, 35.788053688634733, 0.0 ], [ -78.69585840543273, 35.787980266633561, 0.0 ], [ -78.696055346121369, 35.78798075810213, 0.0 ], [ -78.696055070215252, 35.788054180103742, 0.0 ] ] ] } },
{ "type": "Feature", "properties": { "OBJECTID": 433, "BLDGNUM": "492", "Precinct_N": "West Campus", "story_group": "vet" }, "geometry": { "type": "Polygon", "coordinates": [ [ [ -78.698955277995978, 35.791156048023488, 0.0 ], [ -78.698951916589721, 35.791221873005426, 0.0 ], [ -78.69889831178628, 35.791220055932683, 0.0 ], [ -78.698902128054584, 35.791154194219708, 0.0 ], [ -78.698955277995978, 35.791156048023488, 0.0 ] ] ] } },
{ "type": "Feature", "properties": { "OBJECTID": 434, "BLDGNUM": "442A", "Precinct_N": "West Campus", "story_group": "vet" }, "geometry": { "type": "Polygon", "coordinates": [ [ [ -78.699255440761874, 35.793193506786459, 0.0 ], [ -78.699254872063392, 35.793346444477805, 0.0 ], [ -78.699165325796216, 35.793346223419789, 0.0 ], [ -78.69916589466402, 35.793193285728847, 0.0 ], [ -78.699255440761874, 35.793193506786459, 0.0 ] ] ] } },
{ "type": "Feature", "properties": { "OBJECTID": 435, "BLDGNUM": "446C", "Precinct_N": "West Campus", "story_group": "vet" }, "geometry": { "type": "Polygon", "coordinates": [ [ [ -78.698906391470175, 35.790841028146659, 0.0 ], [ -78.698904758856514, 35.790939026387832, 0.0 ], [ -78.698710898543311, 35.790938547160728, 0.0 ], [ -78.69870973206865, 35.79084126127276, 0.0 ], [ -78.698906391470175, 35.790841028146659, 0.0 ] ] ] } },
{ "type": "Feature", "properties": { "OBJECTID": 436, "BLDGNUM": "444", "Precinct_N": "West Campus", "story_group": "vet" }, "geometry": { "type": "Polygon", "coordinates": [ [ [ -78.69755398199753, 35.790898889746487, 0.0 ], [ -78.697538229950638, 35.79118429559832, 0.0 ], [ -78.697336342252697, 35.791176322113195, 0.0 ], [ -78.69734290063478, 35.79089537673503, 0.0 ], [ -78.69755398199753, 35.790898889746487, 0.0 ] ] ] } },
{ "type": "Feature", "properties": { "OBJECTID": 437, "BLDGNUM": "444B", "Precinct_N": "West Campus", "story_group": "vet" }, "geometry": { "type": "Polygon", "coordinates": [ [ [ -78.698383370481665, 35.790904086010947, 0.0 ], [ -78.698377997635106, 35.791019389811161, 0.0 ], [ -78.697558968215105, 35.790992318361297, 0.0 ], [ -78.697564342227466, 35.790877014596155, 0.0 ], [ -78.698383370481665, 35.790904086010947, 0.0 ] ] ] } },
{ "type": "Feature", "properties": { "OBJECTID": 438, "BLDGNUM": "444A", "Precinct_N": "West Campus", "story_group": "vet" }, "geometry": { "type": "Polygon", "coordinates": [ [ [ -78.698372312799719, 35.7911047330496, 0.0 ], [ -78.698366941030386, 35.791220036844464, 0.0 ], [ -78.697547909585623, 35.791192964420738, 0.0 ], [ -78.697553283623662, 35.791077661565026, 0.0 ], [ -78.698372312799719, 35.7911047330496, 0.0 ] ] ] } },
{ "type": "Feature", "properties": { "OBJECTID": 439, "BLDGNUM": "300C", "Precinct_N": "West Campus", "story_group": "vet" }, "geometry": { "type": "Polygon", "coordinates": [ [ [ -78.703512358727053, 35.797023179715453, 0.0 ], [ -78.703513265395557, 35.796995564788908, 0.0 ], [ -78.703507328675983, 35.796995560258196, 0.0 ], [ -78.703507389718737, 35.79693786727843, 0.0 ], [ -78.703513326434091, 35.796937871809099, 0.0 ], [ -78.703512477046019, 35.796910026371968, 0.0 ], [ -78.703547076863245, 35.796910765832159, 0.0 ], [ -78.70354710336612, 35.796885124505756, 0.0 ], [ -78.70351250274129, 35.796885815474042, 0.0 ], [ -78.703513410667114, 35.796857857137844, 0.0 ], [ -78.703507473957629, 35.796857852607161, 0.0 ], [ -78.703507535000242, 35.796800159624723, 0.0 ], [ -78.703513470599091, 35.796800164152742, 0.0 ], [ -78.703512622735133, 35.796772205148848, 0.0 ], [ -78.703547221387069, 35.796772944606346, 0.0 ], [ -78.703546373251143, 35.796744754858167, 0.0 ], [ -78.703793205137089, 35.79674564266648, 0.0 ], [ -78.703793262634846, 35.796690976381853, 0.0 ], [ -78.703833728660058, 35.796691004440397, 0.0 ], [ -78.703833821620279, 35.796669849255636, 0.0 ], [ -78.703782546526966, 35.796669812947421, 0.0 ], [ -78.703782542631416, 35.796673293021492, 0.0 ], [ -78.703774105574084, 35.796673286932062, 0.0 ], [ -78.703774200318719, 35.796583082602034, 0.0 ], [ -78.703740478679322, 35.79658305830305, 0.0 ], [ -78.703740537271713, 35.796527196837829, 0.0 ], [ -78.703774258887805, 35.796527221136785, 0.0 ], [ -78.703774381720038, 35.796410923001886, 0.0 ], [ -78.704152764740599, 35.796411185219071, 0.0 ], [ -78.704152793329058, 35.796383711464244, 0.0 ], [ -78.704176960448208, 35.796383727776174, 0.0 ], [ -78.704176968440748, 35.796376400781433, 0.0 ], [ -78.704199449477414, 35.796376416600808, 0.0 ], [ -78.704199441486864, 35.796383743595563, 0.0 ], [ -78.704230329616408, 35.796384388224276, 0.0 ], [ -78.70423541114944, 35.796383768717675, 0.0 ], [ -78.704235419140048, 35.796376440821597, 0.0 ], [ -78.704257900176728, 35.796376456630171, 0.0 ], [ -78.704257892188167, 35.796383784526256, 0.0 ], [ -78.704282059307374, 35.796383800817352, 0.0 ], [ -78.704282030759586, 35.796411275473588, 0.0 ], [ -78.704423801864465, 35.796411373392353, 0.0 ], [ -78.704423635174194, 35.796571409968408, 0.0 ], [ -78.704448082254984, 35.796571426905544, 0.0 ], [ -78.704447868937606, 35.796777234433428, 0.0 ], [ -78.704505189228442, 35.796777274305633, 0.0 ], [ -78.704505164863733, 35.796796963171865, 0.0 ], [ -78.704514163965868, 35.796796968770948, 0.0 ], [ -78.704514144622081, 35.796815284003252, 0.0 ], [ -78.704505149946584, 35.796815277513645, 0.0 ], [ -78.704505119214517, 35.796844581885701, 0.0 ], [ -78.704514113893282, 35.796844588375372, 0.0 ], [ -78.704514094549481, 35.796862903607391, 0.0 ], [ -78.704505100975027, 35.796862897120398, 0.0 ], [ -78.704505079929305, 35.79688258599414, 0.0 ], [ -78.704447759560523, 35.796882547023252, 0.0 ], [ -78.704447654739681, 35.796983282603506, 0.0 ], [ -78.704525214903796, 35.796983335503384, 0.0 ], [ -78.704525194969349, 35.797003024378974, 0.0 ], [ -78.704534189665736, 35.797003030867153, 0.0 ], [ -78.704534170326426, 35.797021346098248, 0.0 ], [ -78.704525175627964, 35.797021339610069, 0.0 ], [ -78.704525144903073, 35.797050643980128, 0.0 ], [ -78.70453413960476, 35.797050650468321, 0.0 ], [ -78.704534120265436, 35.797068965699133, 0.0 ], [ -78.704525126668059, 35.797068959213611, 0.0 ], [ -78.70452510562717, 35.797088648086032, 0.0 ], [ -78.704447545362044, 35.797088595186118, 0.0 ], [ -78.704447440547241, 35.797189328956833, 0.0 ], [ -78.704504767771581, 35.797189367944014, 0.0 ], [ -78.704504747832047, 35.797209056818296, 0.0 ], [ -78.704513741444998, 35.797209063305317, 0.0 ], [ -78.70451372320737, 35.797227378537798, 0.0 ], [ -78.704504728486029, 35.797227372048134, 0.0 ], [ -78.704504697753606, 35.797256676416161, 0.0 ], [ -78.704513692478258, 35.797256682905847, 0.0 ], [ -78.704513673134258, 35.797274998135393, 0.0 ], [ -78.704504678407588, 35.797274991645686, 0.0 ], [ -78.704504658467997, 35.797294680519414, 0.0 ], [ -78.70444733116905, 35.797294641532176, 0.0 ], [ -78.704447277060595, 35.797346382056105, 0.0 ], [ -78.704388209930414, 35.79734771426952, 0.0 ], [ -78.704388131547347, 35.797423035651065, 0.0 ], [ -78.704179134851543, 35.797422890780723, 0.0 ], [ -78.704179141135327, 35.797416938331359, 0.0 ], [ -78.704183078688004, 35.797416940679931, 0.0 ], [ -78.704183106622708, 35.797390550346151, 0.0 ], [ -78.704155812617685, 35.797390531852415, 0.0 ], [ -78.704155784674086, 35.797416922186194, 0.0 ], [ -78.70415943788953, 35.797416924746486, 0.0 ], [ -78.704159431604353, 35.797422877195842, 0.0 ], [ -78.703967217352726, 35.797422743863997, 0.0 ], [ -78.703967274387992, 35.79736756743101, 0.0 ], [ -78.703684994509388, 35.797367370740098, 0.0 ], [ -78.703685043320291, 35.797320530801194, 0.0 ], [ -78.703695718616856, 35.797320538734006, 0.0 ], [ -78.703695743280022, 35.797296896584051, 0.0 ], [ -78.703717946877163, 35.797296911816986, 0.0 ], [ -78.703718237423516, 35.797020701553379, 0.0 ], [ -78.7036413089577, 35.79702064787368, 0.0 ], [ -78.703641334251017, 35.796996838073156, 0.0 ], [ -78.703546770449265, 35.796996772086025, 0.0 ], [ -78.703545457022315, 35.797017343834661, 0.0 ], [ -78.703553391562366, 35.797018629524864, 0.0 ], [ -78.703553386948585, 35.797023208333243, 0.0 ], [ -78.703512358727053, 35.797023179715453, 0.0 ] ] ] } },
{ "type": "Feature", "properties": { "OBJECTID": 440, "BLDGNUM": "138", "Precinct_N": "", "story_group": "other" }, "geometry": { "type": "Polygon", "coordinates": [ [ [ -78.686506901837305, 35.793829646441786, 0.0 ], [ -78.686146728668447, 35.793773484870222, 0.0 ], [ -78.686255913129173, 35.7933087005174, 0.0 ], [ -78.686282408757805, 35.79331283199874, 0.0 ], [ -78.686276228629893, 35.793339140740123, 0.0 ], [ -78.6865486338762, 35.793381616415033, 0.0 ], [ -78.68655560583322, 35.793351935065402, 0.0 ], [ -78.686605284639398, 35.79335968191517, 0.0 ], [ -78.686598312699942, 35.793389363267544, 0.0 ], [ -78.68660990428063, 35.793391170532679, 0.0 ], [ -78.686506901837305, 35.793829646441786, 0.0 ] ] ] } },
{ "type": "Feature", "properties": { "OBJECTID": 442, "BLDGNUM": "163G", "Precinct_N": "West Campus", "story_group": "vet" }, "geometry": { "type": "Polygon", "coordinates": [ [ [ -78.697865915389741, 35.790448313604273, 0.0 ], [ -78.697649102662425, 35.790447713573087, 0.0 ], [ -78.697649820759935, 35.790349724777158, 0.0 ], [ -78.697866199303633, 35.790349210570426, 0.0 ], [ -78.697865915389741, 35.790448313604273, 0.0 ] ] ] } },
{ "type": "Feature", "properties": { "OBJECTID": 447, "BLDGNUM": "300E", "Precinct_N": "West Campus", "story_group": "vet" }, "geometry": { "type": "Polygon", "coordinates": [ [ [ -78.706752213203899, 35.797797022927924, 0.0 ], [ -78.706697321738048, 35.797792115502645, 0.0 ], [ -78.706700816812869, 35.797766172472777, 0.0 ], [ -78.70587620385156, 35.797692442482436, 0.0 ], [ -78.705883891557633, 35.797635377235288, 0.0 ], [ -78.705769364173207, 35.79762513730536, 0.0 ], [ -78.705779702454706, 35.797548402162874, 0.0 ], [ -78.705892553018558, 35.797558492920238, 0.0 ], [ -78.705944367603962, 35.797173880021845, 0.0 ], [ -78.706765998491463, 35.797248725472343, 0.0 ], [ -78.706704005159352, 35.797708879123014, 0.0 ], [ -78.70676337149645, 35.797714186694307, 0.0 ], [ -78.706752213203899, 35.797797022927924, 0.0 ] ] ] } },
{ "type": "Feature", "properties": { "OBJECTID": 448, "BLDGNUM": "135F", "Precinct_N": "West Campus", "story_group": "vet" }, "geometry": { "type": "Polygon", "coordinates": [ [ [ -78.718185171321906, 35.799785674604813, 0.0 ], [ -78.718201893340108, 35.799775225270537, 0.0 ], [ -78.718158793766676, 35.799729451025506, 0.0 ], [ -78.718211750181084, 35.799673318087493, 0.0 ], [ -78.718250925005236, 35.799638530371702, 0.0 ], [ -78.718315018057751, 35.799590720884751, 0.0 ], [ -78.718409322246856, 35.799535930890301, 0.0 ], [ -78.718485684937789, 35.7995021375813, 0.0 ], [ -78.718565957577965, 35.799475016871085, 0.0 ], [ -78.718609056143038, 35.799520790072066, 0.0 ], [ -78.718625780267615, 35.799510339782493, 0.0 ], [ -78.718726350763859, 35.799617151970949, 0.0 ], [ -78.718792353567011, 35.799575906603323, 0.0 ], [ -78.718841615420899, 35.799628225963346, 0.0 ], [ -78.718950990341938, 35.799560464870275, 0.0 ], [ -78.718978281868544, 35.799550897883414, 0.0 ], [ -78.71900402725727, 35.799547842219809, 0.0 ], [ -78.719037122388215, 35.799551486943145, 0.0 ], [ -78.719070245022834, 35.799565050981585, 0.0 ], [ -78.719095682209925, 35.799587020328389, 0.0 ], [ -78.719110368461955, 35.799614749695998, 0.0 ], [ -78.719111417897466, 35.799650899504549, 0.0 ], [ -78.719103536573684, 35.799671098420895, 0.0 ], [ -78.71909216931617, 35.799686742935442, 0.0 ], [ -78.719068661226416, 35.799705346503892, 0.0 ], [ -78.718968927584243, 35.799767951730246, 0.0 ], [ -78.71900782885578, 35.799809266084473, 0.0 ], [ -78.718871158596997, 35.799876115190472, 0.0 ], [ -78.718740105000137, 35.799950052634649, 0.0 ], [ -78.718615221224766, 35.800030766946627, 0.0 ], [ -78.718555257959594, 35.800073560245266, 0.0 ], [ -78.718440608105027, 35.800163791838379, 0.0 ], [ -78.718401666169896, 35.800122433048017, 0.0 ], [ -78.718292061970885, 35.800190550940535, 0.0 ], [ -78.718268659150141, 35.800199803181712, 0.0 ], [ -78.718246910803089, 35.800203858505753, 0.0 ], [ -78.718206286337718, 35.800201488680628, 0.0 ], [ -78.718169707430704, 35.800186899703974, 0.0 ], [ -78.71814063447917, 35.800159585818967, 0.0 ], [ -78.718128088341402, 35.800128019773602, 0.0 ], [ -78.718130961962842, 35.800094922865078, 0.0 ], [ -78.718151131079296, 35.800062719531752, 0.0 ], [ -78.718268315430308, 35.799985321053583, 0.0 ], [ -78.71821973936828, 35.79993373133717, 0.0 ], [ -78.718285742684984, 35.79989248714967, 0.0 ], [ -78.718185171321906, 35.799785674604813, 0.0 ] ] ] } },
{ "type": "Feature", "properties": { "OBJECTID": 449, "BLDGNUM": "135C", "Precinct_N": "West Campus", "story_group": "vet" }, "geometry": { "type": "Polygon", "coordinates": [ [ [ -78.720184571070575, 35.800016474720479, 0.0 ], [ -78.720188701715031, 35.800013468318291, 0.0 ], [ -78.720100909105753, 35.799933430400813, 0.0 ], [ -78.719918105471393, 35.799803612024824, 0.0 ], [ -78.719971534822335, 35.799755621228158, 0.0 ], [ -78.720011290034975, 35.799784995354159, 0.0 ], [ -78.720069614859767, 35.799732608204316, 0.0 ], [ -78.720050464509399, 35.799718458219722, 0.0 ], [ -78.720120144116336, 35.799655870513433, 0.0 ], [ -78.720045022683223, 35.799600364609866, 0.0 ], [ -78.720049177951012, 35.799596632688868, 0.0 ], [ -78.720293814342881, 35.79977739241474, 0.0 ], [ -78.720347477069069, 35.799826299770729, 0.0 ], [ -78.720387706362686, 35.799797006564788, 0.0 ], [ -78.720491274342692, 35.799891398269445, 0.0 ], [ -78.720450930788346, 35.799920775972616, 0.0 ], [ -78.720485391737185, 35.79995218293891, 0.0 ], [ -78.720355602676932, 35.80004669452137, 0.0 ], [ -78.720361786789439, 35.800052330377525, 0.0 ], [ -78.720352567156681, 35.800059043138774, 0.0 ], [ -78.72034975469083, 35.800056480480997, 0.0 ], [ -78.720292136367291, 35.800098438160823, 0.0 ], [ -78.720294948832773, 35.8001010008199, 0.0 ], [ -78.720285194556766, 35.800108102629395, 0.0 ], [ -78.720357967955636, 35.800179541399508, 0.0 ], [ -78.720494921472806, 35.800327920707893, 0.0 ], [ -78.720578245523043, 35.800283245752681, 0.0 ], [ -78.720585280758101, 35.800291687620543, 0.0 ], [ -78.720732495930861, 35.800208357215972, 0.0 ], [ -78.720758919552367, 35.800240587533622, 0.0 ], [ -78.720801379030576, 35.800217174246498, 0.0 ], [ -78.720855664380778, 35.800283004572876, 0.0 ], [ -78.720953786525484, 35.800413675885345, 0.0 ], [ -78.720949909906849, 35.800415531882336, 0.0 ], [ -78.720883497349547, 35.800326538203109, 0.0 ], [ -78.720840500467304, 35.800348249456519, 0.0 ], [ -78.720951629704999, 35.800501978924942, 0.0 ], [ -78.721076889824886, 35.800704007433524, 0.0 ], [ -78.72107385303029, 35.80070520196977, 0.0 ], [ -78.720968670694745, 35.800534022761603, 0.0 ], [ -78.720798311297443, 35.800610296997235, 0.0 ], [ -78.720830742227434, 35.800660667024246, 0.0 ], [ -78.720768279039518, 35.800687479406683, 0.0 ], [ -78.720811814092684, 35.800754789444774, 0.0 ], [ -78.720807836175638, 35.800756497385095, 0.0 ], [ -78.720764301128, 35.800689186444323, 0.0 ], [ -78.720761575315663, 35.800690356447838, 0.0 ], [ -78.720775602967166, 35.800713264623852, 0.0 ], [ -78.72060974834929, 35.800779923495845, 0.0 ], [ -78.720557337714169, 35.800696952965254, 0.0 ], [ -78.720442317549299, 35.800535589776622, 0.0 ], [ -78.720314144880575, 35.800380942819672, 0.0 ], [ -78.720245307738153, 35.800306361977221, 0.0 ], [ -78.720098529791017, 35.800163112786628, 0.0 ], [ -78.72002075659573, 35.800094608856931, 0.0 ], [ -78.719856889603051, 35.799964236315859, 0.0 ], [ -78.719770983376876, 35.799902516846238, 0.0 ], [ -78.71989151989473, 35.799788251549749, 0.0 ], [ -78.720042031778917, 35.799898966666845, 0.0 ], [ -78.720184571070575, 35.800016474720479, 0.0 ] ] ] } },
{ "type": "Feature", "properties": { "OBJECTID": 450, "BLDGNUM": "307", "Precinct_N": "West Campus", "story_group": "vet" }, "geometry": { "type": "Polygon", "coordinates": [ [ [ -78.703556984598265, 35.799503732099687, 0.0 ], [ -78.70318764859978, 35.799504041726173, 0.0 ], [ -78.703186977627141, 35.799392939809316, 0.0 ], [ -78.70355645061845, 35.79939164084616, 0.0 ], [ -78.703556984598265, 35.799503732099687, 0.0 ] ] ] } },
{ "type": "Feature", "properties": { "OBJECTID": 452, "BLDGNUM": "308", "Precinct_N": "West Campus", "story_group": "vet" }, "geometry": { "type": "Polygon", "coordinates": [ [ [ -78.703143919379727, 35.799547452881058, 0.0 ], [ -78.703555471262064, 35.799548344831855, 0.0 ], [ -78.703556228915446, 35.799709886930408, 0.0 ], [ -78.703144667035076, 35.79971119333208, 0.0 ], [ -78.703143919379727, 35.799547452881058, 0.0 ] ] ] } },
{ "type": "Feature", "properties": { "OBJECTID": 453, "BLDGNUM": "386", "Precinct_N": "West Campus", "story_group": "vet" }, "geometry": { "type": "Polygon", "coordinates": [ [ [ -78.722713481672585, 35.803253265886056, 0.0 ], [ -78.722731860184936, 35.803277341937068, 0.0 ], [ -78.722752624671344, 35.803317742175153, 0.0 ], [ -78.72277999387255, 35.803392588623559, 0.0 ], [ -78.722794705115831, 35.803469760570366, 0.0 ], [ -78.722796489919602, 35.80354784410828, 0.0 ], [ -78.722785314424485, 35.803625408734391, 0.0 ], [ -78.722761384839217, 35.803701033501227, 0.0 ], [ -78.722725138502852, 35.803773333135858, 0.0 ], [ -78.722689658793499, 35.803825329117529, 0.0 ], [ -78.722632441992786, 35.803889475249385, 0.0 ], [ -78.722564913851414, 35.803946580046009, 0.0 ], [ -78.722508269448184, 35.803984127078877, 0.0 ], [ -78.722425903631589, 35.804026379080639, 0.0 ], [ -78.722337173348478, 35.804058973991353, 0.0 ], [ -78.7222447569211, 35.804081072445314, 0.0 ], [ -78.722150471217958, 35.80409234327842, 0.0 ], [ -78.722055178101016, 35.804092817295079, 0.0 ], [ -78.721937466817266, 35.804078230974433, 0.0 ], [ -78.721824652831131, 35.804047218885771, 0.0 ], [ -78.721720161878238, 35.804000721751741, 0.0 ], [ -78.72162716799005, 35.803940152032588, 0.0 ], [ -78.721152810794848, 35.803448769207876, 0.0 ], [ -78.721115399924642, 35.803383525723319, 0.0 ], [ -78.721089364647725, 35.803314711014259, 0.0 ], [ -78.721073551946972, 35.803225665683264, 0.0 ], [ -78.72107457813415, 35.803153660870592, 0.0 ], [ -78.721083333365158, 35.803100107955871, 0.0 ], [ -78.721098834363019, 35.803047578177257, 0.0 ], [ -78.721120916523532, 35.802996635394472, 0.0 ], [ -78.72114934228793, 35.802947823469957, 0.0 ], [ -78.721183808888583, 35.802901666286644, 0.0 ], [ -78.721233187681378, 35.802848558721863, 0.0 ], [ -78.721288825176998, 35.802799730593208, 0.0 ], [ -78.721329123087315, 35.80276979911099, 0.0 ], [ -78.721393931179506, 35.802729164356734, 0.0 ], [ -78.721439764264971, 35.802705091585324, 0.0 ], [ -78.721511947767979, 35.802673774557455, 0.0 ], [ -78.721583096665213, 35.802649857830524, 0.0 ], [ -78.721647672141501, 35.802634307610212, 0.0 ], [ -78.721713859701381, 35.802624215047231, 0.0 ], [ -78.721780968576695, 35.802619685821384, 0.0 ], [ -78.721848292708842, 35.80262076789316, 0.0 ], [ -78.721959069085756, 35.802634982459516, 0.0 ], [ -78.722065274853094, 35.802664313694194, 0.0 ], [ -78.722163823810021, 35.80270791091754, 0.0 ], [ -78.722235216179925, 35.802752221315188, 0.0 ], [ -78.722267966041386, 35.802777247762336, 0.0 ], [ -78.722713481672585, 35.803253265886056, 0.0 ] ] ] } },
{ "type": "Feature", "properties": { "OBJECTID": 454, "BLDGNUM": "424", "Precinct_N": "West Campus", "story_group": "vet" }, "geometry": { "type": "Polygon", "coordinates": [ [ [ -78.699440858255642, 35.792022360580702, 0.0 ], [ -78.699348456330242, 35.792016071070442, 0.0 ], [ -78.69935381174075, 35.791968495121225, 0.0 ], [ -78.699446213595522, 35.791974789134208, 0.0 ], [ -78.699440858255642, 35.792022360580702, 0.0 ] ] ] } },
{ "type": "Feature", "properties": { "OBJECTID": 455, "BLDGNUM": "420", "Precinct_N": "West Campus", "story_group": "vet" }, "geometry": { "type": "Polygon", "coordinates": [ [ [ -78.699419436839989, 35.792212644554205, 0.0 ], [ -78.699327032419248, 35.792206373049375, 0.0 ], [ -78.699332388961238, 35.792158797106836, 0.0 ], [ -78.699424792201668, 35.79216507401302, 0.0 ], [ -78.699419436839989, 35.792212644554205, 0.0 ] ] ] } },
{ "type": "Feature", "properties": { "OBJECTID": 456, "BLDGNUM": "423", "Precinct_N": "West Campus", "story_group": "vet" }, "geometry": { "type": "Polygon", "coordinates": [ [ [ -78.699435502912863, 35.792069931124892, 0.0 ], [ -78.699343099810463, 35.792063646114663, 0.0 ], [ -78.699348456330242, 35.792016071070442, 0.0 ], [ -78.699440858255642, 35.792022360580702, 0.0 ], [ -78.699435502912863, 35.792069931124892, 0.0 ] ] ] } },
{ "type": "Feature", "properties": { "OBJECTID": 457, "BLDGNUM": "422", "Precinct_N": "West Campus", "story_group": "vet" }, "geometry": { "type": "Polygon", "coordinates": [ [ [ -78.699430147560392, 35.792117502569418, 0.0 ], [ -78.69933774438735, 35.79211122206187, 0.0 ], [ -78.699343099810463, 35.792063646114663, 0.0 ], [ -78.699435502912863, 35.792069931124892, 0.0 ], [ -78.699430147560392, 35.792117502569418, 0.0 ] ] ] } },
{ "type": "Feature", "properties": { "OBJECTID": 458, "BLDGNUM": "460", "Precinct_N": "West Campus", "story_group": "vet" }, "geometry": { "type": "Polygon", "coordinates": [ [ [ -78.699549262563295, 35.791138849158074, 0.0 ], [ -78.699550129202208, 35.791104785888024, 0.0 ], [ -78.699588568008323, 35.791105391731413, 0.0 ], [ -78.699588944076964, 35.791094091603512, 0.0 ], [ -78.699645858445123, 35.79109511163076, 0.0 ], [ -78.699645681854633, 35.791106320313403, 0.0 ], [ -78.699684119415394, 35.791106963980006, 0.0 ], [ -78.699683318096191, 35.791141029214607, 0.0 ], [ -78.699549262563295, 35.791138849158074, 0.0 ] ] ] } },
{ "type": "Feature", "properties": { "OBJECTID": 459, "BLDGNUM": "421", "Precinct_N": "West Campus", "story_group": "vet" }, "geometry": { "type": "Polygon", "coordinates": [ [ [ -78.699424792201668, 35.79216507401302, 0.0 ], [ -78.699332388961238, 35.792158797106836, 0.0 ], [ -78.69933774438735, 35.79211122206187, 0.0 ], [ -78.699430147560392, 35.792117502569418, 0.0 ], [ -78.699424792201668, 35.79216507401302, 0.0 ] ] ] } },
{ "type": "Feature", "properties": { "OBJECTID": 460, "BLDGNUM": "164B", "Precinct_N": "West Campus", "story_group": "vet" }, "geometry": { "type": "Polygon", "coordinates": [ [ [ -78.698358639658935, 35.789199039407784, 0.0 ], [ -78.698503214642102, 35.78920181466264, 0.0 ], [ -78.698488065312148, 35.789720028825258, 0.0 ], [ -78.698343309131147, 35.789717240487704, 0.0 ], [ -78.698358639658935, 35.789199039407784, 0.0 ] ] ] } },
{ "type": "Feature", "properties": { "OBJECTID": 461, "BLDGNUM": "242B", "Precinct_N": "South Campus", "story_group": "main" }, "geometry": { "type": "Polygon", "coordinates": [ [ [ -78.685609990861707, 35.781837181779963, 0.0 ], [ -78.685717879699979, 35.781837460154698, 0.0 ], [ -78.685717555920306, 35.781920794299303, 0.0 ], [ -78.685609666970905, 35.781920515924305, 0.0 ], [ -78.685609990861707, 35.781837181779963, 0.0 ] ] ] } },
{ "type": "Feature", "properties": { "OBJECTID": 462, "BLDGNUM": "246A", "Precinct_N": "South Campus", "story_group": "main" }, "geometry": { "type": "Polygon", "coordinates": [ [ [ -78.683118909047366, 35.777823894567035, 0.0 ], [ -78.682936109290182, 35.77789447855578, 0.0 ], [ -78.682853100821731, 35.777751723191471, 0.0 ], [ -78.683035900328747, 35.777681139323995, 0.0 ], [ -78.683118909047366, 35.777823894567035, 0.0 ] ] ] } },
{ "type": "Feature", "properties": { "OBJECTID": 464, "BLDGNUM": "164A", "Precinct_N": "West Campus", "story_group": "vet" }, "geometry": { "type": "Polygon", "coordinates": [ [ [ -78.698123703834625, 35.789700664355252, 0.0 ], [ -78.6981293983482, 35.789511993646144, 0.0 ], [ -78.698283953642814, 35.789515013814864, 0.0 ], [ -78.698278434600113, 35.789703598435516, 0.0 ], [ -78.698123703834625, 35.789700664355252, 0.0 ] ] ] } },
{ "type": "Feature", "properties": { "OBJECTID": 477, "BLDGNUM": "446A", "Precinct_N": "West Campus", "story_group": "vet" }, "geometry": { "type": "Polygon", "coordinates": [ [ [ -78.699395277718409, 35.793711583641624, 0.0 ], [ -78.69927394154702, 35.793708546850617, 0.0 ], [ -78.699282224886915, 35.793488867499583, 0.0 ], [ -78.699403558519762, 35.793491903375752, 0.0 ], [ -78.699395277718409, 35.793711583641624, 0.0 ] ] ] } },
{ "type": "Feature", "properties": { "OBJECTID": 478, "BLDGNUM": "446B", "Precinct_N": "West Campus", "story_group": "vet" }, "geometry": { "type": "Polygon", "coordinates": [ [ [ -78.699660460897917, 35.794531707479678, 0.0 ], [ -78.699656827305404, 35.794666177137273, 0.0 ], [ -78.699543889619605, 35.794664150995978, 0.0 ], [ -78.699548170558927, 35.794529692852215, 0.0 ], [ -78.699660460897917, 35.794531707479678, 0.0 ] ] ] } },
{ "type": "Feature", "properties": { "OBJECTID": 479, "BLDGNUM": "446", "Precinct_N": "West Campus", "story_group": "vet" }, "geometry": { "type": "Polygon", "coordinates": [ [ [ -78.69978978248173, 35.794305006636442, 0.0 ], [ -78.699793154335111, 35.794305067222055, 0.0 ], [ -78.699792411819558, 35.794332533831408, 0.0 ], [ -78.699741917211767, 35.794328879749933, 0.0 ], [ -78.69974123100603, 35.794354286026675, 0.0 ], [ -78.69963784513196, 35.794352431329223, 0.0 ], [ -78.69963759761022, 35.794361586564825, 0.0 ], [ -78.699602199761088, 35.794360951283487, 0.0 ], [ -78.699603133536186, 35.79432638977201, 0.0 ], [ -78.699557547981328, 35.794328319821389, 0.0 ], [ -78.699557918724153, 35.794314586966749, 0.0 ], [ -78.699561290577762, 35.794314647558828, 0.0 ], [ -78.69956249632493, 35.794270014205459, 0.0 ], [ -78.699552382978979, 35.79426983333591, 0.0 ], [ -78.699552481789596, 35.794266166013337, 0.0 ], [ -78.699557538460624, 35.794266256898858, 0.0 ], [ -78.699557687147291, 35.794260777999121, 0.0 ], [ -78.699550382576845, 35.79426064641828, 0.0 ], [ -78.69951190684553, 35.794227887754822, 0.0 ], [ -78.699552115365023, 35.794196540839707, 0.0 ], [ -78.699558857959389, 35.794196661119983, 0.0 ], [ -78.699554609657184, 35.794187434408386, 0.0 ], [ -78.699564724095822, 35.794187616181809, 0.0 ], [ -78.69956625814514, 35.794130845244247, 0.0 ], [ -78.699552833814522, 35.794130604834173, 0.0 ], [ -78.699553575279793, 35.794103144531057, 0.0 ], [ -78.699605846539882, 35.794087126744287, 0.0 ], [ -78.699624244680848, 35.79408563531068, 0.0 ], [ -78.699806792582407, 35.794091200319222, 0.0 ], [ -78.699804422715474, 35.79417886364736, 0.0 ], [ -78.699793185433251, 35.794178662001833, 0.0 ], [ -78.699792832768765, 35.794191708078579, 0.0 ], [ -78.699824683909114, 35.794192279585268, 0.0 ], [ -78.699874139621073, 35.79423438598797, 0.0 ], [ -78.699824704303296, 35.794274718303818, 0.0 ], [ -78.699775447377533, 35.794273835310676, 0.0 ], [ -78.699775094709779, 35.794286881386995, 0.0 ], [ -78.699790265833883, 35.794287154017979, 0.0 ], [ -78.69978978248173, 35.794305006636442, 0.0 ] ] ] } },
{ "type": "Feature", "properties": { "OBJECTID": 480, "BLDGNUM": "132", "Precinct_N": "South Campus", "story_group": "main" }, "geometry": { "type": "Polygon", "coordinates": [ [ [ -78.684789277350475, 35.78374380887719, 0.0 ], [ -78.684839523201816, 35.783798656034598, 0.0 ], [ -78.68479332427296, 35.783842746677955, 0.0 ], [ -78.684927253577072, 35.783932075883548, 0.0 ], [ -78.684707993526843, 35.784150334021149, 0.0 ], [ -78.684773401942309, 35.784191592975183, 0.0 ], [ -78.684740870768721, 35.784254993356747, 0.0 ], [ -78.684705788520887, 35.78423159374173, 0.0 ], [ -78.684695540094609, 35.78424369303675, 0.0 ], [ -78.684650397805285, 35.784213583882718, 0.0 ], [ -78.684663211827072, 35.784200828742115, 0.0 ], [ -78.68449655102755, 35.784092034635798, 0.0 ], [ -78.684498316317985, 35.784088678085027, 0.0 ], [ -78.684494267416255, 35.784087327296845, 0.0 ], [ -78.684478318914387, 35.784110740840724, 0.0 ], [ -78.684455893166287, 35.784130316797032, 0.0 ], [ -78.684428322138302, 35.784144890466948, 0.0 ], [ -78.684392622973391, 35.784154327029945, 0.0 ], [ -78.684355114707444, 35.784155381778028, 0.0 ], [ -78.684323095351019, 35.784149347222922, 0.0 ], [ -78.684293818935402, 35.784137181595455, 0.0 ], [ -78.684269022682116, 35.784119605970531, 0.0 ], [ -78.684252461514035, 35.784101019641504, 0.0 ], [ -78.684241003702326, 35.78408003453297, 0.0 ], [ -78.684234745860451, 35.784038418452639, 0.0 ], [ -78.684248074176821, 35.783997923034121, 0.0 ], [ -78.684279047493007, 35.78396444255592, 0.0 ], [ -78.684305971106838, 35.783949085773621, 0.0 ], [ -78.684336654261912, 35.78393949202362, 0.0 ], [ -78.684369273963185, 35.783936230738092, 0.0 ], [ -78.684401892536471, 35.783939495192371, 0.0 ], [ -78.684409404833545, 35.783915627157569, 0.0 ], [ -78.68440085118867, 35.783914088934196, 0.0 ], [ -78.684402135495461, 35.783908694996029, 0.0 ], [ -78.684440019341054, 35.78391851956205, 0.0 ], [ -78.684474096599644, 35.783935206126237, 0.0 ], [ -78.684469974590527, 35.783939554364103, 0.0 ], [ -78.684462733711811, 35.783935249706104, 0.0 ], [ -78.684445726301789, 35.783955623866653, 0.0 ], [ -78.684477820743552, 35.783980392177881, 0.0 ], [ -78.684498001969672, 35.784012438650961, 0.0 ], [ -78.684525562885028, 35.784005831943439, 0.0 ], [ -78.684510661295121, 35.78397836717302, 0.0 ], [ -78.684705650541943, 35.783784269364666, 0.0 ], [ -78.684732531668999, 35.783802198217856, 0.0 ], [ -78.684789277350475, 35.78374380887719, 0.0 ] ] ] } },
{ "type": "Feature", "properties": { "OBJECTID": 481, "BLDGNUM": "133", "Precinct_N": "South Campus", "story_group": "main" }, "geometry": { "type": "Polygon", "coordinates": [ [ [ -78.684675963947171, 35.781609811296974, 0.0 ], [ -78.684669337045477, 35.781591353474468, 0.0 ], [ -78.684638595067028, 35.781598682975925, 0.0 ], [ -78.684573269480467, 35.781416746296706, 0.0 ], [ -78.684782867793146, 35.781366595208311, 0.0 ], [ -78.684807130245275, 35.781432121959888, 0.0 ], [ -78.684757094307471, 35.781444423880515, 0.0 ], [ -78.684782676236892, 35.781515669494652, 0.0 ], [ -78.684831214962202, 35.781504097387305, 0.0 ], [ -78.684839736094858, 35.781527828478382, 0.0 ], [ -78.684791197356532, 35.781539400589061, 0.0 ], [ -78.684798771936244, 35.78156049459475, 0.0 ], [ -78.684717874726275, 35.781579781409675, 0.0 ], [ -78.684724502747756, 35.781598238331114, 0.0 ], [ -78.684675963947171, 35.781609811296974, 0.0 ] ] ] } },
{ "type": "Feature", "properties": { "OBJECTID": 482, "BLDGNUM": "129", "Precinct_N": "South Campus", "story_group": "main" }, "geometry": { "type": "Polygon", "coordinates": [ [ [ -78.685588203963334, 35.783076848522093, 0.0 ], [ -78.68539798160819, 35.783404936310276, 0.0 ], [ -78.685118285420572, 35.783297397788246, 0.0 ], [ -78.685243606205731, 35.783081344252537, 0.0 ], [ -78.684979128643661, 35.782979559255175, 0.0 ], [ -78.68487512292316, 35.78315907387298, 0.0 ], [ -78.684457803149925, 35.782998430025813, 0.0 ], [ -78.684496503161299, 35.78293105630771, 0.0 ], [ -78.684546193742051, 35.782949977170716, 0.0 ], [ -78.684645588775126, 35.782777153303321, 0.0 ], [ -78.684606536240565, 35.782762216934586, 0.0 ], [ -78.684625545758919, 35.782729298469761, 0.0 ], [ -78.684663924383216, 35.782744013159501, 0.0 ], [ -78.684695697803591, 35.782688709412263, 0.0 ], [ -78.684598201440423, 35.782651533351, 0.0 ], [ -78.684769832073073, 35.782353180039102, 0.0 ], [ -78.684677992538326, 35.782318106194126, 0.0 ], [ -78.684766659290787, 35.782163936654072, 0.0 ], [ -78.684976732867042, 35.7822441528482, 0.0 ], [ -78.684946173584379, 35.782297388519531, 0.0 ], [ -78.685454400945886, 35.782491545931371, 0.0 ], [ -78.685471510316006, 35.782461589661956, 0.0 ], [ -78.685555540286018, 35.782493675513791, 0.0 ], [ -78.685538295989517, 35.782523631446367, 0.0 ], [ -78.685749718640807, 35.782604398696499, 0.0 ], [ -78.685517802981678, 35.783007654269284, 0.0 ], [ -78.685499623612444, 35.783000684994484, 0.0 ], [ -78.685479663569708, 35.783035468729317, 0.0 ], [ -78.685588203963334, 35.783076848522093, 0.0 ] ] ] } },
{ "type": "Feature", "properties": { "OBJECTID": 483, "BLDGNUM": "129A", "Precinct_N": "South Campus", "story_group": "main" }, "geometry": { "type": "Polygon", "coordinates": [ [ [ -78.685087116761011, 35.782351233470671, 0.0 ], [ -78.685138770536881, 35.782261604502843, 0.0 ], [ -78.684902167555492, 35.782171210462913, 0.0 ], [ -78.685001152595916, 35.781999264920351, 0.0 ], [ -78.685353296476151, 35.782133804186422, 0.0 ], [ -78.685253359669147, 35.782307726004468, 0.0 ], [ -78.685235180055614, 35.78230086575055, 0.0 ], [ -78.685202456515867, 35.782357705788968, 0.0 ], [ -78.685249050218886, 35.782375628687745, 0.0 ], [ -78.685231397990734, 35.782406352373606, 0.0 ], [ -78.685087116761011, 35.782351233470671, 0.0 ] ] ] } },
{ "type": "Feature", "properties": { "OBJECTID": 484, "BLDGNUM": "410", "Precinct_N": "West Campus", "story_group": "vet" }, "geometry": { "type": "Polygon", "coordinates": [ [ [ -78.69715215109207, 35.794170597629858, 0.0 ], [ -78.697084710018302, 35.794170494882458, 0.0 ], [ -78.697084835048557, 35.794115549294538, 0.0 ], [ -78.697152277182866, 35.794115652044603, 0.0 ], [ -78.69715215109207, 35.794170597629858, 0.0 ] ] ] } },
{ "type": "Feature", "properties": { "OBJECTID": 491, "BLDGNUM": "049B", "Precinct_N": "North Campus", "story_group": "main" }, "geometry": { "type": "Polygon", "coordinates": [ [ [ -78.674247989215885, 35.789496401829375, 0.0 ], [ -78.674228114460035, 35.789704791145056, 0.0 ], [ -78.674087397388433, 35.789696388332686, 0.0 ], [ -78.674101349205102, 35.789541632182598, 0.0 ], [ -78.674192771360538, 35.789547481255156, 0.0 ], [ -78.674197980321821, 35.789493208044924, 0.0 ], [ -78.674247989215885, 35.789496401829375, 0.0 ] ] ] } },
{ "type": "Feature", "properties": { "OBJECTID": 493, "BLDGNUM": "049A", "Precinct_N": "North Campus", "story_group": "main" }, "geometry": { "type": "Polygon", "coordinates": [ [ [ -78.674068668576425, 35.789484950178171, 0.0 ], [ -78.674088513021132, 35.789279504586041, 0.0 ], [ -78.674267582021315, 35.789290972662876, 0.0 ], [ -78.674247989215885, 35.789496401829375, 0.0 ], [ -78.674068668576425, 35.789484950178171, 0.0 ] ] ] } },
{ "type": "Feature", "properties": { "OBJECTID": 500, "BLDGNUM": "172", "Precinct_N": "Central Campus", "story_group": "main" }, "geometry": { "type": "Polygon", "coordinates": [ [ [ -78.695149503883556, 35.787269272133102, 0.0 ], [ -78.69527793200794, 35.787271784584888, 0.0 ], [ -78.695261041382921, 35.787845116150798, 0.0 ], [ -78.695132612345333, 35.787842604582998, 0.0 ], [ -78.695149503883556, 35.787269272133102, 0.0 ] ] ] } },
{ "type": "Feature", "properties": { "OBJECTID": 501, "BLDGNUM": "172A", "Precinct_N": "Central Campus", "story_group": "main" }, "geometry": { "type": "Polygon", "coordinates": [ [ [ -78.695442928581599, 35.787272284578407, 0.0 ], [ -78.695427300372302, 35.787816789787051, 0.0 ], [ -78.69529887002723, 35.787814342386632, 0.0 ], [ -78.695305728354484, 35.787575393028789, 0.0 ], [ -78.695269008478803, 35.787574693684654, 0.0 ], [ -78.695270043612453, 35.787539538391279, 0.0 ], [ -78.695306738029075, 35.787540237671479, 0.0 ], [ -78.695314499100633, 35.787269837194039, 0.0 ], [ -78.695442928581599, 35.787272284578407, 0.0 ] ] ] } },
{ "type": "Feature", "properties": { "OBJECTID": 503, "BLDGNUM": "172C", "Precinct_N": "Central Campus", "story_group": "main" }, "geometry": { "type": "Polygon", "coordinates": [ [ [ -78.695600263521911, 35.787582279148054, 0.0 ], [ -78.695601287469827, 35.787547118416249, 0.0 ], [ -78.695638554885321, 35.787547827140216, 0.0 ], [ -78.695646308412279, 35.787276197190955, 0.0 ], [ -78.695774737964257, 35.787278630705437, 0.0 ], [ -78.695758221187944, 35.787857325367419, 0.0 ], [ -78.695629789614799, 35.787854890931847, 0.0 ], [ -78.695637550885976, 35.787582982514067, 0.0 ], [ -78.695600263521911, 35.787582279148054, 0.0 ] ] ] } },
{ "type": "Feature", "properties": { "OBJECTID": 504, "BLDGNUM": "172B", "Precinct_N": "Central Campus", "story_group": "main" }, "geometry": { "type": "Polygon", "coordinates": [ [ [ -78.695434158310164, 35.787577843126186, 0.0 ], [ -78.695435167949341, 35.787542682359771, 0.0 ], [ -78.69547289439943, 35.787543403999422, 0.0 ], [ -78.695480766803342, 35.787272961428116, 0.0 ], [ -78.695609196162025, 35.787275443789355, 0.0 ], [ -78.695592349662974, 35.787854134904599, 0.0 ], [ -78.695463920488777, 35.78785165343016, 0.0 ], [ -78.695471870416114, 35.787578559322135, 0.0 ], [ -78.695434158310164, 35.787577843126186, 0.0 ] ] ] } },
{ "type": "Feature", "properties": { "OBJECTID": 505, "BLDGNUM": "171D", "Precinct_N": "Central Campus", "story_group": "main" }, "geometry": { "type": "Polygon", "coordinates": [ [ [ -78.694536203465447, 35.787822735909856, 0.0 ], [ -78.694539674820248, 35.787705570605205, 0.0 ], [ -78.694923962236473, 35.787713128612616, 0.0 ], [ -78.694920491437998, 35.787830293927925, 0.0 ], [ -78.694536203465447, 35.787822735909856, 0.0 ] ] ] } },
{ "type": "Feature", "properties": { "OBJECTID": 506, "BLDGNUM": "171B", "Precinct_N": "Central Campus", "story_group": "main" }, "geometry": { "type": "Polygon", "coordinates": [ [ [ -78.694474384697557, 35.787530478266994, 0.0 ], [ -78.694477712330936, 35.787413309888159, 0.0 ], [ -78.6949327777957, 35.787421888097754, 0.0 ], [ -78.694929450821178, 35.787539056488711, 0.0 ], [ -78.694474384697557, 35.787530478266994, 0.0 ] ] ] } },
{ "type": "Feature", "properties": { "OBJECTID": 507, "BLDGNUM": "171C", "Precinct_N": "Central Campus", "story_group": "main" }, "geometry": { "type": "Polygon", "coordinates": [ [ [ -78.694470538672675, 35.787675936773439, 0.0 ], [ -78.694473865211407, 35.787558768397567, 0.0 ], [ -78.694928932600334, 35.787567346623916, 0.0 ], [ -78.694925605614245, 35.787684515009111, 0.0 ], [ -78.694470538672675, 35.787675936773439, 0.0 ] ] ] } },
{ "type": "Feature", "properties": { "OBJECTID": 508, "BLDGNUM": "171A", "Precinct_N": "Central Campus", "story_group": "main" }, "geometry": { "type": "Polygon", "coordinates": [ [ [ -78.69447910470403, 35.787385000312824, 0.0 ], [ -78.69448243121839, 35.787267831925455, 0.0 ], [ -78.694937496971377, 35.787276410120661, 0.0 ], [ -78.69493417000966, 35.787393578517332, 0.0 ], [ -78.69447910470403, 35.787385000312824, 0.0 ] ] ] } },
{ "type": "Feature", "properties": { "OBJECTID": 512, "BLDGNUM": "166D", "Precinct_N": "Central Campus", "story_group": "main" }, "geometry": { "type": "Polygon", "coordinates": [ [ [ -78.694929096518038, 35.788771279392606, 0.0 ], [ -78.694928136006197, 35.788904512021361, 0.0 ], [ -78.694840469395444, 35.788904092380157, 0.0 ], [ -78.694841430051696, 35.78877085975207, 0.0 ], [ -78.694929096518038, 35.788771279392606, 0.0 ] ] ] } },
{ "type": "Feature", "properties": { "OBJECTID": 513, "BLDGNUM": "174A", "Precinct_N": "Central Campus", "story_group": "main" }, "geometry": { "type": "Polygon", "coordinates": [ [ [ -78.695465925856908, 35.788359427728267, 0.0 ], [ -78.69521997554844, 35.788354209548785, 0.0 ], [ -78.69522375800544, 35.788235840828499, 0.0 ], [ -78.695713351604283, 35.788246227651484, 0.0 ], [ -78.695709569863297, 35.788364596386522, 0.0 ], [ -78.69549963262277, 35.78836014291646, 0.0 ], [ -78.695498484657548, 35.788392969745331, 0.0 ], [ -78.695464779238719, 35.788392186959335, 0.0 ], [ -78.695465925856908, 35.788359427728267, 0.0 ] ] ] } },
{ "type": "Feature", "properties": { "OBJECTID": 514, "BLDGNUM": "166", "Precinct_N": "Central Campus", "story_group": "main" }, "geometry": { "type": "Polygon", "coordinates": [ [ [ -78.694610901618631, 35.788925970585126, 0.0 ], [ -78.694928689150032, 35.788927970912709, 0.0 ], [ -78.694927594626378, 35.789043352961421, 0.0 ], [ -78.694609806638269, 35.789041353532411, 0.0 ], [ -78.694610901618631, 35.788925970585126, 0.0 ] ] ] } },
{ "type": "Feature", "properties": { "OBJECTID": 515, "BLDGNUM": "166C", "Precinct_N": "Central Campus", "story_group": "main" }, "geometry": { "type": "Polygon", "coordinates": [ [ [ -78.694810863268856, 35.788926541936448, 0.0 ], [ -78.694724884128618, 35.788926000250747, 0.0 ], [ -78.69472601662153, 35.78880649644249, 0.0 ], [ -78.694811996740924, 35.788807038130173, 0.0 ], [ -78.694810863268856, 35.788926541936448, 0.0 ] ] ] } },
{ "type": "Feature", "properties": { "OBJECTID": 516, "BLDGNUM": "166B", "Precinct_N": "Central Campus", "story_group": "main" }, "geometry": { "type": "Polygon", "coordinates": [ [ [ -78.694611543711218, 35.788925553970422, 0.0 ], [ -78.694612677477821, 35.788806050165974, 0.0 ], [ -78.694698656493145, 35.788806591029534, 0.0 ], [ -78.69469752395986, 35.788926094837535, 0.0 ], [ -78.694611543711218, 35.788925553970422, 0.0 ] ] ] } },
{ "type": "Feature", "properties": { "OBJECTID": 517, "BLDGNUM": "167", "Precinct_N": "Central Campus", "story_group": "main" }, "geometry": { "type": "Polygon", "coordinates": [ [ [ -78.694528868555324, 35.788706309930113, 0.0 ], [ -78.694526964429485, 35.788899996116122, 0.0 ], [ -78.694423587809808, 35.788899321363914, 0.0 ], [ -78.694425491076913, 35.788705635176733, 0.0 ], [ -78.694528868555324, 35.788706309930113, 0.0 ] ] ] } },
{ "type": "Feature", "properties": { "OBJECTID": 518, "BLDGNUM": "173", "Precinct_N": "Central Campus", "story_group": "main" }, "geometry": { "type": "Polygon", "coordinates": [ [ [ -78.694258725330997, 35.788438121173613, 0.0 ], [ -78.694285524346412, 35.788438644501831, 0.0 ], [ -78.694286824273775, 35.788394425962046, 0.0 ], [ -78.694327626188681, 35.788395222371676, 0.0 ], [ -78.694327949797895, 35.788384236685964, 0.0 ], [ -78.694442559296562, 35.788386473782552, 0.0 ], [ -78.694442235699512, 35.788397460369836, 0.0 ], [ -78.694580440775752, 35.788400158510527, 0.0 ], [ -78.694580764350647, 35.788389172824168, 0.0 ], [ -78.694643461650088, 35.788390396268952, 0.0 ], [ -78.694643139186525, 35.788401382859519, 0.0 ], [ -78.694840671109702, 35.788405238887201, 0.0 ], [ -78.69484099354645, 35.788394252296115, 0.0 ], [ -78.694958973550285, 35.788396555034872, 0.0 ], [ -78.694957217216654, 35.788456291800493, 0.0 ], [ -78.694930419297279, 35.788455768622761, 0.0 ], [ -78.694928755612167, 35.788512346403905, 0.0 ], [ -78.694256928993582, 35.788499231479413, 0.0 ], [ -78.694258725330997, 35.788438121173613, 0.0 ] ] ] } },
{ "type": "Feature", "properties": { "OBJECTID": 519, "BLDGNUM": "171", "Precinct_N": "Central Campus", "story_group": "main" }, "geometry": { "type": "Polygon", "coordinates": [ [ [ -78.694310324379188, 35.787621354115551, 0.0 ], [ -78.694321109394068, 35.787253322124087, 0.0 ], [ -78.694449200149123, 35.787255813872164, 0.0 ], [ -78.694432411396761, 35.787828736385578, 0.0 ], [ -78.694304319738308, 35.78782624371896, 0.0 ], [ -78.694308240201664, 35.78769248938206, 0.0 ], [ -78.694247564376653, 35.787691308692693, 0.0 ], [ -78.694249649710358, 35.787620174331266, 0.0 ], [ -78.694310324379188, 35.787621354115551, 0.0 ] ] ] } },
{ "type": "Feature", "properties": { "OBJECTID": 520, "BLDGNUM": "174", "Precinct_N": "Central Campus", "story_group": "main" }, "geometry": { "type": "Polygon", "coordinates": [ [ [ -78.695437478415016, 35.788391552671911, 0.0 ], [ -78.695500169319203, 35.788393009108184, 0.0 ], [ -78.695499785029682, 35.788403993743536, 0.0 ], [ -78.695656005160515, 35.788407620807895, 0.0 ], [ -78.695656389428848, 35.78839663617206, 0.0 ], [ -78.695704755731768, 35.788397759275909, 0.0 ], [ -78.695702671936402, 35.788457351919185, 0.0 ], [ -78.695675539222904, 35.788456721710439, 0.0 ], [ -78.695673555861802, 35.788513430298295, 0.0 ], [ -78.695193263749388, 35.788502276111117, 0.0 ], [ -78.695195411064532, 35.788440898971835, 0.0 ], [ -78.695223387761331, 35.788441548524354, 0.0 ], [ -78.695225308290219, 35.788386625349411, 0.0 ], [ -78.695339904046079, 35.788389287002381, 0.0 ], [ -78.695339519734802, 35.788400271637244, 0.0 ], [ -78.695437094116983, 35.78840253730705, 0.0 ], [ -78.695437478415016, 35.788391552671911, 0.0 ] ] ] } },
{ "type": "Feature", "properties": { "OBJECTID": 521, "BLDGNUM": "164C", "Precinct_N": "West Campus", "story_group": "vet" }, "geometry": { "type": "Polygon", "coordinates": [ [ [ -78.699017885099153, 35.788607347701443, 0.0 ], [ -78.699220208919726, 35.788612080966331, 0.0 ], [ -78.699211480314375, 35.788897739824129, 0.0 ], [ -78.699009154058416, 35.788893766374748, 0.0 ], [ -78.699017885099153, 35.788607347701443, 0.0 ] ] ] } },
{ "type": "Feature", "properties": { "OBJECTID": 523, "BLDGNUM": "165A", "Precinct_N": "West Campus", "story_group": "vet" }, "geometry": { "type": "Polygon", "coordinates": [ [ [ -78.698799050178906, 35.787987792776498, 0.0 ], [ -78.698745241169846, 35.788148006354426, 0.0 ], [ -78.69846750411682, 35.788086537082137, 0.0 ], [ -78.698521313631773, 35.787926324524939, 0.0 ], [ -78.698799050178906, 35.787987792776498, 0.0 ] ] ] } },
{ "type": "Feature", "properties": { "OBJECTID": 524, "BLDGNUM": "165B", "Precinct_N": "West Campus", "story_group": "vet" }, "geometry": { "type": "Polygon", "coordinates": [ [ [ -78.698169794700519, 35.78800748022239, 0.0 ], [ -78.698219478749721, 35.787859057985727, 0.0 ], [ -78.698430366703349, 35.787906097692066, 0.0 ], [ -78.698380597624251, 35.788054575684441, 0.0 ], [ -78.698169794700519, 35.78800748022239, 0.0 ] ] ] } },
{ "type": "Feature", "properties": { "OBJECTID": 526, "BLDGNUM": "302", "Precinct_N": "West Campus", "story_group": "vet" }, "geometry": { "type": "Polygon", "coordinates": [ [ [ -78.704539055030622, 35.800436088146398, 0.0 ], [ -78.704137760223063, 35.800431057531952, 0.0 ], [ -78.704140237922914, 35.800280023060701, 0.0 ], [ -78.704320302300829, 35.800282432253461, 0.0 ], [ -78.704321560775355, 35.800246589858993, 0.0 ], [ -78.704542762733908, 35.800249504139515, 0.0 ], [ -78.704539055030622, 35.800436088146398, 0.0 ] ] ] } },
{ "type": "Feature", "properties": { "OBJECTID": 534, "BLDGNUM": "250A", "Precinct_N": "South Campus", "story_group": "main" }, "geometry": { "type": "Polygon", "coordinates": [ [ [ -78.681891216575067, 35.777378609420253, 0.0 ], [ -78.681769695799318, 35.777186508415326, 0.0 ], [ -78.682116510187399, 35.777041974046156, 0.0 ], [ -78.682002335737053, 35.776861479264035, 0.0 ], [ -78.681966376057972, 35.776876592048474, 0.0 ], [ -78.681947837120489, 35.776847285857379, 0.0 ], [ -78.681756048797581, 35.776927855008786, 0.0 ], [ -78.681738125777528, 35.776899452645523, 0.0 ], [ -78.681545681295347, 35.776980281142215, 0.0 ], [ -78.681310883052916, 35.776609101777758, 0.0 ], [ -78.681274864784726, 35.776624201587161, 0.0 ], [ -78.681153407425526, 35.776432103684719, 0.0 ], [ -78.681353183202759, 35.776348186219415, 0.0 ], [ -78.68146984750544, 35.77653485608856, 0.0 ], [ -78.681506284149179, 35.776518261976854, 0.0 ], [ -78.68164168906074, 35.776734540408775, 0.0 ], [ -78.681834004525953, 35.776652594647231, 0.0 ], [ -78.681852087658143, 35.776683310278642, 0.0 ], [ -78.682044335438462, 35.776601333361896, 0.0 ], [ -78.682161179670445, 35.776788312180756, 0.0 ], [ -78.682197691947053, 35.77677188571198, 0.0 ], [ -78.682313960248621, 35.77695780378474, 0.0 ], [ -78.682351067994077, 35.776942415375039, 0.0 ], [ -78.682472807127212, 35.777134375771375, 0.0 ], [ -78.681891216575067, 35.777378609420253, 0.0 ] ] ] } },
{ "type": "Feature", "properties": { "OBJECTID": 536, "BLDGNUM": "300A", "Precinct_N": "West Campus", "story_group": "vet" }, "geometry": { "type": "Polygon", "coordinates": [ [ [ -78.705329542447444, 35.796947636902914, 0.0 ], [ -78.705326909213014, 35.796861124195026, 0.0 ], [ -78.705444617947151, 35.796858746231777, 0.0 ], [ -78.705447251307433, 35.7969452589372, 0.0 ], [ -78.705422249030406, 35.796945764538563, 0.0 ], [ -78.705423084976218, 35.796973228660121, 0.0 ], [ -78.705511717665587, 35.79697143831568, 0.0 ], [ -78.705512135653734, 35.796985170376068, 0.0 ], [ -78.705603999166698, 35.796983314764006, 0.0 ], [ -78.705603581162947, 35.796969582703923, 0.0 ], [ -78.705641085137557, 35.796968825146863, 0.0 ], [ -78.705641287784601, 35.796975462220502, 0.0 ], [ -78.705671768065002, 35.796974846322577, 0.0 ], [ -78.705673405567538, 35.797028630674511, 0.0 ], [ -78.70570824082759, 35.797027927040411, 0.0 ], [ -78.705719777381518, 35.797406936001899, 0.0 ], [ -78.705713035791561, 35.797407072046965, 0.0 ], [ -78.705714358983428, 35.797450556894837, 0.0 ], [ -78.705646232699138, 35.797451933636673, 0.0 ], [ -78.705646748576456, 35.797468871103924, 0.0 ], [ -78.705488726581208, 35.797472063992373, 0.0 ], [ -78.705488931708956, 35.797478928209451, 0.0 ], [ -78.705505928984536, 35.797478585318636, 0.0 ], [ -78.705507583110929, 35.797532942056527, 0.0 ], [ -78.705490586930281, 35.797533284950234, 0.0 ], [ -78.705490795370807, 35.797540150977866, 0.0 ], [ -78.705517203022183, 35.797539617211584, 0.0 ], [ -78.705520044922238, 35.797632996824525, 0.0 ], [ -78.705394192686597, 35.797635539047754, 0.0 ], [ -78.705391349822136, 35.797542160330622, 0.0 ], [ -78.705417757474834, 35.797541626585911, 0.0 ], [ -78.705417549040504, 35.797534760558193, 0.0 ], [ -78.705407434977644, 35.797534965047227, 0.0 ], [ -78.705405780918568, 35.797480608307971, 0.0 ], [ -78.705415893868235, 35.797480403816394, 0.0 ], [ -78.705415685440727, 35.797473535985851, 0.0 ], [ -78.705331755702574, 35.797475234881588, 0.0 ], [ -78.705331587641325, 35.797469739892726, 0.0 ], [ -78.705290010588499, 35.797470580342079, 0.0 ], [ -78.705288338780875, 35.797415651204609, 0.0 ], [ -78.705245004718364, 35.797416526146669, 0.0 ], [ -78.705233470384755, 35.797037518042799, 0.0 ], [ -78.705240072534437, 35.797037384391018, 0.0 ], [ -78.705238686307567, 35.796991838910159, 0.0 ], [ -78.705324931317477, 35.796990097006123, 0.0 ], [ -78.705324478809629, 35.796975220156689, 0.0 ], [ -78.705347233909293, 35.796974760517905, 0.0 ], [ -78.70534639798926, 35.796947296395835, 0.0 ], [ -78.705329542447444, 35.796947636902914, 0.0 ] ] ] } },
{ "type": "Feature", "properties": { "OBJECTID": 537, "BLDGNUM": "161", "Precinct_N": "West Campus", "story_group": "vet" }, "geometry": { "type": "Polygon", "coordinates": [ [ [ -78.700180132457604, 35.788778061811122, 0.0 ], [ -78.69964627439613, 35.788768788032691, 0.0 ], [ -78.69964773901394, 35.788722925800428, 0.0 ], [ -78.699620774094583, 35.788722359978436, 0.0 ], [ -78.699619309461511, 35.788768222210372, 0.0 ], [ -78.699572793095015, 35.788767246734139, 0.0 ], [ -78.699591813498316, 35.788171667661565, 0.0 ], [ -78.700857528528971, 35.788196042858075, 0.0 ], [ -78.700831235733247, 35.789027400586932, 0.0 ], [ -78.700685331236144, 35.789024337298628, 0.0 ], [ -78.700685371088696, 35.789013568127515, 0.0 ], [ -78.700263933258924, 35.789003983708461, 0.0 ], [ -78.700263444962602, 35.789015445811984, 0.0 ], [ -78.700175864963867, 35.789013410506385, 0.0 ], [ -78.700177382239161, 35.788977734500968, 0.0 ], [ -78.700190647446959, 35.788977995184133, 0.0 ], [ -78.700191285886376, 35.788957068426953, 0.0 ], [ -78.700177601152177, 35.788956579572542, 0.0 ], [ -78.700180132457604, 35.788778061811122, 0.0 ] ] ] } },
{ "type": "Feature", "properties": { "OBJECTID": 538, "BLDGNUM": "163F", "Precinct_N": "West Campus", "story_group": "vet" }, "geometry": { "type": "Polygon", "coordinates": [ [ [ -78.699193323779028, 35.789930405436444, 0.0 ], [ -78.699077169865902, 35.789927865248067, 0.0 ], [ -78.699077713417637, 35.789913491945441, 0.0 ], [ -78.699053897434666, 35.789912981547779, 0.0 ], [ -78.699053289491204, 35.78992741508133, 0.0 ], [ -78.698972984316413, 35.789925412205825, 0.0 ], [ -78.698984926992622, 35.789457693355835, 0.0 ], [ -78.699056649998212, 35.789459224354637, 0.0 ], [ -78.699055765499821, 35.78947365630593, 0.0 ], [ -78.69908899690715, 35.789474414392672, 0.0 ], [ -78.69908960567922, 35.789459755522657, 0.0 ], [ -78.699205688439378, 35.789463399672975, 0.0 ], [ -78.699193323779028, 35.789930405436444, 0.0 ] ] ] } },
{ "type": "Feature", "properties": { "OBJECTID": 539, "BLDGNUM": "449B", "Precinct_N": "West Campus", "story_group": "vet" }, "geometry": { "type": "Polygon", "coordinates": [ [ [ -78.696785165464064, 35.794545508185102, 0.0 ], [ -78.696732491053552, 35.794546958950555, 0.0 ], [ -78.69673348623796, 35.794625871334688, 0.0 ], [ -78.696561811952847, 35.794626360594407, 0.0 ], [ -78.696561417131448, 35.794598310707251, 0.0 ], [ -78.696514463699032, 35.794598826510999, 0.0 ], [ -78.6964932062983, 35.794616325421977, 0.0 ], [ -78.696462987542333, 35.794616452948496, 0.0 ], [ -78.696441508995918, 35.794599134208163, 0.0 ], [ -78.696441353584561, 35.7945745145282, 0.0 ], [ -78.696462610985463, 35.794557015626062, 0.0 ], [ -78.696461400000729, 35.794515923068495, 0.0 ], [ -78.696424464804736, 35.794516629641329, 0.0 ], [ -78.696418152423306, 35.79421561838592, 0.0 ], [ -78.696730237629296, 35.79421529141085, 0.0 ], [ -78.696731756196797, 35.794376788896024, 0.0 ], [ -78.696830699118607, 35.794376556506833, 0.0 ], [ -78.696831784505704, 35.794535023488741, 0.0 ], [ -78.696791294286029, 35.79453583309401, 0.0 ], [ -78.696785165464064, 35.794545508185102, 0.0 ] ] ] } },
{ "type": "Feature", "properties": { "OBJECTID": 549, "BLDGNUM": "289", "Precinct_N": "South Campus", "story_group": "main" }, "geometry": { "type": "Polygon", "coordinates": [ [ [ -78.680108225733278, 35.776329243468346, 0.0 ], [ -78.680158340135677, 35.776307946380719, 0.0 ], [ -78.680152175976872, 35.776298149655318, 0.0 ], [ -78.680201480512451, 35.776277179415857, 0.0 ], [ -78.680208583609868, 35.776288407242262, 0.0 ], [ -78.68024978334023, 35.776270932771347, 0.0 ], [ -78.680243349490681, 35.776260805448729, 0.0 ], [ -78.680292789351086, 35.776239726464162, 0.0 ], [ -78.680298821426661, 35.776249082977522, 0.0 ], [ -78.680380814867661, 35.776214131993768, 0.0 ], [ -78.680375319938832, 35.776205436681423, 0.0 ], [ -78.680429082117669, 35.776182719512938, 0.0 ], [ -78.680435380372543, 35.776192736505628, 0.0 ], [ -78.680471311980881, 35.776177445629052, 0.0 ], [ -78.680464611070775, 35.776166878660277, 0.0 ], [ -78.68051391544536, 35.776145908293458, 0.0 ], [ -78.680519544215429, 35.776154604852074, 0.0 ], [ -78.680563715489214, 35.776135818492399, 0.0 ], [ -78.68065257548534, 35.776274516748302, 0.0 ], [ -78.680197084291535, 35.776468161974698, 0.0 ], [ -78.680108225733278, 35.776329243468346, 0.0 ] ] ] } },
{ "type": "Feature", "properties": { "OBJECTID": 550, "BLDGNUM": "281", "Precinct_N": "South Campus", "story_group": "main" }, "geometry": { "type": "Polygon", "coordinates": [ [ [ -78.679722231035697, 35.77678307528091, 0.0 ], [ -78.679721184808855, 35.776774940558397, 0.0 ], [ -78.679712000425184, 35.776778432573884, 0.0 ], [ -78.679671155199145, 35.776706566066643, 0.0 ], [ -78.67968087910856, 35.776702854642288, 0.0 ], [ -78.679652889339977, 35.776653769278532, 0.0 ], [ -78.679644110660632, 35.776657042426727, 0.0 ], [ -78.679603667098348, 35.776585725871627, 0.0 ], [ -78.679610284345145, 35.776583325857075, 0.0 ], [ -78.679592874545719, 35.776552619772723, 0.0 ], [ -78.679697948212961, 35.77651289511698, 0.0 ], [ -78.679910609648985, 35.776888738020091, 0.0 ], [ -78.679805132950264, 35.776927911973075, 0.0 ], [ -78.679791473914719, 35.776903590120384, 0.0 ], [ -78.679780535318386, 35.77690762735277, 0.0 ], [ -78.679737819067171, 35.776831139242788, 0.0 ], [ -78.679748758326042, 35.776827211980461, 0.0 ], [ -78.679722231035697, 35.77678307528091, 0.0 ] ] ] } },
{ "type": "Feature", "properties": { "OBJECTID": 551, "BLDGNUM": "288", "Precinct_N": "South Campus", "story_group": "main" }, "geometry": { "type": "Polygon", "coordinates": [ [ [ -78.680647505501923, 35.776944079687667, 0.0 ], [ -78.680486516119302, 35.77700552704129, 0.0 ], [ -78.680466827993328, 35.776971298948794, 0.0 ], [ -78.680453051983591, 35.776976537507871, 0.0 ], [ -78.680382870412501, 35.776854262956512, 0.0 ], [ -78.68039853751776, 35.776848259614518, 0.0 ], [ -78.680358357431928, 35.776778372646021, 0.0 ], [ -78.680343906545076, 35.776783939316012, 0.0 ], [ -78.680278145741795, 35.776669368409564, 0.0 ], [ -78.680290570566868, 35.77666456528069, 0.0 ], [ -78.680265658847063, 35.776621312654584, 0.0 ], [ -78.680427187830063, 35.776559757037653, 0.0 ], [ -78.680451697397629, 35.776602349690258, 0.0 ], [ -78.680463311926118, 35.776597984276613, 0.0 ], [ -78.680485009315802, 35.776635953736395, 0.0 ], [ -78.680473933874694, 35.776640210601478, 0.0 ], [ -78.680494828142812, 35.776676530286217, 0.0 ], [ -78.680506172363522, 35.776672274124159, 0.0 ], [ -78.680528137266251, 35.776710574170636, 0.0 ], [ -78.680515982092658, 35.776715158101617, 0.0 ], [ -78.680556965854109, 35.776786585729702, 0.0 ], [ -78.680569119926488, 35.776782002693174, 0.0 ], [ -78.680591353037983, 35.776820742387031, 0.0 ], [ -78.680578928206728, 35.776825545546295, 0.0 ], [ -78.680599686956711, 35.776861754890639, 0.0 ], [ -78.680612787800825, 35.776856623607877, 0.0 ], [ -78.680635289530287, 35.776895694792046, 0.0 ], [ -78.680622594373474, 35.776900607211566, 0.0 ], [ -78.680647505501923, 35.776944079687667, 0.0 ] ] ] } },
{ "type": "Feature", "properties": { "OBJECTID": 552, "BLDGNUM": "284", "Precinct_N": "South Campus", "story_group": "main" }, "geometry": { "type": "Polygon", "coordinates": [ [ [ -78.680197566391712, 35.777813139104559, 0.0 ], [ -78.680254234731095, 35.777805705711131, 0.0 ], [ -78.680251721679127, 35.777793391196965, 0.0 ], [ -78.680402299253629, 35.77777356637602, 0.0 ], [ -78.680404811893453, 35.777785990850539, 0.0 ], [ -78.680499665494366, 35.777773381921619, 0.0 ], [ -78.68049768282593, 35.777763156327381, 0.0 ], [ -78.680648125341222, 35.777743330848459, 0.0 ], [ -78.680650107597629, 35.777753665502409, 0.0 ], [ -78.680706776959894, 35.777746231901212, 0.0 ], [ -78.680735468419272, 35.777891035773223, 0.0 ], [ -78.680679474779026, 35.777898471158878, 0.0 ], [ -78.680681458538075, 35.777908146929711, 0.0 ], [ -78.680632345342403, 35.777914612450509, 0.0 ], [ -78.680630101250671, 35.77790251767761, 0.0 ], [ -78.680576130824164, 35.777909629327588, 0.0 ], [ -78.680578111965843, 35.777919964880567, 0.0 ], [ -78.680529539398847, 35.777926210947044, 0.0 ], [ -78.680527818795412, 35.777917964501654, 0.0 ], [ -78.680429997195887, 35.777930894658766, 0.0 ], [ -78.680432248008273, 35.77794156081513, 0.0 ], [ -78.680282884378997, 35.777961168929764, 0.0 ], [ -78.680280902164398, 35.777950834270563, 0.0 ], [ -78.680226256528627, 35.77795805305675, 0.0 ], [ -78.680197566391712, 35.777813139104559, 0.0 ] ] ] } },
{ "type": "Feature", "properties": { "OBJECTID": 553, "BLDGNUM": "285", "Precinct_N": "South Campus", "story_group": "main" }, "geometry": { "type": "Polygon", "coordinates": [ [ [ -78.680864156666004, 35.777779721994349, 0.0 ], [ -78.681263582372637, 35.777647248225279, 0.0 ], [ -78.681311080845887, 35.777742319676364, 0.0 ], [ -78.680911654747604, 35.77787479359705, 0.0 ], [ -78.680864156666004, 35.777779721994349, 0.0 ] ] ] } },
{ "type": "Feature", "properties": { "OBJECTID": 554, "BLDGNUM": "286", "Precinct_N": "South Campus", "story_group": "main" }, "geometry": { "type": "Polygon", "coordinates": [ [ [ -78.681264444482466, 35.777565160135367, 0.0 ], [ -78.681065562884328, 35.777249797534751, 0.0 ], [ -78.681176190909142, 35.777203492786683, 0.0 ], [ -78.681374938988498, 35.777518854861341, 0.0 ], [ -78.681264444482466, 35.777565160135367, 0.0 ] ] ] } },
{ "type": "Feature", "properties": { "OBJECTID": 555, "BLDGNUM": "287", "Precinct_N": "South Campus", "story_group": "main" }, "geometry": { "type": "Polygon", "coordinates": [ [ [ -78.68096145452256, 35.777283921301681, 0.0 ], [ -78.680561210834227, 35.777145726770797, 0.0 ], [ -78.68061040035137, 35.77705145746598, 0.0 ], [ -78.681010508281958, 35.777189761449605, 0.0 ], [ -78.68096145452256, 35.777283921301681, 0.0 ] ] ] } },
{ "type": "Feature", "properties": { "OBJECTID": 556, "BLDGNUM": "282", "Precinct_N": "South Campus", "story_group": "main" }, "geometry": { "type": "Polygon", "coordinates": [ [ [ -78.679999892472821, 35.777397775991801, 0.0 ], [ -78.679884849024518, 35.777400769969752, 0.0 ], [ -78.679883625714609, 35.777368897760489, 0.0 ], [ -78.679872566902787, 35.777369198593398, 0.0 ], [ -78.67986951215903, 35.777289188634676, 0.0 ], [ -78.679877334130708, 35.777288989260725, 0.0 ], [ -78.679875382967069, 35.777237005140286, 0.0 ], [ -78.679866615972372, 35.777237311995165, 0.0 ], [ -78.679863295704251, 35.777156202590604, 0.0 ], [ -78.679872602021874, 35.777156007117775, 0.0 ], [ -78.679870651934252, 35.777103473174911, 0.0 ], [ -78.679861750012364, 35.777103779674896, 0.0 ], [ -78.679858430624975, 35.777022450339729, 0.0 ], [ -78.679867872303831, 35.777022145258456, 0.0 ], [ -78.679866527979698, 35.776986756564327, 0.0 ], [ -78.679983863741455, 35.776983767725376, 0.0 ], [ -78.679999892472821, 35.777397775991801, 0.0 ] ] ] } },
{ "type": "Feature", "properties": { "OBJECTID": 557, "BLDGNUM": "283", "Precinct_N": "South Campus", "story_group": "main" }, "geometry": { "type": "Polygon", "coordinates": [ [ [ -78.680092621663277, 35.77788814060461, 0.0 ], [ -78.679916917953463, 35.777918778306237, 0.0 ], [ -78.679905227691336, 35.777874021760958, 0.0 ], [ -78.679894836334157, 35.777875862050891, 0.0 ], [ -78.679884207566815, 35.777835394205738, 0.0 ], [ -78.679896218435914, 35.777833227377286, 0.0 ], [ -78.679884662270041, 35.777788691110196, 0.0 ], [ -78.679873461937703, 35.77779063923704, 0.0 ], [ -78.679863366877655, 35.777751710492574, 0.0 ], [ -78.679875781453333, 35.777749545628332, 0.0 ], [ -78.679855590045406, 35.777672018027673, 0.0 ], [ -78.67984277021462, 35.777674292690683, 0.0 ], [ -78.679832140632953, 35.777634043863863, 0.0 ], [ -78.679844826186041, 35.777631878813615, 0.0 ], [ -78.67983353561344, 35.777588441980917, 0.0 ], [ -78.679821119955278, 35.777590606838018, 0.0 ], [ -78.679810890434666, 35.777551568669885, 0.0 ], [ -78.679821687018006, 35.777549618586178, 0.0 ], [ -78.679809995994916, 35.777505081051864, 0.0 ], [ -78.6799851582077, 35.777474662009212, 0.0 ], [ -78.679999371694848, 35.777529425646868, 0.0 ], [ -78.680011516348088, 35.777527260059713, 0.0 ], [ -78.6800411450361, 35.777639757720976, 0.0 ], [ -78.680028864318146, 35.777641922953698, 0.0 ], [ -78.680049456801811, 35.777720440359076, 0.0 ], [ -78.680060386799951, 35.77771860147061, 0.0 ], [ -78.680091870889484, 35.777839125989416, 0.0 ], [ -78.680080265288211, 35.777841183936879, 0.0 ], [ -78.680092621663277, 35.77788814060461, 0.0 ] ] ] } },
{ "type": "Feature", "properties": { "OBJECTID": 559, "BLDGNUM": "242", "Precinct_N": "South Campus", "story_group": "main" }, "geometry": { "type": "Polygon", "coordinates": [ [ [ -78.685821265262547, 35.782065890302441, 0.0 ], [ -78.685822623751775, 35.781993804040546, 0.0 ], [ -78.685858630411474, 35.781994336750074, 0.0 ], [ -78.685858974145376, 35.781975325515369, 0.0 ], [ -78.685935976166164, 35.781976403763089, 0.0 ], [ -78.685935644653597, 35.781992556856792, 0.0 ], [ -78.685974886790262, 35.781993097872814, 0.0 ], [ -78.685974707474998, 35.782004525594367, 0.0 ], [ -78.686002488585828, 35.78200481712976, 0.0 ], [ -78.686001474380816, 35.782057783096889, 0.0 ], [ -78.685966276285271, 35.782057252513951, 0.0 ], [ -78.685965954764811, 35.782070548361816, 0.0 ], [ -78.685932107265884, 35.782070022151807, 0.0 ], [ -78.685931915142888, 35.782084746968756, 0.0 ], [ -78.685856934625392, 35.782083784797216, 0.0 ], [ -78.685857271957758, 35.782066422110979, 0.0 ], [ -78.685821265262547, 35.782065890302441, 0.0 ] ] ] } },
{ "type": "Feature", "properties": { "OBJECTID": 562, "BLDGNUM": "640", "Precinct_N": "South Campus", "story_group": "main" }, "geometry": { "type": "Polygon", "coordinates": [ [ [ -78.684934888691544, 35.781491939574053, 0.0 ], [ -78.685166668635645, 35.781434955289662, 0.0 ], [ -78.685196430123227, 35.781515253936192, 0.0 ], [ -78.684964515020894, 35.781572237926738, 0.0 ], [ -78.684934888691544, 35.781491939574053, 0.0 ] ] ] } },
{ "type": "Feature", "properties": { "OBJECTID": 563, "BLDGNUM": "240", "Precinct_N": "South Campus", "story_group": "main" }, "geometry": { "type": "Polygon", "coordinates": [ [ [ -78.684027548114216, 35.781419698239141, 0.0 ], [ -78.683570615093188, 35.781528404563254, 0.0 ], [ -78.683517519922702, 35.781380241925262, 0.0 ], [ -78.683629153990978, 35.781353827653653, 0.0 ], [ -78.683643162185376, 35.781392876160403, 0.0 ], [ -78.683988460528553, 35.781310583361716, 0.0 ], [ -78.684027548114216, 35.781419698239141, 0.0 ] ] ] } },
{ "type": "Feature", "properties": { "OBJECTID": 568, "BLDGNUM": "154", "Precinct_N": "South Campus", "story_group": "main" }, "geometry": { "type": "Polygon", "coordinates": [ [ [ -78.684474749875477, 35.778965307777057, 0.0 ], [ -78.684421027712901, 35.77897758649798, 0.0 ], [ -78.684425962047172, 35.778991775686954, 0.0 ], [ -78.684328777613558, 35.779014162161232, 0.0 ], [ -78.684332111713886, 35.779023731402461, 0.0 ], [ -78.684288917991594, 35.779033619028596, 0.0 ], [ -78.684294385651683, 35.779049458170988, 0.0 ], [ -78.684253756900546, 35.779058803510644, 0.0 ], [ -78.684247221514966, 35.779040215190669, 0.0 ], [ -78.684223735144826, 35.779045648933, 0.0 ], [ -78.684218802130488, 35.779031129845912, 0.0 ], [ -78.684187891782045, 35.779038192903158, 0.0 ], [ -78.6841592200972, 35.778955479349335, 0.0 ], [ -78.684193234934341, 35.778947655497113, 0.0 ], [ -78.68418723377647, 35.778930496293896, 0.0 ], [ -78.684389972324212, 35.778883767618545, 0.0 ], [ -78.68440664241075, 35.778931724681875, 0.0 ], [ -78.684458879299328, 35.778919661147697, 0.0 ], [ -78.684474749875477, 35.778965307777057, 0.0 ] ] ] } },
{ "type": "Feature", "properties": { "OBJECTID": 580, "BLDGNUM": "272", "Precinct_N": "South Campus", "story_group": "main" }, "geometry": { "type": "Polygon", "coordinates": [ [ [ -78.678138189673078, 35.778890885990847, 0.0 ], [ -78.677838222543969, 35.7793655021378, 0.0 ], [ -78.677417581389378, 35.77918904068828, 0.0 ], [ -78.677450284449847, 35.779137834242228, 0.0 ], [ -78.677378612149852, 35.779108224438261, 0.0 ], [ -78.677436656942035, 35.779016091773293, 0.0 ], [ -78.677460529152754, 35.779026077926432, 0.0 ], [ -78.677519251443826, 35.778933490030091, 0.0 ], [ -78.677493582885475, 35.778922680707979, 0.0 ], [ -78.677544225914232, 35.778842602857104, 0.0 ], [ -78.6775699994798, 35.778853425967029, 0.0 ], [ -78.677611489143302, 35.778787820249313, 0.0 ], [ -78.677587289172607, 35.778777657494388, 0.0 ], [ -78.677646494425616, 35.778684257791753, 0.0 ], [ -78.678138189673078, 35.778890885990847, 0.0 ] ] ] } },
{ "type": "Feature", "properties": { "OBJECTID": 614, "BLDGNUM": "317A", "Precinct_N": "West Campus", "story_group": "vet" }, "geometry": { "type": "Polygon", "coordinates": [ [ [ -78.70575656255771, 35.802239323259244, 0.0 ], [ -78.70574037677882, 35.802238955185857, 0.0 ], [ -78.70573804923373, 35.802322466902964, 0.0 ], [ -78.705437655252069, 35.802316796387572, 0.0 ], [ -78.705450649212622, 35.801860227439754, 0.0 ], [ -78.705544529843422, 35.80186199291763, 0.0 ], [ -78.705544853825756, 35.80184715853003, 0.0 ], [ -78.705603934061486, 35.801848290047829, 0.0 ], [ -78.705603332430101, 35.801865541161192, 0.0 ], [ -78.705751842198325, 35.801868428118738, 0.0 ], [ -78.705742557973352, 35.802195662743777, 0.0 ], [ -78.705757799961575, 35.802196029439322, 0.0 ], [ -78.70575656255771, 35.802239323259244, 0.0 ] ] ] } },
{ "type": "Feature", "properties": { "OBJECTID": 616, "BLDGNUM": "169E", "Precinct_N": "West Campus", "story_group": "vet" }, "geometry": { "type": "Polygon", "coordinates": [ [ [ -78.698520028824603, 35.789951450664262, 0.0 ], [ -78.698313793272618, 35.789954127332045, 0.0 ], [ -78.698312221335058, 35.789869286171381, 0.0 ], [ -78.698518456667415, 35.789866610407479, 0.0 ], [ -78.698520028824603, 35.789951450664262, 0.0 ] ] ] } },
{ "type": "Feature", "properties": { "OBJECTID": 617, "BLDGNUM": "134A", "Precinct_N": "West Campus", "story_group": "vet" }, "geometry": { "type": "Polygon", "coordinates": [ [ [ -78.706249055172179, 35.799532559780801, 0.0 ], [ -78.706239359150032, 35.799639350794315, 0.0 ], [ -78.70614441562401, 35.799633627292714, 0.0 ], [ -78.706154111770886, 35.799526836286596, 0.0 ], [ -78.706249055172179, 35.799532559780801, 0.0 ] ] ] } },
{ "type": "Feature", "properties": { "OBJECTID": 618, "BLDGNUM": "134B", "Precinct_N": "West Campus", "story_group": "vet" }, "geometry": { "type": "Polygon", "coordinates": [ [ [ -78.706054013814324, 35.799417582097931, 0.0 ], [ -78.705839970698818, 35.79940937262478, 0.0 ], [ -78.705843858734696, 35.799341799411721, 0.0 ], [ -78.706058036653857, 35.799350008302511, 0.0 ], [ -78.706054013814324, 35.799417582097931, 0.0 ] ] ] } },
{ "type": "Feature", "properties": { "OBJECTID": 619, "BLDGNUM": "134E", "Precinct_N": "West Campus", "story_group": "vet" }, "geometry": { "type": "Polygon", "coordinates": [ [ [ -78.706382716148852, 35.799537277765168, 0.0 ], [ -78.706371298715069, 35.799672417241318, 0.0 ], [ -78.706305214737341, 35.799668740947453, 0.0 ], [ -78.70631663228103, 35.799533601477343, 0.0 ], [ -78.706382716148852, 35.799537277765168, 0.0 ] ] ] } },
{ "type": "Feature", "properties": { "OBJECTID": 620, "BLDGNUM": "134D", "Precinct_N": "West Campus", "story_group": "vet" }, "geometry": { "type": "Polygon", "coordinates": [ [ [ -78.706403567968948, 35.799846421465617, 0.0 ], [ -78.706399067585039, 35.799943208390538, 0.0 ], [ -78.706351981381374, 35.799941063306228, 0.0 ], [ -78.706356485333771, 35.799844223212283, 0.0 ], [ -78.706403567968948, 35.799846421465617, 0.0 ] ] ] } },
{ "type": "Feature", "properties": { "OBJECTID": 621, "BLDGNUM": "309", "Precinct_N": "West Campus", "story_group": "vet" }, "geometry": { "type": "Polygon", "coordinates": [ [ [ -78.703556709496482, 35.799909891295513, 0.0 ], [ -78.702998249883152, 35.7999108397483, 0.0 ], [ -78.70299785903309, 35.799760286804364, 0.0 ], [ -78.703556316500382, 35.799759338350668, 0.0 ], [ -78.703556709496482, 35.799909891295513, 0.0 ] ] ] } },
{ "type": "Feature", "properties": { "OBJECTID": 622, "BLDGNUM": "310", "Precinct_N": "West Campus", "story_group": "vet" }, "geometry": { "type": "Polygon", "coordinates": [ [ [ -78.703557234462949, 35.800171434846717, 0.0 ], [ -78.702996754289643, 35.80017105971875, 0.0 ], [ -78.70299692273214, 35.800015233500332, 0.0 ], [ -78.703557400719092, 35.80001560862479, 0.0 ], [ -78.703557234462949, 35.800171434846717, 0.0 ] ] ] } },
{ "type": "Feature", "properties": { "OBJECTID": 623, "BLDGNUM": "311", "Precinct_N": "West Campus", "story_group": "vet" }, "geometry": { "type": "Polygon", "coordinates": [ [ [ -78.703035486522779, 35.800422260641156, 0.0 ], [ -78.703035219387104, 35.800275660407117, 0.0 ], [ -78.703556584239905, 35.800275171360241, 0.0 ], [ -78.703556853624036, 35.800422623363971, 0.0 ], [ -78.703035486522779, 35.800422260641156, 0.0 ] ] ] } },
{ "type": "Feature", "properties": { "OBJECTID": 624, "BLDGNUM": "303", "Precinct_N": "West Campus", "story_group": "vet" }, "geometry": { "type": "Polygon", "coordinates": [ [ [ -78.702906828509967, 35.798770746740914, 0.0 ], [ -78.703059108458518, 35.798773975179152, 0.0 ], [ -78.703051222879125, 35.799011212584759, 0.0 ], [ -78.703135522930751, 35.79901306564313, 0.0 ], [ -78.703133527286909, 35.799078995740118, 0.0 ], [ -78.702810488397844, 35.799071944878165, 0.0 ], [ -78.702812471383936, 35.799009530889442, 0.0 ], [ -78.702853340417207, 35.799010400304212, 0.0 ], [ -78.702855779581895, 35.798934031048248, 0.0 ], [ -78.702901504067484, 35.798935022250838, 0.0 ], [ -78.702906828509967, 35.798770746740914, 0.0 ] ] ] } },
{ "type": "Feature", "properties": { "OBJECTID": 625, "BLDGNUM": "134", "Precinct_N": "West Campus", "story_group": "vet" }, "geometry": { "type": "Polygon", "coordinates": [ [ [ -78.706647285216846, 35.799524507524183, 0.0 ], [ -78.706606372939817, 35.799944745148487, 0.0 ], [ -78.706449124840489, 35.799934585977837, 0.0 ], [ -78.706450246252004, 35.799922830679556, 0.0 ], [ -78.706411406690279, 35.799920209746404, 0.0 ], [ -78.706417854285931, 35.799853300673803, 0.0 ], [ -78.706455615480436, 35.799855809944951, 0.0 ], [ -78.70646780646976, 35.799730342826386, 0.0 ], [ -78.706390531276639, 35.799725430921107, 0.0 ], [ -78.706400763129068, 35.799619410034531, 0.0 ], [ -78.706459157679319, 35.799623066852135, 0.0 ], [ -78.706469808724677, 35.799513090977875, 0.0 ], [ -78.706647285216846, 35.799524507524183, 0.0 ] ] ] } },
{ "type": "Feature", "properties": { "OBJECTID": 626, "BLDGNUM": "305", "Precinct_N": "West Campus", "story_group": "vet" }, "geometry": { "type": "Polygon", "coordinates": [ [ [ -78.702071990782088, 35.79946597116858, 0.0 ], [ -78.701925632879551, 35.799465833167766, 0.0 ], [ -78.70192580064473, 35.799200884157543, 0.0 ], [ -78.70217534929958, 35.79920094542458, 0.0 ], [ -78.702175189475099, 35.799317649870254, 0.0 ], [ -78.702071996984742, 35.799317727502263, 0.0 ], [ -78.702071990782088, 35.79946597116858, 0.0 ] ] ] } },
{ "type": "Feature", "properties": { "OBJECTID": 627, "BLDGNUM": "306", "Precinct_N": "West Campus", "story_group": "vet" }, "geometry": { "type": "Polygon", "coordinates": [ [ [ -78.701834616699173, 35.799675505039318, 0.0 ], [ -78.701836816803862, 35.799554409755572, 0.0 ], [ -78.702168907747691, 35.799558189111536, 0.0 ], [ -78.70216684271459, 35.799679394693719, 0.0 ], [ -78.701834616699173, 35.799675505039318, 0.0 ] ] ] } },
{ "type": "Feature", "properties": { "OBJECTID": 628, "BLDGNUM": "315", "Precinct_N": "West Campus", "story_group": "vet" }, "geometry": { "type": "Polygon", "coordinates": [ [ [ -78.702614275238275, 35.798726956169979, 0.0 ], [ -78.702615376857565, 35.798647617330268, 0.0 ], [ -78.702687675291941, 35.798648342672834, 0.0 ], [ -78.7026881876875, 35.798619112501143, 0.0 ], [ -78.702801356950019, 35.798620158320468, 0.0 ], [ -78.702800845807715, 35.798649058604425, 0.0 ], [ -78.702872335485424, 35.798649781864846, 0.0 ], [ -78.702871615503653, 35.798698792381366, 0.0 ], [ -78.702722836448601, 35.798697330767531, 0.0 ], [ -78.702722318412796, 35.79872809861417, 0.0 ], [ -78.702614275238275, 35.798726956169979, 0.0 ] ] ] } },
{ "type": "Feature", "properties": { "OBJECTID": 629, "BLDGNUM": "324", "Precinct_N": "West Campus", "story_group": "vet" }, "geometry": { "type": "Polygon", "coordinates": [ [ [ -78.702130648763628, 35.799770504875426, 0.0 ], [ -78.702100205996999, 35.799769953645267, 0.0 ], [ -78.702101235564314, 35.799728937905748, 0.0 ], [ -78.702132554152499, 35.799730206941909, 0.0 ], [ -78.702130648763628, 35.799770504875426, 0.0 ] ] ] } },
{ "type": "Feature", "properties": { "OBJECTID": 630, "BLDGNUM": "323", "Precinct_N": "West Campus", "story_group": "vet" }, "geometry": { "type": "Polygon", "coordinates": [ [ [ -78.70227726548859, 35.799804172268999, 0.0 ], [ -78.702159640437429, 35.799803664894817, 0.0 ], [ -78.702160184793712, 35.799729159521192, 0.0 ], [ -78.702277943204805, 35.799729777184623, 0.0 ], [ -78.70227726548859, 35.799804172268999, 0.0 ] ] ] } },
{ "type": "Feature", "properties": { "OBJECTID": 631, "BLDGNUM": "322", "Precinct_N": "West Campus", "story_group": "vet" }, "geometry": { "type": "Polygon", "coordinates": [ [ [ -78.702060332759402, 35.799957270322437, 0.0 ], [ -78.702061938934818, 35.799887383319472, 0.0 ], [ -78.702220968749245, 35.799889750494287, 0.0 ], [ -78.70221936230638, 35.799959747461962, 0.0 ], [ -78.702060332759402, 35.799957270322437, 0.0 ] ] ] } },
{ "type": "Feature", "properties": { "OBJECTID": 634, "BLDGNUM": "301", "Precinct_N": "West Campus", "story_group": "vet" }, "geometry": { "type": "Polygon", "coordinates": [ [ [ -78.703764416785233, 35.799721324698936, 0.0 ], [ -78.703763529278746, 35.799203671183378, 0.0 ], [ -78.703984733748598, 35.79920420875137, 0.0 ], [ -78.703986202176154, 35.798991948125135, 0.0 ], [ -78.703804900484599, 35.798992239448523, 0.0 ], [ -78.703804813149517, 35.799016085136024, 0.0 ], [ -78.703717269374351, 35.799015982270312, 0.0 ], [ -78.703707593006087, 35.799006288245437, 0.0 ], [ -78.703707865943244, 35.798637052397005, 0.0 ], [ -78.703661194252732, 35.798637048866382, 0.0 ], [ -78.703661215675879, 35.798668038857478, 0.0 ], [ -78.703578662730365, 35.798668057992316, 0.0 ], [ -78.703562668749939, 35.798652084259487, 0.0 ], [ -78.703562698920749, 35.798607028952247, 0.0 ], [ -78.703491746769345, 35.798606966285753, 0.0 ], [ -78.70349177012541, 35.798526965030874, 0.0 ], [ -78.703561814281684, 35.798480431515273, 0.0 ], [ -78.703561983307978, 35.798287021952504, 0.0 ], [ -78.703514501553954, 35.798287126358225, 0.0 ], [ -78.703514401643559, 35.798314379093675, 0.0 ], [ -78.703432928875841, 35.798314400757206, 0.0 ], [ -78.703418682140963, 35.798300189774181, 0.0 ], [ -78.703418569759521, 35.798257221622812, 0.0 ], [ -78.703345594366326, 35.798257153945933, 0.0 ], [ -78.703345741556248, 35.79818023016486, 0.0 ], [ -78.703424710599265, 35.798127674050832, 0.0 ], [ -78.703424878336406, 35.797934705217877, 0.0 ], [ -78.703376183513754, 35.797934695751614, 0.0 ], [ -78.703376078717355, 35.797963268043354, 0.0 ], [ -78.703291233400094, 35.797963171437594, 0.0 ], [ -78.703275643334976, 35.797947528537662, 0.0 ], [ -78.703275887185228, 35.79755026975257, 0.0 ], [ -78.703624439646944, 35.797550349185492, 0.0 ], [ -78.703649049055315, 35.797533925292385, 0.0 ], [ -78.703738884708514, 35.797534033783421, 0.0 ], [ -78.703750846337513, 35.797545930839583, 0.0 ], [ -78.703750728082284, 35.797725604117161, 0.0 ], [ -78.703785124867437, 35.797725687739302, 0.0 ], [ -78.703785127120469, 35.797761622456484, 0.0 ], [ -78.703750866402601, 35.797761539165201, 0.0 ], [ -78.703750763725026, 35.797900112166197, 0.0 ], [ -78.703779359917505, 35.797900181686998, 0.0 ], [ -78.703798559980967, 35.797887480678519, 0.0 ], [ -78.703878819337703, 35.797887566687919, 0.0 ], [ -78.703897231744747, 35.797905962758776, 0.0 ], [ -78.703897036219331, 35.798253990304801, 0.0 ], [ -78.703914572166866, 35.798254032916375, 0.0 ], [ -78.703937559090761, 35.798238703762017, 0.0 ], [ -78.704029419478033, 35.798238706992635, 0.0 ], [ -78.704039365344599, 35.798248511612947, 0.0 ], [ -78.704065938111881, 35.798248576151565, 0.0 ], [ -78.704066021387604, 35.798078573321199, 0.0 ], [ -78.704510211959729, 35.798078772484644, 0.0 ], [ -78.70451010904462, 35.798254708800123, 0.0 ], [ -78.704540728911923, 35.798254783049309, 0.0 ], [ -78.704540739831785, 35.798288740235897, 0.0 ], [ -78.704509580043293, 35.798288664677401, 0.0 ], [ -78.704509240368594, 35.798603283585194, 0.0 ], [ -78.704538240636737, 35.798603353907168, 0.0 ], [ -78.704538375696089, 35.798640277707122, 0.0 ], [ -78.704505598253064, 35.798640198225542, 0.0 ], [ -78.704505245002863, 35.798958225037083, 0.0 ], [ -78.704647420281702, 35.798958239840061, 0.0 ], [ -78.704647224100853, 35.799344289455185, 0.0 ], [ -78.704541604976185, 35.799344143369574, 0.0 ], [ -78.704541509382423, 35.799665575999612, 0.0 ], [ -78.704136967873936, 35.799665364184143, 0.0 ], [ -78.704137329911362, 35.799308436458425, 0.0 ], [ -78.704168920325316, 35.799308251767471, 0.0 ], [ -78.704166023762738, 35.799007922158623, 0.0 ], [ -78.704085821417451, 35.799007977088976, 0.0 ], [ -78.704072085407347, 35.799001679405158, 0.0 ], [ -78.704072130443791, 35.798989371691725, 0.0 ], [ -78.704035709855262, 35.79898950316381, 0.0 ], [ -78.704035266653676, 35.799663248728443, 0.0 ], [ -78.703883235832961, 35.799661919444745, 0.0 ], [ -78.703882439212336, 35.799722356070816, 0.0 ], [ -78.703764416785233, 35.799721324698936, 0.0 ] ] ] } },
{ "type": "Feature", "properties": { "OBJECTID": 635, "BLDGNUM": "347", "Precinct_N": "West Campus", "story_group": "vet" }, "geometry": { "type": "Polygon", "coordinates": [ [ [ -78.702606879433887, 35.801491828541067, 0.0 ], [ -78.702603631966937, 35.801553236196625, 0.0 ], [ -78.702536246122634, 35.801550884165316, 0.0 ], [ -78.702539589251415, 35.801492059087195, 0.0 ], [ -78.702606879433887, 35.801491828541067, 0.0 ] ] ] } },
{ "type": "Feature", "properties": { "OBJECTID": 636, "BLDGNUM": "130", "Precinct_N": "West Campus", "story_group": "vet" }, "geometry": { "type": "Polygon", "coordinates": [ [ [ -78.696963634784424, 35.798125074593663, 0.0 ], [ -78.696372538075281, 35.798235363277662, 0.0 ], [ -78.696361087984229, 35.798195334076837, 0.0 ], [ -78.696323291566202, 35.798202492087086, 0.0 ], [ -78.696328750086039, 35.798221737630946, 0.0 ], [ -78.696320921182277, 35.798223255809916, 0.0 ], [ -78.696331705862278, 35.798260755992196, 0.0 ], [ -78.69621831717518, 35.798282341728118, 0.0 ], [ -78.696207665043417, 35.798245501648935, 0.0 ], [ -78.696127617896408, 35.798260687065856, 0.0 ], [ -78.696062245129582, 35.798032278911251, 0.0 ], [ -78.696304140385905, 35.797986177181983, 0.0 ], [ -78.696292423711242, 35.797945268497955, 0.0 ], [ -78.696882311728913, 35.797833109608767, 0.0 ], [ -78.696916654833046, 35.797955284563443, 0.0 ], [ -78.697082280272255, 35.797924267508591, 0.0 ], [ -78.69709705678423, 35.797976612743071, 0.0 ], [ -78.697062501331985, 35.797983120157987, 0.0 ], [ -78.69706609491206, 35.797996096704139, 0.0 ], [ -78.696967826154591, 35.798014533580158, 0.0 ], [ -78.696988193784605, 35.798086783552911, 0.0 ], [ -78.696954581312852, 35.798093183318286, 0.0 ], [ -78.696963634784424, 35.798125074593663, 0.0 ] ] ] } },
{ "type": "Feature", "properties": { "OBJECTID": 637, "BLDGNUM": "138A", "Precinct_N": "", "story_group": "other" }, "geometry": { "type": "Polygon", "coordinates": [ [ [ -78.686826634547316, 35.793500243288506, 0.0 ], [ -78.686730792958173, 35.793484941763232, 0.0 ], [ -78.686751496663788, 35.793398070279466, 0.0 ], [ -78.686847473548539, 35.793413262172898, 0.0 ], [ -78.686826634547316, 35.793500243288506, 0.0 ] ] ] } },
{ "type": "Feature", "properties": { "OBJECTID": 638, "BLDGNUM": "436", "Precinct_N": "West Campus", "story_group": "vet" }, "geometry": { "type": "Polygon", "coordinates": [ [ [ -78.697591895709621, 35.791791142559596, 0.0 ], [ -78.697445836845262, 35.791786933921898, 0.0 ], [ -78.697450705473102, 35.79167518564082, 0.0 ], [ -78.697596899101953, 35.791679394607819, 0.0 ], [ -78.697591895709621, 35.791791142559596, 0.0 ] ] ] } },
{ "type": "Feature", "properties": { "OBJECTID": 639, "BLDGNUM": "439", "Precinct_N": "West Campus", "story_group": "vet" }, "geometry": { "type": "Polygon", "coordinates": [ [ [ -78.697439512246845, 35.791783072181076, 0.0 ], [ -78.697250296696467, 35.791777766457479, 0.0 ], [ -78.697254734781552, 35.791672940338351, 0.0 ], [ -78.697443950086921, 35.791678246055234, 0.0 ], [ -78.697439512246845, 35.791783072181076, 0.0 ] ] ] } },
{ "type": "Feature", "properties": { "OBJECTID": 641, "BLDGNUM": "405", "Precinct_N": "West Campus", "story_group": "vet" }, "geometry": { "type": "Polygon", "coordinates": [ [ [ -78.698636770772296, 35.791995353098258, 0.0 ], [ -78.69863909924841, 35.791937232078375, 0.0 ], [ -78.69873134299273, 35.791939023127604, 0.0 ], [ -78.698729505507387, 35.79199781055501, 0.0 ], [ -78.698636770772296, 35.791995353098258, 0.0 ] ] ] } },
{ "type": "Feature", "properties": { "OBJECTID": 642, "BLDGNUM": "498", "Precinct_N": "West Campus", "story_group": "vet" }, "geometry": { "type": "Polygon", "coordinates": [ [ [ -78.698733587304687, 35.791912388550685, 0.0 ], [ -78.69879967114943, 35.791914310454132, 0.0 ], [ -78.698798191225777, 35.791949581798221, 0.0 ], [ -78.698732107348931, 35.79194766079533, 0.0 ], [ -78.698733587304687, 35.791912388550685, 0.0 ] ] ] } },
{ "type": "Feature", "properties": { "OBJECTID": 643, "BLDGNUM": "496", "Precinct_N": "West Campus", "story_group": "vet" }, "geometry": { "type": "Polygon", "coordinates": [ [ [ -78.698769380154403, 35.791981335228861, 0.0 ], [ -78.698730263656188, 35.791979900018696, 0.0 ], [ -78.698731849105357, 35.7919525409351, 0.0 ], [ -78.698770493974578, 35.791953472028801, 0.0 ], [ -78.698769380154403, 35.791981335228861, 0.0 ] ] ] } },
{ "type": "Feature", "properties": { "OBJECTID": 644, "BLDGNUM": "411", "Precinct_N": "West Campus", "story_group": "vet" }, "geometry": { "type": "Polygon", "coordinates": [ [ [ -78.698825477854214, 35.792123104802791, 0.0 ], [ -78.698901262902268, 35.792128017854573, 0.0 ], [ -78.69889046634303, 35.792238322892153, 0.0 ], [ -78.698814816159185, 35.792233410167455, 0.0 ], [ -78.698825477854214, 35.792123104802791, 0.0 ] ] ] } },
{ "type": "Feature", "properties": { "OBJECTID": 645, "BLDGNUM": "412", "Precinct_N": "West Campus", "story_group": "vet" }, "geometry": { "type": "Polygon", "coordinates": [ [ [ -78.698836435574052, 35.792042031654439, 0.0 ], [ -78.698847632989015, 35.791932826343576, 0.0 ], [ -78.698922876069403, 35.791937957971044, 0.0 ], [ -78.698911679864949, 35.792047162389999, 0.0 ], [ -78.698836435574052, 35.792042031654439, 0.0 ] ] ] } },
{ "type": "Feature", "properties": { "OBJECTID": 646, "BLDGNUM": "414", "Precinct_N": "West Campus", "story_group": "vet" }, "geometry": { "type": "Polygon", "coordinates": [ [ [ -78.698982885560625, 35.791941292493917, 0.0 ], [ -78.699058124160075, 35.791947632729155, 0.0 ], [ -78.699044230725264, 35.792056611470883, 0.0 ], [ -78.698968992025513, 35.792050271227282, 0.0 ], [ -78.698982885560625, 35.791941292493917, 0.0 ] ] ] } },
{ "type": "Feature", "properties": { "OBJECTID": 647, "BLDGNUM": "413", "Precinct_N": "West Campus", "story_group": "vet" }, "geometry": { "type": "Polygon", "coordinates": [ [ [ -78.698956806524123, 35.792135188289862, 0.0 ], [ -78.699032859603761, 35.79214032094854, 0.0 ], [ -78.69902221495677, 35.792246120553493, 0.0 ], [ -78.698946161778338, 35.79224098788832, 0.0 ], [ -78.698956806524123, 35.792135188289862, 0.0 ] ] ] } },
{ "type": "Feature", "properties": { "OBJECTID": 648, "BLDGNUM": "415", "Precinct_N": "West Campus", "story_group": "vet" }, "geometry": { "type": "Polygon", "coordinates": [ [ [ -78.69906980973559, 35.792250963860468, 0.0 ], [ -78.69908262098366, 35.79214264133261, 0.0 ], [ -78.699157592995988, 35.792148431027265, 0.0 ], [ -78.69914491570816, 35.792256753893341, 0.0 ], [ -78.69906980973559, 35.792250963860468, 0.0 ] ] ] } },
{ "type": "Feature", "properties": { "OBJECTID": 649, "BLDGNUM": "417", "Precinct_N": "West Campus", "story_group": "vet" }, "geometry": { "type": "Polygon", "coordinates": [ [ [ -78.699209776546425, 35.792152406799545, 0.0 ], [ -78.699283541640398, 35.792156105023011, 0.0 ], [ -78.699275034437278, 35.792267624444946, 0.0 ], [ -78.699201269241968, 35.792263926216393, 0.0 ], [ -78.699209776546425, 35.792152406799545, 0.0 ] ] ] } },
{ "type": "Feature", "properties": { "OBJECTID": 650, "BLDGNUM": "416", "Precinct_N": "West Campus", "story_group": "vet" }, "geometry": { "type": "Polygon", "coordinates": [ [ [ -78.699178810355207, 35.791956062682956, 0.0 ], [ -78.69916828862651, 35.792065159726626, 0.0 ], [ -78.699093178045274, 35.792060358470373, 0.0 ], [ -78.699103700280418, 35.791951152371404, 0.0 ], [ -78.699178810355207, 35.791956062682956, 0.0 ] ] ] } },
{ "type": "Feature", "properties": { "OBJECTID": 653, "BLDGNUM": "162", "Precinct_N": "West Campus", "story_group": "vet" }, "geometry": { "type": "Polygon", "coordinates": [ [ [ -78.699533816313462, 35.790030859506949, 0.0 ], [ -78.699557955986563, 35.790031797846275, 0.0 ], [ -78.699558971466629, 35.790012459296911, 0.0 ], [ -78.699603205748517, 35.790013887032856, 0.0 ], [ -78.699602054498911, 35.790033445175865, 0.0 ], [ -78.699624845354208, 35.79003416114962, 0.0 ], [ -78.699621800303163, 35.790091517017459, 0.0 ], [ -78.699598200056542, 35.790090689984929, 0.0 ], [ -78.699597320892565, 35.790109369085883, 0.0 ], [ -78.69955430163759, 35.79010783438013, 0.0 ], [ -78.699555320792371, 35.790087507065323, 0.0 ], [ -78.699530911877048, 35.790086677124286, 0.0 ], [ -78.699533816313462, 35.790030859506949, 0.0 ] ] ] } },
{ "type": "Feature", "properties": { "OBJECTID": 654, "BLDGNUM": "169A", "Precinct_N": "West Campus", "story_group": "vet" }, "geometry": { "type": "Polygon", "coordinates": [ [ [ -78.698438823994181, 35.790121013464876, 0.0 ], [ -78.698232588010498, 35.790123689093711, 0.0 ], [ -78.698231017257726, 35.790038848840879, 0.0 ], [ -78.698437253028487, 35.790036172313236, 0.0 ], [ -78.698438823994181, 35.790121013464876, 0.0 ] ] ] } },
{ "type": "Feature", "properties": { "OBJECTID": 655, "BLDGNUM": "169B", "Precinct_N": "West Campus", "story_group": "vet" }, "geometry": { "type": "Polygon", "coordinates": [ [ [ -78.698743806213784, 35.79011396499714, 0.0 ], [ -78.698536488788164, 35.790117408214691, 0.0 ], [ -78.69853424998459, 35.790030368835062, 0.0 ], [ -78.698741568296853, 35.790026924722603, 0.0 ], [ -78.698743806213784, 35.79011396499714, 0.0 ] ] ] } },
{ "type": "Feature", "properties": { "OBJECTID": 656, "BLDGNUM": "441", "Precinct_N": "West Campus", "story_group": "vet" }, "geometry": { "type": "Polygon", "coordinates": [ [ [ -78.697207077945066, 35.791324574035045, 0.0 ], [ -78.69709042154031, 35.791320986953124, 0.0 ], [ -78.697111730422321, 35.790853449495529, 0.0 ], [ -78.697228386157121, 35.790857035656252, 0.0 ], [ -78.697207077945066, 35.791324574035045, 0.0 ] ] ] } },
{ "type": "Feature", "properties": { "OBJECTID": 659, "BLDGNUM": "164D", "Precinct_N": "West Campus", "story_group": "vet" }, "geometry": { "type": "Polygon", "coordinates": [ [ [ -78.698565346728756, 35.789571867709846, 0.0 ], [ -78.698565103455721, 35.789637143399517, 0.0 ], [ -78.69852572092438, 35.789637045958571, 0.0 ], [ -78.698525963409466, 35.789571990195086, 0.0 ], [ -78.698565346728756, 35.789571867709846, 0.0 ] ] ] } },
{ "type": "Feature", "properties": { "OBJECTID": 660, "BLDGNUM": "162B", "Precinct_N": "West Campus", "story_group": "vet" }, "geometry": { "type": "Polygon", "coordinates": [ [ [ -78.699479841009023, 35.78982378576147, 0.0 ], [ -78.699414836744026, 35.789822355413691, 0.0 ], [ -78.699419750889817, 35.789674078302092, 0.0 ], [ -78.699484755035797, 35.789675508647356, 0.0 ], [ -78.699479841009023, 35.78982378576147, 0.0 ] ] ] } },
{ "type": "Feature", "properties": { "OBJECTID": 666, "BLDGNUM": "432", "Precinct_N": "West Campus", "story_group": "vet" }, "geometry": { "type": "Polygon", "coordinates": [ [ [ -78.698606387900583, 35.793482895513066, 0.0 ], [ -78.698682398290686, 35.793484379640518, 0.0 ], [ -78.69867255663965, 35.793757533617644, 0.0 ], [ -78.698597454836744, 35.793756196848655, 0.0 ], [ -78.698606387900583, 35.793482895513066, 0.0 ] ] ] } },
{ "type": "Feature", "properties": { "OBJECTID": 667, "BLDGNUM": "407", "Precinct_N": "West Campus", "story_group": "vet" }, "geometry": { "type": "Polygon", "coordinates": [ [ [ -78.698662667321742, 35.793472169015068, 0.0 ], [ -78.698664165123162, 35.793431231888178, 0.0 ], [ -78.69873547454678, 35.79343276835192, 0.0 ], [ -78.698733976781469, 35.79347370547962, 0.0 ], [ -78.698662667321742, 35.793472169015068, 0.0 ] ] ] } },
{ "type": "Feature", "properties": { "OBJECTID": 668, "BLDGNUM": "408", "Precinct_N": "West Campus", "story_group": "vet" }, "geometry": { "type": "Polygon", "coordinates": [ [ [ -78.698876516938697, 35.793427512448162, 0.0 ], [ -78.698632771884391, 35.793422756425933, 0.0 ], [ -78.698634788248711, 35.793378637035516, 0.0 ], [ -78.698877475044171, 35.793383822182385, 0.0 ], [ -78.698876516938697, 35.793427512448162, 0.0 ] ] ] } },
{ "type": "Feature", "properties": { "OBJECTID": 669, "BLDGNUM": "433", "Precinct_N": "West Campus", "story_group": "vet" }, "geometry": { "type": "Polygon", "coordinates": [ [ [ -78.698791925139346, 35.793485680683901, 0.0 ], [ -78.698782217120552, 35.793761669724724, 0.0 ], [ -78.698706042796545, 35.793760465572795, 0.0 ], [ -78.698715752181471, 35.793484476540691, 0.0 ], [ -78.698791925139346, 35.793485680683901, 0.0 ] ] ] } },
{ "type": "Feature", "properties": { "OBJECTID": 670, "BLDGNUM": "434", "Precinct_N": "West Campus", "story_group": "vet" }, "geometry": { "type": "Polygon", "coordinates": [ [ [ -78.698810469649956, 35.793618344816991, 0.0 ], [ -78.69888551617754, 35.793619637152581, 0.0 ], [ -78.698880424587401, 35.793762651569843, 0.0 ], [ -78.698805377927187, 35.793761359231162, 0.0 ], [ -78.698810469649956, 35.793618344816991, 0.0 ] ] ] } },
{ "type": "Feature", "properties": { "OBJECTID": 671, "BLDGNUM": "464", "Precinct_N": "West Campus", "story_group": "vet" }, "geometry": { "type": "Polygon", "coordinates": [ [ [ -78.698878869974166, 35.793553526102762, 0.0 ], [ -78.698881689808573, 35.793495328807374, 0.0 ], [ -78.698927633232344, 35.793496404074006, 0.0 ], [ -78.698924813431006, 35.793554601370445, 0.0 ], [ -78.698878869974166, 35.793553526102762, 0.0 ] ] ] } },
{ "type": "Feature", "properties": { "OBJECTID": 672, "BLDGNUM": "458", "Precinct_N": "West Campus", "story_group": "vet" }, "geometry": { "type": "Polygon", "coordinates": [ [ [ -78.698824503456933, 35.793545208432846, 0.0 ], [ -78.69882727301227, 35.793488045756661, 0.0 ], [ -78.698872838105572, 35.79348911199672, 0.0 ], [ -78.698870446908316, 35.793546283721042, 0.0 ], [ -78.698824503456933, 35.793545208432846, 0.0 ] ] ] } },
{ "type": "Feature", "properties": { "OBJECTID": 673, "BLDGNUM": "459", "Precinct_N": "West Campus", "story_group": "vet" }, "geometry": { "type": "Polygon", "coordinates": [ [ [ -78.698878179454468, 35.793474534246577, 0.0 ], [ -78.698743688052957, 35.793471909678033, 0.0 ], [ -78.698744867391454, 35.793431810913809, 0.0 ], [ -78.698879357619944, 35.793434435478375, 0.0 ], [ -78.698878179454468, 35.793474534246577, 0.0 ] ] ] } },
{ "type": "Feature", "properties": { "OBJECTID": 674, "BLDGNUM": "409", "Precinct_N": "West Campus", "story_group": "vet" }, "geometry": { "type": "Polygon", "coordinates": [ [ [ -78.698901421504758, 35.793424147987103, 0.0 ], [ -78.698902831191447, 35.793405063716172, 0.0 ], [ -78.698916210785214, 35.793405401432786, 0.0 ], [ -78.698914801098326, 35.793424486605225, 0.0 ], [ -78.698901421504758, 35.793424147987103, 0.0 ] ] ] } },
{ "type": "Feature", "properties": { "OBJECTID": 675, "BLDGNUM": "430", "Precinct_N": "West Campus", "story_group": "vet" }, "geometry": { "type": "Polygon", "coordinates": [ [ [ -78.699181784667289, 35.793475538366771, 0.0 ], [ -78.699176890269044, 35.793747712216025, 0.0 ], [ -78.699096458040884, 35.793746724032928, 0.0 ], [ -78.699096922793601, 35.793473721728226, 0.0 ], [ -78.699181784667289, 35.793475538366771, 0.0 ] ] ] } },
{ "type": "Feature", "properties": { "OBJECTID": 676, "BLDGNUM": "344", "Precinct_N": "West Campus", "story_group": "vet" }, "geometry": { "type": "Polygon", "coordinates": [ [ [ -78.702561428834201, 35.801061611112374, 0.0 ], [ -78.702578290842709, 35.801061554023498, 0.0 ], [ -78.702578055822059, 35.80102858689321, 0.0 ], [ -78.702646302673998, 35.801028355055855, 0.0 ], [ -78.702647088240582, 35.8011384846493, 0.0 ], [ -78.702578841295761, 35.801138716487095, 0.0 ], [ -78.702578525866812, 35.801094520252136, 0.0 ], [ -78.702561663848158, 35.801094578242363, 0.0 ], [ -78.702561428834201, 35.801061611112374, 0.0 ] ] ] } },
{ "type": "Feature", "properties": { "OBJECTID": 677, "BLDGNUM": "346", "Precinct_N": "West Campus", "story_group": "vet" }, "geometry": { "type": "Polygon", "coordinates": [ [ [ -78.702507696198509, 35.801492169610242, 0.0 ], [ -78.702506606628617, 35.801389538444724, 0.0 ], [ -78.702648751680528, 35.801389610477337, 0.0 ], [ -78.702649270360183, 35.801491682317881, 0.0 ], [ -78.702507696198509, 35.801492169610242, 0.0 ] ] ] } },
{ "type": "Feature", "properties": { "OBJECTID": 678, "BLDGNUM": "340", "Precinct_N": "West Campus", "story_group": "vet" }, "geometry": { "type": "Polygon", "coordinates": [ [ [ -78.703200642924457, 35.800848074514377, 0.0 ], [ -78.702961645732699, 35.800848550338266, 0.0 ], [ -78.702961607114744, 35.800781950133903, 0.0 ], [ -78.703199871355878, 35.800782764147421, 0.0 ], [ -78.703200642924457, 35.800848074514377, 0.0 ] ] ] } },
{ "type": "Feature", "properties": { "OBJECTID": 679, "BLDGNUM": "345B", "Precinct_N": "West Campus", "story_group": "vet" }, "geometry": { "type": "Polygon", "coordinates": [ [ [ -78.702413952961663, 35.801123962768102, 0.0 ], [ -78.70249920876428, 35.801123456178694, 0.0 ], [ -78.702499822429672, 35.801192137174667, 0.0 ], [ -78.702414566554651, 35.80119264376448, 0.0 ], [ -78.702413952961663, 35.801123962768102, 0.0 ] ] ] } },
{ "type": "Feature", "properties": { "OBJECTID": 680, "BLDGNUM": "345A", "Precinct_N": "West Campus", "story_group": "vet" }, "geometry": { "type": "Polygon", "coordinates": [ [ [ -78.702648040253891, 35.801223507785636, 0.0 ], [ -78.702648401331075, 35.801294117032022, 0.0 ], [ -78.702510159291833, 35.801294510605786, 0.0 ], [ -78.702509855868641, 35.801223901499469, 0.0 ], [ -78.702648040253891, 35.801223507785636, 0.0 ] ] ] } },
{ "type": "Feature", "properties": { "OBJECTID": 681, "BLDGNUM": "343", "Precinct_N": "West Campus", "story_group": "vet" }, "geometry": { "type": "Polygon", "coordinates": [ [ [ -78.702624529767377, 35.800907626747019, 0.0 ], [ -78.702624686551445, 35.800934795359034, 0.0 ], [ -78.702644808596986, 35.800934885924633, 0.0 ], [ -78.702644681993959, 35.80096299845053, 0.0 ], [ -78.702468920175136, 35.800963275176272, 0.0 ], [ -78.702469058647878, 35.800908195448969, 0.0 ], [ -78.702624529767377, 35.800907626747019, 0.0 ] ] ] } },
{ "type": "Feature", "properties": { "OBJECTID": 682, "BLDGNUM": "342", "Precinct_N": "West Campus", "story_group": "vet" }, "geometry": { "type": "Polygon", "coordinates": [ [ [ -78.70264491113042, 35.800761361746609, 0.0 ], [ -78.702644730404558, 35.800827062779611, 0.0 ], [ -78.702493402412713, 35.800825975943589, 0.0 ], [ -78.702493848518642, 35.800760652319077, 0.0 ], [ -78.70264491113042, 35.800761361746609, 0.0 ] ] ] } },
{ "type": "Feature", "properties": { "OBJECTID": 683, "BLDGNUM": "341", "Precinct_N": "West Campus", "story_group": "vet" }, "geometry": { "type": "Polygon", "coordinates": [ [ [ -78.702962770813656, 35.801098608584944, 0.0 ], [ -78.702962365026636, 35.800998829119315, 0.0 ], [ -78.703165043304082, 35.800998993111044, 0.0 ], [ -78.703165435930984, 35.801097904551739, 0.0 ], [ -78.702962770813656, 35.801098608584944, 0.0 ] ] ] } },
{ "type": "Feature", "properties": { "OBJECTID": 685, "BLDGNUM": "080", "Precinct_N": "North Campus", "story_group": "main" }, "geometry": { "type": "Polygon", "coordinates": [ [ [ -78.672770487362612, 35.789352786263386, 0.0 ], [ -78.672811186003074, 35.789361137468383, 0.0 ], [ -78.672813646002453, 35.789353012134491, 0.0 ], [ -78.672968489178118, 35.789384966839719, 0.0 ], [ -78.672949904115129, 35.789444588735194, 0.0 ], [ -78.672910419633098, 35.789436350800628, 0.0 ], [ -78.672895251467125, 35.789485101717602, 0.0 ], [ -78.672765609013979, 35.789458269353915, 0.0 ], [ -78.672783373770201, 35.789401283521926, 0.0 ], [ -78.672757094539477, 35.7893958283031, 0.0 ], [ -78.672770487362612, 35.789352786263386, 0.0 ] ] ] } },
{ "type": "Feature", "properties": { "OBJECTID": 686, "BLDGNUM": "080A", "Precinct_N": "North Campus", "story_group": "main" }, "geometry": { "type": "Polygon", "coordinates": [ [ [ -78.672660128036981, 35.789460514280222, 0.0 ], [ -78.672593689533116, 35.78944681828326, 0.0 ], [ -78.672610360924068, 35.789393235722869, 0.0 ], [ -78.672676933907482, 35.789407041135185, 0.0 ], [ -78.672660128036981, 35.789460514280222, 0.0 ] ] ] } },
{ "type": "Feature", "properties": { "OBJECTID": 687, "BLDGNUM": "048", "Precinct_N": "North Campus", "story_group": "main" }, "geometry": { "type": "Polygon", "coordinates": [ [ [ -78.670666226707183, 35.788807105847681, 0.0 ], [ -78.670351171758028, 35.788738230154543, 0.0 ], [ -78.670435430422486, 35.788482739056604, 0.0 ], [ -78.670750349935147, 35.788551504209927, 0.0 ], [ -78.670666226707183, 35.788807105847681, 0.0 ] ] ] } },
{ "type": "Feature", "properties": { "OBJECTID": 691, "BLDGNUM": "021", "Precinct_N": "North Campus", "story_group": "main" }, "geometry": { "type": "Polygon", "coordinates": [ [ [ -78.665056467519477, 35.78729189277778, 0.0 ], [ -78.665011902430919, 35.78740342093829, 0.0 ], [ -78.664981051129146, 35.78739531322335, 0.0 ], [ -78.664970148181212, 35.787422537254074, 0.0 ], [ -78.664365778119745, 35.787262079102916, 0.0 ], [ -78.664378316318476, 35.787230574627756, 0.0 ], [ -78.664348677753154, 35.787222690021125, 0.0 ], [ -78.664390652286514, 35.787117968236757, 0.0 ], [ -78.66441840589539, 35.787125297820225, 0.0 ], [ -78.664431353029158, 35.787092805687543, 0.0 ], [ -78.66473528895169, 35.787173424225557, 0.0 ], [ -78.664756276522027, 35.787121063269709, 0.0 ], [ -78.664836572223862, 35.787142383808238, 0.0 ], [ -78.664815173904614, 35.787196172281611, 0.0 ], [ -78.665033695696252, 35.787254246728573, 0.0 ], [ -78.665022248144354, 35.787282897000615, 0.0 ], [ -78.665056467519477, 35.78729189277778, 0.0 ] ] ] } },
{ "type": "Feature", "properties": { "OBJECTID": 699, "BLDGNUM": "461", "Precinct_N": "West Campus", "story_group": "vet" }, "geometry": { "type": "Polygon", "coordinates": [ [ [ -78.698996023874884, 35.79210419512053, 0.0 ], [ -78.699000884745601, 35.792071249483911, 0.0 ], [ -78.699029234607266, 35.792073935216628, 0.0 ], [ -78.699024508704625, 35.792106883891705, 0.0 ], [ -78.698996023874884, 35.79210419512053, 0.0 ] ] ] } },
{ "type": "Feature", "properties": { "OBJECTID": 701, "BLDGNUM": "131", "Precinct_N": "South Campus", "story_group": "main" }, "geometry": { "type": "Polygon", "coordinates": [ [ [ -78.685243304184027, 35.784168410254352, 0.0 ], [ -78.685380754249394, 35.784215975129577, 0.0 ], [ -78.685330512290065, 35.784308113535452, 0.0 ], [ -78.685383948748353, 35.784328072157187, 0.0 ], [ -78.68530157124556, 35.784484919962694, 0.0 ], [ -78.685190290110683, 35.784446116115781, 0.0 ], [ -78.685174770287048, 35.784475666322436, 0.0 ], [ -78.685137263799959, 35.784462588199894, 0.0 ], [ -78.685130092318005, 35.784475103792659, 0.0 ], [ -78.685126879764525, 35.78447401207108, 0.0 ], [ -78.685148602180959, 35.784431631005624, 0.0 ], [ -78.684968574935311, 35.784368369695116, 0.0 ], [ -78.685051501328715, 35.784212452814899, 0.0 ], [ -78.685194237510103, 35.78426208933984, 0.0 ], [ -78.685243304184027, 35.784168410254352, 0.0 ] ] ] } },
{ "type": "Feature", "properties": { "OBJECTID": 702, "BLDGNUM": "142", "Precinct_N": "South Campus", "story_group": "main" }, "geometry": { "type": "Polygon", "coordinates": [ [ [ -78.682580513953155, 35.78122114900269, 0.0 ], [ -78.682561588692934, 35.781411462524069, 0.0 ], [ -78.682386841416474, 35.781399924092291, 0.0 ], [ -78.682405768191259, 35.781209610600186, 0.0 ], [ -78.682427611132269, 35.781211052913463, 0.0 ], [ -78.682428291740919, 35.781204207148889, 0.0 ], [ -78.682461896606711, 35.781206425530776, 0.0 ], [ -78.682461216000888, 35.781213271295591, 0.0 ], [ -78.682580513953155, 35.78122114900269, 0.0 ] ] ] } },
{ "type": "Feature", "properties": { "OBJECTID": 704, "BLDGNUM": "291", "Precinct_N": "", "story_group": "other" }, "geometry": { "type": "Polygon", "coordinates": [ [ [ -78.69904872285953, 35.766213432198157, 0.0 ], [ -78.698984548402279, 35.766148045500422, 0.0 ], [ -78.698950280663198, 35.766170388240788, 0.0 ], [ -78.698874452988392, 35.766093128919358, 0.0 ], [ -78.698906730719926, 35.766072085536436, 0.0 ], [ -78.698840298975568, 35.766004401041641, 0.0 ], [ -78.699052333774674, 35.76586616021622, 0.0 ], [ -78.699258772297313, 35.766076486767226, 0.0 ], [ -78.69904872285953, 35.766213432198157, 0.0 ] ] ] } },
{ "type": "Feature", "properties": { "OBJECTID": 706, "BLDGNUM": "992A", "Precinct_N": "", "story_group": "other" }, "geometry": { "type": "Polygon", "coordinates": [ [ [ -78.702534483970297, 35.790826533822141, 0.0 ], [ -78.702250211170266, 35.790822158365366, 0.0 ], [ -78.702254634240617, 35.790655626875925, 0.0 ], [ -78.702294386346537, 35.790656438779429, 0.0 ], [ -78.702297245787648, 35.79049361339262, 0.0 ], [ -78.702256148471236, 35.790491616539931, 0.0 ], [ -78.702260873606107, 35.79032566353213, 0.0 ], [ -78.702545217401791, 35.790328308560944, 0.0 ], [ -78.702544267055927, 35.790485946878164, 0.0 ], [ -78.702582900931077, 35.790488183687316, 0.0 ], [ -78.702579139682143, 35.790667463623905, 0.0 ], [ -78.702538339011539, 35.790667501925149, 0.0 ], [ -78.702534483970297, 35.790826533822141, 0.0 ] ] ] } },
{ "type": "Feature", "properties": { "OBJECTID": 707, "BLDGNUM": "992B", "Precinct_N": "", "story_group": "other" }, "geometry": { "type": "Polygon", "coordinates": [ [ [ -78.702948370584579, 35.790657073245065, 0.0 ], [ -78.702754223119584, 35.790654841226676, 0.0 ], [ -78.702760224272652, 35.790425566469835, 0.0 ], [ -78.702962274463744, 35.790424465646865, 0.0 ], [ -78.702961984129658, 35.790457734463196, 0.0 ], [ -78.703160787999551, 35.790458905797813, 0.0 ], [ -78.703161039721692, 35.790427092558417, 0.0 ], [ -78.703366922079994, 35.790428995568178, 0.0 ], [ -78.703360508279189, 35.790660852598691, 0.0 ], [ -78.703168114022006, 35.790658680490381, 0.0 ], [ -78.703168197585939, 35.790691074108629, 0.0 ], [ -78.702949533688837, 35.790689191881597, 0.0 ], [ -78.702948370584579, 35.790657073245065, 0.0 ] ] ] } },
{ "type": "Feature", "properties": { "OBJECTID": 708, "BLDGNUM": "320", "Precinct_N": "West Campus", "story_group": "vet" }, "geometry": { "type": "Polygon", "coordinates": [ [ [ -78.702089762266709, 35.79973162469733, 0.0 ], [ -78.702088104301694, 35.799815577915382, 0.0 ], [ -78.701833303505737, 35.799812317380095, 0.0 ], [ -78.701834961735202, 35.799728364165468, 0.0 ], [ -78.702089762266709, 35.79973162469733, 0.0 ] ] ] } },
{ "type": "Feature", "properties": { "OBJECTID": 709, "BLDGNUM": "418", "Precinct_N": "West Campus", "story_group": "vet" }, "geometry": { "type": "Polygon", "coordinates": [ [ [ -78.699295319737487, 35.792072066635562, 0.0 ], [ -78.699221417832135, 35.792068587107742, 0.0 ], [ -78.699229103316739, 35.791960582698252, 0.0 ], [ -78.699302869054307, 35.791964060984355, 0.0 ], [ -78.699295319737487, 35.792072066635562, 0.0 ] ] ] } },
{ "type": "Feature", "properties": { "OBJECTID": 712, "BLDGNUM": "136", "Precinct_N": "West Campus", "story_group": "vet" }, "geometry": { "type": "Polygon", "coordinates": [ [ [ -78.711876058935857, 35.799954461986886, 0.0 ], [ -78.711876107389244, 35.79997874874379, 0.0 ], [ -78.711974579735127, 35.799978651650271, 0.0 ], [ -78.711974552776141, 35.799948321450593, 0.0 ], [ -78.712032016974803, 35.79994834730072, 0.0 ], [ -78.712032160592429, 35.800021425691, 0.0 ], [ -78.71199722361726, 35.800021453086167, 0.0 ], [ -78.711997235321832, 35.800056069126953, 0.0 ], [ -78.711821469815931, 35.800056093433511, 0.0 ], [ -78.711821427097561, 35.79995444276156, 0.0 ], [ -78.711876058935857, 35.799954461986886, 0.0 ] ] ] } },
{ "type": "Feature", "properties": { "OBJECTID": 715, "BLDGNUM": "810M", "Precinct_N": "Lake Wheeler", "story_group": "other" }, "geometry": { "type": "Polygon", "coordinates": [ [ [ -78.676901781655729, 35.738217550299318, 0.0 ], [ -78.676902975074356, 35.738324041077469, 0.0 ], [ -78.676632711164046, 35.738326180923572, 0.0 ], [ -78.676631699388921, 35.738242109259055, 0.0 ], [ -78.676827555489737, 35.738240540805819, 0.0 ], [ -78.676827241042787, 35.738218231302596, 0.0 ], [ -78.676901781655729, 35.738217550299318, 0.0 ] ] ] } },
{ "type": "Feature", "properties": { "OBJECTID": 717, "BLDGNUM": "819G", "Precinct_N": "Lake Wheeler", "story_group": "other" }, "geometry": { "type": "Polygon", "coordinates": [ [ [ -78.675302017731838, 35.738354260223346, 0.0 ], [ -78.675304263557109, 35.73826596895038, 0.0 ], [ -78.675553244158024, 35.738270178606442, 0.0 ], [ -78.675550998597018, 35.738358471686595, 0.0 ], [ -78.675302017731838, 35.738354260223346, 0.0 ] ] ] } },
{ "type": "Feature", "properties": { "OBJECTID": 718, "BLDGNUM": "600A", "Precinct_N": "South Campus", "story_group": "main" }, "geometry": { "type": "Polygon", "coordinates": [ [ [ -78.68388186262618, 35.780540861351753, 0.0 ], [ -78.683752564820978, 35.780557353937418, 0.0 ], [ -78.683706889773831, 35.780342463977341, 0.0 ], [ -78.683836181840704, 35.780327354092783, 0.0 ], [ -78.68388186262618, 35.780540861351753, 0.0 ] ] ] } },
{ "type": "Feature", "properties": { "OBJECTID": 719, "BLDGNUM": "252U", "Precinct_N": "South Campus", "story_group": "main" }, "geometry": { "type": "Polygon", "coordinates": [ [ [ -78.681778867549028, 35.780912665196126, 0.0 ], [ -78.68188367167896, 35.78111534377512, 0.0 ], [ -78.681599533174406, 35.781213059309621, 0.0 ], [ -78.681494620430286, 35.781010583010399, 0.0 ], [ -78.681778867549028, 35.780912665196126, 0.0 ] ] ] } },
{ "type": "Feature", "properties": { "OBJECTID": 720, "BLDGNUM": "252B", "Precinct_N": "South Campus", "story_group": "main" }, "geometry": { "type": "Polygon", "coordinates": [ [ [ -78.680595006987261, 35.77869415139839, 0.0 ], [ -78.680841107080681, 35.778603848531759, 0.0 ], [ -78.68096789412769, 35.778832935678338, 0.0 ], [ -78.68072204313107, 35.778923322372727, 0.0 ], [ -78.680595006987261, 35.77869415139839, 0.0 ] ] ] } },
{ "type": "Feature", "properties": { "OBJECTID": 722, "BLDGNUM": "911", "Precinct_N": "", "story_group": "other" }, "geometry": { "type": "Polygon", "coordinates": [ [ [ -78.673691168914559, 35.789581084054198, 0.0 ], [ -78.67331544341782, 35.78957161536961, 0.0 ], [ -78.67332149415428, 35.78940932089094, 0.0 ], [ -78.673697219341435, 35.789418679594426, 0.0 ], [ -78.673691168914559, 35.789581084054198, 0.0 ] ] ] } },
{ "type": "Feature", "properties": { "OBJECTID": 727, "BLDGNUM": "948R", "Precinct_N": "", "story_group": "other" }, "geometry": { "type": "Polygon", "coordinates": [ [ [ -78.649735934257137, 35.781498133401655, 0.0 ], [ -78.649501304105186, 35.781491222153072, 0.0 ], [ -78.649524105462277, 35.780991029286476, 0.0 ], [ -78.64967877045143, 35.780995760054999, 0.0 ], [ -78.649677877159306, 35.78101531765661, 0.0 ], [ -78.649757704754208, 35.781017772614497, 0.0 ], [ -78.649735934257137, 35.781498133401655, 0.0 ] ] ] } },
{ "type": "Feature", "properties": { "OBJECTID": 728, "BLDGNUM": "252V", "Precinct_N": "South Campus", "story_group": "main" }, "geometry": { "type": "Polygon", "coordinates": [ [ [ -78.681683179013774, 35.780649148615005, 0.0 ], [ -78.68175645752973, 35.780860824221918, 0.0 ], [ -78.681459683717364, 35.780929191892398, 0.0 ], [ -78.681386266900915, 35.780717705932574, 0.0 ], [ -78.681683179013774, 35.780649148615005, 0.0 ] ] ] } },
{ "type": "Feature", "properties": { "OBJECTID": 729, "BLDGNUM": "443E", "Precinct_N": "West Campus", "story_group": "vet" }, "geometry": { "type": "Polygon", "coordinates": [ [ [ -78.699696467654903, 35.793262969595972, 0.0 ], [ -78.699707740318644, 35.793317371836707, 0.0 ], [ -78.69966510133446, 35.793322608105335, 0.0 ], [ -78.699653593850002, 35.793268587451543, 0.0 ], [ -78.699696467654903, 35.793262969595972, 0.0 ] ] ] } },
{ "type": "Feature", "properties": { "OBJECTID": 730, "BLDGNUM": "445B", "Precinct_N": "West Campus", "story_group": "vet" }, "geometry": { "type": "Polygon", "coordinates": [ [ [ -78.699789398815923, 35.793758926766635, 0.0 ], [ -78.699759064072992, 35.793758201251748, 0.0 ], [ -78.699760646586085, 35.793714263752769, 0.0 ], [ -78.69979098131256, 35.793714989267272, 0.0 ], [ -78.699789398815923, 35.793758926766635, 0.0 ] ] ] } },
{ "type": "Feature", "properties": { "OBJECTID": 732, "BLDGNUM": "445C", "Precinct_N": "West Campus", "story_group": "vet" }, "geometry": { "type": "Polygon", "coordinates": [ [ [ -78.699783000355751, 35.793669385955944, 0.0 ], [ -78.699698407545426, 35.793668939540815, 0.0 ], [ -78.699698759410992, 35.793624826851556, 0.0 ], [ -78.699783351068902, 35.793625273263721, 0.0 ], [ -78.699783000355751, 35.793669385955944, 0.0 ] ] ] } },
{ "type": "Feature", "properties": { "OBJECTID": 733, "BLDGNUM": "445A", "Precinct_N": "West Campus", "story_group": "vet" }, "geometry": { "type": "Polygon", "coordinates": [ [ [ -78.699793126146162, 35.793681692611983, 0.0 ], [ -78.699793042491876, 35.793704229599868, 0.0 ], [ -78.699662639926473, 35.793703908237731, 0.0 ], [ -78.699662723617109, 35.793681371249917, 0.0 ], [ -78.699793126146162, 35.793681692611983, 0.0 ] ] ] } },
{ "type": "Feature", "properties": { "OBJECTID": 734, "BLDGNUM": "403", "Precinct_N": "West Campus", "story_group": "vet" }, "geometry": { "type": "Polygon", "coordinates": [ [ [ -78.698744480980523, 35.7918152614061, 0.0 ], [ -78.698680180009006, 35.791809626738399, 0.0 ], [ -78.698687629843377, 35.791753185866, 0.0 ], [ -78.698751930770541, 35.791758820529935, 0.0 ], [ -78.698744480980523, 35.7918152614061, 0.0 ] ] ] } },
{ "type": "Feature", "properties": { "OBJECTID": 1965, "BLDGNUM": "163", "Precinct_N": "West Campus", "story_group": "vet" }, "geometry": { "type": "Polygon", "coordinates": [ [ [ -78.699625445309636, 35.789514557228877, 0.0 ], [ -78.699484962289446, 35.789511349037376, 0.0 ], [ -78.699494539166992, 35.789232952645349, 0.0 ], [ -78.699635021703997, 35.7892361608261, 0.0 ], [ -78.699625445309636, 35.789514557228877, 0.0 ] ] ] } },
{ "type": "Feature", "properties": { "OBJECTID": 1966, "BLDGNUM": "252M", "Precinct_N": "South Campus", "story_group": "main" }, "geometry": { "type": "Polygon", "coordinates": [ [ [ -78.683184777401124, 35.780984210893671, 0.0 ], [ -78.683240488486476, 35.781199411026726, 0.0 ], [ -78.682938759111153, 35.78125142346677, 0.0 ], [ -78.682882895429046, 35.781036405773776, 0.0 ], [ -78.683184777401124, 35.780984210893671, 0.0 ] ] ] } },
{ "type": "Feature", "properties": { "OBJECTID": 1967, "BLDGNUM": "252K", "Precinct_N": "South Campus", "story_group": "main" }, "geometry": { "type": "Polygon", "coordinates": [ [ [ -78.68310289806395, 35.780668078219747, 0.0 ], [ -78.68312120254889, 35.78073243339847, 0.0 ], [ -78.683159178853302, 35.780725858593421, 0.0 ], [ -78.683186553839406, 35.780830860196915, 0.0 ], [ -78.683148576385292, 35.780837434106076, 0.0 ], [ -78.683163959856657, 35.780902294544269, 0.0 ], [ -78.683104986629061, 35.780915093523404, 0.0 ], [ -78.683104340393214, 35.780912615839917, 0.0 ], [ -78.683093660711194, 35.780916819887032, 0.0 ], [ -78.682893016723838, 35.780949196976096, 0.0 ], [ -78.682877168403436, 35.780888408484884, 0.0 ], [ -78.682835888425402, 35.780894298590162, 0.0 ], [ -78.682806936383543, 35.780782842757539, 0.0 ], [ -78.682847802826501, 35.780775769016991, 0.0 ], [ -78.682831954574084, 35.780714980516436, 0.0 ], [ -78.682940786276419, 35.780696140812744, 0.0 ], [ -78.682941829352117, 35.780693604430446, 0.0 ], [ -78.68310289806395, 35.780668078219747, 0.0 ] ] ] } },
{ "type": "Feature", "properties": { "OBJECTID": 1968, "BLDGNUM": "252J", "Precinct_N": "South Campus", "story_group": "main" }, "geometry": { "type": "Polygon", "coordinates": [ [ [ -78.683025040949985, 35.780371505258131, 0.0 ], [ -78.683080751188413, 35.780586705507432, 0.0 ], [ -78.682779023995806, 35.780638717562297, 0.0 ], [ -78.682723160055318, 35.780423699750038, 0.0 ], [ -78.683025040949985, 35.780371505258131, 0.0 ] ] ] } },
{ "type": "Feature", "properties": { "OBJECTID": 1971, "BLDGNUM": "435A", "Precinct_N": "West Campus", "story_group": "vet" }, "geometry": { "type": "Polygon", "coordinates": [ [ [ -78.698963574937252, 35.792643420591439, 0.0 ], [ -78.698872055728089, 35.792704133399326, 0.0 ], [ -78.698667662663169, 35.7924996152002, 0.0 ], [ -78.698759181794358, 35.792438902541718, 0.0 ], [ -78.698963574937252, 35.792643420591439, 0.0 ] ] ] } },
{ "type": "Feature", "properties": { "OBJECTID": 1972, "BLDGNUM": "435", "Precinct_N": "West Campus", "story_group": "vet" }, "geometry": { "type": "Polygon", "coordinates": [ [ [ -78.699093485948907, 35.792566065478596, 0.0 ], [ -78.699001966924754, 35.792626778385603, 0.0 ], [ -78.698797573726821, 35.792422260399157, 0.0 ], [ -78.698889092672985, 35.792361547641569, 0.0 ], [ -78.699093485948907, 35.792566065478596, 0.0 ] ] ] } },
{ "type": "Feature", "properties": { "OBJECTID": 1973, "BLDGNUM": "101", "Precinct_N": "Central Campus", "story_group": "main" }, "geometry": { "type": "Polygon", "coordinates": [ [ [ -78.672542531972482, 35.783757487544108, 0.0 ], [ -78.672486846271426, 35.783737399153814, 0.0 ], [ -78.672473306529668, 35.783762006490313, 0.0 ], [ -78.671480244906363, 35.783400928131648, 0.0 ], [ -78.671421370617864, 35.783466071077207, 0.0 ], [ -78.671318672186857, 35.783403407289548, 0.0 ], [ -78.67133414847595, 35.783385223797076, 0.0 ], [ -78.671113595145926, 35.783253405925713, 0.0 ], [ -78.67122020141808, 35.782910552473432, 0.0 ], [ -78.671294221825605, 35.78278780299253, 0.0 ], [ -78.671608315314032, 35.782901621349836, 0.0 ], [ -78.67163819814418, 35.782847481333441, 0.0 ], [ -78.671264165246271, 35.782711535485106, 0.0 ], [ -78.671307055447386, 35.782633217742251, 0.0 ], [ -78.671312325100189, 35.782635153633017, 0.0 ], [ -78.671317853900902, 35.782625308707487, 0.0 ], [ -78.671309370226268, 35.782621889540827, 0.0 ], [ -78.671315718960855, 35.782610890398523, 0.0 ], [ -78.671312222708664, 35.782609718227292, 0.0 ], [ -78.671384353256187, 35.782475833740484, 0.0 ], [ -78.671507067923727, 35.782519380704258, 0.0 ], [ -78.671513965112439, 35.782507878275482, 0.0 ], [ -78.671892526250502, 35.782648975948469, 0.0 ], [ -78.671887197555876, 35.782657774072781, 0.0 ], [ -78.671899512713594, 35.782662086838556, 0.0 ], [ -78.671824356909312, 35.782799657193486, 0.0 ], [ -78.671830877864039, 35.782802088568069, 0.0 ], [ -78.671817414383867, 35.782860236089341, 0.0 ], [ -78.671786611152967, 35.782854717981188, 0.0 ], [ -78.671765853929358, 35.782894507028338, 0.0 ], [ -78.67169007736058, 35.782866042893865, 0.0 ], [ -78.671660110789077, 35.782919836579445, 0.0 ], [ -78.67177807157401, 35.782965385862433, 0.0 ], [ -78.67177624002845, 35.782969135040489, 0.0 ], [ -78.671807228088895, 35.782980909902157, 0.0 ], [ -78.671840065374155, 35.782919685994372, 0.0 ], [ -78.67185397071664, 35.782925218965502, 0.0 ], [ -78.671868827775924, 35.782900110484356, 0.0 ], [ -78.67232277849368, 35.783065954419897, 0.0 ], [ -78.672344889941471, 35.783025768724571, 0.0 ], [ -78.672093720713079, 35.782934008176241, 0.0 ], [ -78.672168065361475, 35.782798894355537, 0.0 ], [ -78.672112025783832, 35.782778421760554, 0.0 ], [ -78.67212646143291, 35.782752185428407, 0.0 ], [ -78.672119767967828, 35.78274974008508, 0.0 ], [ -78.672125220612799, 35.782739830922914, 0.0 ], [ -78.672113267370563, 35.782735463270647, 0.0 ], [ -78.672141922445348, 35.782683385713121, 0.0 ], [ -78.672154489804896, 35.782687976746821, 0.0 ], [ -78.672160223263731, 35.782677557274511, 0.0 ], [ -78.672166384335526, 35.782679809195955, 0.0 ], [ -78.67218029952879, 35.782654520575171, 0.0 ], [ -78.672237191732933, 35.78267530549725, 0.0 ], [ -78.672311568219655, 35.782540133076836, 0.0 ], [ -78.672759586475621, 35.782703807933601, 0.0 ], [ -78.672748353713644, 35.782724223929378, 0.0 ], [ -78.672763200875124, 35.782729647559819, 0.0 ], [ -78.672812711873505, 35.782639663807345, 0.0 ], [ -78.673198202677654, 35.782780493898052, 0.0 ], [ -78.673162153406153, 35.782846011686537, 0.0 ], [ -78.673079531734459, 35.782815828308699, 0.0 ], [ -78.672876438670158, 35.783184935669084, 0.0 ], [ -78.672970916805369, 35.783219450434807, 0.0 ], [ -78.672953166121971, 35.783251710681654, 0.0 ], [ -78.672942513909305, 35.783247818910404, 0.0 ], [ -78.672903956897173, 35.783317894304552, 0.0 ], [ -78.672777668953373, 35.78327175770805, 0.0 ], [ -78.67274838223166, 35.783324983827036, 0.0 ], [ -78.672734640612475, 35.783319963364214, 0.0 ], [ -78.672554505369803, 35.783647343539251, 0.0 ], [ -78.672630505197191, 35.783674470126464, 0.0 ], [ -78.672677014428743, 35.783586206271778, 0.0 ], [ -78.672709975252687, 35.783598234972636, 0.0 ], [ -78.672758895485785, 35.783509233950305, 0.0 ], [ -78.67379486751625, 35.783887293582396, 0.0 ], [ -78.67363137921231, 35.784184740145811, 0.0 ], [ -78.672529030603144, 35.783782456430032, 0.0 ], [ -78.672542531972482, 35.783757487544108, 0.0 ] ] ] } },
{ "type": "Feature", "properties": { "OBJECTID": 2373, "BLDGNUM": "222D", "Precinct_N": "Central Campus", "story_group": "main" }, "geometry": { "type": "Polygon", "coordinates": [ [ [ -78.685188325322699, 35.786001430350794, 0.0 ], [ -78.685260448591805, 35.786096545577074, 0.0 ], [ -78.685297764555955, 35.786077760571786, 0.0 ], [ -78.685288759715647, 35.78606588821394, 0.0 ], [ -78.685382045670025, 35.786018925647056, 0.0 ], [ -78.685390765464106, 35.786030424104752, 0.0 ], [ -78.685431481883455, 35.786009927169289, 0.0 ], [ -78.685422595901272, 35.785998209258231, 0.0 ], [ -78.685516136623534, 35.785951119254662, 0.0 ], [ -78.685524739757398, 35.785962466877045, 0.0 ], [ -78.685556646704697, 35.785946404317301, 0.0 ], [ -78.685484790664091, 35.785851640575828, 0.0 ], [ -78.685516100157201, 35.785835879336211, 0.0 ], [ -78.685505949646952, 35.785822489774382, 0.0 ], [ -78.685586203996621, 35.785782087657928, 0.0 ], [ -78.68559602105033, 35.785795035594347, 0.0 ], [ -78.685627347124324, 35.785779266256611, 0.0 ], [ -78.685698667294616, 35.785873321878128, 0.0 ], [ -78.685725548787786, 35.785859789006984, 0.0 ], [ -78.685766464725219, 35.785913748181805, 0.0 ], [ -78.685739418078512, 35.785927362658228, 0.0 ], [ -78.685748398738184, 35.785939207880418, 0.0 ], [ -78.685722804052773, 35.78595209240239, 0.0 ], [ -78.685731819939591, 35.78596398188256, 0.0 ], [ -78.685638681670568, 35.786010869385422, 0.0 ], [ -78.685629980571704, 35.785999390823342, 0.0 ], [ -78.685598632246908, 35.786015170919519, 0.0 ], [ -78.68563271363071, 35.786060116162524, 0.0 ], [ -78.685608712742109, 35.786072198067764, 0.0 ], [ -78.685617308203916, 35.786083533945806, 0.0 ], [ -78.685586382133877, 35.786099102410411, 0.0 ], [ -78.685591749620244, 35.7861061810137, 0.0 ], [ -78.685558341872067, 35.786122997740627, 0.0 ], [ -78.685552932572605, 35.786115862243186, 0.0 ], [ -78.68552359700773, 35.786130629894622, 0.0 ], [ -78.68551516113331, 35.786119505337076, 0.0 ], [ -78.685474996651962, 35.786139725208763, 0.0 ], [ -78.68548351947139, 35.786150963563109, 0.0 ], [ -78.685453365894503, 35.786166142803715, 0.0 ], [ -78.685458541868741, 35.786172970344026, 0.0 ], [ -78.685424988865194, 35.786189860569564, 0.0 ], [ -78.685420176071304, 35.78618351438309, 0.0 ], [ -78.685390399319289, 35.786198504396971, 0.0 ], [ -78.685381551843165, 35.786186837058423, 0.0 ], [ -78.68535616983273, 35.786199613890361, 0.0 ], [ -78.68534529621995, 35.786185273331775, 0.0 ], [ -78.685314304662882, 35.786200874907713, 0.0 ], [ -78.685319607202842, 35.786207866825805, 0.0 ], [ -78.685285987646793, 35.786224791993611, 0.0 ], [ -78.685301829220634, 35.786245683754842, 0.0 ], [ -78.685291208658214, 35.786251031949746, 0.0 ], [ -78.6852976976067, 35.786259589867548, 0.0 ], [ -78.685260486858496, 35.786278321062902, 0.0 ], [ -78.685254410631188, 35.786270305918407, 0.0 ], [ -78.685202544770803, 35.786296414609787, 0.0 ], [ -78.685140673152688, 35.786214819002481, 0.0 ], [ -78.685166726887388, 35.78620170324244, 0.0 ], [ -78.685140790985642, 35.786167497730709, 0.0 ], [ -78.685113984030679, 35.786179165779316, 0.0 ], [ -78.685038232314369, 35.786079263953539, 0.0 ], [ -78.685076711956953, 35.786057379590325, 0.0 ], [ -78.685062409058133, 35.786038518002087, 0.0 ], [ -78.685142241549769, 35.785998328708388, 0.0 ], [ -78.685156673211992, 35.786017363678731, 0.0 ], [ -78.685188325322699, 35.786001430350794, 0.0 ] ] ] } },
{ "type": "Feature", "properties": { "OBJECTID": 2374, "BLDGNUM": "116", "Precinct_N": "Central Campus", "story_group": "main" }, "geometry": { "type": "Polygon", "coordinates": [ [ [ -78.679287761221318, 35.784473621488615, 0.0 ], [ -78.67933471301825, 35.784399520965039, 0.0 ], [ -78.679453671286964, 35.784449564925808, 0.0 ], [ -78.679406720676113, 35.784523665496934, 0.0 ], [ -78.679287761221318, 35.784473621488615, 0.0 ] ] ] } },
{ "type": "Feature", "properties": { "OBJECTID": 2375, "BLDGNUM": "095A", "Precinct_N": "Central Campus", "story_group": "main" }, "geometry": { "type": "Polygon", "coordinates": [ [ [ -78.673723622199205, 35.785777989844732, 0.0 ], [ -78.673802826376658, 35.785754773230508, 0.0 ], [ -78.673823757155603, 35.785802180613906, 0.0 ], [ -78.673744554043921, 35.785825397244402, 0.0 ], [ -78.673723622199205, 35.785777989844732, 0.0 ] ] ] } },
{ "type": "Feature", "properties": { "OBJECTID": 2376, "BLDGNUM": "017", "Precinct_N": "North Campus", "story_group": "main" }, "geometry": { "type": "Polygon", "coordinates": [ [ [ -78.665438004793444, 35.785065791616844, 0.0 ], [ -78.665446446186493, 35.785047341688539, 0.0 ], [ -78.665479389456806, 35.785057348768596, 0.0 ], [ -78.665470948070222, 35.785075798699133, 0.0 ], [ -78.665438004793444, 35.785065791616844, 0.0 ] ] ] } },
{ "type": "Feature", "properties": { "OBJECTID": 2377, "BLDGNUM": "119A", "Precinct_N": "Central Campus", "story_group": "main" }, "geometry": { "type": "Polygon", "coordinates": [ [ [ -78.673966833119664, 35.781537673150837, 0.0 ], [ -78.673869081786137, 35.78151536273468, 0.0 ], [ -78.673880421192024, 35.781482375814804, 0.0 ], [ -78.673978172488816, 35.781504686222071, 0.0 ], [ -78.673966833119664, 35.781537673150837, 0.0 ] ] ] } },
{ "type": "Feature", "properties": { "OBJECTID": 2378, "BLDGNUM": "112D", "Precinct_N": "Central Campus", "story_group": "main" }, "geometry": { "type": "Polygon", "coordinates": [ [ [ -78.672752221696996, 35.780952795574322, 0.0 ], [ -78.672798311382721, 35.78095470584433, 0.0 ], [ -78.672795147430477, 35.781005390064664, 0.0 ], [ -78.672749057715947, 35.781003479793476, 0.0 ], [ -78.672752221696996, 35.780952795574322, 0.0 ] ] ] } },
{ "type": "Feature", "properties": { "OBJECTID": 2381, "BLDGNUM": "038", "Precinct_N": "North Campus", "story_group": "main" }, "geometry": { "type": "Polygon", "coordinates": [ [ [ -78.667947702728583, 35.78535690375778, 0.0 ], [ -78.668196579302247, 35.785422269683288, 0.0 ], [ -78.668198282819887, 35.785417964081738, 0.0 ], [ -78.668397849568748, 35.785470379039857, 0.0 ], [ -78.668199715776197, 35.785971223687056, 0.0 ], [ -78.66813209952123, 35.785953465963651, 0.0 ], [ -78.668130889660986, 35.785964438367557, 0.0 ], [ -78.668061325620769, 35.785995683325069, 0.0 ], [ -78.667650069277613, 35.785887668725152, 0.0 ], [ -78.667614478263332, 35.78583054702321, 0.0 ], [ -78.667621470972747, 35.785819961755358, 0.0 ], [ -78.667553708009919, 35.785802163649869, 0.0 ], [ -78.6675782967434, 35.785740009869784, 0.0 ], [ -78.667575440274149, 35.785739260267405, 0.0 ], [ -78.667612337272715, 35.785645995824041, 0.0 ], [ -78.667615307551188, 35.785646776381931, 0.0 ], [ -78.667690017926247, 35.785457922673906, 0.0 ], [ -78.667686555924078, 35.785457012785258, 0.0 ], [ -78.667750247599741, 35.785301963736522, 0.0 ], [ -78.667948805994996, 35.78535411619459, 0.0 ], [ -78.667947702728583, 35.78535690375778, 0.0 ] ], [ [ -78.667795871637708, 35.785743462405073, 0.0 ], [ -78.66804312076259, 35.785808062557152, 0.0 ], [ -78.668122503677807, 35.785606349192896, 0.0 ], [ -78.667875254003619, 35.785541748293291, 0.0 ], [ -78.667795871637708, 35.785743462405073, 0.0 ] ] ] } },
{ "type": "Feature", "properties": { "OBJECTID": 2382, "BLDGNUM": "050", "Precinct_N": "North Campus", "story_group": "main" }, "geometry": { "type": "Polygon", "coordinates": [ [ [ -78.669492859242851, 35.786291111266273, 0.0 ], [ -78.669678461303064, 35.785817624342826, 0.0 ], [ -78.669875967731414, 35.785869023575792, 0.0 ], [ -78.669868593273108, 35.785887837233304, 0.0 ], [ -78.670122083465742, 35.785953804792968, 0.0 ], [ -78.670129132589011, 35.785935818577407, 0.0 ], [ -78.670323966493953, 35.785986523018316, 0.0 ], [ -78.670314638171348, 35.786010316763218, 0.0 ], [ -78.670343978096497, 35.786017953045572, 0.0 ], [ -78.670259317491116, 35.786233937171865, 0.0 ], [ -78.670232961109775, 35.786227077794237, 0.0 ], [ -78.670224779603956, 35.786247954271587, 0.0 ], [ -78.670251384626297, 35.786254878319561, 0.0 ], [ -78.670197836572598, 35.786391483878802, 0.0 ], [ -78.670170063471033, 35.786384257410276, 0.0 ], [ -78.67014068532788, 35.786459203257415, 0.0 ], [ -78.669947536692717, 35.786408938450009, 0.0 ], [ -78.669931890081585, 35.786448852754909, 0.0 ], [ -78.669823710637274, 35.786420699908504, 0.0 ], [ -78.669820202798007, 35.786429647984178, 0.0 ], [ -78.66978735757128, 35.78642109982853, 0.0 ], [ -78.669791276965157, 35.786412413358342, 0.0 ], [ -78.669673199750505, 35.786381683641558, 0.0 ], [ -78.669688724619036, 35.786342082707229, 0.0 ], [ -78.669492859242851, 35.786291111266273, 0.0 ] ], [ [ -78.669996546578304, 35.786274723698156, 0.0 ], [ -78.670056048563453, 35.786122925923728, 0.0 ], [ -78.669801968911429, 35.786056804306433, 0.0 ], [ -78.669742466494384, 35.786208602861457, 0.0 ], [ -78.669996546578304, 35.786274723698156, 0.0 ] ] ] } },
{ "type": "Feature", "properties": { "OBJECTID": 2383, "BLDGNUM": "062", "Precinct_N": "North Campus", "story_group": "main" }, "geometry": { "type": "Polygon", "coordinates": [ [ [ -78.671564506583721, 35.78622229661314, 0.0 ], [ -78.67214995233779, 35.78637565208701, 0.0 ], [ -78.672127543556428, 35.786432448721293, 0.0 ], [ -78.672153791684053, 35.786439325423686, 0.0 ], [ -78.672133004676283, 35.786492010873914, 0.0 ], [ -78.672106381920216, 35.7864850367149, 0.0 ], [ -78.672057816526205, 35.786608130878292, 0.0 ], [ -78.672128528502071, 35.78662665277875, 0.0 ], [ -78.672002395121311, 35.786946337211212, 0.0 ], [ -78.671814834857386, 35.786897207191274, 0.0 ], [ -78.67182221627057, 35.786878498899441, 0.0 ], [ -78.671471179907542, 35.786786545682347, 0.0 ], [ -78.671463896785824, 35.786805003644446, 0.0 ], [ -78.671276259826243, 35.786755851853549, 0.0 ], [ -78.671402336535778, 35.786436319419202, 0.0 ], [ -78.671472781897492, 35.786454771579344, 0.0 ], [ -78.671564506583721, 35.78622229661314, 0.0 ] ], [ [ -78.671545201478395, 35.786403042069054, 0.0 ], [ -78.671520013150101, 35.786466993198133, 0.0 ], [ -78.671589759207436, 35.786485228884388, 0.0 ], [ -78.671523921854302, 35.786652389976666, 0.0 ], [ -78.671617426609686, 35.786676838684578, 0.0 ], [ -78.671650586655346, 35.786592647657216, 0.0 ], [ -78.671812565691013, 35.786635003013174, 0.0 ], [ -78.671779276130238, 35.786719525429611, 0.0 ], [ -78.671875963580618, 35.786744807244247, 0.0 ], [ -78.671941772333795, 35.786577717999322, 0.0 ], [ -78.672011848987097, 35.786596040862236, 0.0 ], [ -78.672037194571985, 35.786531688057934, 0.0 ], [ -78.671545201478395, 35.786403042069054, 0.0 ] ] ] } },
{ "type": "Feature", "properties": { "OBJECTID": 2384, "BLDGNUM": "075", "Precinct_N": "North Campus", "story_group": "main" }, "geometry": { "type": "Polygon", "coordinates": [ [ [ -78.673926873765581, 35.787359115227233, 0.0 ], [ -78.673937499556459, 35.787327172916335, 0.0 ], [ -78.67393276799578, 35.787326128211916, 0.0 ], [ -78.673959677890508, 35.78724523590504, 0.0 ], [ -78.673963929766259, 35.787246175669921, 0.0 ], [ -78.674016006966511, 35.787089634005838, 0.0 ], [ -78.674011389260855, 35.78708861394535, 0.0 ], [ -78.674038089578673, 35.787008355602232, 0.0 ], [ -78.674042574647046, 35.787009347365135, 0.0 ], [ -78.674054782596741, 35.786972651967787, 0.0 ], [ -78.674236275555643, 35.787012735328446, 0.0 ], [ -78.674233696714083, 35.787020482714986, 0.0 ], [ -78.674228518652669, 35.787019338581302, 0.0 ], [ -78.674147988076214, 35.787261411400777, 0.0 ], [ -78.674193063335395, 35.787271365635149, 0.0 ], [ -78.674194442903755, 35.787267221329152, 0.0 ], [ -78.674248521511885, 35.787279163652357, 0.0 ], [ -78.674262428143621, 35.787237356738409, 0.0 ], [ -78.674290282555475, 35.787243508984318, 0.0 ], [ -78.674291872667808, 35.787238724382917, 0.0 ], [ -78.674389581981629, 35.787260304196352, 0.0 ], [ -78.674390635697179, 35.787257136076555, 0.0 ], [ -78.674540864459516, 35.787292177113159, 0.0 ], [ -78.674482480605121, 35.787475058400915, 0.0 ], [ -78.674438302664043, 35.787465301363241, 0.0 ], [ -78.674412524169469, 35.787542790605514, 0.0 ], [ -78.67441731763931, 35.787543849878126, 0.0 ], [ -78.674386984932454, 35.787635029205774, 0.0 ], [ -78.674337447553071, 35.787624087861431, 0.0 ], [ -78.674332601110407, 35.787638656883772, 0.0 ], [ -78.674077731334606, 35.787582367700466, 0.0 ], [ -78.674062502070797, 35.787628148690978, 0.0 ], [ -78.674110871165823, 35.787638831941258, 0.0 ], [ -78.67402458157423, 35.787898216703574, 0.0 ], [ -78.673941775927076, 35.787879930349234, 0.0 ], [ -78.673933675236839, 35.787904281065956, 0.0 ], [ -78.673824283843118, 35.787880120612257, 0.0 ], [ -78.673826225588584, 35.787874285989759, 0.0 ], [ -78.673831530809579, 35.787875456619538, 0.0 ], [ -78.673837319119798, 35.787858056307527, 0.0 ], [ -78.673789130080991, 35.787847413992303, 0.0 ], [ -78.673875980269486, 35.787586348077994, 0.0 ], [ -78.673924373633568, 35.787597035974308, 0.0 ], [ -78.673939484253225, 35.787551616122656, 0.0 ], [ -78.673891089808066, 35.787540928229213, 0.0 ], [ -78.673894621671181, 35.787530311713304, 0.0 ], [ -78.673840672100354, 35.787518712091277, 0.0 ], [ -78.673839582210761, 35.78752179177733, 0.0 ], [ -78.673830042594687, 35.787519738209959, 0.0 ], [ -78.673846684909435, 35.787484038079157, 0.0 ], [ -78.673865977214163, 35.787461912101556, 0.0 ], [ -78.673894946647167, 35.787440378969812, 0.0 ], [ -78.67393214562297, 35.787424533718081, 0.0 ], [ -78.673918107063017, 35.787356876255224, 0.0 ], [ -78.673926873765581, 35.787359115227233, 0.0 ] ], [ [ -78.674264022658647, 35.787511663170733, 0.0 ], [ -78.674378105511607, 35.78753739960775, 0.0 ], [ -78.674405706647789, 35.787456177361044, 0.0 ], [ -78.674291625014121, 35.787430439149482, 0.0 ], [ -78.674264022658647, 35.787511663170733, 0.0 ] ] ] } },
{ "type": "Feature", "properties": { "OBJECTID": 2385, "BLDGNUM": "002", "Precinct_N": "North Campus", "story_group": "main" }, "geometry": { "type": "Polygon", "coordinates": [ [ [ -78.663477223090013, 35.786155790220768, 0.0 ], [ -78.663479183364373, 35.786120944158021, 0.0 ], [ -78.663519336368708, 35.786120233031802, 0.0 ], [ -78.663523256766567, 35.786122632428317, 0.0 ], [ -78.663523798000611, 35.786155269889818, 0.0 ], [ -78.66352106338384, 35.786157676144214, 0.0 ], [ -78.663480730301288, 35.786158060486123, 0.0 ], [ -78.663477223090013, 35.786155790220768, 0.0 ] ] ] } },
{ "type": "Feature", "properties": { "OBJECTID": 2386, "BLDGNUM": "124Q", "Precinct_N": "", "story_group": "other" }, "geometry": { "type": "Polygon", "coordinates": [ [ [ -78.683885547697955, 35.790174931610515, 0.0 ], [ -78.683902287007754, 35.790155875538396, 0.0 ], [ -78.683942443721421, 35.790179304720795, 0.0 ], [ -78.683925662522796, 35.790198323734458, 0.0 ], [ -78.683885547697955, 35.790174931610515, 0.0 ] ] ] } },
{ "type": "Feature", "properties": { "OBJECTID": 2387, "BLDGNUM": "090A", "Precinct_N": "Central Campus", "story_group": "main" }, "geometry": { "type": "Polygon", "coordinates": [ [ [ -78.674766174203072, 35.785544228905167, 0.0 ], [ -78.675041710728422, 35.785644872114062, 0.0 ], [ -78.674943980256984, 35.785822511086586, 0.0 ], [ -78.674941140710388, 35.785820010385741, 0.0 ], [ -78.674673768004368, 35.785902423409638, 0.0 ], [ -78.674673543724424, 35.785905929048923, 0.0 ], [ -78.674584974571573, 35.785873577533756, 0.0 ], [ -78.674766174203072, 35.785544228905167, 0.0 ] ] ] } },
{ "type": "Feature", "properties": { "OBJECTID": 2388, "BLDGNUM": "090", "Precinct_N": "Central Campus", "story_group": "main" }, "geometry": { "type": "Polygon", "coordinates": [ [ [ -78.674300332950722, 35.785494011567721, 0.0 ], [ -78.674337651756446, 35.785426181332561, 0.0 ], [ -78.674679187282393, 35.785550933424197, 0.0 ], [ -78.674515442625122, 35.785848556990928, 0.0 ], [ -78.674173906095021, 35.785723804452495, 0.0 ], [ -78.67424864881977, 35.785587953251529, 0.0 ], [ -78.674228556819486, 35.785580530117876, 0.0 ], [ -78.674280730283073, 35.785486770921231, 0.0 ], [ -78.674300332950722, 35.785494011567721, 0.0 ] ] ] } },
{ "type": "Feature", "properties": { "OBJECTID": 2389, "BLDGNUM": "222C", "Precinct_N": "Central Campus", "story_group": "main" }, "geometry": { "type": "Polygon", "coordinates": [ [ [ -78.685282015569058, 35.786520952354429, 0.0 ], [ -78.685219256152976, 35.786439449141746, 0.0 ], [ -78.685270166007712, 35.786413422701209, 0.0 ], [ -78.68526370515535, 35.786405033406687, 0.0 ], [ -78.685302087589818, 35.78638541200349, 0.0 ], [ -78.685308615576034, 35.786393890702648, 0.0 ], [ -78.68531984166637, 35.786388152886254, 0.0 ], [ -78.685336165511416, 35.786409349641076, 0.0 ], [ -78.685367390856811, 35.786393386323091, 0.0 ], [ -78.685372953584562, 35.786400608753581, 0.0 ], [ -78.685404878334083, 35.78638428759502, 0.0 ], [ -78.685394337333506, 35.786370599573914, 0.0 ], [ -78.685419300076603, 35.786357837876338, 0.0 ], [ -78.685410147011837, 35.786345950724389, 0.0 ], [ -78.685439793923692, 35.786330795424703, 0.0 ], [ -78.685434489856036, 35.786323907163066, 0.0 ], [ -78.685467876570229, 35.786306838039692, 0.0 ], [ -78.685473413980944, 35.786314028853319, 0.0 ], [ -78.685502805941056, 35.786299001772505, 0.0 ], [ -78.685511866562521, 35.786310767898634, 0.0 ], [ -78.685552821536987, 35.786289829880424, 0.0 ], [ -78.685543981035025, 35.786278351854854, 0.0 ], [ -78.68557336963292, 35.786263329254972, 0.0 ], [ -78.685568192130546, 35.786256606271969, 0.0 ], [ -78.68560124958401, 35.786239706616485, 0.0 ], [ -78.685606586667816, 35.786246640924922, 0.0 ], [ -78.685637022700064, 35.786231082007497, 0.0 ], [ -78.685645960062089, 35.786242687366233, 0.0 ], [ -78.68567019560615, 35.786230296897884, 0.0 ], [ -78.685703951772311, 35.786274134425319, 0.0 ], [ -78.685735288947171, 35.786258112713604, 0.0 ], [ -78.685726755516299, 35.786247031184246, 0.0 ], [ -78.685819256178533, 35.786199740873869, 0.0 ], [ -78.685828445609545, 35.786211674959276, 0.0 ], [ -78.685853533481136, 35.786198850400766, 0.0 ], [ -78.685862740528805, 35.786210807062673, 0.0 ], [ -78.685890158296573, 35.78619678791101, 0.0 ], [ -78.685931727083741, 35.78625077214177, 0.0 ], [ -78.685904154142264, 35.786264866615589, 0.0 ], [ -78.685976065061254, 35.78635825297922, 0.0 ], [ -78.685944665828728, 35.786374305238098, 0.0 ], [ -78.685954883325635, 35.786387573251481, 0.0 ], [ -78.685874784625639, 35.786428522220895, 0.0 ], [ -78.685864481286629, 35.786415142212697, 0.0 ], [ -78.685833037674129, 35.786431216861821, 0.0 ], [ -78.685760291454599, 35.786336744843247, 0.0 ], [ -78.685729460812709, 35.786352504674582, 0.0 ], [ -78.685738098815833, 35.78636372257629, 0.0 ], [ -78.685644857494552, 35.786411391280147, 0.0 ], [ -78.685636005967211, 35.786399897009112, 0.0 ], [ -78.685596207044171, 35.786420243149479, 0.0 ], [ -78.68560486265828, 35.786431480935534, 0.0 ], [ -78.685511399500868, 35.78647926163238, 0.0 ], [ -78.685502208972977, 35.786467329323941, 0.0 ], [ -78.685465147790097, 35.786486274585748, 0.0 ], [ -78.685537719894484, 35.786580520990491, 0.0 ], [ -78.685505749652108, 35.786596864599169, 0.0 ], [ -78.685520741771825, 35.786616335417641, 0.0 ], [ -78.685440594963836, 35.786657308311796, 0.0 ], [ -78.685425524704087, 35.786637737232532, 0.0 ], [ -78.685394039903869, 35.786653833293613, 0.0 ], [ -78.685314903567189, 35.78655106384771, 0.0 ], [ -78.685332213822889, 35.78654221407421, 0.0 ], [ -78.685306286717534, 35.786508544925674, 0.0 ], [ -78.685282015569058, 35.786520952354429, 0.0 ] ] ] } },
{ "type": "Feature", "properties": { "OBJECTID": 2390, "BLDGNUM": "222A", "Precinct_N": "Central Campus", "story_group": "main" }, "geometry": { "type": "Polygon", "coordinates": [ [ [ -78.684874828553191, 35.787121483401449, 0.0 ], [ -78.684893221705579, 35.787122925356144, 0.0 ], [ -78.684894750058263, 35.787109979672145, 0.0 ], [ -78.685003444612363, 35.787118499046464, 0.0 ], [ -78.68500189451116, 35.787131636662203, 0.0 ], [ -78.685049667844183, 35.787135380875398, 0.0 ], [ -78.685051239587537, 35.787122081072745, 0.0 ], [ -78.685160306863963, 35.787130628310933, 0.0 ], [ -78.685158739633394, 35.787143910099637, 0.0 ], [ -78.685188143040818, 35.787146214206636, 0.0 ], [ -78.685186547225968, 35.787159735679737, 0.0 ], [ -78.685218227669836, 35.78716221782026, 0.0 ], [ -78.685210822940604, 35.787224943178643, 0.0 ], [ -78.685180337942512, 35.787222554259955, 0.0 ], [ -78.685167304897917, 35.787332970603124, 0.0 ], [ -78.685131020560959, 35.787330126829296, 0.0 ], [ -78.685129105620575, 35.787346338894871, 0.0 ], [ -78.685035099212683, 35.787338970768644, 0.0 ], [ -78.685036836892095, 35.787324251776333, 0.0 ], [ -78.685000253968781, 35.787321385559338, 0.0 ], [ -78.685007284795304, 35.787261828380707, 0.0 ], [ -78.684960961212923, 35.787258197864169, 0.0 ], [ -78.684959407653594, 35.787271368819646, 0.0 ], [ -78.684850835053169, 35.787263864637936, 0.0 ], [ -78.684852742156181, 35.787250529651963, 0.0 ], [ -78.68473381761882, 35.787241009317789, 0.0 ], [ -78.684715917188896, 35.787122237713312, 0.0 ], [ -78.684699018619312, 35.787123900229751, 0.0 ], [ -78.684685886063789, 35.787035217066887, 0.0 ], [ -78.684702137222942, 35.787033618675075, 0.0 ], [ -78.684699836013948, 35.787018077120834, 0.0 ], [ -78.684691600325479, 35.78701888684801, 0.0 ], [ -78.684687103567484, 35.786988510667541, 0.0 ], [ -78.68466661062898, 35.786990526218084, 0.0 ], [ -78.684655421517448, 35.786914959056709, 0.0 ], [ -78.684674210197741, 35.786913111254236, 0.0 ], [ -78.684669683247733, 35.786882537599105, 0.0 ], [ -78.684970952560207, 35.786852921780742, 0.0 ], [ -78.684975293148213, 35.786882236663843, 0.0 ], [ -78.684994434832362, 35.786880354572254, 0.0 ], [ -78.68500590346413, 35.786957797224865, 0.0 ], [ -78.684988518014748, 35.78695950629394, 0.0 ], [ -78.684992915731243, 35.78698920980316, 0.0 ], [ -78.684854953097087, 35.787002771601649, 0.0 ], [ -78.684856552637271, 35.787013576567709, 0.0 ], [ -78.684886473115839, 35.787010636251772, 0.0 ], [ -78.684896319478369, 35.787077121559967, 0.0 ], [ -78.684866572714668, 35.787080046103377, 0.0 ], [ -78.684874828553191, 35.787121483401449, 0.0 ] ] ] } },
{ "type": "Feature", "properties": { "OBJECTID": 2392, "BLDGNUM": "117B", "Precinct_N": "Central Campus", "story_group": "main" }, "geometry": { "type": "Polygon", "coordinates": [ [ [ -78.678465490642466, 35.784075954802162, 0.0 ], [ -78.678559226056365, 35.783930232607666, 0.0 ], [ -78.678867876646251, 35.784062051956951, 0.0 ], [ -78.678774141635657, 35.78420777438258, 0.0 ], [ -78.678465490642466, 35.784075954802162, 0.0 ] ] ] } },
{ "type": "Feature", "properties": { "OBJECTID": 2393, "BLDGNUM": "114C", "Precinct_N": "Central Campus", "story_group": "main" }, "geometry": { "type": "Polygon", "coordinates": [ [ [ -78.676852666037647, 35.782838036101751, 0.0 ], [ -78.676702912233552, 35.783071513200134, 0.0 ], [ -78.676632179018668, 35.783041389925145, 0.0 ], [ -78.676781932971167, 35.782807912911373, 0.0 ], [ -78.676852666037647, 35.782838036101751, 0.0 ] ] ] } },
{ "type": "Feature", "properties": { "OBJECTID": 2394, "BLDGNUM": "112B", "Precinct_N": "Central Campus", "story_group": "main" }, "geometry": { "type": "Polygon", "coordinates": [ [ [ -78.673279932531059, 35.780835364721604, 0.0 ], [ -78.673278131897519, 35.780868735010635, 0.0 ], [ -78.67377770526096, 35.780886614431502, 0.0 ], [ -78.673775977496419, 35.780918697796835, 0.0 ], [ -78.673715385105226, 35.780916530027206, 0.0 ], [ -78.673710857305096, 35.7810005316529, 0.0 ], [ -78.673270350524788, 35.780984766314347, 0.0 ], [ -78.673271297587974, 35.780967188961355, 0.0 ], [ -78.672794373546765, 35.78095086904522, 0.0 ], [ -78.672795787174238, 35.780924622881066, 0.0 ], [ -78.67277473258396, 35.780923868686166, 0.0 ], [ -78.672776176113004, 35.780897068273234, 0.0 ], [ -78.672756790454812, 35.780896374441554, 0.0 ], [ -78.672758486314535, 35.780864894906905, 0.0 ], [ -78.672730844180606, 35.780863166678579, 0.0 ], [ -78.6727220410352, 35.780857814259356, 0.0 ], [ -78.672718217960607, 35.780848853601761, 0.0 ], [ -78.672724483548393, 35.780836451659475, 0.0 ], [ -78.672737280998831, 35.780831954059991, 0.0 ], [ -78.673238822664459, 35.780849905876416, 0.0 ], [ -78.673243675999558, 35.780822899181324, 0.0 ], [ -78.673257599934345, 35.780815822186312, 0.0 ], [ -78.673274848638684, 35.780820866422729, 0.0 ], [ -78.673279932531059, 35.780835364721604, 0.0 ] ] ] } },
{ "type": "Feature", "properties": { "OBJECTID": 2395, "BLDGNUM": "112A", "Precinct_N": "Central Campus", "story_group": "main" }, "geometry": { "type": "Polygon", "coordinates": [ [ [ -78.673528200455266, 35.780700253916095, 0.0 ], [ -78.673516385594624, 35.780723320201162, 0.0 ], [ -78.673508826238134, 35.780727703929287, 0.0 ], [ -78.673497474954402, 35.780727448170161, 0.0 ], [ -78.673488947108709, 35.780723763136805, 0.0 ], [ -78.673481961672366, 35.780710375618654, 0.0 ], [ -78.6734972850861, 35.780672268929806, 0.0 ], [ -78.67308514260435, 35.780555244860054, 0.0 ], [ -78.67307374246289, 35.780577210768989, 0.0 ], [ -78.673065657538089, 35.78058135600488, 0.0 ], [ -78.673055521514129, 35.780581474821247, 0.0 ], [ -78.673045186798547, 35.780576565383299, 0.0 ], [ -78.673040028612462, 35.780567326240565, 0.0 ], [ -78.673054955942831, 35.780526001630328, 0.0 ], [ -78.672610877653256, 35.780399618065246, 0.0 ], [ -78.6725763649291, 35.780386819905758, 0.0 ], [ -78.672570552124483, 35.780372352064376, 0.0 ], [ -78.67257765106622, 35.780363391912601, 0.0 ], [ -78.672587358298074, 35.780359617917661, 0.0 ], [ -78.672615802746861, 35.780366131790757, 0.0 ], [ -78.672628322951866, 35.7803369211912, 0.0 ], [ -78.672647006171701, 35.780342238875718, 0.0 ], [ -78.672657999863077, 35.780316589904892, 0.0 ], [ -78.672678268560716, 35.780322358012192, 0.0 ], [ -78.672689107036888, 35.780297067358056, 0.0 ], [ -78.673105142301011, 35.780415469672249, 0.0 ], [ -78.673098241308708, 35.780431571767828, 0.0 ], [ -78.67354922927565, 35.78055992078329, 0.0 ], [ -78.67354155116594, 35.780577837037193, 0.0 ], [ -78.67398982581247, 35.780708746883867, 0.0 ], [ -78.673955628687139, 35.780788807747726, 0.0 ], [ -78.674018322612511, 35.780807180951165, 0.0 ], [ -78.674025966168813, 35.780814836723607, 0.0 ], [ -78.674026234620897, 35.780824253825578, 0.0 ], [ -78.6740206837448, 35.780832827017356, 0.0 ], [ -78.674001425509275, 35.78083619790327, 0.0 ], [ -78.673528200455266, 35.780700253916095, 0.0 ] ] ] } },
{ "type": "Feature", "properties": { "OBJECTID": 2396, "BLDGNUM": "115F", "Precinct_N": "Central Campus", "story_group": "main" }, "geometry": { "type": "Polygon", "coordinates": [ [ [ -78.670928668123693, 35.782188360017614, 0.0 ], [ -78.671025409795206, 35.78201287469205, 0.0 ], [ -78.671157901796548, 35.782061371580205, 0.0 ], [ -78.671061161464323, 35.78223685610984, 0.0 ], [ -78.670928668123693, 35.782188360017614, 0.0 ] ] ] } },
{ "type": "Feature", "properties": { "OBJECTID": 2397, "BLDGNUM": "053", "Precinct_N": "North Campus", "story_group": "main" }, "geometry": { "type": "Polygon", "coordinates": [ [ [ -78.67076416557812, 35.785747448609051, 0.0 ], [ -78.670854416489746, 35.785472130024402, 0.0 ], [ -78.671030904634776, 35.785510539884321, 0.0 ], [ -78.670940555699914, 35.785786162083838, 0.0 ], [ -78.670801993774219, 35.78575879603089, 0.0 ], [ -78.670802946989184, 35.785755889059281, 0.0 ], [ -78.67076416557812, 35.785747448609051, 0.0 ] ] ] } },
{ "type": "Feature", "properties": { "OBJECTID": 2398, "BLDGNUM": "029A", "Precinct_N": "North Campus", "story_group": "main" }, "geometry": { "type": "Polygon", "coordinates": [ [ [ -78.66795090117769, 35.784561333982488, 0.0 ], [ -78.66801597956082, 35.784442485734871, 0.0 ], [ -78.668084307713499, 35.784467327359614, 0.0 ], [ -78.66801922830831, 35.784586174738358, 0.0 ], [ -78.66795090117769, 35.784561333982488, 0.0 ] ] ] } },
{ "type": "Feature", "properties": { "OBJECTID": 2399, "BLDGNUM": "013", "Precinct_N": "North Campus", "story_group": "main" }, "geometry": { "type": "Polygon", "coordinates": [ [ [ -78.665147076708394, 35.783664210272754, 0.0 ], [ -78.665277647876849, 35.783433559111501, 0.0 ], [ -78.665421601031397, 35.783487664936722, 0.0 ], [ -78.665291030186097, 35.783718316248098, 0.0 ], [ -78.665147076708394, 35.783664210272754, 0.0 ] ] ] } },
{ "type": "Feature", "properties": { "OBJECTID": 2400, "BLDGNUM": "012", "Precinct_N": "North Campus", "story_group": "main" }, "geometry": { "type": "Polygon", "coordinates": [ [ [ -78.664965858204511, 35.783983786853867, 0.0 ], [ -78.665096387599917, 35.783752253374203, 0.0 ], [ -78.66524212805686, 35.783806804175327, 0.0 ], [ -78.665111600093013, 35.784038338711355, 0.0 ], [ -78.664965858204511, 35.783983786853867, 0.0 ] ] ] } },
{ "type": "Feature", "properties": { "OBJECTID": 2401, "BLDGNUM": "115H", "Precinct_N": "Central Campus", "story_group": "main" }, "geometry": { "type": "Polygon", "coordinates": [ [ [ -78.669084081310615, 35.782184152242316, 0.0 ], [ -78.668977508062454, 35.782146098941354, 0.0 ], [ -78.668994878634024, 35.782113797664998, 0.0 ], [ -78.669101451847794, 35.782151850951223, 0.0 ], [ -78.669084081310615, 35.782184152242316, 0.0 ] ] ] } },
{ "type": "Feature", "properties": { "OBJECTID": 2402, "BLDGNUM": "115G", "Precinct_N": "Central Campus", "story_group": "main" }, "geometry": { "type": "Polygon", "coordinates": [ [ [ -78.669918018599574, 35.782514367282026, 0.0 ], [ -78.669748127413428, 35.782452539496227, 0.0 ], [ -78.669769773658302, 35.782413047935201, 0.0 ], [ -78.669939663671911, 35.782474875688614, 0.0 ], [ -78.669918018599574, 35.782514367282026, 0.0 ] ] ] } },
{ "type": "Feature", "properties": { "OBJECTID": 2403, "BLDGNUM": "115D", "Precinct_N": "Central Campus", "story_group": "main" }, "geometry": { "type": "Polygon", "coordinates": [ [ [ -78.670039615076249, 35.782559328712942, 0.0 ], [ -78.670060481526065, 35.782520881454651, 0.0 ], [ -78.670116910348924, 35.782541214539329, 0.0 ], [ -78.670113464190962, 35.782547564215911, 0.0 ], [ -78.67018705922662, 35.782575049073635, 0.0 ], [ -78.670190936493157, 35.782567956950231, 0.0 ], [ -78.670635457989164, 35.782729305586059, 0.0 ], [ -78.670619274776641, 35.782758910762446, 0.0 ], [ -78.670654122708584, 35.782771329100633, 0.0 ], [ -78.670652771786465, 35.782773845616539, 0.0 ], [ -78.670576406566255, 35.782746632970095, 0.0 ], [ -78.670572942795829, 35.782752968189996, 0.0 ], [ -78.670447068933186, 35.782707280055199, 0.0 ], [ -78.670449623302844, 35.782702608069286, 0.0 ], [ -78.670381638157622, 35.782677931826633, 0.0 ], [ -78.670379072635114, 35.782682625413393, 0.0 ], [ -78.670252960414857, 35.782636849902111, 0.0 ], [ -78.670255602848414, 35.782632014113169, 0.0 ], [ -78.670177446312849, 35.78260361650203, 0.0 ], [ -78.670171578472662, 35.782613834517612, 0.0 ], [ -78.670087177115064, 35.782583405429129, 0.0 ], [ -78.670090491386318, 35.782577661101826, 0.0 ], [ -78.670039615076249, 35.782559328712942, 0.0 ] ] ] } },
{ "type": "Feature", "properties": { "OBJECTID": 2404, "BLDGNUM": "084", "Precinct_N": "Central Campus", "story_group": "main" }, "geometry": { "type": "Polygon", "coordinates": [ [ [ -78.677740142240779, 35.786938077057954, 0.0 ], [ -78.677718724976032, 35.786976856708684, 0.0 ], [ -78.67783721453938, 35.787020297696188, 0.0 ], [ -78.67777714568669, 35.787129068327012, 0.0 ], [ -78.677293703534261, 35.786951820769801, 0.0 ], [ -78.677257306826917, 35.787017725433493, 0.0 ], [ -78.677125024332383, 35.786969225929383, 0.0 ], [ -78.677161249527785, 35.786903631813921, 0.0 ], [ -78.676949181564893, 35.786825880198407, 0.0 ], [ -78.677008778853491, 35.786717964991347, 0.0 ], [ -78.677125511328512, 35.786760763865395, 0.0 ], [ -78.677146390631762, 35.786722957245338, 0.0 ], [ -78.677124077605455, 35.78671477608362, 0.0 ], [ -78.67715402710067, 35.786660543928974, 0.0 ], [ -78.677244530708393, 35.786693726123723, 0.0 ], [ -78.677214669296021, 35.786747797192263, 0.0 ], [ -78.677201735463569, 35.786743055193334, 0.0 ], [ -78.677180856180939, 35.786780861822642, 0.0 ], [ -78.677675103602141, 35.786961485126277, 0.0 ], [ -78.677696805033236, 35.786922187960641, 0.0 ], [ -78.677740142240779, 35.786938077057954, 0.0 ] ] ] } },
{ "type": "Feature", "properties": { "OBJECTID": 2405, "BLDGNUM": "087", "Precinct_N": "Central Campus", "story_group": "main" }, "geometry": { "type": "Polygon", "coordinates": [ [ [ -78.677516607286336, 35.786501098797679, 0.0 ], [ -78.677673862708332, 35.786216344274003, 0.0 ], [ -78.677568277245484, 35.786177633279074, 0.0 ], [ -78.677592041008367, 35.786134600992703, 0.0 ], [ -78.677640518585875, 35.786152374027452, 0.0 ], [ -78.677653457331374, 35.78612894080613, 0.0 ], [ -78.677589106673011, 35.78610534814117, 0.0 ], [ -78.677629770299632, 35.786031713887397, 0.0 ], [ -78.677696187618338, 35.786056063721773, 0.0 ], [ -78.677685091886431, 35.786076156025942, 0.0 ], [ -78.677738922338804, 35.786095891894114, 0.0 ], [ -78.677762155593001, 35.78605382261113, 0.0 ], [ -78.677647148076744, 35.786011657137827, 0.0 ], [ -78.677670949625522, 35.785968558234259, 0.0 ], [ -78.677786060925015, 35.786010761816868, 0.0 ], [ -78.677945312286127, 35.785722387866123, 0.0 ], [ -78.677899059555742, 35.785705430240938, 0.0 ], [ -78.677921228513398, 35.785665287891909, 0.0 ], [ -78.677968198109681, 35.785682507892979, 0.0 ], [ -78.678003969660978, 35.785617733430115, 0.0 ], [ -78.678139805067374, 35.785667533923082, 0.0 ], [ -78.67787879255981, 35.786140184396956, 0.0 ], [ -78.677930892184065, 35.78615928736496, 0.0 ], [ -78.677906279533374, 35.786203857873446, 0.0 ], [ -78.677852615760827, 35.78618418381248, 0.0 ], [ -78.677592055656405, 35.786656004656813, 0.0 ], [ -78.67745816856052, 35.786606917188948, 0.0 ], [ -78.677493675736116, 35.786542622611101, 0.0 ], [ -78.677448298581623, 35.786525986214677, 0.0 ], [ -78.67747123015036, 35.786484462409575, 0.0 ], [ -78.677516607286336, 35.786501098797679, 0.0 ] ] ] } },
{ "type": "Feature", "properties": { "OBJECTID": 2406, "BLDGNUM": "104", "Precinct_N": "Central Campus", "story_group": "main" }, "geometry": { "type": "Polygon", "coordinates": [ [ [ -78.671408630867887, 35.784248102406885, 0.0 ], [ -78.671636471563801, 35.783836591916113, 0.0 ], [ -78.671986174481205, 35.783964836640799, 0.0 ], [ -78.671760520304417, 35.784377072930432, 0.0 ], [ -78.671408630867887, 35.784248102406885, 0.0 ] ] ] } },
{ "type": "Feature", "properties": { "OBJECTID": 2407, "BLDGNUM": "102", "Precinct_N": "Central Campus", "story_group": "main" }, "geometry": { "type": "Polygon", "coordinates": [ [ [ -78.670818422841307, 35.78403747677379, 0.0 ], [ -78.670740202189691, 35.78414374695501, 0.0 ], [ -78.670681656653386, 35.784205568954334, 0.0 ], [ -78.670642151595885, 35.784241373636974, 0.0 ], [ -78.670560640846134, 35.784303881607919, 0.0 ], [ -78.670511131122566, 35.784335386807669, 0.0 ], [ -78.670413880090649, 35.784385160239211, 0.0 ], [ -78.670417841710091, 35.784392946878391, 0.0 ], [ -78.670320957623431, 35.784430823445504, 0.0 ], [ -78.670282917561337, 35.784441769214496, 0.0 ], [ -78.670276464489845, 35.784431076194345, 0.0 ], [ -78.670169148636134, 35.784458167730527, 0.0 ], [ -78.6700885006764, 35.784470909836401, 0.0 ], [ -78.670023059634786, 35.784476299327132, 0.0 ], [ -78.670087809580906, 35.784358289143967, 0.0 ], [ -78.670099533596797, 35.78436220659934, 0.0 ], [ -78.670117682944195, 35.78433072121171, 0.0 ], [ -78.670087633029098, 35.784319126933461, 0.0 ], [ -78.670147181807209, 35.784213780978526, 0.0 ], [ -78.670133775219639, 35.784199032890271, 0.0 ], [ -78.670180096501397, 35.784114471320102, 0.0 ], [ -78.670185987592333, 35.784116754156763, 0.0 ], [ -78.670310230156147, 35.783891196587867, 0.0 ], [ -78.670304017670887, 35.783888793008067, 0.0 ], [ -78.670326966554171, 35.783849438290993, 0.0 ], [ -78.67033213091571, 35.78385143793389, 0.0 ], [ -78.670427630554983, 35.783678065271317, 0.0 ], [ -78.670477910824957, 35.783696273293891, 0.0 ], [ -78.670641999701374, 35.783398739670815, 0.0 ], [ -78.670707282252309, 35.78337771284432, 0.0 ], [ -78.670701903225606, 35.783366496358994, 0.0 ], [ -78.670765012814726, 35.783346108992781, 0.0 ], [ -78.670802070948724, 35.783409678416497, 0.0 ], [ -78.670829061821394, 35.783471344021613, 0.0 ], [ -78.670848721479715, 35.783529353777119, 0.0 ], [ -78.670867805849198, 35.783611856089088, 0.0 ], [ -78.671168947318122, 35.783719993608592, 0.0 ], [ -78.671204318564762, 35.783684072136303, 0.0 ], [ -78.671503346096955, 35.783768694179152, 0.0 ], [ -78.671547492267038, 35.783795771602101, 0.0 ], [ -78.671521693585873, 35.783844332436473, 0.0 ], [ -78.671611470519977, 35.783878603926617, 0.0 ], [ -78.671435239111517, 35.784199903423229, 0.0 ], [ -78.671386191881879, 35.784181926265589, 0.0 ], [ -78.671355029102941, 35.784238375602314, 0.0 ], [ -78.671643753801618, 35.784344198013954, 0.0 ], [ -78.67156029961474, 35.784495376841399, 0.0 ], [ -78.671570304281076, 35.784496672909029, 0.0 ], [ -78.671554372872137, 35.78463970438613, 0.0 ], [ -78.671361203995389, 35.784548719766271, 0.0 ], [ -78.671342256172593, 35.784599593861302, 0.0 ], [ -78.671141676241973, 35.78446641216329, 0.0 ], [ -78.671099572851517, 35.784510097665731, 0.0 ], [ -78.671012492619298, 35.784323719943352, 0.0 ], [ -78.670943488289453, 35.784356136213887, 0.0 ], [ -78.67092952551279, 35.784124309860523, 0.0 ], [ -78.670939169845695, 35.784082288061974, 0.0 ], [ -78.670902507070565, 35.784069076231098, 0.0 ], [ -78.670895540545928, 35.784080981334867, 0.0 ], [ -78.670828248764735, 35.784054408991871, 0.0 ], [ -78.670834227145747, 35.784043399865197, 0.0 ], [ -78.670818422841307, 35.78403747677379, 0.0 ] ] ] } },
{ "type": "Feature", "properties": { "OBJECTID": 2408, "BLDGNUM": "126D", "Precinct_N": "Central Campus", "story_group": "main" }, "geometry": { "type": "Polygon", "coordinates": [ [ [ -78.683314157597621, 35.788882587086604, 0.0 ], [ -78.683096381656881, 35.788744061800486, 0.0 ], [ -78.683098450986975, 35.788741921079271, 0.0 ], [ -78.682600037634487, 35.788422071027576, 0.0 ], [ -78.682671210253787, 35.788348443426166, 0.0 ], [ -78.682651078627018, 35.788335524281912, 0.0 ], [ -78.682668203092121, 35.788317808770834, 0.0 ], [ -78.682687924224169, 35.788330465453015, 0.0 ], [ -78.682705509636961, 35.788312274325349, 0.0 ], [ -78.683066015082446, 35.788543622715927, 0.0 ], [ -78.6830889775907, 35.788519868896678, 0.0 ], [ -78.683226832261141, 35.78860833482247, 0.0 ], [ -78.68322229263579, 35.788613030747165, 0.0 ], [ -78.68324275215619, 35.788626159760071, 0.0 ], [ -78.683276438896712, 35.78859131208462, 0.0 ], [ -78.683408012976116, 35.788671206805304, 0.0 ], [ -78.683404662967774, 35.78867467188585, 0.0 ], [ -78.683472104183579, 35.788717951258683, 0.0 ], [ -78.683409309227628, 35.788782913018395, 0.0 ], [ -78.683426496597065, 35.7887963084072, 0.0 ], [ -78.683402775464558, 35.788820848092492, 0.0 ], [ -78.683383431703788, 35.788810922684732, 0.0 ], [ -78.683314157597621, 35.788882587086604, 0.0 ] ] ] } },
{ "type": "Feature", "properties": { "OBJECTID": 2409, "BLDGNUM": "126", "Precinct_N": "Central Campus", "story_group": "main" }, "geometry": { "type": "Polygon", "coordinates": [ [ [ -78.68329892526323, 35.788905281227606, 0.0 ], [ -78.683380694206264, 35.788957753756492, 0.0 ], [ -78.68327673671611, 35.789065297086481, 0.0 ], [ -78.683239268037397, 35.789041251833012, 0.0 ], [ -78.683231594949902, 35.789049189862297, 0.0 ], [ -78.683186974637508, 35.789020556177363, 0.0 ], [ -78.683020015736929, 35.789193272171786, 0.0 ], [ -78.682814993838164, 35.78906170281288, 0.0 ], [ -78.683112222041473, 35.788754226913561, 0.0 ], [ -78.683318295643559, 35.78888524238991, 0.0 ], [ -78.68329892526323, 35.788905281227606, 0.0 ] ] ] } },
{ "type": "Feature", "properties": { "OBJECTID": 2410, "BLDGNUM": "113B", "Precinct_N": "Central Campus", "story_group": "main" }, "geometry": { "type": "Polygon", "coordinates": [ [ [ -78.678042829949888, 35.782489440857155, 0.0 ], [ -78.678083548552749, 35.782489819764422, 0.0 ], [ -78.678101287181519, 35.782495333308262, 0.0 ], [ -78.678105911685222, 35.782486808865187, 0.0 ], [ -78.678082855207762, 35.782464471139399, 0.0 ], [ -78.678257927159194, 35.782345867421434, 0.0 ], [ -78.678327749337342, 35.782415933272979, 0.0 ], [ -78.678352503749338, 35.782398789204017, 0.0 ], [ -78.678398871239821, 35.78244346612292, 0.0 ], [ -78.678373886948464, 35.782461392865123, 0.0 ], [ -78.678412862041611, 35.782499379388696, 0.0 ], [ -78.678238877956616, 35.782617551747329, 0.0 ], [ -78.678170790978953, 35.782551447348993, 0.0 ], [ -78.678143175547646, 35.782570357673706, 0.0 ], [ -78.678136714598608, 35.782584216848505, 0.0 ], [ -78.678117642575728, 35.782604666706106, 0.0 ], [ -78.678091533101465, 35.782617337363931, 0.0 ], [ -78.678065952810556, 35.782621558380825, 0.0 ], [ -78.678040818040699, 35.782638906892721, 0.0 ], [ -78.678157207739801, 35.78275455805332, 0.0 ], [ -78.677993079931483, 35.782865474105741, 0.0 ], [ -78.67798579180463, 35.782857587882098, 0.0 ], [ -78.677985327193511, 35.782870652585714, 0.0 ], [ -78.67795244121595, 35.782892770349932, 0.0 ], [ -78.677808652976964, 35.78275155914131, 0.0 ], [ -78.677840276643039, 35.782728925210165, 0.0 ], [ -78.6778574937196, 35.782730974432987, 0.0 ], [ -78.677848939634558, 35.782723498571663, 0.0 ], [ -78.678018764892414, 35.782609606194342, 0.0 ], [ -78.67799615388526, 35.782590957042913, 0.0 ], [ -78.677988955150255, 35.782572847971942, 0.0 ], [ -78.677929197067058, 35.782547218827951, 0.0 ], [ -78.677919607234131, 35.782562065708625, 0.0 ], [ -78.677772626668599, 35.782499029785043, 0.0 ], [ -78.6777963630974, 35.782462283335143, 0.0 ], [ -78.677823928069103, 35.782474105299485, 0.0 ], [ -78.677841590687933, 35.782446760958138, 0.0 ], [ -78.67796218667894, 35.78249848094503, 0.0 ], [ -78.677984253491701, 35.782464317813918, 0.0 ], [ -78.678042829949888, 35.782489440857155, 0.0 ] ] ] } },
{ "type": "Feature", "properties": { "OBJECTID": 2411, "BLDGNUM": "113", "Precinct_N": "Central Campus", "story_group": "main" }, "geometry": { "type": "Polygon", "coordinates": [ [ [ -78.677512381907803, 35.782305572678744, 0.0 ], [ -78.67752114368561, 35.782292008958478, 0.0 ], [ -78.677424513197678, 35.782250566059467, 0.0 ], [ -78.677390875107108, 35.782302643379538, 0.0 ], [ -78.677418570275208, 35.782314519862133, 0.0 ], [ -78.677405846078585, 35.782334217568959, 0.0 ], [ -78.677378054835927, 35.782322299367145, 0.0 ], [ -78.677336491875721, 35.782386643755352, 0.0 ], [ -78.676924325999536, 35.782209875172448, 0.0 ], [ -78.67711025799575, 35.781922023391054, 0.0 ], [ -78.677520884564629, 35.78209813110881, 0.0 ], [ -78.67747590593352, 35.782167766431201, 0.0 ], [ -78.677574409197163, 35.782210011939881, 0.0 ], [ -78.677584108129707, 35.782194995919966, 0.0 ], [ -78.678033675036374, 35.782387802350065, 0.0 ], [ -78.67796218667894, 35.78249848094503, 0.0 ], [ -78.677512381907803, 35.782305572678744, 0.0 ] ] ] } },
{ "type": "Feature", "properties": { "OBJECTID": 2412, "BLDGNUM": "055", "Precinct_N": "North Campus", "story_group": "main" }, "geometry": { "type": "Polygon", "coordinates": [ [ [ -78.671120023567426, 35.785932043817802, 0.0 ], [ -78.67117539528347, 35.785946662596132, 0.0 ], [ -78.67108968565303, 35.786162205511253, 0.0 ], [ -78.671052226306841, 35.786152315752879, 0.0 ], [ -78.671020608116578, 35.786231825594655, 0.0 ], [ -78.670776813511011, 35.786167462570376, 0.0 ], [ -78.670808323510059, 35.786088223802658, 0.0 ], [ -78.670780080140872, 35.786080769062288, 0.0 ], [ -78.670826312917683, 35.785964504893279, 0.0 ], [ -78.670852203645353, 35.78597134035163, 0.0 ], [ -78.670891273258675, 35.785873090045293, 0.0 ], [ -78.671085489013677, 35.785924363052487, 0.0 ], [ -78.671093028620604, 35.785905401045923, 0.0 ], [ -78.671127047917366, 35.785914381962918, 0.0 ], [ -78.671120023567426, 35.785932043817802, 0.0 ] ] ] } },
{ "type": "Feature", "properties": { "OBJECTID": 2413, "BLDGNUM": "070", "Precinct_N": "North Campus", "story_group": "main" }, "geometry": { "type": "Polygon", "coordinates": [ [ [ -78.6721454225694, 35.787545318849965, 0.0 ], [ -78.672228642812897, 35.78730824084338, 0.0 ], [ -78.67273763497397, 35.787426855332583, 0.0 ], [ -78.672658347654433, 35.787652727889608, 0.0 ], [ -78.672500172569201, 35.787615867694214, 0.0 ], [ -78.672501376783686, 35.787612433197012, 0.0 ], [ -78.672423108247585, 35.787594193155442, 0.0 ], [ -78.672426120992384, 35.787585609624301, 0.0 ], [ -78.672212445725279, 35.78753581602701, 0.0 ], [ -78.672208423466458, 35.787547279342107, 0.0 ], [ -78.672192845818671, 35.787543649171063, 0.0 ], [ -78.672188717263779, 35.787555408742385, 0.0 ], [ -78.6721454225694, 35.787545318849965, 0.0 ] ] ] } },
{ "type": "Feature", "properties": { "OBJECTID": 2415, "BLDGNUM": "067A", "Precinct_N": "North Campus", "story_group": "main" }, "geometry": { "type": "Polygon", "coordinates": [ [ [ -78.671813643974005, 35.787899573091366, 0.0 ], [ -78.671573265451116, 35.787843348351046, 0.0 ], [ -78.671854695038874, 35.787044551285213, 0.0 ], [ -78.67189937959543, 35.787055002860811, 0.0 ], [ -78.671907449516738, 35.787032095243703, 0.0 ], [ -78.672033485147011, 35.787061575111672, 0.0 ], [ -78.672016344906893, 35.787110224204909, 0.0 ], [ -78.67207912021081, 35.787124905759462, 0.0 ], [ -78.67206646817877, 35.787160948090836, 0.0 ], [ -78.672003479557887, 35.787146214579003, 0.0 ], [ -78.671959864470679, 35.787270007929394, 0.0 ], [ -78.671982812453635, 35.787275375940148, 0.0 ], [ -78.671971496007302, 35.787307492887557, 0.0 ], [ -78.671959079290104, 35.787304588668263, 0.0 ], [ -78.671905475928398, 35.787456733083232, 0.0 ], [ -78.671918470679103, 35.787459772263553, 0.0 ], [ -78.671906820659501, 35.787492841929158, 0.0 ], [ -78.671885386723361, 35.787487827704417, 0.0 ], [ -78.67179305397849, 35.787745438820686, 0.0 ], [ -78.671862247553037, 35.78776162319086, 0.0 ], [ -78.671813643974005, 35.787899573091366, 0.0 ] ] ] } },
{ "type": "Feature", "properties": { "OBJECTID": 2416, "BLDGNUM": "076", "Precinct_N": "North Campus", "story_group": "main" }, "geometry": { "type": "Polygon", "coordinates": [ [ [ -78.673624681513871, 35.787414734855808, 0.0 ], [ -78.673518755098769, 35.787390970081404, 0.0 ], [ -78.673524526644826, 35.787373894221091, 0.0 ], [ -78.673166441591235, 35.787294024895097, 0.0 ], [ -78.673172555139075, 35.787275826890806, 0.0 ], [ -78.673073846756822, 35.787253809872247, 0.0 ], [ -78.673078662584459, 35.787239476066802, 0.0 ], [ -78.673065373265743, 35.787236511932655, 0.0 ], [ -78.673159538589871, 35.786956234075213, 0.0 ], [ -78.673325830340701, 35.786993325202445, 0.0 ], [ -78.673346104607106, 35.786932673888423, 0.0 ], [ -78.673175819485749, 35.786892575098953, 0.0 ], [ -78.6731823621068, 35.786874130372603, 0.0 ], [ -78.673171276119362, 35.786871520079536, 0.0 ], [ -78.673175892987999, 35.786858505305879, 0.0 ], [ -78.673186192090185, 35.78686093051445, 0.0 ], [ -78.673198803998574, 35.786825374684113, 0.0 ], [ -78.673187750068251, 35.786822771689302, 0.0 ], [ -78.673192366935112, 35.786809756013433, 0.0 ], [ -78.673202196332369, 35.786812070897831, 0.0 ], [ -78.673214250989574, 35.786778083716037, 0.0 ], [ -78.673203377210072, 35.786775522667696, 0.0 ], [ -78.67320790231004, 35.786762767234016, 0.0 ], [ -78.673218802615182, 35.786765333761203, 0.0 ], [ -78.673231303715966, 35.786730090396503, 0.0 ], [ -78.673220135967256, 35.786727460058778, 0.0 ], [ -78.673224761786003, 35.786714416463617, 0.0 ], [ -78.673235195701452, 35.786716873576907, 0.0 ], [ -78.673247290616587, 35.786682772027838, 0.0 ], [ -78.673236241125366, 35.786680169950451, 0.0 ], [ -78.673240863565624, 35.786667139865628, 0.0 ], [ -78.673250121575549, 35.786669319814592, 0.0 ], [ -78.673262576776295, 35.786634204313692, 0.0 ], [ -78.673251857734599, 35.786631680639687, 0.0 ], [ -78.673256388419105, 35.786618908093047, 0.0 ], [ -78.673265798935077, 35.786621124503739, 0.0 ], [ -78.673277779686316, 35.786587345326488, 0.0 ], [ -78.673267798905684, 35.786584994889452, 0.0 ], [ -78.67327248624548, 35.786571779299699, 0.0 ], [ -78.673281333118197, 35.786573863502461, 0.0 ], [ -78.673293744642564, 35.786538873167345, 0.0 ], [ -78.673283469892922, 35.786536453440945, 0.0 ], [ -78.67328814826115, 35.786523266669398, 0.0 ], [ -78.673298005256044, 35.786525587929845, 0.0 ], [ -78.673304638459854, 35.786506886554037, 0.0 ], [ -78.673519065504181, 35.786557379717564, 0.0 ], [ -78.673390824974533, 35.786941959572317, 0.0 ], [ -78.673406260164711, 35.786944965477531, 0.0 ], [ -78.673524093461907, 35.786590221128868, 0.0 ], [ -78.67373901898938, 35.78663761640982, 0.0 ], [ -78.673733204877152, 35.786655122112414, 0.0 ], [ -78.673742649134823, 35.786657205177285, 0.0 ], [ -78.673737898860409, 35.786671505837027, 0.0 ], [ -78.673729345420682, 35.78666961984829, 0.0 ], [ -78.673718159537245, 35.786703293937059, 0.0 ], [ -78.673727031288735, 35.78670525018272, 0.0 ], [ -78.673722283253923, 35.786719542735533, 0.0 ], [ -78.67371435647793, 35.786717795428636, 0.0 ], [ -78.673703294876219, 35.786751096691006, 0.0 ], [ -78.673711167494602, 35.786752833037433, 0.0 ], [ -78.673706409367369, 35.786767158010825, 0.0 ], [ -78.67369770560812, 35.786765238267549, 0.0 ], [ -78.673686529759593, 35.786798886240248, 0.0 ], [ -78.673694904162176, 35.786800732994521, 0.0 ], [ -78.673690567084563, 35.786813789999172, 0.0 ], [ -78.673681805848574, 35.786811857481979, 0.0 ], [ -78.673670357875622, 35.786846323146356, 0.0 ], [ -78.673679532478289, 35.786848346004781, 0.0 ], [ -78.673674848258955, 35.78686244583794, 0.0 ], [ -78.673665766496583, 35.786860443057442, 0.0 ], [ -78.673654288285789, 35.786894996970744, 0.0 ], [ -78.673663483893463, 35.78689702439339, 0.0 ], [ -78.67365892507712, 35.786910749601532, 0.0 ], [ -78.673649359214124, 35.786908640065661, 0.0 ], [ -78.67363805679976, 35.786942665357536, 0.0 ], [ -78.673647271199826, 35.786944697338399, 0.0 ], [ -78.673643083051573, 35.786957304066526, 0.0 ], [ -78.673635493354439, 35.786955630666696, 0.0 ], [ -78.673630595212231, 35.786970379795328, 0.0 ], [ -78.673638446854127, 35.786972110681937, 0.0 ], [ -78.673634367318641, 35.786984392314622, 0.0 ], [ -78.673624916391972, 35.786982308322472, 0.0 ], [ -78.673621551296293, 35.786992441256345, 0.0 ], [ -78.673448981319964, 35.786954593700429, 0.0 ], [ -78.67342856593703, 35.787016239739017, 0.0 ], [ -78.673446123632999, 35.787020156279986, 0.0 ], [ -78.673456079829592, 35.786990523264272, 0.0 ], [ -78.673546051146175, 35.787010590388007, 0.0 ], [ -78.673536475676812, 35.787039088734716, 0.0 ], [ -78.673796525771294, 35.787097091072347, 0.0 ], [ -78.67381729314296, 35.787035328741815, 0.0 ], [ -78.673646185714063, 35.786997132955491, 0.0 ], [ -78.673652759240312, 35.786977584138349, 0.0 ], [ -78.673643284100876, 35.786975469436975, 0.0 ], [ -78.673647975482979, 35.786961516544174, 0.0 ], [ -78.673656674746397, 35.786963458812473, 0.0 ], [ -78.673668103115006, 35.786929470811735, 0.0 ], [ -78.673659359642812, 35.786927519412295, 0.0 ], [ -78.673663946897932, 35.7869138745002, 0.0 ], [ -78.673673184405814, 35.786915936285425, 0.0 ], [ -78.673681091436151, 35.786892420607494, 0.0 ], [ -78.673671659411852, 35.786890315037205, 0.0 ], [ -78.673676297042306, 35.786876521537252, 0.0 ], [ -78.673685543385048, 35.786878586049298, 0.0 ], [ -78.673700390045937, 35.786834430999839, 0.0 ], [ -78.673690966870353, 35.786832327257343, 0.0 ], [ -78.673695619042206, 35.786818492333424, 0.0 ], [ -78.673705681039309, 35.786820738396479, 0.0 ], [ -78.673713791817391, 35.786796619359336, 0.0 ], [ -78.673704311173765, 35.786794502845098, 0.0 ], [ -78.673708543476138, 35.786781915160766, 0.0 ], [ -78.673718423104233, 35.786784121075129, 0.0 ], [ -78.673724589048462, 35.786765782570797, 0.0 ], [ -78.673714071706058, 35.786763434339001, 0.0 ], [ -78.673718396937034, 35.786750570189696, 0.0 ], [ -78.673728359454643, 35.786752794352203, 0.0 ], [ -78.673734869120054, 35.786733435542288, 0.0 ], [ -78.673725028178723, 35.786731238746256, 0.0 ], [ -78.67372943066178, 35.786718144959998, 0.0 ], [ -78.67373917102384, 35.786720319854005, 0.0 ], [ -78.6737452160299, 35.786702342464331, 0.0 ], [ -78.673735029153789, 35.786700069029585, 0.0 ], [ -78.67374082448606, 35.786682831878124, 0.0 ], [ -78.673751020198935, 35.786685108040068, 0.0 ], [ -78.673754418339186, 35.786675003131919, 0.0 ], [ -78.67396950545367, 35.786723016760284, 0.0 ], [ -78.673862013571537, 35.787042706102241, 0.0 ], [ -78.673854909141156, 35.787041120544387, 0.0 ], [ -78.673742641877979, 35.787382478848507, 0.0 ], [ -78.673730739583888, 35.787379824057822, 0.0 ], [ -78.673724841151198, 35.787397377301438, 0.0 ], [ -78.673638915638605, 35.787378210779799, 0.0 ], [ -78.673624681513871, 35.787414734855808, 0.0 ] ] ] } },
{ "type": "Feature", "properties": { "OBJECTID": 2417, "BLDGNUM": "047C", "Precinct_N": "North Campus", "story_group": "main" }, "geometry": { "type": "Polygon", "coordinates": [ [ [ -78.669804794794771, 35.787416704947198, 0.0 ], [ -78.66982434500585, 35.787357140182912, 0.0 ], [ -78.669800717034263, 35.787351988048314, 0.0 ], [ -78.669814721141847, 35.787309361675796, 0.0 ], [ -78.66983114178197, 35.787312943960679, 0.0 ], [ -78.669855671879574, 35.787238278909548, 0.0 ], [ -78.670126608601223, 35.787297373156996, 0.0 ], [ -78.670140922809381, 35.787253801172724, 0.0 ], [ -78.670447206735332, 35.787320603171963, 0.0 ], [ -78.670430786847604, 35.787370585277678, 0.0 ], [ -78.670357141919098, 35.787354523249029, 0.0 ], [ -78.670321276522387, 35.787463698214758, 0.0 ], [ -78.670283753294896, 35.787455514301335, 0.0 ], [ -78.670264623687743, 35.787513741775697, 0.0 ], [ -78.670071702358072, 35.787471661127405, 0.0 ], [ -78.67007383176869, 35.787465173595436, 0.0 ], [ -78.669928100190631, 35.787433418329918, 0.0 ], [ -78.669944590042874, 35.787383177795242, 0.0 ], [ -78.669860225338681, 35.787364794301681, 0.0 ], [ -78.669840624746854, 35.787424512163817, 0.0 ], [ -78.669804794794771, 35.787416704947198, 0.0 ] ] ] } },
{ "type": "Feature", "properties": { "OBJECTID": 2418, "BLDGNUM": "047B", "Precinct_N": "North Campus", "story_group": "main" }, "geometry": { "type": "Polygon", "coordinates": [ [ [ -78.67028043861157, 35.787788587905403, 0.0 ], [ -78.670221847146905, 35.787775745583879, 0.0 ], [ -78.670197896327849, 35.787848650131409, 0.0 ], [ -78.670155566180057, 35.787839418422472, 0.0 ], [ -78.670150284705215, 35.787855495856483, 0.0 ], [ -78.669997962989612, 35.787822274375465, 0.0 ], [ -78.670002723596468, 35.787807789116961, 0.0 ], [ -78.669960877595813, 35.787798662306265, 0.0 ], [ -78.669984679621422, 35.787726214383021, 0.0 ], [ -78.669926996578837, 35.787713615940632, 0.0 ], [ -78.669989445029003, 35.787529435471619, 0.0 ], [ -78.670048547639354, 35.787542208985812, 0.0 ], [ -78.670071702358072, 35.787471661127405, 0.0 ], [ -78.670303781600879, 35.787522283446144, 0.0 ], [ -78.670280610561306, 35.787592810571802, 0.0 ], [ -78.670340850935119, 35.787606013359522, 0.0 ], [ -78.67028043861157, 35.787788587905403, 0.0 ] ] ] } },
{ "type": "Feature", "properties": { "OBJECTID": 2419, "BLDGNUM": "047A", "Precinct_N": "North Campus", "story_group": "main" }, "geometry": { "type": "Polygon", "coordinates": [ [ [ -78.670917450639848, 35.787657816788808, 0.0 ], [ -78.670815265297051, 35.787966645676569, 0.0 ], [ -78.670261753047555, 35.78784505894987, 0.0 ], [ -78.670364505960094, 35.787534522190519, 0.0 ], [ -78.670501873457894, 35.787564696785743, 0.0 ], [ -78.670520969846692, 35.787506981150337, 0.0 ], [ -78.670797612622692, 35.787567748705754, 0.0 ], [ -78.670777948599039, 35.787627173604058, 0.0 ], [ -78.670917450639848, 35.787657816788808, 0.0 ] ] ] } },
{ "type": "Feature", "properties": { "OBJECTID": 2420, "BLDGNUM": "047", "Precinct_N": "North Campus", "story_group": "main" }, "geometry": { "type": "Polygon", "coordinates": [ [ [ -78.66916084930395, 35.78765638723462, 0.0 ], [ -78.669072301198568, 35.787637073365623, 0.0 ], [ -78.669189679200571, 35.787279809130894, 0.0 ], [ -78.669278397152951, 35.787299159432742, 0.0 ], [ -78.669276631770018, 35.787304531171408, 0.0 ], [ -78.669480860071957, 35.787349075590122, 0.0 ], [ -78.669484208237421, 35.787338885038288, 0.0 ], [ -78.669573432531394, 35.787358344659722, 0.0 ], [ -78.669570055264856, 35.787368620762869, 0.0 ], [ -78.669778389878175, 35.787414061841147, 0.0 ], [ -78.669779339753489, 35.787411173798162, 0.0 ], [ -78.66986607754734, 35.787430052307421, 0.0 ], [ -78.669865123165408, 35.787432961069825, 0.0 ], [ -78.670011362153062, 35.787464796202144, 0.0 ], [ -78.669893808273713, 35.787811496944123, 0.0 ], [ -78.669744803563262, 35.787779009716424, 0.0 ], [ -78.669725802323271, 35.787836841758264, 0.0 ], [ -78.669641133318706, 35.787818375269474, 0.0 ], [ -78.66966039675134, 35.787759740851783, 0.0 ], [ -78.669162567658447, 35.787651157783174, 0.0 ], [ -78.66916084930395, 35.78765638723462, 0.0 ] ] ] } },
{ "type": "Feature", "properties": { "OBJECTID": 2421, "BLDGNUM": "025", "Precinct_N": "North Campus", "story_group": "main" }, "geometry": { "type": "Polygon", "coordinates": [ [ [ -78.665958138087547, 35.786756965662619, 0.0 ], [ -78.665913407504917, 35.786867688812137, 0.0 ], [ -78.66607689348416, 35.786911536841153, 0.0 ], [ -78.66603776255387, 35.787011041896243, 0.0 ], [ -78.665995715586362, 35.787027214866022, 0.0 ], [ -78.665974829986638, 35.786989722883611, 0.0 ], [ -78.665569777632626, 35.786881084665424, 0.0 ], [ -78.665524062989903, 35.786900056902724, 0.0 ], [ -78.665499974176214, 35.786862258598298, 0.0 ], [ -78.66553885459038, 35.786766764915399, 0.0 ], [ -78.665604668253508, 35.786784417273338, 0.0 ], [ -78.66564923154516, 35.786674113801539, 0.0 ], [ -78.665958138087547, 35.786756965662619, 0.0 ] ] ] } },
{ "type": "Feature", "properties": { "OBJECTID": 2422, "BLDGNUM": "022", "Precinct_N": "North Campus", "story_group": "main" }, "geometry": { "type": "Polygon", "coordinates": [ [ [ -78.66558455576174, 35.786653639769838, 0.0 ], [ -78.665498614607031, 35.786863868275923, 0.0 ], [ -78.665163538501204, 35.786773995753656, 0.0 ], [ -78.665145199681675, 35.786819385839337, 0.0 ], [ -78.665079759575363, 35.786801834309657, 0.0 ], [ -78.66509751502592, 35.78675788208043, 0.0 ], [ -78.664760911598805, 35.78666759864096, 0.0 ], [ -78.664846524031063, 35.78645568962235, 0.0 ], [ -78.66558455576174, 35.786653639769838, 0.0 ] ] ] } },
{ "type": "Feature", "properties": { "OBJECTID": 2423, "BLDGNUM": "083", "Precinct_N": "Central Campus", "story_group": "main" }, "geometry": { "type": "Polygon", "coordinates": [ [ [ -78.675329785907508, 35.785986883654459, 0.0 ], [ -78.675521995475094, 35.786056998599307, 0.0 ], [ -78.675480179495921, 35.786133103280783, 0.0 ], [ -78.675531897856615, 35.786151970107888, 0.0 ], [ -78.675529269107628, 35.78615675376345, 0.0 ], [ -78.675525816130133, 35.786155495301081, 0.0 ], [ -78.675445036761019, 35.78630250877206, 0.0 ], [ -78.675447910924206, 35.78630355838505, 0.0 ], [ -78.675445656577068, 35.78630766342075, 0.0 ], [ -78.675294052603562, 35.786252360255176, 0.0 ], [ -78.675286766944097, 35.786265617670786, 0.0 ], [ -78.675240134136232, 35.78624860574741, 0.0 ], [ -78.675247515637366, 35.786235173728763, 0.0 ], [ -78.675202402772399, 35.786218718367593, 0.0 ], [ -78.675329785907508, 35.785986883654459, 0.0 ] ] ] } },
{ "type": "Feature", "properties": { "OBJECTID": 2424, "BLDGNUM": "072", "Precinct_N": "North Campus", "story_group": "main" }, "geometry": { "type": "Polygon", "coordinates": [ [ [ -78.672818838226718, 35.787192955956982, 0.0 ], [ -78.672951117905029, 35.786787179791737, 0.0 ], [ -78.67309123786869, 35.786817504882492, 0.0 ], [ -78.672958958843665, 35.787223281195764, 0.0 ], [ -78.672818838226718, 35.787192955956982, 0.0 ] ] ] } },
{ "type": "Feature", "properties": { "OBJECTID": 2425, "BLDGNUM": "069", "Precinct_N": "North Campus", "story_group": "main" }, "geometry": { "type": "Polygon", "coordinates": [ [ [ -78.672832112020615, 35.788163251931593, 0.0 ], [ -78.673161617219961, 35.788235796918734, 0.0 ], [ -78.673184484209486, 35.788166842200845, 0.0 ], [ -78.673193696547045, 35.788168868801186, 0.0 ], [ -78.673197312654452, 35.788157965905349, 0.0 ], [ -78.673366562081753, 35.788195228032656, 0.0 ], [ -78.673278076774238, 35.788462045147483, 0.0 ], [ -78.673196480758946, 35.788444079709947, 0.0 ], [ -78.673205056875304, 35.788418218764029, 0.0 ], [ -78.67311901223367, 35.788399276000384, 0.0 ], [ -78.673121608147326, 35.78839144756526, 0.0 ], [ -78.672661307080915, 35.788290107361377, 0.0 ], [ -78.672658617057124, 35.788298218556818, 0.0 ], [ -78.672576249870176, 35.78828008388124, 0.0 ], [ -78.672567433768194, 35.788306428162386, 0.0 ], [ -78.67247795692694, 35.788284975386972, 0.0 ], [ -78.672565255203992, 35.788021231033547, 0.0 ], [ -78.672736438254205, 35.788058919263243, 0.0 ], [ -78.67273338649548, 35.788068126427333, 0.0 ], [ -78.672741709076902, 35.78806995778401, 0.0 ], [ -78.672722644945367, 35.788127442193563, 0.0 ], [ -78.672751903301958, 35.788133884286857, 0.0 ], [ -78.672754920334015, 35.788124784289359, 0.0 ], [ -78.672838749657558, 35.788143240946788, 0.0 ], [ -78.672832112020615, 35.788163251931593, 0.0 ] ] ] } },
{ "type": "Feature", "properties": { "OBJECTID": 2426, "BLDGNUM": "078", "Precinct_N": "North Campus", "story_group": "main" }, "geometry": { "type": "Polygon", "coordinates": [ [ [ -78.673660443336885, 35.788238210258775, 0.0 ], [ -78.673751276215782, 35.787963581763051, 0.0 ], [ -78.673900909711804, 35.787996438022461, 0.0 ], [ -78.673909858751202, 35.787969381935838, 0.0 ], [ -78.673983243657375, 35.787985495195301, 0.0 ], [ -78.673919566722915, 35.788178020835559, 0.0 ], [ -78.674126716448512, 35.788223505363547, 0.0 ], [ -78.674158089984402, 35.788128645099775, 0.0 ], [ -78.67410780933622, 35.788117605232763, 0.0 ], [ -78.674130511580941, 35.788048969874012, 0.0 ], [ -78.674180056080459, 35.788059849126519, 0.0 ], [ -78.674181023661987, 35.788056922339685, 0.0 ], [ -78.67440530260987, 35.788106166649413, 0.0 ], [ -78.67431431502078, 35.788381266604624, 0.0 ], [ -78.674309118050644, 35.788380126029949, 0.0 ], [ -78.674298258574836, 35.788412960971222, 0.0 ], [ -78.674214713600279, 35.788394616947194, 0.0 ], [ -78.674213032657747, 35.788399698747078, 0.0 ], [ -78.67413596611722, 35.788407657039755, 0.0 ], [ -78.674133799336502, 35.788416630451842, 0.0 ], [ -78.674098354518804, 35.788408847165108, 0.0 ], [ -78.674099786866989, 35.788404513720238, 0.0 ], [ -78.674072243609814, 35.788398465921297, 0.0 ], [ -78.674039153074077, 35.788498516918793, 0.0 ], [ -78.673999068312099, 35.788489715287724, 0.0 ], [ -78.673978754554781, 35.78855113181595, 0.0 ], [ -78.674258060629612, 35.788612460141586, 0.0 ], [ -78.674211872054329, 35.788752107430511, 0.0 ], [ -78.673932493685029, 35.788690764387965, 0.0 ], [ -78.673928646832024, 35.788702394973399, 0.0 ], [ -78.673797707655737, 35.788673644868304, 0.0 ], [ -78.673801309283277, 35.788662751832526, 0.0 ], [ -78.673521918266431, 35.788601406008475, 0.0 ], [ -78.673568175161179, 35.788461550943389, 0.0 ], [ -78.673771662560455, 35.788506231270006, 0.0 ], [ -78.673775221590901, 35.788495476026213, 0.0 ], [ -78.67380652719136, 35.788502349683064, 0.0 ], [ -78.673802863987277, 35.788513426429219, 0.0 ], [ -78.673855396270298, 35.788524960977014, 0.0 ], [ -78.673875924022042, 35.788462896072396, 0.0 ], [ -78.67382729115981, 35.788452217434909, 0.0 ], [ -78.673872527198455, 35.788315451132405, 0.0 ], [ -78.673810325085796, 35.788301793270556, 0.0 ], [ -78.673799627799198, 35.788334138270784, 0.0 ], [ -78.673738101602268, 35.788296345941397, 0.0 ], [ -78.673739635889874, 35.788290878880431, 0.0 ], [ -78.673655245635771, 35.788272350135919, 0.0 ], [ -78.673666125502237, 35.788239456716923, 0.0 ], [ -78.673660443336885, 35.788238210258775, 0.0 ] ] ] } },
{ "type": "Feature", "properties": { "OBJECTID": 2427, "BLDGNUM": "054", "Precinct_N": "North Campus", "story_group": "main" }, "geometry": { "type": "Polygon", "coordinates": [ [ [ -78.67108968565303, 35.786162205511253, 0.0 ], [ -78.67117539528347, 35.785946662596132, 0.0 ], [ -78.671202239670222, 35.78595375022703, 0.0 ], [ -78.671243330664566, 35.785850411753387, 0.0 ], [ -78.6712987587009, 35.785865045951027, 0.0 ], [ -78.671311836121873, 35.785832155939396, 0.0 ], [ -78.671487668829826, 35.785878576334113, 0.0 ], [ -78.671475146946392, 35.785910066267924, 0.0 ], [ -78.671498117131591, 35.785916129371657, 0.0 ], [ -78.671511264884074, 35.785883063766377, 0.0 ], [ -78.671563900484372, 35.785897803883657, 0.0 ], [ -78.671508831680583, 35.786036576371608, 0.0 ], [ -78.671550284604081, 35.786047519614421, 0.0 ], [ -78.67149042893017, 35.786198041755561, 0.0 ], [ -78.671450280979144, 35.7861874427213, 0.0 ], [ -78.671414932478996, 35.786276340944468, 0.0 ], [ -78.671108866826629, 35.786195540417644, 0.0 ], [ -78.671119040731497, 35.786169955216806, 0.0 ], [ -78.67108968565303, 35.786162205511253, 0.0 ] ] ] } },
{ "type": "Feature", "properties": { "OBJECTID": 2428, "BLDGNUM": "046", "Precinct_N": "North Campus", "story_group": "main" }, "geometry": { "type": "Polygon", "coordinates": [ [ [ -78.66834268477642, 35.787119985295895, 0.0 ], [ -78.668230666757822, 35.787090390155974, 0.0 ], [ -78.668226028102637, 35.787102046355038, 0.0 ], [ -78.668106480481882, 35.787070462055439, 0.0 ], [ -78.668174208304379, 35.786900270424105, 0.0 ], [ -78.668292065005673, 35.786931408396121, 0.0 ], [ -78.668289312011325, 35.786938324142973, 0.0 ], [ -78.66840445486055, 35.786968745257091, 0.0 ], [ -78.66840818363562, 35.786959376895744, 0.0 ], [ -78.668619873016439, 35.787015305445934, 0.0 ], [ -78.668616846196187, 35.787022910886513, 0.0 ], [ -78.668732759500926, 35.787053533883316, 0.0 ], [ -78.668735363817575, 35.787046988175994, 0.0 ], [ -78.668854070723739, 35.787078348743229, 0.0 ], [ -78.668787236145349, 35.787246296110887, 0.0 ], [ -78.668669971091731, 35.787215315263389, 0.0 ], [ -78.668674098879791, 35.787204943879999, 0.0 ], [ -78.668561984488548, 35.787175322645055, 0.0 ], [ -78.668554399522336, 35.787194381710975, 0.0 ], [ -78.668515305687365, 35.787184054083575, 0.0 ], [ -78.668507849250346, 35.787202789912939, 0.0 ], [ -78.668503876661177, 35.78720173985171, 0.0 ], [ -78.668502709739599, 35.787204672361852, 0.0 ], [ -78.668370471676567, 35.787169735937084, 0.0 ], [ -78.668367346474412, 35.787167063951735, 0.0 ], [ -78.668374729187676, 35.787148509100639, 0.0 ], [ -78.668335463016646, 35.787138134977504, 0.0 ], [ -78.66834268477642, 35.787119985295895, 0.0 ] ] ] } },
{ "type": "Feature", "properties": { "OBJECTID": 2429, "BLDGNUM": "042", "Precinct_N": "North Campus", "story_group": "main" }, "geometry": { "type": "Polygon", "coordinates": [ [ [ -78.669072289311515, 35.786364322608499, 0.0 ], [ -78.668494314016726, 35.786215589353894, 0.0 ], [ -78.668563451033052, 35.78603722427934, 0.0 ], [ -78.668776180589362, 35.786091967435951, 0.0 ], [ -78.668777811792225, 35.786087758074814, 0.0 ], [ -78.668760311131521, 35.786083254237063, 0.0 ], [ -78.668775282599626, 35.786044630772153, 0.0 ], [ -78.668793340191158, 35.786049279435979, 0.0 ], [ -78.668795489036555, 35.786043734784613, 0.0 ], [ -78.668839178237889, 35.786054978869153, 0.0 ], [ -78.668836455507304, 35.786109639948613, 0.0 ], [ -78.668869013161029, 35.786117852279574, 0.0 ], [ -78.668879741708068, 35.78609017133688, 0.0 ], [ -78.668845155872418, 35.786081271176393, 0.0 ], [ -78.668859734879291, 35.786043658846772, 0.0 ], [ -78.66889346650386, 35.786052337654517, 0.0 ], [ -78.668909167988232, 35.786011826032819, 0.0 ], [ -78.668879036633797, 35.786004071881216, 0.0 ], [ -78.668876604941389, 35.78601034495491, 0.0 ], [ -78.66880046270785, 35.785990750019479, 0.0 ], [ -78.668802525458531, 35.785985428667807, 0.0 ], [ -78.668706144322456, 35.785960626554818, 0.0 ], [ -78.668830972519643, 35.785638583928936, 0.0 ], [ -78.669205682051526, 35.785735010364782, 0.0 ], [ -78.669081191703967, 35.786056188985512, 0.0 ], [ -78.668983831329882, 35.786031133859026, 0.0 ], [ -78.668982538903052, 35.786034468034444, 0.0 ], [ -78.669029485815642, 35.786046549239451, 0.0 ], [ -78.669027597474994, 35.786051424000668, 0.0 ], [ -78.669063540316557, 35.786060673912601, 0.0 ], [ -78.669065306785015, 35.786056115192501, 0.0 ], [ -78.669121335025153, 35.786070532983572, 0.0 ], [ -78.669119300239558, 35.786075783209974, 0.0 ], [ -78.669193412654394, 35.786094855060668, 0.0 ], [ -78.669155071563196, 35.786193771993453, 0.0 ], [ -78.669139908040165, 35.786189870347272, 0.0 ], [ -78.669072289311515, 35.786364322608499, 0.0 ] ] ] } },
{ "type": "Feature", "properties": { "OBJECTID": 2430, "BLDGNUM": "068", "Precinct_N": "North Campus", "story_group": "main" }, "geometry": { "type": "Polygon", "coordinates": [ [ [ -78.67153869256056, 35.78804539101899, 0.0 ], [ -78.671550053557169, 35.788047865196035, 0.0 ], [ -78.671590325949253, 35.787925058998503, 0.0 ], [ -78.67159393795022, 35.787925843892282, 0.0 ], [ -78.671596501860805, 35.787918028921979, 0.0 ], [ -78.671689294117286, 35.787938230300021, 0.0 ], [ -78.671687013580708, 35.787945186151674, 0.0 ], [ -78.67181035756937, 35.787972037870382, 0.0 ], [ -78.671812685146463, 35.78796493702653, 0.0 ], [ -78.672006360460614, 35.788007098957841, 0.0 ], [ -78.672003525509695, 35.788015744247787, 0.0 ], [ -78.672014502991516, 35.788018134425293, 0.0 ], [ -78.672031936072528, 35.787964972193606, 0.0 ], [ -78.671981116061659, 35.787953909264345, 0.0 ], [ -78.672009138474536, 35.787868455076584, 0.0 ], [ -78.672061256011958, 35.787879800904307, 0.0 ], [ -78.672068751633958, 35.787856942212251, 0.0 ], [ -78.672235630818491, 35.787893271151191, 0.0 ], [ -78.672228371576097, 35.787915409412228, 0.0 ], [ -78.672281144593512, 35.787926898420316, 0.0 ], [ -78.672252687869786, 35.788013674675931, 0.0 ], [ -78.672207956698387, 35.788003937876709, 0.0 ], [ -78.672202079630111, 35.788021858850648, 0.0 ], [ -78.672194841252463, 35.788020282751113, 0.0 ], [ -78.672184318072382, 35.78805237210031, 0.0 ], [ -78.672242296979761, 35.788064992800592, 0.0 ], [ -78.672197111673299, 35.788202788891056, 0.0 ], [ -78.672181639034818, 35.788199421293925, 0.0 ], [ -78.672176598635502, 35.788214794608969, 0.0 ], [ -78.672193723648419, 35.788218522684154, 0.0 ], [ -78.672167745462716, 35.788297745090958, 0.0 ], [ -78.671867185634341, 35.788232313986384, 0.0 ], [ -78.671871583149624, 35.788218902985541, 0.0 ], [ -78.671819884315937, 35.788207648340872, 0.0 ], [ -78.671815633519202, 35.788220613568853, 0.0 ], [ -78.671515405842001, 35.788155253694313, 0.0 ], [ -78.671536459462004, 35.788091057103514, 0.0 ], [ -78.671498367658259, 35.788082763872538, 0.0 ], [ -78.671492566580412, 35.788100456075213, 0.0 ], [ -78.671448690926709, 35.788090905178784, 0.0 ], [ -78.671454466240689, 35.788073294029793, 0.0 ], [ -78.671415005030397, 35.788064703241105, 0.0 ], [ -78.67139411371619, 35.78812840991727, 0.0 ], [ -78.671287152943151, 35.788105124442033, 0.0 ], [ -78.671366094459813, 35.787864402189847, 0.0 ], [ -78.671359718214163, 35.787863014043246, 0.0 ], [ -78.671368730663445, 35.787835531974153, 0.0 ], [ -78.6713755092252, 35.787837006833314, 0.0 ], [ -78.671402273224047, 35.787755393627165, 0.0 ], [ -78.671507116989105, 35.787778219920192, 0.0 ], [ -78.671480462849445, 35.787859500848043, 0.0 ], [ -78.671487348616623, 35.787861001227732, 0.0 ], [ -78.671478257806115, 35.78788872014799, 0.0 ], [ -78.671471708032954, 35.787887293682836, 0.0 ], [ -78.671427781646571, 35.788021245949018, 0.0 ], [ -78.671439158112577, 35.788023722882251, 0.0 ], [ -78.671441333461757, 35.78801761311567, 0.0 ], [ -78.671466631608013, 35.788013911906205, 0.0 ], [ -78.671492765539838, 35.788016060878221, 0.0 ], [ -78.671528508600773, 35.788029842384432, 0.0 ], [ -78.671540695238008, 35.788038758905813, 0.0 ], [ -78.67153869256056, 35.78804539101899, 0.0 ] ] ] } },
{ "type": "Feature", "properties": { "OBJECTID": 2431, "BLDGNUM": "045A", "Precinct_N": "North Campus", "story_group": "main" }, "geometry": { "type": "Polygon", "coordinates": [ [ [ -78.667515751698687, 35.787198342430123, 0.0 ], [ -78.667343366984383, 35.787154491872542, 0.0 ], [ -78.667473472341499, 35.786820918904091, 0.0 ], [ -78.667644923865396, 35.786865308447716, 0.0 ], [ -78.667631844065355, 35.786898911919039, 0.0 ], [ -78.66756653850284, 35.786881854229343, 0.0 ], [ -78.667461892520762, 35.787147809271133, 0.0 ], [ -78.667528126508145, 35.787165110207887, 0.0 ], [ -78.667515751698687, 35.787198342430123, 0.0 ] ] ] } },
{ "type": "Feature", "properties": { "OBJECTID": 2432, "BLDGNUM": "045", "Precinct_N": "North Campus", "story_group": "main" }, "geometry": { "type": "Polygon", "coordinates": [ [ [ -78.667632427951304, 35.786862079085665, 0.0 ], [ -78.667663781201441, 35.786781690594466, 0.0 ], [ -78.66787317899248, 35.786835911553425, 0.0 ], [ -78.667844238564641, 35.786910114424309, 0.0 ], [ -78.66783154706927, 35.786906827764732, 0.0 ], [ -78.667796077468878, 35.786997769753491, 0.0 ], [ -78.667828073114393, 35.78700605473751, 0.0 ], [ -78.667765125233075, 35.787167446743496, 0.0 ], [ -78.667732289687351, 35.787158944932514, 0.0 ], [ -78.667696106577409, 35.787251715573838, 0.0 ], [ -78.667710239114157, 35.787255374827957, 0.0 ], [ -78.667680978634706, 35.787330397904242, 0.0 ], [ -78.667470171853509, 35.787275812242711, 0.0 ], [ -78.667499215601808, 35.787201348359872, 0.0 ], [ -78.667513183472408, 35.78720496392296, 0.0 ], [ -78.667549557873812, 35.787110645342814, 0.0 ], [ -78.667542751925893, 35.78710886734293, 0.0 ], [ -78.667604554103434, 35.78695179517959, 0.0 ], [ -78.667610432911971, 35.786953330888508, 0.0 ], [ -78.667644924971597, 35.786865308450729, 0.0 ], [ -78.667632427951304, 35.786862079085665, 0.0 ] ] ] } },
{ "type": "Feature", "properties": { "OBJECTID": 2433, "BLDGNUM": "043", "Precinct_N": "North Campus", "story_group": "main" }, "geometry": { "type": "Polygon", "coordinates": [ [ [ -78.668138888566787, 35.786127046883031, 0.0 ], [ -78.668061517595532, 35.78632277986317, 0.0 ], [ -78.668067679222489, 35.786324397442201, 0.0 ], [ -78.668067964998272, 35.78632996764177, 0.0 ], [ -78.668029898647731, 35.786426268356124, 0.0 ], [ -78.668025620041121, 35.786430520968615, 0.0 ], [ -78.668019961194247, 35.786429035452763, 0.0 ], [ -78.667942124616246, 35.786625947834494, 0.0 ], [ -78.66772472328536, 35.786568894762475, 0.0 ], [ -78.667726888511041, 35.786563423184404, 0.0 ], [ -78.667561734303646, 35.78652008117249, 0.0 ], [ -78.667602516476805, 35.786416914345899, 0.0 ], [ -78.667698535565648, 35.786442112932718, 0.0 ], [ -78.667709034287611, 35.786415551841877, 0.0 ], [ -78.667774056285381, 35.786432615896246, 0.0 ], [ -78.667788946934337, 35.786394946861201, 0.0 ], [ -78.667628999915621, 35.78635297205723, 0.0 ], [ -78.667688950535833, 35.78620131275779, 0.0 ], [ -78.66784853262358, 35.786243192750931, 0.0 ], [ -78.667863433277262, 35.786205494888826, 0.0 ], [ -78.667798249001706, 35.786188388975987, 0.0 ], [ -78.667808644810194, 35.786162089885842, 0.0 ], [ -78.667792732474652, 35.786157912921986, 0.0 ], [ -78.6678337824533, 35.786054066220402, 0.0 ], [ -78.667917229340247, 35.786075964782, 0.0 ], [ -78.667919767914867, 35.78606954329652, 0.0 ], [ -78.668138888566787, 35.786127046883031, 0.0 ] ] ] } },
{ "type": "Feature", "properties": { "OBJECTID": 2434, "BLDGNUM": "036", "Precinct_N": "North Campus", "story_group": "main" }, "geometry": { "type": "Polygon", "coordinates": [ [ [ -78.667164360593063, 35.786600665453015, 0.0 ], [ -78.667235267513973, 35.786416920434831, 0.0 ], [ -78.667276466122331, 35.786427475055063, 0.0 ], [ -78.667350005832517, 35.786236907646838, 0.0 ], [ -78.667327050605152, 35.786231025873953, 0.0 ], [ -78.667306644631424, 35.786200810190117, 0.0 ], [ -78.667333371964261, 35.786130055346781, 0.0 ], [ -78.667371917779903, 35.786113430693895, 0.0 ], [ -78.667448405627582, 35.786133123909401, 0.0 ], [ -78.667457299203249, 35.786110078215074, 0.0 ], [ -78.667536705905974, 35.786130422002316, 0.0 ], [ -78.667528960657364, 35.786150493687686, 0.0 ], [ -78.667536576662854, 35.786152446056889, 0.0 ], [ -78.667535475305911, 35.786155301221882, 0.0 ], [ -78.667601779483476, 35.786172286846679, 0.0 ], [ -78.66762390152897, 35.786203254379167, 0.0 ], [ -78.66759594621, 35.786274893760002, 0.0 ], [ -78.667559729631066, 35.786290545074834, 0.0 ], [ -78.667549374743601, 35.786288562699895, 0.0 ], [ -78.667546590599059, 35.786295780297657, 0.0 ], [ -78.667564034966261, 35.786300249003375, 0.0 ], [ -78.667544915006673, 35.786349797938151, 0.0 ], [ -78.667483490614913, 35.786334061348427, 0.0 ], [ -78.667435661459805, 35.786458008377643, 0.0 ], [ -78.667455080589917, 35.786462982736445, 0.0 ], [ -78.667440692455941, 35.786500270930958, 0.0 ], [ -78.667453881290498, 35.786503650025416, 0.0 ], [ -78.667404907034822, 35.786630560242045, 0.0 ], [ -78.667392080640042, 35.786627274069325, 0.0 ], [ -78.667377329082399, 35.786665496860074, 0.0 ], [ -78.667356772805491, 35.786660230953714, 0.0 ], [ -78.66730905733138, 35.786783878082879, 0.0 ], [ -78.667371311931575, 35.786799827037726, 0.0 ], [ -78.667352322571261, 35.786849033779589, 0.0 ], [ -78.667333894595956, 35.786844312685965, 0.0 ], [ -78.667330867796167, 35.786852154248166, 0.0 ], [ -78.667340373523984, 35.786854588601187, 0.0 ], [ -78.667360391708229, 35.786884457997914, 0.0 ], [ -78.667333013059675, 35.786956172788521, 0.0 ], [ -78.667296120855497, 35.786972476555185, 0.0 ], [ -78.667225075671823, 35.786954204218205, 0.0 ], [ -78.667223232963863, 35.786958979926844, 0.0 ], [ -78.667217496600486, 35.786957508583889, 0.0 ], [ -78.66721052608402, 35.786975568752048, 0.0 ], [ -78.667131139622015, 35.786955232025967, 0.0 ], [ -78.667138289069868, 35.786936705453527, 0.0 ], [ -78.667132533915137, 35.786935231351151, 0.0 ], [ -78.667134089259932, 35.786931201173616, 0.0 ], [ -78.667063537824731, 35.786913124781826, 0.0 ], [ -78.667043407553294, 35.786882292391923, 0.0 ], [ -78.667070398719986, 35.786811514005578, 0.0 ], [ -78.667109379620513, 35.786795705444696, 0.0 ], [ -78.667131891869886, 35.786801741078449, 0.0 ], [ -78.667205469592361, 35.786611779587851, 0.0 ], [ -78.667164360593063, 35.786600665453015, 0.0 ] ] ] } },
{ "type": "Feature", "properties": { "OBJECTID": 2435, "BLDGNUM": "030", "Precinct_N": "North Campus", "story_group": "main" }, "geometry": { "type": "Polygon", "coordinates": [ [ [ -78.667722765645451, 35.784705637793309, 0.0 ], [ -78.667605113575334, 35.785008599425538, 0.0 ], [ -78.667623533290069, 35.785013348401321, 0.0 ], [ -78.667611934845837, 35.785043216242691, 0.0 ], [ -78.667594259917067, 35.78503865858017, 0.0 ], [ -78.667580542789537, 35.785073981899409, 0.0 ], [ -78.667414178566744, 35.785031088832341, 0.0 ], [ -78.667465403580209, 35.784899182214893, 0.0 ], [ -78.667452387479017, 35.784895826124341, 0.0 ], [ -78.66746586648415, 35.784861117787578, 0.0 ], [ -78.667479451665102, 35.784864621448179, 0.0 ], [ -78.667557717083056, 35.784663083804631, 0.0 ], [ -78.667722765645451, 35.784705637793309, 0.0 ] ] ] } },
{ "type": "Feature", "properties": { "OBJECTID": 2436, "BLDGNUM": "023", "Precinct_N": "North Campus", "story_group": "main" }, "geometry": { "type": "Polygon", "coordinates": [ [ [ -78.666036954477178, 35.787013046078577, 0.0 ], [ -78.666136427051498, 35.786764169393855, 0.0 ], [ -78.666256539461543, 35.786796382714719, 0.0 ], [ -78.666253977851255, 35.786802719374741, 0.0 ], [ -78.666278208307759, 35.786809217757181, 0.0 ], [ -78.666258003646107, 35.786859228607824, 0.0 ], [ -78.666534269712287, 35.786933324938431, 0.0 ], [ -78.666554021583323, 35.786884434079518, 0.0 ], [ -78.666576752600733, 35.786890529903324, 0.0 ], [ -78.666579770208287, 35.786883057886691, 0.0 ], [ -78.666699365824854, 35.786915133251121, 0.0 ], [ -78.666598698794672, 35.787164319877434, 0.0 ], [ -78.666478807809625, 35.78713216609335, 0.0 ], [ -78.666491593544549, 35.787100519666545, 0.0 ], [ -78.666387846814771, 35.787072695886508, 0.0 ], [ -78.666370192592936, 35.787116397099048, 0.0 ], [ -78.666255215729251, 35.78708555989769, 0.0 ], [ -78.666272986227938, 35.787041574194213, 0.0 ], [ -78.666169386622855, 35.787013787585401, 0.0 ], [ -78.66615670919073, 35.787045164773772, 0.0 ], [ -78.666036954477178, 35.787013046078577, 0.0 ] ] ] } },
{ "type": "Feature", "properties": { "OBJECTID": 2437, "BLDGNUM": "034", "Precinct_N": "North Campus", "story_group": "main" }, "geometry": { "type": "Polygon", "coordinates": [ [ [ -78.666718933490571, 35.78574092312229, 0.0 ], [ -78.66720921978164, 35.785867262129067, 0.0 ], [ -78.667210842093269, 35.785863081607189, 0.0 ], [ -78.667272940878874, 35.785879083372926, 0.0 ], [ -78.667195995769191, 35.786077329040893, 0.0 ], [ -78.666976775500572, 35.786020839300996, 0.0 ], [ -78.666974272150853, 35.786027285199758, 0.0 ], [ -78.666858128027002, 35.785997355722273, 0.0 ], [ -78.666860998131355, 35.78598996080909, 0.0 ], [ -78.666635269652375, 35.785931795078746, 0.0 ], [ -78.666652478084558, 35.785887456241298, 0.0 ], [ -78.666661186885804, 35.785889700086472, 0.0 ], [ -78.666718933490571, 35.78574092312229, 0.0 ] ] ] } },
{ "type": "Feature", "properties": { "OBJECTID": 2438, "BLDGNUM": "033", "Precinct_N": "North Campus", "story_group": "main" }, "geometry": { "type": "Polygon", "coordinates": [ [ [ -78.667293865763938, 35.785806519004012, 0.0 ], [ -78.666745610923186, 35.785666258216857, 0.0 ], [ -78.666863203240737, 35.785361092610685, 0.0 ], [ -78.66691492572123, 35.785374325193231, 0.0 ], [ -78.666938626077197, 35.785312819876296, 0.0 ], [ -78.667153940865148, 35.785367902847113, 0.0 ], [ -78.667209572919688, 35.785223531043535, 0.0 ], [ -78.667493173624607, 35.785296084154389, 0.0 ], [ -78.667416428273498, 35.785495247211642, 0.0 ], [ -78.667431411555327, 35.785499080079425, 0.0 ], [ -78.667415688314421, 35.7855398843976, 0.0 ], [ -78.667398322551676, 35.785535442022692, 0.0 ], [ -78.667293865763938, 35.785806519004012, 0.0 ] ] ] } },
{ "type": "Feature", "properties": { "OBJECTID": 2439, "BLDGNUM": "024", "Precinct_N": "North Campus", "story_group": "main" }, "geometry": { "type": "Polygon", "coordinates": [ [ [ -78.666133100207105, 35.785806708323086, 0.0 ], [ -78.666128833199195, 35.785816710593473, 0.0 ], [ -78.666057986939464, 35.785796650739769, 0.0 ], [ -78.666061525670415, 35.785788352725227, 0.0 ], [ -78.666046083845387, 35.785784393145164, 0.0 ], [ -78.666199400870738, 35.785387477945584, 0.0 ], [ -78.666687445698557, 35.785512635774502, 0.0 ], [ -78.666582671684566, 35.785783884345221, 0.0 ], [ -78.666569113935267, 35.78578040680015, 0.0 ], [ -78.666552619088151, 35.785823110734619, 0.0 ], [ -78.666565963574442, 35.785826532715667, 0.0 ], [ -78.666533612306353, 35.785910286553062, 0.0 ], [ -78.666199646580864, 35.785824641792424, 0.0 ], [ -78.666203385680234, 35.785814965262119, 0.0 ], [ -78.666151059813288, 35.785801545950328, 0.0 ], [ -78.666147627068995, 35.785810432837344, 0.0 ], [ -78.666133100207105, 35.785806708323086, 0.0 ] ] ] } },
{ "type": "Feature", "properties": { "OBJECTID": 2440, "BLDGNUM": "032A", "Precinct_N": "North Campus", "story_group": "main" }, "geometry": { "type": "Polygon", "coordinates": [ [ [ -78.667212547966798, 35.784916367305001, 0.0 ], [ -78.666802906290911, 35.78481192894229, 0.0 ], [ -78.666793526902993, 35.784836353232578, 0.0 ], [ -78.666819730628589, 35.784843032672597, 0.0 ], [ -78.666699978607113, 35.785154881275233, 0.0 ], [ -78.666672077453129, 35.785147768125071, 0.0 ], [ -78.666643533136778, 35.785222096222959, 0.0 ], [ -78.666631218567517, 35.785218955583886, 0.0 ], [ -78.666638405257061, 35.785200240750704, 0.0 ], [ -78.666559097627783, 35.78518002192699, 0.0 ], [ -78.666540630454136, 35.785228113229124, 0.0 ], [ -78.666480189173868, 35.785212703300729, 0.0 ], [ -78.666492727639962, 35.785180052077116, 0.0 ], [ -78.666424867175124, 35.785162749713194, 0.0 ], [ -78.666453391544493, 35.785088473888095, 0.0 ], [ -78.666437257985038, 35.785084361036304, 0.0 ], [ -78.666523700820818, 35.784859258198274, 0.0 ], [ -78.666511663673845, 35.784856188611009, 0.0 ], [ -78.666544197739213, 35.784771466303631, 0.0 ], [ -78.666575212736831, 35.784779373981038, 0.0 ], [ -78.666584296986301, 35.784755716847002, 0.0 ], [ -78.666523690290447, 35.78474026592351, 0.0 ], [ -78.666588617340025, 35.784571188648883, 0.0 ], [ -78.666663953991659, 35.784590397000173, 0.0 ], [ -78.666668964597491, 35.784577352892335, 0.0 ], [ -78.666860770647759, 35.784626253733002, 0.0 ], [ -78.666866401843905, 35.784611587086587, 0.0 ], [ -78.666974038742126, 35.78463902903772, 0.0 ], [ -78.666968543991032, 35.784653338227074, 0.0 ], [ -78.667260687649886, 35.784727819797695, 0.0 ], [ -78.667254942455514, 35.784742785397498, 0.0 ], [ -78.667276781285935, 35.784748354075688, 0.0 ], [ -78.667273124859491, 35.784757875835929, 0.0 ], [ -78.667253069555827, 35.784752761800519, 0.0 ], [ -78.667221052845065, 35.784836137293489, 0.0 ], [ -78.667309002806604, 35.784858558746819, 0.0 ], [ -78.667290551813082, 35.784906607847141, 0.0 ], [ -78.667201020500571, 35.78488378186325, 0.0 ], [ -78.667194114644246, 35.784901762900418, 0.0 ], [ -78.667216012081838, 35.784907346170762, 0.0 ], [ -78.667212547966798, 35.784916367305001, 0.0 ] ] ] } },
{ "type": "Feature", "properties": { "OBJECTID": 2441, "BLDGNUM": "018", "Precinct_N": "North Campus", "story_group": "main" }, "geometry": { "type": "Polygon", "coordinates": [ [ [ -78.665283569563528, 35.785611608962263, 0.0 ], [ -78.665284336284728, 35.785481662073188, 0.0 ], [ -78.665208511562199, 35.785481363597249, 0.0 ], [ -78.665209427655654, 35.785326314598365, 0.0 ], [ -78.665284427021973, 35.785326609003889, 0.0 ], [ -78.665285196620673, 35.785196233069364, 0.0 ], [ -78.665493837229675, 35.785197050366762, 0.0 ], [ -78.665493252513031, 35.785296176206238, 0.0 ], [ -78.665577687611318, 35.785296507154321, 0.0 ], [ -78.665578201159377, 35.785209486210427, 0.0 ], [ -78.665620590122671, 35.78520965213297, 0.0 ], [ -78.66562039772792, 35.785242277664338, 0.0 ], [ -78.665649201653636, 35.785242391868891, 0.0 ], [ -78.665649459584941, 35.785198725917269, 0.0 ], [ -78.665856062611297, 35.785199535199709, 0.0 ], [ -78.665855305279095, 35.785327967864667, 0.0 ], [ -78.665898213101102, 35.785328136916164, 0.0 ], [ -78.665897304993067, 35.785482107927464, 0.0 ], [ -78.665854877165927, 35.785481942896382, 0.0 ], [ -78.665854109231176, 35.78561213765358, 0.0 ], [ -78.66565339560762, 35.78561135174413, 0.0 ], [ -78.665653214699361, 35.785642004254264, 0.0 ], [ -78.665604811160392, 35.785641813723451, 0.0 ], [ -78.665604899766421, 35.785626802934779, 0.0 ], [ -78.665483028656098, 35.785626325958731, 0.0 ], [ -78.665483110628955, 35.785612389557393, 0.0 ], [ -78.665283569563528, 35.785611608962263, 0.0 ] ] ] } },
{ "type": "Feature", "properties": { "OBJECTID": 2442, "BLDGNUM": "008", "Precinct_N": "North Campus", "story_group": "main" }, "geometry": { "type": "Polygon", "coordinates": [ [ [ -78.664355096031755, 35.785752778853102, 0.0 ], [ -78.664811679207318, 35.785755771867194, 0.0 ], [ -78.664811017635699, 35.785822788795464, 0.0 ], [ -78.664823163490126, 35.78582286908096, 0.0 ], [ -78.664822861156452, 35.785853383348453, 0.0 ], [ -78.66481043211455, 35.785853301382502, 0.0 ], [ -78.664809766278083, 35.785920813136293, 0.0 ], [ -78.664353467566499, 35.785917821802791, 0.0 ], [ -78.664355096031755, 35.785752778853102, 0.0 ] ] ] } },
{ "type": "Feature", "properties": { "OBJECTID": 2443, "BLDGNUM": "003", "Precinct_N": "North Campus", "story_group": "main" }, "geometry": { "type": "Polygon", "coordinates": [ [ [ -78.66391278655486, 35.785245484689703, 0.0 ], [ -78.664126663508227, 35.785245632847946, 0.0 ], [ -78.664126591748754, 35.785314062920868, 0.0 ], [ -78.664138886058794, 35.785314070674936, 0.0 ], [ -78.664138855568297, 35.78534539059887, 0.0 ], [ -78.66412559775371, 35.785345381991263, 0.0 ], [ -78.664125583568023, 35.785359720581241, 0.0 ], [ -78.664102948486345, 35.785359705948487, 0.0 ], [ -78.664104657189554, 35.785509504622766, 0.0 ], [ -78.664102126193313, 35.785509503954117, 0.0 ], [ -78.664102031340207, 35.785600804736106, 0.0 ], [ -78.664124091260703, 35.785600819585873, 0.0 ], [ -78.66412407790142, 35.785614426283175, 0.0 ], [ -78.664137107880308, 35.785614435164113, 0.0 ], [ -78.664137076263614, 35.785645226892562, 0.0 ], [ -78.664124549606015, 35.785645217596489, 0.0 ], [ -78.664124477284673, 35.785713516062216, 0.0 ], [ -78.663910625639105, 35.785713368874724, 0.0 ], [ -78.663910743894093, 35.785599715656147, 0.0 ], [ -78.663921807041874, 35.785599722739718, 0.0 ], [ -78.663921853064011, 35.78555536667929, 0.0 ], [ -78.663889168070696, 35.785555345014473, 0.0 ], [ -78.663889224151688, 35.785500852432428, 0.0 ], [ -78.66380855101437, 35.78550079569186, 0.0 ], [ -78.663808595924891, 35.785456455851012, 0.0 ], [ -78.663889234733531, 35.785456510694289, 0.0 ], [ -78.663889289888317, 35.785403572030262, 0.0 ], [ -78.663922384114983, 35.78540359392278, 0.0 ], [ -78.663922431579422, 35.785358358148684, 0.0 ], [ -78.663912668254184, 35.785358351045417, 0.0 ], [ -78.66391278655486, 35.785245484689703, 0.0 ] ] ] } },
{ "type": "Feature", "properties": { "OBJECTID": 2444, "BLDGNUM": "004", "Precinct_N": "North Campus", "story_group": "main" }, "geometry": { "type": "Polygon", "coordinates": [ [ [ -78.664225254163711, 35.784775474399886, 0.0 ], [ -78.664223102277674, 35.78487841494011, 0.0 ], [ -78.664252589587875, 35.784878823395253, 0.0 ], [ -78.664250729234496, 35.784967768616944, 0.0 ], [ -78.664160023971291, 35.784966510906088, 0.0 ], [ -78.664156803315834, 35.785120626983307, 0.0 ], [ -78.664024604484339, 35.785118792391756, 0.0 ], [ -78.664026571883085, 35.785024643093962, 0.0 ], [ -78.663982222491015, 35.785024026845406, 0.0 ], [ -78.663984177831878, 35.784930394885201, 0.0 ], [ -78.66402449199596, 35.784930954937906, 0.0 ], [ -78.664026496617595, 35.784835033688303, 0.0 ], [ -78.66408966233368, 35.784835910915135, 0.0 ], [ -78.664090900693665, 35.784776649847991, 0.0 ], [ -78.664225254163711, 35.784775474399886, 0.0 ] ] ] } },
{ "type": "Feature", "properties": { "OBJECTID": 2445, "BLDGNUM": "010", "Precinct_N": "North Campus", "story_group": "main" }, "geometry": { "type": "Polygon", "coordinates": [ [ [ -78.664391366891124, 35.785173855248146, 0.0 ], [ -78.664391684038236, 35.785037697723112, 0.0 ], [ -78.664433797883603, 35.785037763251424, 0.0 ], [ -78.664433926304, 35.784982810271714, 0.0 ], [ -78.664601632687692, 35.784983069276201, 0.0 ], [ -78.664601499021401, 35.78504038196813, 0.0 ], [ -78.664785406815412, 35.785040666392014, 0.0 ], [ -78.664785323129053, 35.78507687507868, 0.0 ], [ -78.664855152663861, 35.785076981564423, 0.0 ], [ -78.664855007780488, 35.785138913627421, 0.0 ], [ -78.66478549677818, 35.78513880711683, 0.0 ], [ -78.664785415316999, 35.785173945008147, 0.0 ], [ -78.66460114660245, 35.785173659591479, 0.0 ], [ -78.66460101514086, 35.785229640094897, 0.0 ], [ -78.664434088113211, 35.78522938233629, 0.0 ], [ -78.664434217532758, 35.785173921904416, 0.0 ], [ -78.664391366891124, 35.785173855248146, 0.0 ] ] ] } },
{ "type": "Feature", "properties": { "OBJECTID": 2446, "BLDGNUM": "006", "Precinct_N": "North Campus", "story_group": "main" }, "geometry": { "type": "Polygon", "coordinates": [ [ [ -78.664343052471082, 35.786386481737914, 0.0 ], [ -78.664488127625262, 35.786388830052836, 0.0 ], [ -78.664485277858901, 35.786505673696134, 0.0 ], [ -78.664340448054418, 35.786503330561196, 0.0 ], [ -78.664341459929105, 35.786461821825647, 0.0 ], [ -78.664320654451998, 35.786461485987374, 0.0 ], [ -78.664321502671044, 35.786426627838111, 0.0 ], [ -78.664342064785103, 35.786426960301796, 0.0 ], [ -78.664343052471082, 35.786386481737914, 0.0 ] ] ] } },
{ "type": "Feature", "properties": { "OBJECTID": 2447, "BLDGNUM": "011A", "Precinct_N": "North Campus", "story_group": "main" }, "geometry": { "type": "Polygon", "coordinates": [ [ [ -78.665145547415349, 35.784674398360202, 0.0 ], [ -78.665436169575258, 35.784752892024272, 0.0 ], [ -78.665572486557735, 35.784417792959879, 0.0 ], [ -78.665621278150809, 35.784430971182523, 0.0 ], [ -78.665613274269674, 35.784450647258232, 0.0 ], [ -78.665722598821503, 35.78448017255571, 0.0 ], [ -78.665566605570987, 35.784863640842886, 0.0 ], [ -78.6654969630723, 35.784844833225513, 0.0 ], [ -78.665484302260737, 35.784875955330477, 0.0 ], [ -78.665396859941566, 35.784852337865253, 0.0 ], [ -78.665400912206721, 35.784842379193471, 0.0 ], [ -78.665264064918304, 35.784805417593766, 0.0 ], [ -78.665260269660294, 35.784814748728309, 0.0 ], [ -78.66510546245253, 35.784772937928317, 0.0 ], [ -78.665145547415349, 35.784674398360202, 0.0 ] ] ] } },
{ "type": "Feature", "properties": { "OBJECTID": 2448, "BLDGNUM": "011", "Precinct_N": "North Campus", "story_group": "main" }, "geometry": { "type": "Polygon", "coordinates": [ [ [ -78.665052342989924, 35.784374624448333, 0.0 ], [ -78.664928812920053, 35.78467921415605, 0.0 ], [ -78.664923247250243, 35.784677709823008, 0.0 ], [ -78.664910668938006, 35.784708630195716, 0.0 ], [ -78.665077506721033, 35.784753691226548, 0.0 ], [ -78.665033219570248, 35.784862557668603, 0.0 ], [ -78.664564600777879, 35.784735988275756, 0.0 ], [ -78.664608600157777, 35.784627829664657, 0.0 ], [ -78.664648171967499, 35.784638516808265, 0.0 ], [ -78.66467133050493, 35.784581592871518, 0.0 ], [ -78.664610086125137, 35.784565051312455, 0.0 ], [ -78.664640599481444, 35.784490046770671, 0.0 ], [ -78.664628856020698, 35.784486875952844, 0.0 ], [ -78.664642016659613, 35.78445452587021, 0.0 ], [ -78.664613243661577, 35.784446753664994, 0.0 ], [ -78.664651833720953, 35.784351894840171, 0.0 ], [ -78.664680263048865, 35.784359574153243, 0.0 ], [ -78.664693054853061, 35.784328128902736, 0.0 ], [ -78.664704375094473, 35.78433118588142, 0.0 ], [ -78.664734700513577, 35.784256644987479, 0.0 ], [ -78.664815890177763, 35.784278573733083, 0.0 ], [ -78.664835247646124, 35.784230989878942, 0.0 ], [ -78.664802885828522, 35.784222247909632, 0.0 ], [ -78.66486214388668, 35.784076581939566, 0.0 ], [ -78.665188983950458, 35.784164859015696, 0.0 ], [ -78.665129839285626, 35.784310248737121, 0.0 ], [ -78.665041186644558, 35.784286305902469, 0.0 ], [ -78.665009920479477, 35.784363166155266, 0.0 ], [ -78.665052342989924, 35.784374624448333, 0.0 ] ] ] } },
{ "type": "Feature", "properties": { "OBJECTID": 2449, "BLDGNUM": "015", "Precinct_N": "North Campus", "story_group": "main" }, "geometry": { "type": "Polygon", "coordinates": [ [ [ -78.665643312260045, 35.784112811879702, 0.0 ], [ -78.665693432272292, 35.783989207042303, 0.0 ], [ -78.665681886590818, 35.78398609906106, 0.0 ], [ -78.665698335080805, 35.783945532186024, 0.0 ], [ -78.665676616091062, 35.783939684133635, 0.0 ], [ -78.66569160052947, 35.783902733052585, 0.0 ], [ -78.665713642162245, 35.783908666714339, 0.0 ], [ -78.665729901744569, 35.78386856711505, 0.0 ], [ -78.665740806536022, 35.783871502978862, 0.0 ], [ -78.66579078880558, 35.783748233015814, 0.0 ], [ -78.665745531061603, 35.783736047922787, 0.0 ], [ -78.665727159322188, 35.783708008873603, 0.0 ], [ -78.665754131564015, 35.783641832933171, 0.0 ], [ -78.665787241106841, 35.783628335051631, 0.0 ], [ -78.666013331667983, 35.783688461135981, 0.0 ], [ -78.666031107660558, 35.783715333967891, 0.0 ], [ -78.666004247650775, 35.783781971765023, 0.0 ], [ -78.665971576949232, 35.783796074810915, 0.0 ], [ -78.665924227623208, 35.783784094063968, 0.0 ], [ -78.665874635572436, 35.783906400708247, 0.0 ], [ -78.665885830977132, 35.783909414871943, 0.0 ], [ -78.665837558657557, 35.784028463139528, 0.0 ], [ -78.665826109101431, 35.784025379772068, 0.0 ], [ -78.665776270893218, 35.784148291397699, 0.0 ], [ -78.665823132170843, 35.784160907212765, 0.0 ], [ -78.665839883882953, 35.784188581260544, 0.0 ], [ -78.66581346664988, 35.784253731194809, 0.0 ], [ -78.665779475702678, 35.784268986994732, 0.0 ], [ -78.665706545981479, 35.784249398920885, 0.0 ], [ -78.66569552551222, 35.784276581258439, 0.0 ], [ -78.665616698827108, 35.784255359932175, 0.0 ], [ -78.665627807583405, 35.78422796602716, 0.0 ], [ -78.665553642785824, 35.784207998609737, 0.0 ], [ -78.665536326480193, 35.784180988166895, 0.0 ], [ -78.665562768208972, 35.784113707572637, 0.0 ], [ -78.665596922856707, 35.784100322577608, 0.0 ], [ -78.665643312260045, 35.784112811879702, 0.0 ] ] ] } },
{ "type": "Feature", "properties": { "OBJECTID": 2450, "BLDGNUM": "095", "Precinct_N": "Central Campus", "story_group": "main" }, "geometry": { "type": "Polygon", "coordinates": [ [ [ -78.673401206026398, 35.785599749047535, 0.0 ], [ -78.673653555549109, 35.785521202299002, 0.0 ], [ -78.673660956531052, 35.785536989381697, 0.0 ], [ -78.67369430627113, 35.785526607762876, 0.0 ], [ -78.673716458809579, 35.785573858902559, 0.0 ], [ -78.673685261119772, 35.785583569379995, 0.0 ], [ -78.673706779745345, 35.78562946590128, 0.0 ], [ -78.673737858938352, 35.785619792056281, 0.0 ], [ -78.673760120106863, 35.785667275123451, 0.0 ], [ -78.673727598809762, 35.785677396686644, 0.0 ], [ -78.673734944983281, 35.785693066442178, 0.0 ], [ -78.673629656618743, 35.785725837719532, 0.0 ], [ -78.673636085881768, 35.785739550904928, 0.0 ], [ -78.673595123516918, 35.785752300680976, 0.0 ], [ -78.673588808311237, 35.785738833866702, 0.0 ], [ -78.673484179950961, 35.785771401279348, 0.0 ], [ -78.673476811884171, 35.785755684580337, 0.0 ], [ -78.673443696833942, 35.78576599285779, 0.0 ], [ -78.673421352466349, 35.78571833284699, 0.0 ], [ -78.673452326504375, 35.785708692142883, 0.0 ], [ -78.673430961563056, 35.785663119572988, 0.0 ], [ -78.673399813645204, 35.785672814787794, 0.0 ], [ -78.673377727061265, 35.785625706181222, 0.0 ], [ -78.673408836203095, 35.78561602168422, 0.0 ], [ -78.673401206026398, 35.785599749047535, 0.0 ] ] ] } },
{ "type": "Feature", "properties": { "OBJECTID": 2451, "BLDGNUM": "094", "Precinct_N": "Central Campus", "story_group": "main" }, "geometry": { "type": "Polygon", "coordinates": [ [ [ -78.672958732921032, 35.785437869995143, 0.0 ], [ -78.673210198684401, 35.785359555237399, 0.0 ], [ -78.673217601810151, 35.78537533424182, 0.0 ], [ -78.673250717857329, 35.785365020619423, 0.0 ], [ -78.67327275394652, 35.785411996620027, 0.0 ], [ -78.673242530927595, 35.785421409449981, 0.0 ], [ -78.673264091031996, 35.785467371060889, 0.0 ], [ -78.673295101566197, 35.785457713368473, 0.0 ], [ -78.673317064213947, 35.785504535032267, 0.0 ], [ -78.673284498591698, 35.785514677991145, 0.0 ], [ -78.673291947791284, 35.78553055986724, 0.0 ], [ -78.673185238328742, 35.785563792947606, 0.0 ], [ -78.673191737728203, 35.785577647857018, 0.0 ], [ -78.673150188316342, 35.785590587896252, 0.0 ], [ -78.673143771180918, 35.785576908066609, 0.0 ], [ -78.673039784080984, 35.785609292945026, 0.0 ], [ -78.673032515886405, 35.785593797315983, 0.0 ], [ -78.672999373136264, 35.785604118919082, 0.0 ], [ -78.672977240646588, 35.785556935303205, 0.0 ], [ -78.673007972135011, 35.785547364365563, 0.0 ], [ -78.672986662216942, 35.785501935176356, 0.0 ], [ -78.672955773463315, 35.785511555260591, 0.0 ], [ -78.672933522557841, 35.785464123446985, 0.0 ], [ -78.672966264307021, 35.785453926973624, 0.0 ], [ -78.672958732921032, 35.785437869995143, 0.0 ] ] ] } },
{ "type": "Feature", "properties": { "OBJECTID": 2452, "BLDGNUM": "093", "Precinct_N": "Central Campus", "story_group": "main" }, "geometry": { "type": "Polygon", "coordinates": [ [ [ -78.672514356862891, 35.785276497073603, 0.0 ], [ -78.672766765500526, 35.785196975252774, 0.0 ], [ -78.672774285511153, 35.785212821298842, 0.0 ], [ -78.672806836048565, 35.785202564865266, 0.0 ], [ -78.67282934784312, 35.785250003716527, 0.0 ], [ -78.672798794317117, 35.785259630971218, 0.0 ], [ -78.672820254243746, 35.785304852389139, 0.0 ], [ -78.672850853196451, 35.78529521082956, 0.0 ], [ -78.672873585513415, 35.785343113555491, 0.0 ], [ -78.672840558653107, 35.78535352015377, 0.0 ], [ -78.672847716719104, 35.785368606288429, 0.0 ], [ -78.672740594793552, 35.785402356147891, 0.0 ], [ -78.672747309725111, 35.785416506401305, 0.0 ], [ -78.672707994889734, 35.785428891654981, 0.0 ], [ -78.672700869745782, 35.785413875905824, 0.0 ], [ -78.672595491093659, 35.785447075091113, 0.0 ], [ -78.672588010590815, 35.785431310262581, 0.0 ], [ -78.672554766574009, 35.785441782899326, 0.0 ], [ -78.672532228557458, 35.785394289848767, 0.0 ], [ -78.672563038021138, 35.785384583129137, 0.0 ], [ -78.672541631971669, 35.785339472677251, 0.0 ], [ -78.67251113597618, 35.785349081086075, 0.0 ], [ -78.672488796556436, 35.785302002277874, 0.0 ], [ -78.672521560934399, 35.785291678894431, 0.0 ], [ -78.672514356862891, 35.785276497073603, 0.0 ] ] ] } },
{ "type": "Feature", "properties": { "OBJECTID": 2453, "BLDGNUM": "081", "Precinct_N": "Central Campus", "story_group": "main" }, "geometry": { "type": "Polygon", "coordinates": [ [ [ -78.674277739650137, 35.785196824910692, 0.0 ], [ -78.674479172805249, 35.78482890891685, 0.0 ], [ -78.674793790859667, 35.784943271977866, 0.0 ], [ -78.674699014766588, 35.785116380398975, 0.0 ], [ -78.674667837851132, 35.785105047440055, 0.0 ], [ -78.674591389686199, 35.785244679116687, 0.0 ], [ -78.674621907213719, 35.785255770575219, 0.0 ], [ -78.674591326104135, 35.785311627379485, 0.0 ], [ -78.674560777637197, 35.785300523212037, 0.0 ], [ -78.67451614062351, 35.785382051562785, 0.0 ], [ -78.674308548951544, 35.785306593970034, 0.0 ], [ -78.674353558339888, 35.785224386171357, 0.0 ], [ -78.674277739650137, 35.785196824910692, 0.0 ] ] ] } },
{ "type": "Feature", "properties": { "OBJECTID": 2455, "BLDGNUM": "097", "Precinct_N": "Central Campus", "story_group": "main" }, "geometry": { "type": "Polygon", "coordinates": [ [ [ -78.671733262785281, 35.784693229899695, 0.0 ], [ -78.671814559732837, 35.784546151690066, 0.0 ], [ -78.67181027408364, 35.784544579913593, 0.0 ], [ -78.671985415940739, 35.784227724226206, 0.0 ], [ -78.671988980307248, 35.784229031762763, 0.0 ], [ -78.672070268506985, 35.78408197136595, 0.0 ], [ -78.672210313561195, 35.784133366299059, 0.0 ], [ -78.672129360982396, 35.784279821082883, 0.0 ], [ -78.672134555659085, 35.784281727891766, 0.0 ], [ -78.671959459955318, 35.784598501888325, 0.0 ], [ -78.671955358762261, 35.784596997313329, 0.0 ], [ -78.671873682021356, 35.784744762318816, 0.0 ], [ -78.671733262785281, 35.784693229899695, 0.0 ] ] ] } },
{ "type": "Feature", "properties": { "OBJECTID": 2456, "BLDGNUM": "100", "Precinct_N": "Central Campus", "story_group": "main" }, "geometry": { "type": "Polygon", "coordinates": [ [ [ -78.669647016601516, 35.783482241575491, 0.0 ], [ -78.669676866787611, 35.783428885228773, 0.0 ], [ -78.669673278261158, 35.783427552320809, 0.0 ], [ -78.669679673283753, 35.783416123448646, 0.0 ], [ -78.669682742692672, 35.783417263863264, 0.0 ], [ -78.669712736567959, 35.783363652815012, 0.0 ], [ -78.669709075147367, 35.783362292670041, 0.0 ], [ -78.669715246183031, 35.783351264288157, 0.0 ], [ -78.669718314491192, 35.783352402896242, 0.0 ], [ -78.669747793503106, 35.783299713422359, 0.0 ], [ -78.669715993840256, 35.783287900684776, 0.0 ], [ -78.669759897525623, 35.783209427606998, 0.0 ], [ -78.669790027156381, 35.783220621087935, 0.0 ], [ -78.669823287208388, 35.783155408604529, 0.0 ], [ -78.669826311323064, 35.783156532668649, 0.0 ], [ -78.669856648209176, 35.783102308692797, 0.0 ], [ -78.669853039809084, 35.783100969426677, 0.0 ], [ -78.669859091588862, 35.783090150727475, 0.0 ], [ -78.66986226922613, 35.783091331991649, 0.0 ], [ -78.669892281813432, 35.783037684890935, 0.0 ], [ -78.669888692190909, 35.783036352887478, 0.0 ], [ -78.669932370480495, 35.782958282934871, 0.0 ], [ -78.670071445570031, 35.783011274914536, 0.0 ], [ -78.670072654572408, 35.783009115855862, 0.0 ], [ -78.670100991577073, 35.783019641915551, 0.0 ], [ -78.670102961662167, 35.78301611757324, 0.0 ], [ -78.670107114572048, 35.783017661109689, 0.0 ], [ -78.670137680773649, 35.782963023964463, 0.0 ], [ -78.670332306704552, 35.783035317876035, 0.0 ], [ -78.670302384666556, 35.783088803988264, 0.0 ], [ -78.670306838011399, 35.783090458295298, 0.0 ], [ -78.670305137589622, 35.783093501149629, 0.0 ], [ -78.670332692671664, 35.783103735706355, 0.0 ], [ -78.67033160624139, 35.783105676973122, 0.0 ], [ -78.670473745081011, 35.783156165625883, 0.0 ], [ -78.670412873216421, 35.783259931737625, 0.0 ], [ -78.670458661510679, 35.783276939643024, 0.0 ], [ -78.670431270040297, 35.783325897948636, 0.0 ], [ -78.670386584022282, 35.783309298621894, 0.0 ], [ -78.670362656825105, 35.783352066816569, 0.0 ], [ -78.670365562775075, 35.783353146381394, 0.0 ], [ -78.670326360767092, 35.783417255903629, 0.0 ], [ -78.670329746081791, 35.783418511627886, 0.0 ], [ -78.670323370080553, 35.783429909939571, 0.0 ], [ -78.670320461916091, 35.783428830367768, 0.0 ], [ -78.670290544197158, 35.783482304764746, 0.0 ], [ -78.670293878696512, 35.783483544128202, 0.0 ], [ -78.670254649076227, 35.783547885196498, 0.0 ], [ -78.67025848834264, 35.78354931070335, 0.0 ], [ -78.670252153543217, 35.783560637014588, 0.0 ], [ -78.670249147073122, 35.783559521121106, 0.0 ], [ -78.670215466229919, 35.783625428412812, 0.0 ], [ -78.670212556957409, 35.783624347934122, 0.0 ], [ -78.670182458561428, 35.783678149001545, 0.0 ], [ -78.670185674887279, 35.783679343881964, 0.0 ], [ -78.670146776749817, 35.783742917861261, 0.0 ], [ -78.67015086895411, 35.783744437796344, 0.0 ], [ -78.67014425779108, 35.783756254587395, 0.0 ], [ -78.670141085639742, 35.783755076951145, 0.0 ], [ -78.670111240100908, 35.783808424404505, 0.0 ], [ -78.670115028570521, 35.78380983084989, 0.0 ], [ -78.670108331585894, 35.783821803339485, 0.0 ], [ -78.670105108629528, 35.78382060573508, 0.0 ], [ -78.670075415709519, 35.783873678680997, 0.0 ], [ -78.670078257612076, 35.783874734644002, 0.0 ], [ -78.670071744480367, 35.783886377736138, 0.0 ], [ -78.67006893791249, 35.783885337191542, 0.0 ], [ -78.670038778046916, 35.783939245313263, 0.0 ], [ -78.670042791834902, 35.783940737097659, 0.0 ], [ -78.670036621908778, 35.78395176459567, 0.0 ], [ -78.670033669555991, 35.783950666870595, 0.0 ], [ -78.669962584185711, 35.784083992695855, 0.0 ], [ -78.669823585616257, 35.78402997689227, 0.0 ], [ -78.669810803300251, 35.78405282385166, 0.0 ], [ -78.669801963898664, 35.784049540622568, 0.0 ], [ -78.669785448610725, 35.78407906005021, 0.0 ], [ -78.669793945616092, 35.784082216163803, 0.0 ], [ -78.669781184451651, 35.784105026221823, 0.0 ], [ -78.669758490058385, 35.784096595697356, 0.0 ], [ -78.669722840042127, 35.784160492908811, 0.0 ], [ -78.669510799906547, 35.784084301163432, 0.0 ], [ -78.669546929608501, 35.784019722091919, 0.0 ], [ -78.669522639248456, 35.784010698614395, 0.0 ], [ -78.669535430547469, 35.78398783728754, 0.0 ], [ -78.669543967293137, 35.783991008849434, 0.0 ], [ -78.669560374557179, 35.783961683851473, 0.0 ], [ -78.669552238750597, 35.783958661199172, 0.0 ], [ -78.669564806061345, 35.783936198558223, 0.0 ], [ -78.669420573846153, 35.783885087559597, 0.0 ], [ -78.669464768981513, 35.783806094413968, 0.0 ], [ -78.669468107902546, 35.783807334713252, 0.0 ], [ -78.669497639619948, 35.783754550808396, 0.0 ], [ -78.669494405628342, 35.783753349552526, 0.0 ], [ -78.669533292710781, 35.783689359327816, 0.0 ], [ -78.669530038843376, 35.783688149906808, 0.0 ], [ -78.669536369281374, 35.783676835338923, 0.0 ], [ -78.669539359175573, 35.78367794579691, 0.0 ], [ -78.669568971028681, 35.783625018775886, 0.0 ], [ -78.669537780944196, 35.783613433884867, 0.0 ], [ -78.669581322831505, 35.783535607064977, 0.0 ], [ -78.669610813060544, 35.783546560898927, 0.0 ], [ -78.669640613133936, 35.783493298166306, 0.0 ], [ -78.66963756581292, 35.783492165922674, 0.0 ], [ -78.669643788134707, 35.78348104394378, 0.0 ], [ -78.669647016601516, 35.783482241575491, 0.0 ] ] ] } },
{ "type": "Feature", "properties": { "OBJECTID": 2457, "BLDGNUM": "103", "Precinct_N": "Central Campus", "story_group": "main" }, "geometry": { "type": "Polygon", "coordinates": [ [ [ -78.669678771099413, 35.782995609930865, 0.0 ], [ -78.669537062591516, 35.782942866341358, 0.0 ], [ -78.669509938496773, 35.782991251914567, 0.0 ], [ -78.669466634701479, 35.782975134612812, 0.0 ], [ -78.669482812011168, 35.782946275890168, 0.0 ], [ -78.669419639570222, 35.782922763190108, 0.0 ], [ -78.669429937874412, 35.782904391925051, 0.0 ], [ -78.669365698543487, 35.782880482412658, 0.0 ], [ -78.66940028288748, 35.782818787084111, 0.0 ], [ -78.669369141831055, 35.782807196870898, 0.0 ], [ -78.669413918556998, 35.782727321974882, 0.0 ], [ -78.669443579572871, 35.782738361944524, 0.0 ], [ -78.669513996243751, 35.782619987908568, 0.0 ], [ -78.669697968518207, 35.782688461974708, 0.0 ], [ -78.66966638524643, 35.782744799804405, 0.0 ], [ -78.669791270994835, 35.782791282859343, 0.0 ], [ -78.669756799506928, 35.782852776702647, 0.0 ], [ -78.669788089732251, 35.782864424906961, 0.0 ], [ -78.669743298813103, 35.782944326036734, 0.0 ], [ -78.669713697325008, 35.782933307934854, 0.0 ], [ -78.669678771099413, 35.782995609930865, 0.0 ] ] ] } },
{ "type": "Feature", "properties": { "OBJECTID": 2458, "BLDGNUM": "105", "Precinct_N": "Central Campus", "story_group": "main" }, "geometry": { "type": "Polygon", "coordinates": [ [ [ -78.666638157266235, 35.782887965879922, 0.0 ], [ -78.666823239514756, 35.782550632623909, 0.0 ], [ -78.666864341571497, 35.782565607348026, 0.0 ], [ -78.666913577070488, 35.782475867679842, 0.0 ], [ -78.666967380954375, 35.782495467661342, 0.0 ], [ -78.667058224832516, 35.782329892295493, 0.0 ], [ -78.667225824931194, 35.782390946930619, 0.0 ], [ -78.667135016980339, 35.782556460322567, 0.0 ], [ -78.667187042712754, 35.78257541178553, 0.0 ], [ -78.667137604600867, 35.782665524165026, 0.0 ], [ -78.667180619789548, 35.78268119534242, 0.0 ], [ -78.666995679147732, 35.783018277133358, 0.0 ], [ -78.666953924057822, 35.783003067222189, 0.0 ], [ -78.666904236906475, 35.783093626784769, 0.0 ], [ -78.666839399631485, 35.783070009045943, 0.0 ], [ -78.666837186155064, 35.783074043734338, 0.0 ], [ -78.666689526925367, 35.783020253920746, 0.0 ], [ -78.666691803934143, 35.783016104036292, 0.0 ], [ -78.666630454843556, 35.782993754911303, 0.0 ], [ -78.666680111041103, 35.782903250354281, 0.0 ], [ -78.666638157266235, 35.782887965879922, 0.0 ] ] ] } },
{ "type": "Feature", "properties": { "OBJECTID": 2459, "BLDGNUM": "110A", "Precinct_N": "Central Campus", "story_group": "main" }, "geometry": { "type": "Polygon", "coordinates": [ [ [ -78.665866565017737, 35.782804685735947, 0.0 ], [ -78.665945525459591, 35.782660606407532, 0.0 ], [ -78.666011975937408, 35.782684786082378, 0.0 ], [ -78.666031345811106, 35.782649473900655, 0.0 ], [ -78.66616751163194, 35.782697981775591, 0.0 ], [ -78.666147449625811, 35.782734297985641, 0.0 ], [ -78.666213102770314, 35.782758186933577, 0.0 ], [ -78.666134051309228, 35.782902434732357, 0.0 ], [ -78.666043150062023, 35.782869359402866, 0.0 ], [ -78.666031489457239, 35.782890638903915, 0.0 ], [ -78.665945149892934, 35.782859222768273, 0.0 ], [ -78.665957005537578, 35.782837594087063, 0.0 ], [ -78.665866565017737, 35.782804685735947, 0.0 ] ] ] } },
{ "type": "Feature", "properties": { "OBJECTID": 2460, "BLDGNUM": "115J", "Precinct_N": "Central Campus", "story_group": "main" }, "geometry": { "type": "Polygon", "coordinates": [ [ [ -78.668373841600499, 35.781120476245341, 0.0 ], [ -78.668447803619529, 35.780988609315663, 0.0 ], [ -78.66864377881798, 35.78106159378391, 0.0 ], [ -78.668570110106984, 35.781192938844811, 0.0 ], [ -78.66852869502307, 35.781177514965293, 0.0 ], [ -78.668505485517031, 35.781218895801295, 0.0 ], [ -78.668356188940237, 35.781163296310403, 0.0 ], [ -78.668379106563975, 35.781122435686626, 0.0 ], [ -78.668373841600499, 35.781120476245341, 0.0 ] ] ] } },
{ "type": "Feature", "properties": { "OBJECTID": 2461, "BLDGNUM": "111", "Precinct_N": "Central Campus", "story_group": "main" }, "geometry": { "type": "Polygon", "coordinates": [ [ [ -78.67051675178692, 35.780933174174912, 0.0 ], [ -78.670153647746488, 35.780413256555505, 0.0 ], [ -78.670143682527552, 35.780417877827048, 0.0 ], [ -78.670093834685701, 35.780346503878114, 0.0 ], [ -78.670106921783031, 35.780340435386918, 0.0 ], [ -78.670032799016411, 35.780234300069523, 0.0 ], [ -78.670085966325175, 35.780209645266346, 0.0 ], [ -78.670076418644499, 35.780195972093452, 0.0 ], [ -78.670098817062708, 35.780185584320108, 0.0 ], [ -78.670108561609439, 35.780199535639738, 0.0 ], [ -78.670266134993014, 35.780126463583784, 0.0 ], [ -78.67033984887378, 35.780232012680813, 0.0 ], [ -78.670344624223134, 35.780229799272469, 0.0 ], [ -78.670347299834475, 35.780233630032541, 0.0 ], [ -78.670377888025371, 35.780219445356103, 0.0 ], [ -78.670376166969092, 35.780216980919612, 0.0 ], [ -78.67038687466507, 35.780212014618613, 0.0 ], [ -78.670435201762245, 35.780281212988072, 0.0 ], [ -78.670391876689735, 35.780301304005356, 0.0 ], [ -78.670596630655012, 35.780594484155081, 0.0 ], [ -78.670662087201634, 35.780564128855318, 0.0 ], [ -78.670595233777064, 35.780468404285415, 0.0 ], [ -78.670603986574946, 35.780464344844269, 0.0 ], [ -78.670606917337054, 35.78046854223561, 0.0 ], [ -78.67062325263575, 35.780460967305302, 0.0 ], [ -78.670620836548125, 35.780457505904756, 0.0 ], [ -78.670732066117282, 35.780405924077868, 0.0 ], [ -78.670734497616792, 35.780409404446161, 0.0 ], [ -78.67075265260614, 35.780400984445166, 0.0 ], [ -78.670750259614906, 35.780397554656822, 0.0 ], [ -78.670861373754946, 35.780346028282914, 0.0 ], [ -78.670864140667319, 35.78034999087491, 0.0 ], [ -78.670881819087569, 35.780341793101421, 0.0 ], [ -78.670879395289873, 35.780338321770238, 0.0 ], [ -78.670991351517387, 35.780286404564308, 0.0 ], [ -78.670994865146824, 35.780291437267884, 0.0 ], [ -78.67101215899082, 35.780283416903757, 0.0 ], [ -78.670988178281391, 35.780249081974951, 0.0 ], [ -78.671099568017723, 35.780197426332379, 0.0 ], [ -78.671123614734356, 35.780231857862219, 0.0 ], [ -78.67114077002384, 35.78022390200276, 0.0 ], [ -78.671137617096321, 35.780219386749657, 0.0 ], [ -78.671188181955515, 35.78019593765584, 0.0 ], [ -78.671379389897481, 35.780473763319186, 0.0 ], [ -78.671373896969669, 35.780476449842709, 0.0 ], [ -78.671298616871809, 35.780450799882978, 0.0 ], [ -78.671281480998331, 35.78045941380077, 0.0 ], [ -78.671286040512229, 35.780465941950489, 0.0 ], [ -78.671174411151483, 35.780517707978746, 0.0 ], [ -78.671170233256035, 35.780511725269413, 0.0 ], [ -78.671154242655476, 35.780519140763261, 0.0 ], [ -78.671278083133046, 35.780699716697001, 0.0 ], [ -78.67116631499816, 35.780752070920641, 0.0 ], [ -78.67116368112562, 35.780748298879679, 0.0 ], [ -78.671146672014586, 35.78075618663344, 0.0 ], [ -78.671212493674602, 35.780850431696379, 0.0 ], [ -78.67108786970249, 35.780908225938227, 0.0 ], [ -78.671149926996847, 35.780997081621045, 0.0 ], [ -78.671032514045834, 35.781051529635278, 0.0 ], [ -78.670997906317851, 35.78100197830458, 0.0 ], [ -78.670981635225289, 35.781009522811559, 0.0 ], [ -78.670985192881517, 35.781014616924729, 0.0 ], [ -78.670977737783801, 35.781018075092838, 0.0 ], [ -78.670852598724466, 35.780838896058739, 0.0 ], [ -78.670768338628491, 35.780877969859851, 0.0 ], [ -78.670794858703644, 35.780915944119876, 0.0 ], [ -78.670634986889013, 35.780990081431327, 0.0 ], [ -78.670576041301231, 35.780905680249354, 0.0 ], [ -78.67051675178692, 35.780933174174912, 0.0 ] ] ] } },
{ "type": "Feature", "properties": { "OBJECTID": 2462, "BLDGNUM": "115E", "Precinct_N": "Central Campus", "story_group": "main" }, "geometry": { "type": "Polygon", "coordinates": [ [ [ -78.670415560561864, 35.781863584672458, 0.0 ], [ -78.670258097580614, 35.781759261101868, 0.0 ], [ -78.670256105518689, 35.78175516088632, 0.0 ], [ -78.670302635172618, 35.781714901923422, 0.0 ], [ -78.670298543496671, 35.781712191312948, 0.0 ], [ -78.67031936006029, 35.781691328262937, 0.0 ], [ -78.670480749193686, 35.781798253751703, 0.0 ], [ -78.670415560561864, 35.781863584672458, 0.0 ] ] ] } },
{ "type": "Feature", "properties": { "OBJECTID": 2463, "BLDGNUM": "115C", "Precinct_N": "Central Campus", "story_group": "main" }, "geometry": { "type": "Polygon", "coordinates": [ [ [ -78.670693609166818, 35.782648620013262, 0.0 ], [ -78.670774076987655, 35.782624495700588, 0.0 ], [ -78.670788208100646, 35.782655790821906, 0.0 ], [ -78.670707740249213, 35.782679916045048, 0.0 ], [ -78.670693609166818, 35.782648620013262, 0.0 ] ] ] } },
{ "type": "Feature", "properties": { "OBJECTID": 2464, "BLDGNUM": "112C", "Precinct_N": "Central Campus", "story_group": "main" }, "geometry": { "type": "Polygon", "coordinates": [ [ [ -78.672532190756527, 35.780662131560881, 0.0 ], [ -78.672581973547906, 35.780540823118216, 0.0 ], [ -78.672686566316045, 35.780569323589802, 0.0 ], [ -78.672665389525349, 35.780620931970432, 0.0 ], [ -78.67268729125756, 35.7806269000559, 0.0 ], [ -78.672658687621535, 35.780696601071853, 0.0 ], [ -78.672532190756527, 35.780662131560881, 0.0 ] ] ] } },
{ "type": "Feature", "properties": { "OBJECTID": 2465, "BLDGNUM": "077", "Precinct_N": "Central Campus", "story_group": "main" }, "geometry": { "type": "Polygon", "coordinates": [ [ [ -78.673878756752273, 35.784195777096798, 0.0 ], [ -78.674346275511922, 35.784364562863978, 0.0 ], [ -78.674314166218736, 35.784423610805007, 0.0 ], [ -78.674302501796831, 35.784419400977399, 0.0 ], [ -78.674267297620872, 35.784484144355311, 0.0 ], [ -78.674236464218239, 35.784473014102993, 0.0 ], [ -78.674228674243565, 35.78448734001352, 0.0 ], [ -78.673908970125751, 35.784371918095978, 0.0 ], [ -78.673901706121612, 35.784385277347262, 0.0 ], [ -78.673855927816703, 35.784368750289133, 0.0 ], [ -78.673870941733213, 35.784341138955796, 0.0 ], [ -78.673829685618315, 35.784326243713586, 0.0 ], [ -78.673865408289231, 35.784260549122159, 0.0 ], [ -78.673847125274378, 35.78425394828573, 0.0 ], [ -78.673878756752273, 35.784195777096798, 0.0 ] ] ] } },
{ "type": "Feature", "properties": { "OBJECTID": 2466, "BLDGNUM": "086", "Precinct_N": "Central Campus", "story_group": "main" }, "geometry": { "type": "Polygon", "coordinates": [ [ [ -78.674464261893846, 35.784146830610823, 0.0 ], [ -78.674145787975291, 35.784027785565314, 0.0 ], [ -78.674220496563365, 35.783895088933804, 0.0 ], [ -78.674268510083664, 35.783913036048006, 0.0 ], [ -78.674286905856064, 35.783880360919817, 0.0 ], [ -78.674357516781271, 35.783906755447042, 0.0 ], [ -78.67433874778925, 35.783940093880787, 0.0 ], [ -78.67441027223127, 35.783966827922491, 0.0 ], [ -78.674412926134195, 35.783962114659928, 0.0 ], [ -78.674519143690418, 35.784001818895909, 0.0 ], [ -78.674517259659908, 35.784005166873889, 0.0 ], [ -78.674538515109319, 35.784013113150159, 0.0 ], [ -78.674555423583655, 35.783978637624564, 0.0 ], [ -78.674660377654519, 35.78401786966127, 0.0 ], [ -78.674685284340129, 35.783973631353064, 0.0 ], [ -78.674646579615498, 35.783959164127538, 0.0 ], [ -78.67468174532398, 35.783896701837257, 0.0 ], [ -78.674719617218358, 35.78391085676494, 0.0 ], [ -78.674740887287484, 35.783873076801662, 0.0 ], [ -78.674861516721364, 35.783918166908741, 0.0 ], [ -78.674863506571839, 35.783914632628935, 0.0 ], [ -78.674912241497267, 35.78393285001566, 0.0 ], [ -78.674828460160114, 35.784077331399985, 0.0 ], [ -78.674842266736974, 35.78408249240826, 0.0 ], [ -78.674767193557173, 35.784215838308555, 0.0 ], [ -78.674752770640424, 35.784210445803176, 0.0 ], [ -78.674717283987974, 35.784273475099432, 0.0 ], [ -78.674554598144567, 35.784212663890131, 0.0 ], [ -78.674552918005929, 35.784215648268933, 0.0 ], [ -78.674535592657904, 35.78421130796854, 0.0 ], [ -78.674445775913853, 35.784177735276181, 0.0 ], [ -78.674464261893846, 35.784146830610823, 0.0 ] ] ] } },
{ "type": "Feature", "properties": { "OBJECTID": 2467, "BLDGNUM": "058", "Precinct_N": "Central Campus", "story_group": "main" }, "geometry": { "type": "Polygon", "coordinates": [ [ [ -78.676142305062797, 35.781641261200505, 0.0 ], [ -78.676155688991599, 35.781597183014824, 0.0 ], [ -78.67652121987544, 35.78166448162095, 0.0 ], [ -78.676517896170665, 35.781673261837831, 0.0 ], [ -78.676526929613217, 35.781676984955119, 0.0 ], [ -78.676557057229886, 35.781630401270277, 0.0 ], [ -78.676593777999386, 35.781647597324444, 0.0 ], [ -78.676546784604298, 35.781717763268922, 0.0 ], [ -78.676528578538623, 35.781714138381787, 0.0 ], [ -78.676523489462326, 35.781727884844173, 0.0 ], [ -78.67653850656383, 35.781730937922738, 0.0 ], [ -78.676503813105555, 35.781784056867608, 0.0 ], [ -78.676487623091347, 35.781781098917101, 0.0 ], [ -78.676484260656551, 35.781796795071116, 0.0 ], [ -78.676580795469249, 35.781814049903105, 0.0 ], [ -78.676592083148435, 35.781797331024954, 0.0 ], [ -78.676612947273327, 35.781788518050071, 0.0 ], [ -78.67665531666043, 35.781792857832976, 0.0 ], [ -78.676698200036768, 35.781785114595976, 0.0 ], [ -78.676737711494027, 35.781787700855283, 0.0 ], [ -78.676781932582671, 35.781807821796917, 0.0 ], [ -78.67676648656483, 35.781823241633639, 0.0 ], [ -78.676759137173221, 35.781836553066604, 0.0 ], [ -78.676778108703715, 35.781840739686857, 0.0 ], [ -78.676822332017537, 35.781838994825037, 0.0 ], [ -78.676842952220426, 35.781844441386099, 0.0 ], [ -78.676835631510784, 35.781859990044694, 0.0 ], [ -78.676854025183488, 35.781863182736423, 0.0 ], [ -78.676852148296206, 35.781870594046914, 0.0 ], [ -78.676859318132429, 35.781872875447633, 0.0 ], [ -78.67689158060648, 35.781824052088858, 0.0 ], [ -78.676927754451583, 35.781839193320174, 0.0 ], [ -78.676890764586901, 35.781896802205267, 0.0 ], [ -78.676874952935293, 35.781894097687257, 0.0 ], [ -78.676870135645885, 35.781908768765454, 0.0 ], [ -78.676881171316026, 35.781910819758679, 0.0 ], [ -78.676850301935346, 35.781961183606533, 0.0 ], [ -78.676828053568372, 35.781957365969873, 0.0 ], [ -78.676823515203736, 35.781970883159516, 0.0 ], [ -78.676841908278277, 35.781974231784453, 0.0 ], [ -78.676820236280889, 35.782006666977537, 0.0 ], [ -78.676814588135684, 35.782005308986086, 0.0 ], [ -78.676809985501365, 35.782020514228677, 0.0 ], [ -78.676798783168181, 35.782018368145494, 0.0 ], [ -78.676784514613658, 35.782062441344017, 0.0 ], [ -78.6764285251204, 35.781997208634145, 0.0 ], [ -78.676430763202418, 35.781989107857385, 0.0 ], [ -78.67637809828102, 35.78197934788485, 0.0 ], [ -78.676418807062603, 35.781918516800829, 0.0 ], [ -78.676448724183572, 35.781924319817563, 0.0 ], [ -78.67646446132872, 35.781866277863735, 0.0 ], [ -78.676452301753116, 35.781864520391252, 0.0 ], [ -78.676450517482039, 35.781868955691436, 0.0 ], [ -78.676375362766734, 35.781854927593514, 0.0 ], [ -78.676377403024276, 35.781849824174387, 0.0 ], [ -78.67607612267544, 35.7817943350992, 0.0 ], [ -78.676049699169923, 35.781834582123764, 0.0 ], [ -78.676012658900234, 35.781818729867709, 0.0 ], [ -78.676048561814156, 35.781763654748481, 0.0 ], [ -78.676063203462391, 35.781765993019768, 0.0 ], [ -78.676066482606771, 35.781751227747748, 0.0 ], [ -78.676057525017612, 35.781749558969643, 0.0 ], [ -78.676090089618498, 35.781699150251256, 0.0 ], [ -78.676112049084594, 35.781702713976436, 0.0 ], [ -78.676115723748737, 35.781688342741973, 0.0 ], [ -78.676098909660567, 35.781685167658345, 0.0 ], [ -78.676120076024461, 35.781654195034136, 0.0 ], [ -78.676153732454253, 35.781660392940687, 0.0 ], [ -78.676158237594279, 35.781644146404922, 0.0 ], [ -78.676142305062797, 35.781641261200505, 0.0 ] ] ] } },
{ "type": "Feature", "properties": { "OBJECTID": 2468, "BLDGNUM": "058A", "Precinct_N": "Central Campus", "story_group": "main" }, "geometry": { "type": "Polygon", "coordinates": [ [ [ -78.676095512245951, 35.781632785811809, 0.0 ], [ -78.676058141445139, 35.781626017374109, 0.0 ], [ -78.676028213660032, 35.781733109845959, 0.0 ], [ -78.675940638256293, 35.781717397178625, 0.0 ], [ -78.675939657003752, 35.781720734062013, 0.0 ], [ -78.675933305684353, 35.781719576060908, 0.0 ], [ -78.675930647872207, 35.781729171048802, 0.0 ], [ -78.67601964083326, 35.781745571616014, 0.0 ], [ -78.675969319626844, 35.781824283178572, 0.0 ], [ -78.675905509771965, 35.781797, 0.0 ], [ -78.675929329755846, 35.78171885071577, 0.0 ], [ -78.675496066620752, 35.781639832684739, 0.0 ], [ -78.675488602232704, 35.781647570702553, 0.0 ], [ -78.675449010616035, 35.781630528007831, 0.0 ], [ -78.675487726981089, 35.781570714047113, 0.0 ], [ -78.67550324251846, 35.781573583805013, 0.0 ], [ -78.675510337768458, 35.781548117093514, 0.0 ], [ -78.675505970611482, 35.781547307768449, 0.0 ], [ -78.675516555112964, 35.781509318911041, 0.0 ], [ -78.675539792475533, 35.78151361803792, 0.0 ], [ -78.675544727271216, 35.781495904372413, 0.0 ], [ -78.675586454605195, 35.781503622872521, 0.0 ], [ -78.675588320986776, 35.781496927222605, 0.0 ], [ -78.675898286800745, 35.781554274863083, 0.0 ], [ -78.675903300178547, 35.781540119913785, 0.0 ], [ -78.675981022603168, 35.781553419634889, 0.0 ], [ -78.675978467344265, 35.781562268581098, 0.0 ], [ -78.676070318319333, 35.781578419829927, 0.0 ], [ -78.676066905140402, 35.781588815012277, 0.0 ], [ -78.676071305552483, 35.781589884895162, 0.0 ], [ -78.676092802884583, 35.781554431653419, 0.0 ], [ -78.67613441223655, 35.781571746302063, 0.0 ], [ -78.676095512245951, 35.781632785811809, 0.0 ] ] ] } },
{ "type": "Feature", "properties": { "OBJECTID": 2469, "BLDGNUM": "114B", "Precinct_N": "Central Campus", "story_group": "main" }, "geometry": { "type": "Polygon", "coordinates": [ [ [ -78.677089300614099, 35.783278711236008, 0.0 ], [ -78.677162817953601, 35.783165391296244, 0.0 ], [ -78.677236827593347, 35.783197269752613, 0.0 ], [ -78.677163310328567, 35.783310589735855, 0.0 ], [ -78.677089300614099, 35.783278711236008, 0.0 ] ] ] } },
{ "type": "Feature", "properties": { "OBJECTID": 2470, "BLDGNUM": "114A", "Precinct_N": "Central Campus", "story_group": "main" }, "geometry": { "type": "Polygon", "coordinates": [ [ [ -78.676999692181241, 35.783135347851747, 0.0 ], [ -78.677036721554458, 35.783076554690012, 0.0 ], [ -78.6770951471579, 35.783100988252791, 0.0 ], [ -78.677058117823151, 35.783159779629138, 0.0 ], [ -78.676999692181241, 35.783135347851747, 0.0 ] ] ] } },
{ "type": "Feature", "properties": { "OBJECTID": 2471, "BLDGNUM": "114", "Precinct_N": "Central Campus", "story_group": "main" }, "geometry": { "type": "Polygon", "coordinates": [ [ [ -78.67740947671345, 35.783225628239904, 0.0 ], [ -78.676904772118277, 35.78301167556365, 0.0 ], [ -78.67709365931367, 35.782715833158292, 0.0 ], [ -78.677598362566201, 35.782929784171529, 0.0 ], [ -78.67740947671345, 35.783225628239904, 0.0 ] ] ] } },
{ "type": "Feature", "properties": { "OBJECTID": 2474, "BLDGNUM": "063", "Precinct_N": "Central Campus", "story_group": "main" }, "geometry": { "type": "Polygon", "coordinates": [ [ [ -78.675355698026337, 35.784415004839495, 0.0 ], [ -78.675738769575034, 35.784552146437967, 0.0 ], [ -78.675661270593352, 35.784694560268775, 0.0 ], [ -78.675652099148706, 35.784691246837248, 0.0 ], [ -78.675546992587243, 35.784884392404749, 0.0 ], [ -78.675576669777826, 35.784895113638015, 0.0 ], [ -78.675559272708043, 35.784927082248913, 0.0 ], [ -78.67541872059779, 35.784876300950479, 0.0 ], [ -78.675395320109985, 35.78491930225367, 0.0 ], [ -78.675291052944743, 35.784881630223971, 0.0 ], [ -78.675314892559129, 35.784837821602331, 0.0 ], [ -78.675191437642681, 35.784793218367334, 0.0 ], [ -78.675166611725814, 35.784838836043086, 0.0 ], [ -78.674665298581772, 35.784657709411036, 0.0 ], [ -78.674792417956851, 35.784424116812147, 0.0 ], [ -78.675073431628263, 35.784525648923335, 0.0 ], [ -78.675168837884982, 35.784350330857244, 0.0 ], [ -78.675318035639876, 35.784404237031886, 0.0 ], [ -78.675320582074704, 35.784399555912437, 0.0 ], [ -78.675356953965064, 35.784412697132545, 0.0 ], [ -78.675355698026337, 35.784415004839495, 0.0 ] ] ] } },
{ "type": "Feature", "properties": { "OBJECTID": 2475, "BLDGNUM": "096", "Precinct_N": "Central Campus", "story_group": "main" }, "geometry": { "type": "Polygon", "coordinates": [ [ [ -78.672772780699418, 35.784337091071748, 0.0 ], [ -78.672786999680611, 35.784342281362143, 0.0 ], [ -78.672705420777362, 35.784490637577925, 0.0 ], [ -78.672710502858706, 35.784492492682745, 0.0 ], [ -78.672536482105414, 35.784808959404877, 0.0 ], [ -78.672531889328752, 35.784807283173599, 0.0 ], [ -78.672450553535427, 35.784955197290628, 0.0 ], [ -78.672309885068941, 35.784903840634243, 0.0 ], [ -78.672391265625478, 35.784755850113932, 0.0 ], [ -78.672387014165324, 35.784754298279474, 0.0 ], [ -78.672561285001564, 35.784437379959812, 0.0 ], [ -78.672565374080918, 35.784438871863046, 0.0 ], [ -78.672646661222004, 35.784291045847475, 0.0 ], [ -78.67273561122532, 35.784323519697587, 0.0 ], [ -78.672741048317206, 35.784313907915653, 0.0 ], [ -78.672778036186472, 35.784327798778641, 0.0 ], [ -78.672772780699418, 35.784337091071748, 0.0 ] ] ] } },
{ "type": "Feature", "properties": { "OBJECTID": 2476, "BLDGNUM": "051", "Precinct_N": "North Campus", "story_group": "main" }, "geometry": { "type": "Polygon", "coordinates": [ [ [ -78.670282633730949, 35.785552116161227, 0.0 ], [ -78.670326712637205, 35.785439775302272, 0.0 ], [ -78.670298411627357, 35.785432415834727, 0.0 ], [ -78.670313662189074, 35.785394587016668, 0.0 ], [ -78.670183135776369, 35.785361456252893, 0.0 ], [ -78.670240356162154, 35.785215255842672, 0.0 ], [ -78.670630825567514, 35.785358926805202, 0.0 ], [ -78.670623364598583, 35.785376764118411, 0.0 ], [ -78.670653614720379, 35.785384674094466, 0.0 ], [ -78.670633211750072, 35.78543768393066, 0.0 ], [ -78.670622969532943, 35.785434935074733, 0.0 ], [ -78.670608904637916, 35.785471213214336, 0.0 ], [ -78.670598563962571, 35.785468464991531, 0.0 ], [ -78.670589915560512, 35.785487772793687, 0.0 ], [ -78.67054920862671, 35.785476559932874, 0.0 ], [ -78.670557253986019, 35.785457293767493, 0.0 ], [ -78.670532054204003, 35.785450339332847, 0.0 ], [ -78.670400648892837, 35.785788405374547, 0.0 ], [ -78.669715364656085, 35.785611416929271, 0.0 ], [ -78.669775336256805, 35.78545704718649, 0.0 ], [ -78.669864135946227, 35.785480036938594, 0.0 ], [ -78.669885326250792, 35.785429662198126, 0.0 ], [ -78.669566014074576, 35.785352118092227, 0.0 ], [ -78.669564903183328, 35.785347849905712, 0.0 ], [ -78.669650578598706, 35.785133343551735, 0.0 ], [ -78.670111124937065, 35.785256834841462, 0.0 ], [ -78.670116728856527, 35.785244653890281, 0.0 ], [ -78.670134997327395, 35.785249376838202, 0.0 ], [ -78.670117225200244, 35.785281625780371, 0.0 ], [ -78.670132925606396, 35.785307105202065, 0.0 ], [ -78.670139616301626, 35.785309181993718, 0.0 ], [ -78.670089620780615, 35.785437091055925, 0.0 ], [ -78.670083355195473, 35.785435202893034, 0.0 ], [ -78.670052553529104, 35.785449157055133, 0.0 ], [ -78.670044295333568, 35.785470672372846, 0.0 ], [ -78.66993968358382, 35.785443056567125, 0.0 ], [ -78.669919939218957, 35.785494220307399, 0.0 ], [ -78.670227599681695, 35.78557172292809, 0.0 ], [ -78.670239654501401, 35.78554094211492, 0.0 ], [ -78.670282633730949, 35.785552116161227, 0.0 ] ] ] } },
{ "type": "Feature", "properties": { "OBJECTID": 2477, "BLDGNUM": "040", "Precinct_N": "North Campus", "story_group": "main" }, "geometry": { "type": "Polygon", "coordinates": [ [ [ -78.669533462856037, 35.785181829363488, 0.0 ], [ -78.669408536829877, 35.785502953108704, 0.0 ], [ -78.669227821856538, 35.785456893209947, 0.0 ], [ -78.669216180125005, 35.785486926027126, 0.0 ], [ -78.668993407064065, 35.785429592906894, 0.0 ], [ -78.669005142782339, 35.785399317903234, 0.0 ], [ -78.668822139562508, 35.785352710374937, 0.0 ], [ -78.668944976777624, 35.785033525738918, 0.0 ], [ -78.669034399563444, 35.785056540327744, 0.0 ], [ -78.669044874112856, 35.785029517556005, 0.0 ], [ -78.6691461915334, 35.785055592899937, 0.0 ], [ -78.669136821596808, 35.785079765916649, 0.0 ], [ -78.669165779084352, 35.785087217572915, 0.0 ], [ -78.669185872824158, 35.785035109382697, 0.0 ], [ -78.66919500360143, 35.78502640282715, 0.0 ], [ -78.66920944517102, 35.785025556916331, 0.0 ], [ -78.669323774007097, 35.785054276839375, 0.0 ], [ -78.669336153516809, 35.785064281139817, 0.0 ], [ -78.669372089067352, 35.785073592236614, 0.0 ], [ -78.669358089602426, 35.785109708172619, 0.0 ], [ -78.669349106748442, 35.785107397076132, 0.0 ], [ -78.669347126790925, 35.785112504142532, 0.0 ], [ -78.669415351834644, 35.785130061849294, 0.0 ], [ -78.669407818818456, 35.785149497884106, 0.0 ], [ -78.669533462856037, 35.785181829363488, 0.0 ] ] ] } },
{ "type": "Feature", "properties": { "OBJECTID": 2478, "BLDGNUM": "039", "Precinct_N": "North Campus", "story_group": "main" }, "geometry": { "type": "Polygon", "coordinates": [ [ [ -78.668000549953732, 35.784756034086307, 0.0 ], [ -78.668157696485409, 35.784796918286823, 0.0 ], [ -78.668114153124193, 35.784908034920214, 0.0 ], [ -78.668149833054201, 35.784917316839142, 0.0 ], [ -78.668167337148688, 35.784872647786734, 0.0 ], [ -78.668400256244212, 35.784933245885576, 0.0 ], [ -78.668382671777351, 35.784978120258614, 0.0 ], [ -78.668418266677733, 35.784987381136112, 0.0 ], [ -78.668461824206858, 35.784876224777221, 0.0 ], [ -78.66853248685176, 35.784894608938707, 0.0 ], [ -78.668536620801277, 35.784884059102346, 0.0 ], [ -78.668563119166024, 35.78489095168635, 0.0 ], [ -78.668558912556762, 35.784901687003412, 0.0 ], [ -78.668663333614674, 35.78492885190937, 0.0 ], [ -78.668673854615136, 35.784900777422401, 0.0 ], [ -78.668723251740076, 35.784912690553988, 0.0 ], [ -78.668730384528573, 35.784895127371875, 0.0 ], [ -78.668746090180335, 35.78489921261756, 0.0 ], [ -78.668748313651719, 35.784893536571211, 0.0 ], [ -78.668878796669631, 35.784927483580738, 0.0 ], [ -78.668876712948162, 35.784932801273058, 0.0 ], [ -78.668892661717194, 35.784936950254817, 0.0 ], [ -78.668810004635901, 35.78514789316295, 0.0 ], [ -78.66864758723969, 35.785105638948693, 0.0 ], [ -78.668651032554891, 35.785096849369694, 0.0 ], [ -78.668630585221678, 35.785091529890089, 0.0 ], [ -78.668620830526763, 35.785116425602411, 0.0 ], [ -78.66864690574414, 35.785123209756208, 0.0 ], [ -78.668624830809691, 35.785179545193742, 0.0 ], [ -78.668559267574125, 35.785162488223833, 0.0 ], [ -78.668505460069653, 35.785299798143015, 0.0 ], [ -78.667821049105356, 35.78512173687686, 0.0 ], [ -78.667935936925403, 35.784828555243095, 0.0 ], [ -78.667891283232066, 35.784816936843782, 0.0 ], [ -78.667922489626307, 35.784737304965986, 0.0 ], [ -78.667948487315201, 35.784744068328294, 0.0 ], [ -78.667957229918585, 35.784720001851319, 0.0 ], [ -78.668009095627681, 35.784732509680062, 0.0 ], [ -78.668000549953732, 35.784756034086307, 0.0 ] ] ] } },
{ "type": "Feature", "properties": { "OBJECTID": 2479, "BLDGNUM": "029", "Precinct_N": "North Campus", "story_group": "main" }, "geometry": { "type": "Polygon", "coordinates": [ [ [ -78.667016996340863, 35.784094699355911, 0.0 ], [ -78.667502249626466, 35.784271699970233, 0.0 ], [ -78.667511651795209, 35.784254582906257, 0.0 ], [ -78.66750499257013, 35.78425215362828, 0.0 ], [ -78.66750649383782, 35.784249421235096, 0.0 ], [ -78.66761350982577, 35.78428845586204, 0.0 ], [ -78.667611917169296, 35.784291354756355, 0.0 ], [ -78.667605959315821, 35.784289181577421, 0.0 ], [ -78.667597407554283, 35.784304748848697, 0.0 ], [ -78.667683258567877, 35.784336063311706, 0.0 ], [ -78.667685706059444, 35.784331609220146, 0.0 ], [ -78.667746699575602, 35.784353855879729, 0.0 ], [ -78.667754602642546, 35.784339473903572, 0.0 ], [ -78.667835639083407, 35.784369031922949, 0.0 ], [ -78.667827712602062, 35.784383461611824, 0.0 ], [ -78.667944248921629, 35.784425969555706, 0.0 ], [ -78.667935644831758, 35.784441631348734, 0.0 ], [ -78.667931030077384, 35.784439947672773, 0.0 ], [ -78.667866473610133, 35.784556930608261, 0.0 ], [ -78.667839635633712, 35.784547118383337, 0.0 ], [ -78.667827057126544, 35.784570012558142, 0.0 ], [ -78.667763235809687, 35.784546734298999, 0.0 ], [ -78.667726429695776, 35.784613730205869, 0.0 ], [ -78.667563731298273, 35.78455438512696, 0.0 ], [ -78.667567308937905, 35.784547873642182, 0.0 ], [ -78.667483195178846, 35.784517192982058, 0.0 ], [ -78.66747789892095, 35.784526833757951, 0.0 ], [ -78.667438180913365, 35.784512347054985, 0.0 ], [ -78.667433205638986, 35.784521402829469, 0.0 ], [ -78.667129442158142, 35.784410601678061, 0.0 ], [ -78.667134838747842, 35.784400780921573, 0.0 ], [ -78.667101331650557, 35.784388559037268, 0.0 ], [ -78.667129556231771, 35.784337185452515, 0.0 ], [ -78.666909911479522, 35.784257067370362, 0.0 ], [ -78.66692780880426, 35.784224489331521, 0.0 ], [ -78.666942705595318, 35.784229921916719, 0.0 ], [ -78.667016996340863, 35.784094699355911, 0.0 ] ] ] } },
{ "type": "Feature", "properties": { "OBJECTID": 2480, "BLDGNUM": "108", "Precinct_N": "Central Campus", "story_group": "main" }, "geometry": { "type": "Polygon", "coordinates": [ [ [ -78.666592971101338, 35.782136852735519, 0.0 ], [ -78.666533516162204, 35.782246856357716, 0.0 ], [ -78.66640935413082, 35.782202299011075, 0.0 ], [ -78.666397791712185, 35.782223688784654, 0.0 ], [ -78.666313032616387, 35.782193272317265, 0.0 ], [ -78.666324941730863, 35.782171237234579, 0.0 ], [ -78.666201194132995, 35.782126826827543, 0.0 ], [ -78.666260602616973, 35.782016910665746, 0.0 ], [ -78.666468216104875, 35.782089124684724, 0.0 ], [ -78.666466878497516, 35.782091602433589, 0.0 ], [ -78.666592971101338, 35.782136852735519, 0.0 ] ] ] } },
{ "type": "Feature", "properties": { "OBJECTID": 2481, "BLDGNUM": "107", "Precinct_N": "Central Campus", "story_group": "main" }, "geometry": { "type": "Polygon", "coordinates": [ [ [ -78.66654927914928, 35.782281157033196, 0.0 ], [ -78.666682840731383, 35.782329938431374, 0.0 ], [ -78.666435749467723, 35.782778722838934, 0.0 ], [ -78.666438765863589, 35.782779826235299, 0.0 ], [ -78.666342988872458, 35.782948894753126, 0.0 ], [ -78.666333117889195, 35.782945291170762, 0.0 ], [ -78.666306459462533, 35.782993754827224, 0.0 ], [ -78.666271690682507, 35.782981056945189, 0.0 ], [ -78.666266463527904, 35.782990560857797, 0.0 ], [ -78.666222166177022, 35.782974382894388, 0.0 ], [ -78.666257487610778, 35.782918012930942, 0.0 ], [ -78.666209121301748, 35.7829003492106, 0.0 ], [ -78.66626505396215, 35.782798669980274, 0.0 ], [ -78.666262070693136, 35.782797581091899, 0.0 ], [ -78.66654927914928, 35.782281157033196, 0.0 ] ] ] } },
{ "type": "Feature", "properties": { "OBJECTID": 2482, "BLDGNUM": "106", "Precinct_N": "Central Campus", "story_group": "main" }, "geometry": { "type": "Polygon", "coordinates": [ [ [ -78.666651961427675, 35.78227966599021, 0.0 ], [ -78.666636267601518, 35.782273933739127, 0.0 ], [ -78.666630775120765, 35.782275638481309, 0.0 ], [ -78.666600766230502, 35.782211456102878, 0.0 ], [ -78.666606257601387, 35.782209751358984, 0.0 ], [ -78.666613821788488, 35.782196000364159, 0.0 ], [ -78.666668129211786, 35.78218031588996, 0.0 ], [ -78.666660323201214, 35.78216390261813, 0.0 ], [ -78.666664880978331, 35.78216246391878, 0.0 ], [ -78.666602780647978, 35.78203188696596, 0.0 ], [ -78.66659305702953, 35.782034957387005, 0.0 ], [ -78.666571755649656, 35.781990164287357, 0.0 ], [ -78.666625244930245, 35.781973274292803, 0.0 ], [ -78.666644098617198, 35.782012916692686, 0.0 ], [ -78.666719645724697, 35.781989061905882, 0.0 ], [ -78.666717496271048, 35.781984543877591, 0.0 ], [ -78.666813870601587, 35.781954112086673, 0.0 ], [ -78.666831498297753, 35.781991179558801, 0.0 ], [ -78.666948302224284, 35.781954296699354, 0.0 ], [ -78.667019712645512, 35.782104450964532, 0.0 ], [ -78.667034041654262, 35.782099925702234, 0.0 ], [ -78.667025134519321, 35.782081198387921, 0.0 ], [ -78.667042346606934, 35.782075761629663, 0.0 ], [ -78.667038994215588, 35.782068414593709, 0.0 ], [ -78.667078194480013, 35.782056537402319, 0.0 ], [ -78.667081348461167, 35.782063446741212, 0.0 ], [ -78.667099664811872, 35.782057662368153, 0.0 ], [ -78.667128540121951, 35.782118375845883, 0.0 ], [ -78.667053173549988, 35.782142174593787, 0.0 ], [ -78.667043306815629, 35.782121431047216, 0.0 ], [ -78.667031929558902, 35.782125023370916, 0.0 ], [ -78.667053066735249, 35.78216946891957, 0.0 ], [ -78.666927063919857, 35.782209257010372, 0.0 ], [ -78.666946206225504, 35.78224950765744, 0.0 ], [ -78.666857423094982, 35.782277542894676, 0.0 ], [ -78.666838170059918, 35.782237060284707, 0.0 ], [ -78.66671379299207, 35.782276335226825, 0.0 ], [ -78.666705358584167, 35.782258598863336, 0.0 ], [ -78.666655558040745, 35.782273375409559, 0.0 ], [ -78.666651961427675, 35.78227966599021, 0.0 ] ] ] } },
{ "type": "Feature", "properties": { "OBJECTID": 2483, "BLDGNUM": "109", "Precinct_N": "Central Campus", "story_group": "main" }, "geometry": { "type": "Polygon", "coordinates": [ [ [ -78.666013763322752, 35.782085526235683, 0.0 ], [ -78.666159712848824, 35.782138692979586, 0.0 ], [ -78.665819925132354, 35.782758215914676, 0.0 ], [ -78.665765823132972, 35.782738507349542, 0.0 ], [ -78.665737806214082, 35.782796570117746, 0.0 ], [ -78.665693712131031, 35.782780507890791, 0.0 ], [ -78.665698490269293, 35.782771798659901, 0.0 ], [ -78.665663724857012, 35.782759134863291, 0.0 ], [ -78.665690240331202, 35.782710807955503, 0.0 ], [ -78.665674301228663, 35.782705000997765, 0.0 ], [ -78.666013763322752, 35.782085526235683, 0.0 ] ] ] } },
{ "type": "Feature", "properties": { "OBJECTID": 2484, "BLDGNUM": "088", "Precinct_N": "Central Campus", "story_group": "main" }, "geometry": { "type": "Polygon", "coordinates": [ [ [ -78.67627907755579, 35.784891162957621, 0.0 ], [ -78.676516740274664, 35.78539854759515, 0.0 ], [ -78.676559974702627, 35.785385103423913, 0.0 ], [ -78.676576670809411, 35.785420748237328, 0.0 ], [ -78.677219402049857, 35.785220866597328, 0.0 ], [ -78.677242490898948, 35.785270159323581, 0.0 ], [ -78.677201026547053, 35.785283055000143, 0.0 ], [ -78.677194257841919, 35.785268604702665, 0.0 ], [ -78.677171780679288, 35.785275594577428, 0.0 ], [ -78.677205363157697, 35.785347289243866, 0.0 ], [ -78.676532670752422, 35.785556486897441, 0.0 ], [ -78.676599481690189, 35.785699121193772, 0.0 ], [ -78.676425575201364, 35.785753202625045, 0.0 ], [ -78.676682099590948, 35.78630085135125, 0.0 ], [ -78.676594238633982, 35.786328175019825, 0.0 ], [ -78.67660269756756, 35.786346235217827, 0.0 ], [ -78.676619462111148, 35.786341021262032, 0.0 ], [ -78.676635276579773, 35.786374780802888, 0.0 ], [ -78.676573800651795, 35.786393899222396, 0.0 ], [ -78.676328805575181, 35.785870865141142, 0.0 ], [ -78.676286192202255, 35.785884117089694, 0.0 ], [ -78.676269568530827, 35.785848623860495, 0.0 ], [ -78.675646596081407, 35.786042352710254, 0.0 ], [ -78.675623842519926, 35.785993772648531, 0.0 ], [ -78.675667448464921, 35.785980211708178, 0.0 ], [ -78.675640351475607, 35.78592236415804, 0.0 ], [ -78.676260384596503, 35.785729546898018, 0.0 ], [ -78.67617367002245, 35.785544419607469, 0.0 ], [ -78.676401443536392, 35.785473586779602, 0.0 ], [ -78.676164339602124, 35.784967394092817, 0.0 ], [ -78.676234473574851, 35.784945583124632, 0.0 ], [ -78.676217893966012, 35.784910190043483, 0.0 ], [ -78.67627907755579, 35.784891162957621, 0.0 ] ] ] } },
{ "type": "Feature", "properties": { "OBJECTID": 2485, "BLDGNUM": "060", "Precinct_N": "North Campus", "story_group": "main" }, "geometry": { "type": "Polygon", "coordinates": [ [ [ -78.675737594516292, 35.787883898379533, 0.0 ], [ -78.675665412832359, 35.787867537003081, 0.0 ], [ -78.675650795820047, 35.787893817392913, 0.0 ], [ -78.675163846013206, 35.787782912790099, 0.0 ], [ -78.675173047559866, 35.787756500844232, 0.0 ], [ -78.674782675997577, 35.787668914901161, 0.0 ], [ -78.674950033707901, 35.787180074788807, 0.0 ], [ -78.675863019954164, 35.787386142906271, 0.0 ], [ -78.67585481514493, 35.787410683660021, 0.0 ], [ -78.67590290281214, 35.787428405864944, 0.0 ], [ -78.675908771606629, 35.787417855897672, 0.0 ], [ -78.675893747983125, 35.787412307806633, 0.0 ], [ -78.675919475104578, 35.787366049757757, 0.0 ], [ -78.675971403306477, 35.787385224305481, 0.0 ], [ -78.67594575978535, 35.787431330259828, 0.0 ], [ -78.675929597316255, 35.78742536182088, 0.0 ], [ -78.675923480027578, 35.78743636270255, 0.0 ], [ -78.675975861161433, 35.787455704300257, 0.0 ], [ -78.675989796061103, 35.787430650588796, 0.0 ], [ -78.676853929711953, 35.787749712860133, 0.0 ], [ -78.676596437458102, 35.788209622804075, 0.0 ], [ -78.675972153909328, 35.787980433747975, 0.0 ], [ -78.67599349763789, 35.787942060725591, 0.0 ], [ -78.675927203686086, 35.787917584120628, 0.0 ], [ -78.675906569713248, 35.787954682713917, 0.0 ], [ -78.675733720210445, 35.787890861781818, 0.0 ], [ -78.675737594516292, 35.787883898379533, 0.0 ] ] ] } },
{ "type": "Feature", "properties": { "OBJECTID": 2486, "BLDGNUM": "082", "Precinct_N": "Central Campus", "story_group": "main" }, "geometry": { "type": "Polygon", "coordinates": [ [ [ -78.677292966924625, 35.785381338043855, 0.0 ], [ -78.677436154195391, 35.78512579155732, 0.0 ], [ -78.677743005116966, 35.785239943438846, 0.0 ], [ -78.677752075199265, 35.78522375490693, 0.0 ], [ -78.678002317867936, 35.785316846946351, 0.0 ], [ -78.677977489725635, 35.785361159126097, 0.0 ], [ -78.678016658798626, 35.785375730165455, 0.0 ], [ -78.677959234823803, 35.785478214729082, 0.0 ], [ -78.677921434267759, 35.78546415384649, 0.0 ], [ -78.677833645716703, 35.785620831754933, 0.0 ], [ -78.677774277289473, 35.785598746790207, 0.0 ], [ -78.677651081163816, 35.785818615350216, 0.0 ], [ -78.677339179188735, 35.785702585902555, 0.0 ], [ -78.677408644574243, 35.785578615673309, 0.0 ], [ -78.677349892637281, 35.785556761075505, 0.0 ], [ -78.677345437204025, 35.785564711771926, 0.0 ], [ -78.677281681610438, 35.785540995227549, 0.0 ], [ -78.677320413504674, 35.785471871693026, 0.0 ], [ -78.677349835818958, 35.785482818054035, 0.0 ], [ -78.677387080258669, 35.785416348629198, 0.0 ], [ -78.677292966924625, 35.785381338043855, 0.0 ] ] ] } },
{ "type": "Feature", "properties": { "OBJECTID": 2487, "BLDGNUM": "120", "Precinct_N": "Central Campus", "story_group": "main" }, "geometry": { "type": "Polygon", "coordinates": [ [ [ -78.67756878003928, 35.78396465890318, 0.0 ], [ -78.677755419999642, 35.783676685588858, 0.0 ], [ -78.677728229138012, 35.78366498538486, 0.0 ], [ -78.677743626687359, 35.783641226944361, 0.0 ], [ -78.677768828720062, 35.783652071914311, 0.0 ], [ -78.677841891786755, 35.783539338958455, 0.0 ], [ -78.67845820347776, 35.783804540873639, 0.0 ], [ -78.678183103021468, 35.784229006933309, 0.0 ], [ -78.67756878003928, 35.78396465890318, 0.0 ] ] ] } },
{ "type": "Feature", "properties": { "OBJECTID": 2488, "BLDGNUM": "117", "Precinct_N": "Central Campus", "story_group": "main" }, "geometry": { "type": "Polygon", "coordinates": [ [ [ -78.67860904965373, 35.783744264725989, 0.0 ], [ -78.679041013981731, 35.783072262095878, 0.0 ], [ -78.67928066877964, 35.783174542674331, 0.0 ], [ -78.679350187983061, 35.783066391837885, 0.0 ], [ -78.679794061646334, 35.783255830005992, 0.0 ], [ -78.679725254947073, 35.783364337190427, 0.0 ], [ -78.67984042919278, 35.783414284316748, 0.0 ], [ -78.679408585763682, 35.784086306235501, 0.0 ], [ -78.679214996831917, 35.784003685749127, 0.0 ], [ -78.679248026623469, 35.783952301292757, 0.0 ], [ -78.678883891563558, 35.783796894434907, 0.0 ], [ -78.678872959131652, 35.783813900177293, 0.0 ], [ -78.678886673573686, 35.783819752718792, 0.0 ], [ -78.678874200651762, 35.783839159194756, 0.0 ], [ -78.678860755662114, 35.783833420931934, 0.0 ], [ -78.678851540659949, 35.783847756902567, 0.0 ], [ -78.67860904965373, 35.783744264725989, 0.0 ] ] ] } },
{ "type": "Feature", "properties": { "OBJECTID": 2489, "BLDGNUM": "158F", "Precinct_N": "Central Campus", "story_group": "main" }, "geometry": { "type": "Polygon", "coordinates": [ [ [ -78.679846677043685, 35.787991009211787, 0.0 ], [ -78.679649522694618, 35.787943905823418, 0.0 ], [ -78.679665220029563, 35.78788753095921, 0.0 ], [ -78.679719611829469, 35.787900585735194, 0.0 ], [ -78.679716961016524, 35.787907916623212, 0.0 ], [ -78.679863962088078, 35.787943201280569, 0.0 ], [ -78.679846677043685, 35.787991009211787, 0.0 ] ] ] } },
{ "type": "Feature", "properties": { "OBJECTID": 2490, "BLDGNUM": "158G", "Precinct_N": "Central Campus", "story_group": "main" }, "geometry": { "type": "Polygon", "coordinates": [ [ [ -78.679936141968454, 35.787969752580466, 0.0 ], [ -78.6800175396573, 35.787945265905243, 0.0 ], [ -78.680030939793653, 35.787974840002846, 0.0 ], [ -78.679949543185359, 35.787999326689707, 0.0 ], [ -78.679936141968454, 35.787969752580466, 0.0 ] ] ] } },
{ "type": "Feature", "properties": { "OBJECTID": 2491, "BLDGNUM": "158E", "Precinct_N": "Central Campus", "story_group": "main" }, "geometry": { "type": "Polygon", "coordinates": [ [ [ -78.680053879504101, 35.787885721090205, 0.0 ], [ -78.68013810560673, 35.787780979617622, 0.0 ], [ -78.680126779533097, 35.787774933398396, 0.0 ], [ -78.680157941686645, 35.787736179821039, 0.0 ], [ -78.680185677311826, 35.787750986930412, 0.0 ], [ -78.680182820241114, 35.787754538845483, 0.0 ], [ -78.680215881115501, 35.787772190152481, 0.0 ], [ -78.680105248894606, 35.787912818836958, 0.0 ], [ -78.680053879504101, 35.787885721090205, 0.0 ] ] ] } },
{ "type": "Feature", "properties": { "OBJECTID": 2492, "BLDGNUM": "158D", "Precinct_N": "Central Campus", "story_group": "main" }, "geometry": { "type": "Polygon", "coordinates": [ [ [ -78.679987406299688, 35.787845021099827, 0.0 ], [ -78.679879618042506, 35.787877957938598, 0.0 ], [ -78.679873869676399, 35.787865470010992, 0.0 ], [ -78.679813440266784, 35.78788393392265, 0.0 ], [ -78.679763746669849, 35.787866684055025, 0.0 ], [ -78.679781936872914, 35.787833346916308, 0.0 ], [ -78.679814595629423, 35.787844696867481, 0.0 ], [ -78.680009764945552, 35.787785059204332, 0.0 ], [ -78.680024148796846, 35.787758910179882, 0.0 ], [ -78.680065072592157, 35.787773808736709, 0.0 ], [ -78.680043590191403, 35.787813060917301, 0.0 ], [ -78.679981563614788, 35.787832322915889, 0.0 ], [ -78.679987406299688, 35.787845021099827, 0.0 ] ] ] } },
{ "type": "Feature", "properties": { "OBJECTID": 2493, "BLDGNUM": "158B", "Precinct_N": "Central Campus", "story_group": "main" }, "geometry": { "type": "Polygon", "coordinates": [ [ [ -78.680230736925537, 35.787616571216191, 0.0 ], [ -78.680347836943398, 35.787336192162456, 0.0 ], [ -78.680430446013006, 35.787359095750439, 0.0 ], [ -78.680415295541763, 35.787395375746264, 0.0 ], [ -78.680397161045917, 35.787390349141191, 0.0 ], [ -78.680295212810265, 35.787634448264491, 0.0 ], [ -78.680230736925537, 35.787616571216191, 0.0 ] ] ] } },
{ "type": "Feature", "properties": { "OBJECTID": 2494, "BLDGNUM": "216A", "Precinct_N": "Central Campus", "story_group": "main" }, "geometry": { "type": "Polygon", "coordinates": [ [ [ -78.68123075563561, 35.785499374240565, 0.0 ], [ -78.680338486537565, 35.785130919310205, 0.0 ], [ -78.68033063573975, 35.785143539196348, 0.0 ], [ -78.680294366215279, 35.785128561890076, 0.0 ], [ -78.680592868996683, 35.78464863591482, 0.0 ], [ -78.680628649116173, 35.784663410851707, 0.0 ], [ -78.680626658603558, 35.784666611724141, 0.0 ], [ -78.681497437484282, 35.785024288714787, 0.0 ], [ -78.681308791023298, 35.785323805904049, 0.0 ], [ -78.681318171845092, 35.785327680093481, 0.0 ], [ -78.68129670048323, 35.785362204088237, 0.0 ], [ -78.681449138496873, 35.785425149900171, 0.0 ], [ -78.68141101512569, 35.785486441826414, 0.0 ], [ -78.681249919580139, 35.785419921111128, 0.0 ], [ -78.681212273633349, 35.785480448981609, 0.0 ], [ -78.68123634419544, 35.785490388917808, 0.0 ], [ -78.68123075563561, 35.785499374240565, 0.0 ] ] ] } },
{ "type": "Feature", "properties": { "OBJECTID": 2495, "BLDGNUM": "118", "Precinct_N": "Central Campus", "story_group": "main" }, "geometry": { "type": "Polygon", "coordinates": [ [ [ -78.680469645977311, 35.784075349124578, 0.0 ], [ -78.680614287593798, 35.783851482283737, 0.0 ], [ -78.680551747112617, 35.783824652862414, 0.0 ], [ -78.680419817952128, 35.784028845027542, 0.0 ], [ -78.680273567219942, 35.783966107015985, 0.0 ], [ -78.680450111826957, 35.78369286266269, 0.0 ], [ -78.680653271762679, 35.783780013918616, 0.0 ], [ -78.680696114878089, 35.783713703246555, 0.0 ], [ -78.680702471293117, 35.783716429355252, 0.0 ], [ -78.680711973919415, 35.783701721742368, 0.0 ], [ -78.680656571775785, 35.783677955831521, 0.0 ], [ -78.680750056446712, 35.783533266033146, 0.0 ], [ -78.681108243651408, 35.783684766946088, 0.0 ], [ -78.681045086713027, 35.78378284483599, 0.0 ], [ -78.681163835843023, 35.783833785232083, 0.0 ], [ -78.681044563884257, 35.784018389771411, 0.0 ], [ -78.680844634150517, 35.783932625799245, 0.0 ], [ -78.680920209869043, 35.783815654058877, 0.0 ], [ -78.6808939945833, 35.783804406890596, 0.0 ], [ -78.680820231881299, 35.783918572965227, 0.0 ], [ -78.680814273006874, 35.783916015554986, 0.0 ], [ -78.680658879257422, 35.784156524855668, 0.0 ], [ -78.680469645977311, 35.784075349124578, 0.0 ] ] ] } },
{ "type": "Feature", "properties": { "OBJECTID": 2496, "BLDGNUM": "128", "Precinct_N": "Central Campus", "story_group": "main" }, "geometry": { "type": "Polygon", "coordinates": [ [ [ -78.681262283113838, 35.784296883584368, 0.0 ], [ -78.681077462623747, 35.784217663652392, 0.0 ], [ -78.681085345633861, 35.784205518809003, 0.0 ], [ -78.681021390866178, 35.784174519905406, 0.0 ], [ -78.680998294674907, 35.784112280014988, 0.0 ], [ -78.68107783124546, 35.784091906893593, 0.0 ], [ -78.681105421993465, 35.784102783562275, 0.0 ], [ -78.681317223261345, 35.783775447579636, 0.0 ], [ -78.681352310087149, 35.783790086194657, 0.0 ], [ -78.681360174788452, 35.783778355903742, 0.0 ], [ -78.681545313783445, 35.78385797194408, 0.0 ], [ -78.681537362958295, 35.783869666868917, 0.0 ], [ -78.681573109742715, 35.783885278796888, 0.0 ], [ -78.681563004592519, 35.78390133782262, 0.0 ], [ -78.681666407335015, 35.783921280851061, 0.0 ], [ -78.681653680850843, 35.783970146570532, 0.0 ], [ -78.681888933871448, 35.784013531785341, 0.0 ], [ -78.68187995745096, 35.784045246574479, 0.0 ], [ -78.681899834586133, 35.784049160747323, 0.0 ], [ -78.681874507009908, 35.784142912207827, 0.0 ], [ -78.681854521093214, 35.784139087881627, 0.0 ], [ -78.681846482075912, 35.78417095924533, 0.0 ], [ -78.681609732000837, 35.784128966225857, 0.0 ], [ -78.681601116644416, 35.784156040000667, 0.0 ], [ -78.681558184658471, 35.784149238896241, 0.0 ], [ -78.681551341027813, 35.784174438891426, 0.0 ], [ -78.681499324895739, 35.784165143429249, 0.0 ], [ -78.681506694570103, 35.784140074605986, 0.0 ], [ -78.681473565854716, 35.784133776813341, 0.0 ], [ -78.681465477913747, 35.784159213308875, 0.0 ], [ -78.68143825097863, 35.784154529926603, 0.0 ], [ -78.681342924613574, 35.784301007282643, 0.0 ], [ -78.681313313582919, 35.784288798601402, 0.0 ], [ -78.681305875967766, 35.78429964758611, 0.0 ], [ -78.681270130571264, 35.784284772887553, 0.0 ], [ -78.681262283113838, 35.784296883584368, 0.0 ] ] ] } },
{ "type": "Feature", "properties": { "OBJECTID": 2497, "BLDGNUM": "158A", "Precinct_N": "Central Campus", "story_group": "main" }, "geometry": { "type": "Polygon", "coordinates": [ [ [ -78.680858537861525, 35.787312698912615, 0.0 ], [ -78.681498515601859, 35.787494610367929, 0.0 ], [ -78.681358266900787, 35.787822172202034, 0.0 ], [ -78.680686852003362, 35.787631324627974, 0.0 ], [ -78.680679542074301, 35.787648400395575, 0.0 ], [ -78.6804728629469, 35.787589652316456, 0.0 ], [ -78.680540853129443, 35.787430854819796, 0.0 ], [ -78.680523566647139, 35.787425942224097, 0.0 ], [ -78.680538673310778, 35.787390659890406, 0.0 ], [ -78.68061978184376, 35.787413714446259, 0.0 ], [ -78.680620938557439, 35.7874110152433, 0.0 ], [ -78.680644506916664, 35.787417713633587, 0.0 ], [ -78.680716245883673, 35.787250163873189, 0.0 ], [ -78.680866969806303, 35.787293006760152, 0.0 ], [ -78.680858537861525, 35.787312698912615, 0.0 ] ] ] } },
{ "type": "Feature", "properties": { "OBJECTID": 2498, "BLDGNUM": "215", "Precinct_N": "Central Campus", "story_group": "main" }, "geometry": { "type": "Polygon", "coordinates": [ [ [ -78.681800999704777, 35.786840458410019, 0.0 ], [ -78.681367170770869, 35.786566993665971, 0.0 ], [ -78.681637094472023, 35.786282706245231, 0.0 ], [ -78.681646262163682, 35.786288486198252, 0.0 ], [ -78.681690331727822, 35.786242070245699, 0.0 ], [ -78.681766520302205, 35.786290095611704, 0.0 ], [ -78.681783393635968, 35.786272324575592, 0.0 ], [ -78.681822829781609, 35.786297183949031, 0.0 ], [ -78.68183076879906, 35.786288822161985, 0.0 ], [ -78.681877885191042, 35.78631852287532, 0.0 ], [ -78.681853683800682, 35.786344011944649, 0.0 ], [ -78.681860383031136, 35.786348235119824, 0.0 ], [ -78.68181564590418, 35.786395354241549, 0.0 ], [ -78.681836194932885, 35.7864083070722, 0.0 ], [ -78.681720586214269, 35.786530069918896, 0.0 ], [ -78.682024227692168, 35.786721467743874, 0.0 ], [ -78.681997270272419, 35.78674986099346, 0.0 ], [ -78.681982249606307, 35.786740391903464, 0.0 ], [ -78.68196342560698, 35.786760219251086, 0.0 ], [ -78.681909473927121, 35.786726211223957, 0.0 ], [ -78.681800999704777, 35.786840458410019, 0.0 ] ] ] } },
{ "type": "Feature", "properties": { "OBJECTID": 2499, "BLDGNUM": "121", "Precinct_N": "Central Campus", "story_group": "main" }, "geometry": { "type": "Polygon", "coordinates": [ [ [ -78.682039931648674, 35.7870867269448, 0.0 ], [ -78.682192581626211, 35.786925803219304, 0.0 ], [ -78.682117634561322, 35.786878604300277, 0.0 ], [ -78.682169149091337, 35.786824297394908, 0.0 ], [ -78.682217298901321, 35.786854619891272, 0.0 ], [ -78.682224170461268, 35.786847375668962, 0.0 ], [ -78.682313536920418, 35.78690365622915, 0.0 ], [ -78.682347272618884, 35.786868092349216, 0.0 ], [ -78.682521845697437, 35.786978032082963, 0.0 ], [ -78.682573962077186, 35.786923092029426, 0.0 ], [ -78.682638713125172, 35.786963869057388, 0.0 ], [ -78.682552761126701, 35.78705448008197, 0.0 ], [ -78.682575925779105, 35.787069068331689, 0.0 ], [ -78.682364991182894, 35.787291435867047, 0.0 ], [ -78.682039931648674, 35.7870867269448, 0.0 ] ] ] } },
{ "type": "Feature", "properties": { "OBJECTID": 2500, "BLDGNUM": "238", "Precinct_N": "Central Campus", "story_group": "main" }, "geometry": { "type": "Polygon", "coordinates": [ [ [ -78.682347120035587, 35.785763605711701, 0.0 ], [ -78.681915333562316, 35.78570004288509, 0.0 ], [ -78.681944506565799, 35.785568079003887, 0.0 ], [ -78.681855000909636, 35.785554940729504, 0.0 ], [ -78.681904548702974, 35.78533082320719, 0.0 ], [ -78.681976331918236, 35.785341358967464, 0.0 ], [ -78.681983489110124, 35.785308987762214, 0.0 ], [ -78.682151718482842, 35.785333680206953, 0.0 ], [ -78.68214493862466, 35.785364348861172, 0.0 ], [ -78.682241947593454, 35.785378588109779, 0.0 ], [ -78.682193426705524, 35.785598062001228, 0.0 ], [ -78.68228349520615, 35.785611280812788, 0.0 ], [ -78.682311218109263, 35.78548588117178, 0.0 ], [ -78.68242373284393, 35.785502396045722, 0.0 ], [ -78.682426906478355, 35.785488044066234, 0.0 ], [ -78.682462555517716, 35.785493275561834, 0.0 ], [ -78.68245951816975, 35.78550700867239, 0.0 ], [ -78.682482264126236, 35.785510347954705, 0.0 ], [ -78.682427224169544, 35.785759316821981, 0.0 ], [ -78.682350556110137, 35.785748064642426, 0.0 ], [ -78.682347120035587, 35.785763605711701, 0.0 ] ] ] } },
{ "type": "Feature", "properties": { "OBJECTID": 2501, "BLDGNUM": "210", "Precinct_N": "Central Campus", "story_group": "main" }, "geometry": { "type": "Polygon", "coordinates": [ [ [ -78.682819978263339, 35.785816516369643, 0.0 ], [ -78.682540597641108, 35.785776416994999, 0.0 ], [ -78.682606545606873, 35.785478099835636, 0.0 ], [ -78.682682345568438, 35.785489226110229, 0.0 ], [ -78.682693518458237, 35.785438694179511, 0.0 ], [ -78.682403978182535, 35.785396196579491, 0.0 ], [ -78.682456712612435, 35.785157661080284, 0.0 ], [ -78.68284319903546, 35.785214386351576, 0.0 ], [ -78.682790518636111, 35.785452683294615, 0.0 ], [ -78.682784218001203, 35.785451759233787, 0.0 ], [ -78.682778672680868, 35.785476841886414, 0.0 ], [ -78.682796443585005, 35.785479450684377, 0.0 ], [ -78.6827909252995, 35.785504409923234, 0.0 ], [ -78.682947418599511, 35.785527378881348, 0.0 ], [ -78.682916420652717, 35.785667589175631, 0.0 ], [ -78.682854896727548, 35.785658558886254, 0.0 ], [ -78.682819978263339, 35.785816516369643, 0.0 ] ] ] } },
{ "type": "Feature", "properties": { "OBJECTID": 2502, "BLDGNUM": "126E", "Precinct_N": "Central Campus", "story_group": "main" }, "geometry": { "type": "Polygon", "coordinates": [ [ [ -78.682487229716997, 35.788405083273872, 0.0 ], [ -78.682206758867579, 35.788696539419668, 0.0 ], [ -78.68188932406521, 35.788493748325777, 0.0 ], [ -78.682049788961464, 35.788326999122546, 0.0 ], [ -78.682100139328824, 35.788359166135741, 0.0 ], [ -78.682162855081117, 35.788293993918302, 0.0 ], [ -78.682179201933451, 35.788304437189112, 0.0 ], [ -78.682241966455592, 35.788239213680583, 0.0 ], [ -78.682272552525632, 35.788258754401731, 0.0 ], [ -78.682397225960671, 35.788129193750123, 0.0 ], [ -78.682629914614552, 35.78827784612745, 0.0 ], [ -78.682499766326572, 35.788413091951639, 0.0 ], [ -78.682487229716997, 35.788405083273872, 0.0 ] ] ] } },
{ "type": "Feature", "properties": { "OBJECTID": 2503, "BLDGNUM": "122", "Precinct_N": "Central Campus", "story_group": "main" }, "geometry": { "type": "Polygon", "coordinates": [ [ [ -78.683422252478948, 35.787922817784647, 0.0 ], [ -78.683182316319247, 35.787771372814625, 0.0 ], [ -78.683125501552155, 35.787831130304298, 0.0 ], [ -78.683067121583733, 35.787794281061828, 0.0 ], [ -78.683082618555133, 35.787777980875845, 0.0 ], [ -78.683077640636483, 35.787774838454666, 0.0 ], [ -78.683089921799649, 35.787761919864032, 0.0 ], [ -78.682930892304483, 35.787661541445921, 0.0 ], [ -78.682935537733584, 35.787656654720784, 0.0 ], [ -78.682924546829682, 35.787649718203127, 0.0 ], [ -78.682919789212463, 35.787654721810831, 0.0 ], [ -78.682846602663091, 35.787608526627437, 0.0 ], [ -78.682904160605815, 35.78754798973069, 0.0 ], [ -78.682935986724161, 35.787568078831669, 0.0 ], [ -78.683121914179821, 35.787372524328262, 0.0 ], [ -78.68326968207829, 35.787465794962543, 0.0 ], [ -78.68333224044801, 35.78739999798772, 0.0 ], [ -78.683405603643848, 35.787446305108261, 0.0 ], [ -78.683390773288906, 35.787461903118007, 0.0 ], [ -78.683769500773948, 35.787700951977996, 0.0 ], [ -78.683585575807214, 35.787894401695326, 0.0 ], [ -78.683500390176604, 35.787840634187006, 0.0 ], [ -78.683422252478948, 35.787922817784647, 0.0 ] ] ] } },
{ "type": "Feature", "properties": { "OBJECTID": 2504, "BLDGNUM": "223", "Precinct_N": "Central Campus", "story_group": "main" }, "geometry": { "type": "Polygon", "coordinates": [ [ [ -78.684054731623462, 35.787536052561187, 0.0 ], [ -78.684216203627329, 35.787365858136297, 0.0 ], [ -78.684221507129138, 35.787369198749957, 0.0 ], [ -78.684224766218833, 35.787365764055814, 0.0 ], [ -78.68435569864296, 35.787448232171442, 0.0 ], [ -78.684353071604932, 35.787450999707858, 0.0 ], [ -78.684358870601002, 35.787454651662102, 0.0 ], [ -78.684196755553046, 35.787625526922724, 0.0 ], [ -78.684190936685766, 35.787621863191987, 0.0 ], [ -78.684188236319557, 35.787624708951775, 0.0 ], [ -78.6840581932194, 35.787542799999152, 0.0 ], [ -78.684060904702477, 35.787539940750811, 0.0 ], [ -78.684054731623462, 35.787536052561187, 0.0 ] ] ] } },
{ "type": "Feature", "properties": { "OBJECTID": 2505, "BLDGNUM": "124C", "Precinct_N": "Central Campus", "story_group": "main" }, "geometry": { "type": "Polygon", "coordinates": [ [ [ -78.683985237615957, 35.790200800133974, 0.0 ], [ -78.683889389636462, 35.790143829851502, 0.0 ], [ -78.684128744086905, 35.789876712372028, 0.0 ], [ -78.684224567464696, 35.789933712152234, 0.0 ], [ -78.683985237615957, 35.790200800133974, 0.0 ] ] ] } },
{ "type": "Feature", "properties": { "OBJECTID": 2506, "BLDGNUM": "124E", "Precinct_N": "Central Campus", "story_group": "main" }, "geometry": { "type": "Polygon", "coordinates": [ [ [ -78.684045565853779, 35.790240999746601, 0.0 ], [ -78.684290493643971, 35.789967029063043, 0.0 ], [ -78.684386025270328, 35.790023724204723, 0.0 ], [ -78.684141097632022, 35.790297695075196, 0.0 ], [ -78.684045565853779, 35.790240999746601, 0.0 ] ] ] } },
{ "type": "Feature", "properties": { "OBJECTID": 2507, "BLDGNUM": "124K", "Precinct_N": "Central Campus", "story_group": "main" }, "geometry": { "type": "Polygon", "coordinates": [ [ [ -78.684222935746419, 35.790351651704128, 0.0 ], [ -78.684473493654565, 35.790069873382755, 0.0 ], [ -78.684570711010977, 35.790127256863471, 0.0 ], [ -78.684320153253211, 35.790409038083432, 0.0 ], [ -78.684222935746419, 35.790351651704128, 0.0 ] ] ] } },
{ "type": "Feature", "properties": { "OBJECTID": 2508, "BLDGNUM": "124P", "Precinct_N": "Central Campus", "story_group": "main" }, "geometry": { "type": "Polygon", "coordinates": [ [ [ -78.684413516890643, 35.79045785522996, 0.0 ], [ -78.684652956793144, 35.790190462061567, 0.0 ], [ -78.68471927662786, 35.790229882762432, 0.0 ], [ -78.684732102133665, 35.790215558425473, 0.0 ], [ -78.684754185210323, 35.790228685067568, 0.0 ], [ -78.684741421934348, 35.790242938361551, 0.0 ], [ -78.684743926263096, 35.790244425751318, 0.0 ], [ -78.684504422053649, 35.790511891935736, 0.0 ], [ -78.684413516890643, 35.79045785522996, 0.0 ] ] ] } },
{ "type": "Feature", "properties": { "OBJECTID": 2509, "BLDGNUM": "124A", "Precinct_N": "Central Campus", "story_group": "main" }, "geometry": { "type": "Polygon", "coordinates": [ [ [ -78.684912789744246, 35.789780352584891, 0.0 ], [ -78.684653018794364, 35.790073264834248, 0.0 ], [ -78.684426308895297, 35.789939791640734, 0.0 ], [ -78.684440942796456, 35.789923289860425, 0.0 ], [ -78.684421564608044, 35.789911880918943, 0.0 ], [ -78.684405707323961, 35.789929762191449, 0.0 ], [ -78.684197651207782, 35.789807272000139, 0.0 ], [ -78.684278963280036, 35.789715586987988, 0.0 ], [ -78.684378081271973, 35.789773940896289, 0.0 ], [ -78.684404331129286, 35.789744342920635, 0.0 ], [ -78.684511539582445, 35.789807459652543, 0.0 ], [ -78.684456070729013, 35.78987316287575, 0.0 ], [ -78.684475270111264, 35.789884465891511, 0.0 ], [ -78.684686010694875, 35.789646840923972, 0.0 ], [ -78.684912789744246, 35.789780352584891, 0.0 ] ] ] } },
{ "type": "Feature", "properties": { "OBJECTID": 2510, "BLDGNUM": "124B", "Precinct_N": "Central Campus", "story_group": "main" }, "geometry": { "type": "Polygon", "coordinates": [ [ [ -78.684625202965378, 35.789700422640536, 0.0 ], [ -78.684378815503365, 35.789555168296388, 0.0 ], [ -78.684461016660435, 35.789462603943832, 0.0 ], [ -78.684707405090819, 35.789607859030362, 0.0 ], [ -78.684625202965378, 35.789700422640536, 0.0 ] ] ] } },
{ "type": "Feature", "properties": { "OBJECTID": 2511, "BLDGNUM": "123", "Precinct_N": "Central Campus", "story_group": "main" }, "geometry": { "type": "Polygon", "coordinates": [ [ [ -78.684222751318813, 35.787707604149283, 0.0 ], [ -78.684661207698724, 35.78798395666719, 0.0 ], [ -78.684381813717721, 35.788278240032561, 0.0 ], [ -78.68428694230451, 35.788218444128773, 0.0 ], [ -78.684258205668385, 35.788248710756179, 0.0 ], [ -78.684180660839047, 35.788199836207475, 0.0 ], [ -78.684210287251133, 35.788168630899179, 0.0 ], [ -78.683944247568959, 35.788000947842079, 0.0 ], [ -78.684222751318813, 35.787707604149283, 0.0 ] ] ] } },
{ "type": "Feature", "properties": { "OBJECTID": 2512, "BLDGNUM": "222F", "Precinct_N": "Central Campus", "story_group": "main" }, "geometry": { "type": "Polygon", "coordinates": [ [ [ -78.683766379810237, 35.786284037893381, 0.0 ], [ -78.683783091025006, 35.786322336203575, 0.0 ], [ -78.683801192277983, 35.786321143832858, 0.0 ], [ -78.683799160632574, 35.786307439900597, 0.0 ], [ -78.683908808937616, 35.786296639672528, 0.0 ], [ -78.68391083851219, 35.78631031205046, 0.0 ], [ -78.68395772804358, 35.786305692612672, 0.0 ], [ -78.683955589604764, 35.786291285355972, 0.0 ], [ -78.684065354071279, 35.786280471768187, 0.0 ], [ -78.684067295279689, 35.786293550828582, 0.0 ], [ -78.684096372282866, 35.786290687837806, 0.0 ], [ -78.684098399697731, 35.78630435479888, 0.0 ], [ -78.684129926809007, 35.786301250282811, 0.0 ], [ -78.684139430189816, 35.786365302046967, 0.0 ], [ -78.684108219551973, 35.786368375838983, 0.0 ], [ -78.684124501494225, 35.786478118189933, 0.0 ], [ -78.684088254474219, 35.786481688179542, 0.0 ], [ -78.684090511487909, 35.786496898839793, 0.0 ], [ -78.683996732216841, 35.786506136897643, 0.0 ], [ -78.68399457224028, 35.786491576357882, 0.0 ], [ -78.683957831646339, 35.786495194602523, 0.0 ], [ -78.683949072063115, 35.78643616435285, 0.0 ], [ -78.683903930956063, 35.786440610758376, 0.0 ], [ -78.683906017654863, 35.786454669060134, 0.0 ], [ -78.683796869338138, 35.786465420107966, 0.0 ], [ -78.683794864612054, 35.786451903726167, 0.0 ], [ -78.683677151961263, 35.786463498632344, 0.0 ], [ -78.683627919753704, 35.786350644840745, 0.0 ], [ -78.683612038607478, 35.786355246434312, 0.0 ], [ -78.683575326086356, 35.786271109570706, 0.0 ], [ -78.68359108095926, 35.786266546411767, 0.0 ], [ -78.683584974088873, 35.786252550671868, 0.0 ], [ -78.683576722323139, 35.786254942144609, 0.0 ], [ -78.6835641149938, 35.786226047393008, 0.0 ], [ -78.683546996828241, 35.786231006303844, 0.0 ], [ -78.683515725782726, 35.786159338354686, 0.0 ], [ -78.683533292458463, 35.786154249918035, 0.0 ], [ -78.68352053823763, 35.786125020379885, 0.0 ], [ -78.683807116537878, 35.786042004168266, 0.0 ], [ -78.683819662538298, 35.786070755423076, 0.0 ], [ -78.683838079717859, 35.786065418575348, 0.0 ], [ -78.683869801642416, 35.786138116049329, 0.0 ], [ -78.683851820799532, 35.786143324240172, 0.0 ], [ -78.68386422977153, 35.786171764169282, 0.0 ], [ -78.683755169593653, 35.786203357237397, 0.0 ], [ -78.683788373711863, 35.786277498927866, 0.0 ], [ -78.683766379810237, 35.786284037893381, 0.0 ] ] ] } },
{ "type": "Feature", "properties": { "OBJECTID": 2513, "BLDGNUM": "222E", "Precinct_N": "Central Campus", "story_group": "main" }, "geometry": { "type": "Polygon", "coordinates": [ [ [ -78.684276230321117, 35.785648624859832, 0.0 ], [ -78.684315419886062, 35.785739899399033, 0.0 ], [ -78.684331126716614, 35.78573542074605, 0.0 ], [ -78.684367370768584, 35.785819835599014, 0.0 ], [ -78.684352291848555, 35.785824133811481, 0.0 ], [ -78.684367205185097, 35.785858867070964, 0.0 ], [ -78.684436013851098, 35.785839251749898, 0.0 ], [ -78.684448062724655, 35.785867313926587, 0.0 ], [ -78.684466614582831, 35.785862026005226, 0.0 ], [ -78.684497947633588, 35.785934999926781, 0.0 ], [ -78.684479191991358, 35.785940345912543, 0.0 ], [ -78.684491556618781, 35.785969142597473, 0.0 ], [ -78.684363804175121, 35.786005559579202, 0.0 ], [ -78.684374635120349, 35.786030783872263, 0.0 ], [ -78.684301120750177, 35.786051738983694, 0.0 ], [ -78.684290449884443, 35.786026885552367, 0.0 ], [ -78.684274246861094, 35.78603150532664, 0.0 ], [ -78.684264606486749, 35.786009049440359, 0.0 ], [ -78.684248499821024, 35.786013639716593, 0.0 ], [ -78.684212339117352, 35.785929419740356, 0.0 ], [ -78.684227748081426, 35.785925027759376, 0.0 ], [ -78.684212069626014, 35.785888509637303, 0.0 ], [ -78.684196587570938, 35.78589292396056, 0.0 ], [ -78.684160206625023, 35.785808192330933, 0.0 ], [ -78.684176154899603, 35.785803644920222, 0.0 ], [ -78.684168606672841, 35.785789906861638, 0.0 ], [ -78.684118561264256, 35.785795137423122, 0.0 ], [ -78.684121247592017, 35.785812300614189, 0.0 ], [ -78.684036231883795, 35.785821132382843, 0.0 ], [ -78.684033506725939, 35.785803719416258, 0.0 ], [ -78.684022388132021, 35.785804874047912, 0.0 ], [ -78.684039592640715, 35.785914844160516, 0.0 ], [ -78.68400252175131, 35.785918695010743, 0.0 ], [ -78.684005011645837, 35.785934599414794, 0.0 ], [ -78.683911725734163, 35.785944287557285, 0.0 ], [ -78.683909220779455, 35.785928278556106, 0.0 ], [ -78.683871838905176, 35.785932161909571, 0.0 ], [ -78.683833332502061, 35.785686026885394, 0.0 ], [ -78.683870007105554, 35.78568221832294, 0.0 ], [ -78.683867803288905, 35.785668130869993, 0.0 ], [ -78.683961941017444, 35.785658353033369, 0.0 ], [ -78.683964120038084, 35.785672279079293, 0.0 ], [ -78.684000702779727, 35.785668479252706, 0.0 ], [ -78.684001915864741, 35.785676233076614, 0.0 ], [ -78.684020170162555, 35.785674337118884, 0.0 ], [ -78.684018173554719, 35.785661569777204, 0.0 ], [ -78.684127110567658, 35.785650254641808, 0.0 ], [ -78.684129171941478, 35.785663437670323, 0.0 ], [ -78.684276230321117, 35.785648624859832, 0.0 ] ] ] } },
{ "type": "Feature", "properties": { "OBJECTID": 2514, "BLDGNUM": "222G", "Precinct_N": "Central Campus", "story_group": "main" }, "geometry": { "type": "Polygon", "coordinates": [ [ [ -78.684456763615387, 35.786147617293587, 0.0 ], [ -78.684473512537849, 35.786257996263316, 0.0 ], [ -78.684509924648196, 35.786254328339872, 0.0 ], [ -78.684507858212385, 35.786240721674737, 0.0 ], [ -78.684617665538624, 35.786229659830354, 0.0 ], [ -78.684619615467696, 35.786242510863907, 0.0 ], [ -78.684666287316887, 35.786237808567527, 0.0 ], [ -78.68466433307168, 35.786224927779138, 0.0 ], [ -78.684773831597809, 35.78621389744319, 0.0 ], [ -78.684775768617627, 35.786226661010311, 0.0 ], [ -78.684819658328593, 35.7862222398876, 0.0 ], [ -78.684802952114467, 35.786112136887809, 0.0 ], [ -78.684839007806673, 35.786108503997795, 0.0 ], [ -78.684835593237224, 35.786085995760338, 0.0 ], [ -78.684929967005459, 35.786076489091982, 0.0 ], [ -78.684933344951901, 35.786098750263207, 0.0 ], [ -78.684969741479378, 35.786095083063465, 0.0 ], [ -78.684987957862148, 35.786215137201708, 0.0 ], [ -78.684969526623291, 35.786216994088882, 0.0 ], [ -78.684975544839688, 35.786256653559448, 0.0 ], [ -78.685003933713944, 35.78625379488232, 0.0 ], [ -78.685018331099982, 35.786348675353921, 0.0 ], [ -78.684960587169812, 35.786354492062067, 0.0 ], [ -78.684962080932195, 35.786364337723214, 0.0 ], [ -78.684916877555565, 35.786368891603097, 0.0 ], [ -78.684915409641789, 35.786359227178842, 0.0 ], [ -78.68490200920516, 35.786360576989615, 0.0 ], [ -78.684898315252866, 35.786336231991164, 0.0 ], [ -78.68486100120073, 35.786339991437607, 0.0 ], [ -78.684859841784956, 35.786332351332632, 0.0 ], [ -78.684823865675838, 35.786335975421203, 0.0 ], [ -78.684826346290905, 35.786352318737443, 0.0 ], [ -78.684796206649182, 35.786355354915585, 0.0 ], [ -78.684798275197835, 35.786369000338539, 0.0 ], [ -78.684763270708203, 35.786372526873507, 0.0 ], [ -78.684764439800759, 35.786380236408043, 0.0 ], [ -78.684725911725835, 35.786384117959031, 0.0 ], [ -78.684724741576375, 35.786376396703929, 0.0 ], [ -78.684688664731198, 35.786380032209365, 0.0 ], [ -78.684686684622207, 35.786366973789782, 0.0 ], [ -78.68464123665521, 35.786371553073515, 0.0 ], [ -78.684643232970515, 35.786384708881137, 0.0 ], [ -78.684607223628163, 35.786388336425091, 0.0 ], [ -78.68460844665627, 35.78639639492166, 0.0 ], [ -78.684569680636955, 35.786400300143661, 0.0 ], [ -78.684568452229286, 35.786392203776217, 0.0 ], [ -78.684532829100789, 35.786395792638892, 0.0 ], [ -78.684530819866197, 35.786382550266751, 0.0 ], [ -78.684501812307772, 35.786385472128508, 0.0 ], [ -78.684494015880006, 35.786334092333249, 0.0 ], [ -78.684458369536472, 35.786337682916738, 0.0 ], [ -78.68446032158495, 35.786350551984881, 0.0 ], [ -78.6843502551189, 35.786361639155174, 0.0 ], [ -78.684348282572799, 35.786348641139654, 0.0 ], [ -78.68431922521961, 35.786351568237038, 0.0 ], [ -78.684315663019589, 35.78632808975545, 0.0 ], [ -78.684305598024238, 35.786329103828905, 0.0 ], [ -78.68430289321509, 35.786311276304893, 0.0 ], [ -78.684241835948896, 35.786317425697085, 0.0 ], [ -78.684236281855434, 35.786280815745869, 0.0 ], [ -78.684307482655257, 35.786273644375086, 0.0 ], [ -78.684301639512881, 35.786235127330166, 0.0 ], [ -78.684290138102867, 35.786236284599688, 0.0 ], [ -78.684287812907044, 35.786220962899641, 0.0 ], [ -78.684299157181215, 35.786219818743362, 0.0 ], [ -78.684290669644597, 35.786163870921101, 0.0 ], [ -78.684327540977989, 35.786160157372152, 0.0 ], [ -78.684325175874889, 35.786144572375967, 0.0 ], [ -78.684418673307434, 35.786135153967443, 0.0 ], [ -78.684421109608977, 35.786151207846324, 0.0 ], [ -78.684456763615387, 35.786147617293587, 0.0 ] ] ] } },
{ "type": "Feature", "properties": { "OBJECTID": 2515, "BLDGNUM": "222H", "Precinct_N": "Central Campus", "story_group": "main" }, "geometry": { "type": "Polygon", "coordinates": [ [ [ -78.684462803133172, 35.786590940213074, 0.0 ], [ -78.684571983592235, 35.786580477082836, 0.0 ], [ -78.684573727468376, 35.786592553325903, 0.0 ], [ -78.684611515679705, 35.786588932199443, 0.0 ], [ -78.68460410722021, 35.786537610204071, 0.0 ], [ -78.684632715891766, 35.786534867554671, 0.0 ], [ -78.684630784634152, 35.786521481171306, 0.0 ], [ -78.684665073638541, 35.786518195284643, 0.0 ], [ -78.684663819844872, 35.786509513879167, 0.0 ], [ -78.684703151763259, 35.786505745293688, 0.0 ], [ -78.684704261194057, 35.786513434844451, 0.0 ], [ -78.684738971818831, 35.786510108566169, 0.0 ], [ -78.684740868657968, 35.786523247889946, 0.0 ], [ -78.684788273459603, 35.786518706080386, 0.0 ], [ -78.684786416488762, 35.786505837264336, 0.0 ], [ -78.68482123445115, 35.786502500424206, 0.0 ], [ -78.684819976307438, 35.786493795574131, 0.0 ], [ -78.684858810224398, 35.786490075224094, 0.0 ], [ -78.68486000370649, 35.786498341852358, 0.0 ], [ -78.684895273167285, 35.786494961992979, 0.0 ], [ -78.684897079585539, 35.786507465631431, 0.0 ], [ -78.684926020218086, 35.786504693125984, 0.0 ], [ -78.684928475051578, 35.786521697960524, 0.0 ], [ -78.684966457980238, 35.78651805829935, 0.0 ], [ -78.684965258014714, 35.786509749292193, 0.0 ], [ -78.685002268211065, 35.786506201745894, 0.0 ], [ -78.684998622029582, 35.786480942910316, 0.0 ], [ -78.685010935515137, 35.786479763337141, 0.0 ], [ -78.685009488875778, 35.786469745641725, 0.0 ], [ -78.685054762258503, 35.786465408231507, 0.0 ], [ -78.685056177648121, 35.786475214029295, 0.0 ], [ -78.685115176581604, 35.78646956005776, 0.0 ], [ -78.685128947093688, 35.786564961669661, 0.0 ], [ -78.68510057082338, 35.786567681601213, 0.0 ], [ -78.685106360634336, 35.786607783031059, 0.0 ], [ -78.685127023684288, 35.786605802998722, 0.0 ], [ -78.685144265971786, 35.786725253377128, 0.0 ], [ -78.685109600643585, 35.786728575381176, 0.0 ], [ -78.685112851555104, 35.786751093999101, 0.0 ], [ -78.685018639289154, 35.786760121710479, 0.0 ], [ -78.685015507988226, 35.786738426328171, 0.0 ], [ -78.684978202215603, 35.786742001957315, 0.0 ], [ -78.684962234460428, 35.786631375423696, 0.0 ], [ -78.684917860672101, 35.786635626794109, 0.0 ], [ -78.684919768327987, 35.786648837348793, 0.0 ], [ -78.68481091317723, 35.786659268282349, 0.0 ], [ -78.684809251155031, 35.786647751990714, 0.0 ], [ -78.684762624239326, 35.786652220108095, 0.0 ], [ -78.684764429551947, 35.786664719238352, 0.0 ], [ -78.684654518627923, 35.786675251856643, 0.0 ], [ -78.68465272951758, 35.786662857322852, 0.0 ], [ -78.684616470642354, 35.786666331896143, 0.0 ], [ -78.684632423968964, 35.786776851177521, 0.0 ], [ -78.684595813133015, 35.786780359084787, 0.0 ], [ -78.684598042794633, 35.786795802210356, 0.0 ], [ -78.684505171657449, 35.786804702301524, 0.0 ], [ -78.684503020646773, 35.786789802889601, 0.0 ], [ -78.684465687165442, 35.786793380092774, 0.0 ], [ -78.684457726230576, 35.786738227742916, 0.0 ], [ -78.684447228682231, 35.78673923439834, 0.0 ], [ -78.68444520262868, 35.786725200600856, 0.0 ], [ -78.684455669180252, 35.786724199273394, 0.0 ], [ -78.684449814001553, 35.786683637056228, 0.0 ], [ -78.684378073073873, 35.786690510568022, 0.0 ], [ -78.684372991320558, 35.786655299839154, 0.0 ], [ -78.684445569945069, 35.786648344674823, 0.0 ], [ -78.684445187575335, 35.786645694628362, 0.0 ], [ -78.684432936025061, 35.786646868896717, 0.0 ], [ -78.684430842113755, 35.786632366222875, 0.0 ], [ -78.684440986630563, 35.78663139380695, 0.0 ], [ -78.684437441891177, 35.786606830155733, 0.0 ], [ -78.684464719313681, 35.786604214792874, 0.0 ], [ -78.684462803133172, 35.786590940213074, 0.0 ] ] ] } },
{ "type": "Feature", "properties": { "OBJECTID": 2516, "BLDGNUM": "222B", "Precinct_N": "Central Campus", "story_group": "main" }, "geometry": { "type": "Polygon", "coordinates": [ [ [ -78.686112274576715, 35.786844005864708, 0.0 ], [ -78.686027177621924, 35.786911733658854, 0.0 ], [ -78.68603850387656, 35.786921235091235, 0.0 ], [ -78.68596037564761, 35.786983069768667, 0.0 ], [ -78.685948322753731, 35.786972959850345, 0.0 ], [ -78.685915210126396, 35.786999166752331, 0.0 ], [ -78.685966778133036, 35.787042423676262, 0.0 ], [ -78.685940144643922, 35.787063504204866, 0.0 ], [ -78.68595300467527, 35.787074292213632, 0.0 ], [ -78.685885463286482, 35.78712774817744, 0.0 ], [ -78.685872404780852, 35.787116793802362, 0.0 ], [ -78.685845639203862, 35.787137976722732, 0.0 ], [ -78.685750887668561, 35.78705849685015, 0.0 ], [ -78.685727821611195, 35.787076752702305, 0.0 ], [ -78.685673595264163, 35.787031266100037, 0.0 ], [ -78.685696667979116, 35.787013004866978, 0.0 ], [ -78.685684512572038, 35.787002808128904, 0.0 ], [ -78.685705382650212, 35.786986288921327, 0.0 ], [ -78.685693707986275, 35.786976497227208, 0.0 ], [ -78.685772249202117, 35.786914334794034, 0.0 ], [ -78.685783573221741, 35.786923834441737, 0.0 ], [ -78.685818244900588, 35.786896393145923, 0.0 ], [ -78.685806843690926, 35.786886830208076, 0.0 ], [ -78.685885248245128, 35.786824776411102, 0.0 ], [ -78.685897387113599, 35.786834958665544, 0.0 ], [ -78.68591065056512, 35.786824460631827, 0.0 ], [ -78.685882891132849, 35.786788251399926, 0.0 ], [ -78.68586452045146, 35.786797559104578, 0.0 ], [ -78.685821130690343, 35.786740700279694, 0.0 ], [ -78.685839527961875, 35.786731380031163, 0.0 ], [ -78.68583237063072, 35.786722001096784, 0.0 ], [ -78.685716360683486, 35.786780773404949, 0.0 ], [ -78.685696535252617, 35.786754793241002, 0.0 ], [ -78.685680426814159, 35.786762953932509, 0.0 ], [ -78.685630823132371, 35.786697949767579, 0.0 ], [ -78.685646841784731, 35.786689833918139, 0.0 ], [ -78.685627469848285, 35.786664448899202, 0.0 ], [ -78.685885157689853, 35.786533901901009, 0.0 ], [ -78.68590431065347, 35.786558999687323, 0.0 ], [ -78.685920840217335, 35.786550626432458, 0.0 ], [ -78.685970781933307, 35.786616073012937, 0.0 ], [ -78.685954622566584, 35.786624258847368, 0.0 ], [ -78.685973921950165, 35.786649549887315, 0.0 ], [ -78.685965702052002, 35.786653713649898, 0.0 ], [ -78.685975601037342, 35.786666686099117, 0.0 ], [ -78.685989926008219, 35.786659429328608, 0.0 ], [ -78.68604798494512, 35.786735512848793, 0.0 ], [ -78.686034640900829, 35.786742272808119, 0.0 ], [ -78.686112274576715, 35.786844005864708, 0.0 ] ] ] } },
{ "type": "Feature", "properties": { "OBJECTID": 2517, "BLDGNUM": "117A", "Precinct_N": "Central Campus", "story_group": "main" }, "geometry": { "type": "Polygon", "coordinates": [ [ [ -78.679333648453976, 35.783043802003924, 0.0 ], [ -78.678971427658439, 35.782888678004539, 0.0 ], [ -78.678999545825874, 35.782845081816163, 0.0 ], [ -78.678989830265166, 35.782840920834879, 0.0 ], [ -78.678999472321124, 35.782825973959774, 0.0 ], [ -78.679008249235139, 35.782829732268979, 0.0 ], [ -78.679034527526596, 35.782788993903353, 0.0 ], [ -78.679397686656188, 35.782944517684534, 0.0 ], [ -78.679333648453976, 35.783043802003924, 0.0 ] ] ] } },
{ "type": "Feature", "properties": { "OBJECTID": 2518, "BLDGNUM": "067B", "Precinct_N": "North Campus", "story_group": "main" }, "geometry": { "type": "Polygon", "coordinates": [ [ [ -78.672636468893103, 35.786675506095207, 0.0 ], [ -78.672562717712779, 35.786658413969761, 0.0 ], [ -78.672559307492577, 35.786668187117137, 0.0 ], [ -78.672325765587132, 35.786614061610408, 0.0 ], [ -78.672314589153515, 35.786646079824514, 0.0 ], [ -78.672268155977449, 35.786635319941823, 0.0 ], [ -78.672336476960893, 35.786439606868065, 0.0 ], [ -78.672380508470567, 35.786449811347474, 0.0 ], [ -78.67245745805775, 35.786229376731058, 0.0 ], [ -78.672694441575004, 35.786284299919188, 0.0 ], [ -78.672690551273632, 35.786295443631062, 0.0 ], [ -78.672764466817696, 35.78631257488135, 0.0 ], [ -78.672768380624419, 35.7863013609253, 0.0 ], [ -78.673005683969109, 35.786356355570959, 0.0 ], [ -78.672871415483172, 35.786740994444401, 0.0 ], [ -78.672632904247607, 35.786685717785346, 0.0 ], [ -78.672636468893103, 35.786675506095207, 0.0 ] ] ] } },
{ "type": "Feature", "properties": { "OBJECTID": 2519, "BLDGNUM": "099", "Precinct_N": "Central Campus", "story_group": "main" }, "geometry": { "type": "Polygon", "coordinates": [ [ [ -78.668920307151012, 35.782709114612928, 0.0 ], [ -78.668895588611718, 35.782754003954047, 0.0 ], [ -78.668792111079682, 35.782716168026013, 0.0 ], [ -78.668630910328616, 35.783008887588849, 0.0 ], [ -78.668651008119824, 35.78301623685897, 0.0 ], [ -78.668661408265635, 35.782997353069142, 0.0 ], [ -78.668747846705315, 35.783028956826925, 0.0 ], [ -78.668728459561208, 35.783064162125818, 0.0 ], [ -78.668622873183523, 35.783025555981652, 0.0 ], [ -78.668293636290798, 35.783623402635101, 0.0 ], [ -78.668246912733821, 35.78360631926261, 0.0 ], [ -78.668234275650562, 35.783629264703151, 0.0 ], [ -78.668275300977712, 35.78364426487385, 0.0 ], [ -78.6682359664958, 35.783715691401206, 0.0 ], [ -78.668173647017952, 35.783692905067682, 0.0 ], [ -78.668225523905235, 35.783598704119591, 0.0 ], [ -78.667110863608542, 35.783191129691374, 0.0 ], [ -78.667085400557937, 35.783237365042972, 0.0 ], [ -78.667044249748301, 35.783222317255365, 0.0 ], [ -78.66708289070327, 35.783152152893202, 0.0 ], [ -78.667132465595117, 35.783170281056414, 0.0 ], [ -78.667449223637149, 35.782595111025621, 0.0 ], [ -78.667399502123459, 35.782576930308615, 0.0 ], [ -78.667428181193742, 35.782524853914552, 0.0 ], [ -78.667470619578367, 35.782540371087983, 0.0 ], [ -78.667457103109456, 35.782564913948093, 0.0 ], [ -78.667464516555512, 35.782567622904224, 0.0 ], [ -78.66761889002737, 35.782287305878796, 0.0 ], [ -78.667558729609581, 35.782267292245102, 0.0 ], [ -78.66758725432301, 35.782214771924501, 0.0 ], [ -78.667605501614119, 35.782208834058117, 0.0 ], [ -78.667626164545283, 35.782215869570159, 0.0 ], [ -78.66763183561109, 35.782230998843403, 0.0 ], [ -78.667604340869659, 35.782255496374979, 0.0 ], [ -78.66763327218986, 35.782266075109881, 0.0 ], [ -78.667721473557094, 35.782104926663862, 0.0 ], [ -78.667912578197161, 35.782174941669254, 0.0 ], [ -78.66790840957664, 35.782182903629355, 0.0 ], [ -78.668656267207851, 35.78245635560323, 0.0 ], [ -78.668660179104037, 35.78244921224529, 0.0 ], [ -78.668939697800596, 35.782550848283975, 0.0 ], [ -78.668936912681616, 35.782555933330265, 0.0 ], [ -78.66889094704257, 35.782539190262533, 0.0 ], [ -78.66880512774226, 35.782695000109804, 0.0 ], [ -78.668833359118722, 35.782705321573097, 0.0 ], [ -78.668854395512611, 35.782667122854157, 0.0 ], [ -78.668913414100672, 35.782688702888301, 0.0 ], [ -78.668920307151012, 35.782709114612928, 0.0 ] ] ] } },
{ "type": "Feature", "properties": { "OBJECTID": 2773, "BLDGNUM": "168", "Precinct_N": "Central Campus", "story_group": "main" }, "geometry": { "type": "MultiPolygon", "coordinates": [ [ [ [ -78.695820828403043, 35.788911946554087, 0.0 ], [ -78.695823488794304, 35.788672538808001, 0.0 ], [ -78.695936438283866, 35.788673592295524, 0.0 ], [ -78.695933781266177, 35.788912780123312, 0.0 ], [ -78.695820828403043, 35.788911946554087, 0.0 ] ] ], [ [ [ -78.696088493963586, 35.78891392056363, 0.0 ], [ -78.695975542200145, 35.788913088041895, 0.0 ], [ -78.695978202136899, 35.788673679391231, 0.0 ], [ -78.696091153562648, 35.788674512811895, 0.0 ], [ -78.696088493963586, 35.78891392056363, 0.0 ] ] ], [ [ [ -78.695793817835366, 35.788672319611663, 0.0 ], [ -78.695791157352886, 35.788911728258419, 0.0 ], [ -78.695678205598952, 35.788910894559685, 0.0 ], [ -78.695680866415742, 35.788671485915323, 0.0 ], [ -78.695793817835366, 35.788672319611663, 0.0 ] ] ], [ [ [ -78.696131845946269, 35.789028409380542, 0.0 ], [ -78.696097117254254, 35.789028140688956, 0.0 ], [ -78.696096310656202, 35.789097367383107, 0.0 ], [ -78.695593118537445, 35.789093655949969, 0.0 ], [ -78.695593777729044, 35.789034316644894, 0.0 ], [ -78.695552474708094, 35.789034012443892, 0.0 ], [ -78.695552091600831, 35.789068489737261, 0.0 ], [ -78.695431721300764, 35.789067601219116, 0.0 ], [ -78.695433477682997, 35.788909638577273, 0.0 ], [ -78.696088488578951, 35.788914470370706, 0.0 ], [ -78.696088375142196, 35.788924639964186, 0.0 ], [ -78.696173679029314, 35.788925299784005, 0.0 ], [ -78.696172655214156, 35.789013201808473, 0.0 ], [ -78.696132027053679, 35.78901288776936, 0.0 ], [ -78.696131845946269, 35.789028409380542, 0.0 ] ] ] ] } },
{ "type": "Feature", "properties": { "OBJECTID": 3173, "BLDGNUM": "252H", "Precinct_N": "South Campus", "story_group": "main" }, "geometry": { "type": "Polygon", "coordinates": [ [ [ -78.682945173080526, 35.780065151863603, 0.0 ], [ -78.683000882895527, 35.780280352171012, 0.0 ], [ -78.682699156790733, 35.780332364934686, 0.0 ], [ -78.682643294383737, 35.780117346165731, 0.0 ], [ -78.682945173080526, 35.780065151863603, 0.0 ] ] ] } },
{ "type": "Feature", "properties": { "OBJECTID": 3175, "BLDGNUM": "809", "Precinct_N": "Lake Wheeler", "story_group": "other" }, "geometry": { "type": "MultiPolygon", "coordinates": [ [ [ [ -78.686591173646477, 35.7199166776455, 0.0 ], [ -78.686590832070294, 35.71991583038411, 0.0 ], [ -78.686591177338457, 35.719915724010612, 0.0 ], [ -78.686591173646477, 35.7199166776455, 0.0 ] ] ], [ [ [ -78.686590832070294, 35.71991583038411, 0.0 ], [ -78.686541987757565, 35.719930860173847, 0.0 ], [ -78.686450451678056, 35.71970453949622, 0.0 ], [ -78.686500799461186, 35.719692267285431, 0.0 ], [ -78.686590832070294, 35.71991583038411, 0.0 ] ] ] ] } },
{ "type": "Feature", "properties": { "OBJECTID": 3176, "BLDGNUM": "324A", "Precinct_N": "West Campus", "story_group": "vet" }, "geometry": { "type": "Polygon", "coordinates": [ [ [ -78.703100092939792, 35.800546147912193, 0.0 ], [ -78.703097193937879, 35.800571519017062, 0.0 ], [ -78.70301922274605, 35.800566459967548, 0.0 ], [ -78.703021073185369, 35.800540708646921, 0.0 ], [ -78.703100092939792, 35.800546147912193, 0.0 ] ] ] } },
{ "type": "Feature", "properties": { "OBJECTID": 3177, "BLDGNUM": "815G", "Precinct_N": "Lake Wheeler", "story_group": "other" }, "geometry": { "type": "Polygon", "coordinates": [ [ [ -78.686143132676605, 35.727690492043692, 0.0 ], [ -78.686014407872548, 35.727699700145116, 0.0 ], [ -78.685983355648617, 35.727411051364719, 0.0 ], [ -78.685828309482602, 35.727420191374037, 0.0 ], [ -78.685819868051212, 35.727334313848424, 0.0 ], [ -78.686103630116406, 35.727318352577441, 0.0 ], [ -78.686143132676605, 35.727690492043692, 0.0 ] ] ] } },
{ "type": "Feature", "properties": { "OBJECTID": 3178, "BLDGNUM": "815D", "Precinct_N": "Lake Wheeler", "story_group": "other" }, "geometry": { "type": "Polygon", "coordinates": [ [ [ -78.685585201112389, 35.735354941411764, 0.0 ], [ -78.685541030709601, 35.735355632254823, 0.0 ], [ -78.685537347882729, 35.735249585742686, 0.0 ], [ -78.685583419118629, 35.73524904943568, 0.0 ], [ -78.685585201112389, 35.735354941411764, 0.0 ] ] ] } },
{ "type": "Feature", "properties": { "OBJECTID": 3179, "BLDGNUM": "092", "Precinct_N": "Central Campus", "story_group": "main" }, "geometry": { "type": "Polygon", "coordinates": [ [ [ -78.673098489643223, 35.784613739809394, 0.0 ], [ -78.673030102235529, 35.784731218126666, 0.0 ], [ -78.673033178440633, 35.784732343151461, 0.0 ], [ -78.672948388811179, 35.784886319805437, 0.0 ], [ -78.672945312601399, 35.784885194778582, 0.0 ], [ -78.672923234508161, 35.784925286908333, 0.0 ], [ -78.672926834285718, 35.784926602624225, 0.0 ], [ -78.672924763765522, 35.784930362893029, 0.0 ], [ -78.672921163987823, 35.784929047177094, 0.0 ], [ -78.672850298695906, 35.785064446519854, 0.0 ], [ -78.672847222477074, 35.785063322391899, 0.0 ], [ -78.672830541256928, 35.785093613327398, 0.0 ], [ -78.672805048970631, 35.785084293442608, 0.0 ], [ -78.672791265557962, 35.785109218324962, 0.0 ], [ -78.67270448700414, 35.785077350656834, 0.0 ], [ -78.672718209120092, 35.785052543695741, 0.0 ], [ -78.672690604930011, 35.785042451968586, 0.0 ], [ -78.672719356122172, 35.784990241172437, 0.0 ], [ -78.672716279911626, 35.784989116139784, 0.0 ], [ -78.672768040878992, 35.784895121209352, 0.0 ], [ -78.672771117090321, 35.784896245339411, 0.0 ], [ -78.672935746129284, 35.784590574653031, 0.0 ], [ -78.672938822327723, 35.784591699680284, 0.0 ], [ -78.673001376596972, 35.784478103177207, 0.0 ], [ -78.672998300401986, 35.784476978151503, 0.0 ], [ -78.673048011394698, 35.78438670285324, 0.0 ], [ -78.67302452407894, 35.784378115779425, 0.0 ], [ -78.673038786900989, 35.784352215091609, 0.0 ], [ -78.673065350402197, 35.784361927186858, 0.0 ], [ -78.673087393728338, 35.784321897124151, 0.0 ], [ -78.673125829133497, 35.784335918855554, 0.0 ], [ -78.673127195349181, 35.784333437507172, 0.0 ], [ -78.673242600560627, 35.784375660627973, 0.0 ], [ -78.673241219865503, 35.784378167176477, 0.0 ], [ -78.67357033796398, 35.784495481860851, 0.0 ], [ -78.67356895727697, 35.784497988412959, 0.0 ], [ -78.673596396806403, 35.784508020914416, 0.0 ], [ -78.673534106336561, 35.78462114071268, 0.0 ], [ -78.673496669374018, 35.784607453483488, 0.0 ], [ -78.673495468095084, 35.784609634227841, 0.0 ], [ -78.673164955708458, 35.784486328859018, 0.0 ], [ -78.673118337709298, 35.784577696821103, 0.0 ], [ -78.673137485143769, 35.7845847291265, 0.0 ], [ -78.67313427473637, 35.784590536004117, 0.0 ], [ -78.673136714691509, 35.784591433081211, 0.0 ], [ -78.673123187777179, 35.784615890893733, 0.0 ], [ -78.673120091711354, 35.784614754100339, 0.0 ], [ -78.673116910288087, 35.784620505171745, 0.0 ], [ -78.673098489643223, 35.784613739809394, 0.0 ] ] ] } },
{ "type": "Feature", "properties": { "OBJECTID": 3180, "BLDGNUM": "091", "Precinct_N": "Central Campus", "story_group": "main" }, "geometry": { "type": "Polygon", "coordinates": [ [ [ -78.67403365332774, 35.784912374019456, 0.0 ], [ -78.674086641480201, 35.784822825454455, 0.0 ], [ -78.673750085748992, 35.784702424080898, 0.0 ], [ -78.673751299292235, 35.784700218129259, 0.0 ], [ -78.673713435822606, 35.784686392820326, 0.0 ], [ -78.67373936157675, 35.784639800420209, 0.0 ], [ -78.673732864519792, 35.784637426899963, 0.0 ], [ -78.673743283838874, 35.784618483251485, 0.0 ], [ -78.673749780898206, 35.784620855869825, 0.0 ], [ -78.673776359593646, 35.784571987505558, 0.0 ], [ -78.673804110713419, 35.784582120843702, 0.0 ], [ -78.673805504781413, 35.784579586383117, 0.0 ], [ -78.67413557164825, 35.784703158317889, 0.0 ], [ -78.674136965711568, 35.784700622952293, 0.0 ], [ -78.674253710055311, 35.784743222748155, 0.0 ], [ -78.674252329374355, 35.784745732011785, 0.0 ], [ -78.674291173693987, 35.78475994735409, 0.0 ], [ -78.67426940143632, 35.784799533988263, 0.0 ], [ -78.674296819542434, 35.784808340441373, 0.0 ], [ -78.674281482677927, 35.784836225870151, 0.0 ], [ -78.674257756727556, 35.78482749868931, 0.0 ], [ -78.674141096476347, 35.78503281458655, 0.0 ], [ -78.674144208062742, 35.785033950493904, 0.0 ], [ -78.674042454390772, 35.785218955545112, 0.0 ], [ -78.674039343904809, 35.785217819638156, 0.0 ], [ -78.673922518157795, 35.785437019205212, 0.0 ], [ -78.673919407665167, 35.785435883295307, 0.0 ], [ -78.673890364871866, 35.785488687572318, 0.0 ], [ -78.673862200317302, 35.785478403527392, 0.0 ], [ -78.673852323611101, 35.785496361658829, 0.0 ], [ -78.673764561538206, 35.785464313652525, 0.0 ], [ -78.673774438256274, 35.785446356429304, 0.0 ], [ -78.673748837459485, 35.785437007610021, 0.0 ], [ -78.673765686833889, 35.785406371787417, 0.0 ], [ -78.673762576344657, 35.785405235873483, 0.0 ], [ -78.673840378862678, 35.785270571161334, 0.0 ], [ -78.67383673928299, 35.785269242747269, 0.0 ], [ -78.673838829851675, 35.785265440153822, 0.0 ], [ -78.673842470537423, 35.7852667685708, 0.0 ], [ -78.673864771341457, 35.785226221695964, 0.0 ], [ -78.673861660857767, 35.785225085784504, 0.0 ], [ -78.673947310140079, 35.785069359499495, 0.0 ], [ -78.673950421725166, 35.78507049541178, 0.0 ], [ -78.673996781560049, 35.784986204734039, 0.0 ], [ -78.673993671083721, 35.784985068825861, 0.0 ], [ -78.674013823239164, 35.784948428917623, 0.0 ], [ -78.67399505213973, 35.784941574422263, 0.0 ], [ -78.673996537733984, 35.78493417112881, 0.0 ], [ -78.674014554177447, 35.78490539967153, 0.0 ], [ -78.67403365332774, 35.784912374019456, 0.0 ] ] ] } },
{ "type": "Feature", "properties": { "OBJECTID": 3181, "BLDGNUM": "446E", "Precinct_N": "West Campus", "story_group": "vet" }, "geometry": { "type": "Polygon", "coordinates": [ [ [ -78.697110010322035, 35.793437640157229, 0.0 ], [ -78.697126320624932, 35.793440318033248, 0.0 ], [ -78.697146712247147, 35.793451824798197, 0.0 ], [ -78.697157643882548, 35.793468033792301, 0.0 ], [ -78.697158637492549, 35.793481882703567, 0.0 ], [ -78.697150303482331, 35.793501422048408, 0.0 ], [ -78.697138934036673, 35.793511724088418, 0.0 ], [ -78.697124173043846, 35.793518665599727, 0.0 ], [ -78.697102512875801, 35.793521523997192, 0.0 ], [ -78.697079171247665, 35.793514597730379, 0.0 ], [ -78.697067032158273, 35.793505308948177, 0.0 ], [ -78.697057087151165, 35.793486794959378, 0.0 ], [ -78.697056968721014, 35.793473223133105, 0.0 ], [ -78.697062109295928, 35.793460351206051, 0.0 ], [ -78.697078486589334, 35.793445143892129, 0.0 ], [ -78.697093480206462, 35.79343930170252, 0.0 ], [ -78.697110010322035, 35.793437640157229, 0.0 ] ] ] } },
{ "type": "Feature", "properties": { "OBJECTID": 3187, "BLDGNUM": "465K", "Precinct_N": "", "story_group": "other" }, "geometry": { "type": "Polygon", "coordinates": [ [ [ -78.709030498606808, 35.813805592509027, 0.0 ], [ -78.709080923156392, 35.813833134265792, 0.0 ], [ -78.709032081604192, 35.813892459056916, 0.0 ], [ -78.708981657031003, 35.813864918181807, 0.0 ], [ -78.709030498606808, 35.813805592509027, 0.0 ] ] ] } },
{ "type": "Feature", "properties": { "OBJECTID": 3188, "BLDGNUM": "465Q", "Precinct_N": "", "story_group": "other" }, "geometry": { "type": "Polygon", "coordinates": [ [ [ -78.709047273092892, 35.813968058927458, 0.0 ], [ -78.709019188480056, 35.813953402834684, 0.0 ], [ -78.709081360190524, 35.813874366979711, 0.0 ], [ -78.709109463563422, 35.813889033018064, 0.0 ], [ -78.709047273092892, 35.813968058927458, 0.0 ] ] ] } },
{ "type": "Feature", "properties": { "OBJECTID": 3189, "BLDGNUM": "465P", "Precinct_N": "", "story_group": "other" }, "geometry": { "type": "Polygon", "coordinates": [ [ [ -78.709082802241184, 35.813986890652316, 0.0 ], [ -78.709055087843026, 35.81397175323626, 0.0 ], [ -78.709119269658359, 35.813893793850916, 0.0 ], [ -78.709146985148422, 35.81390893125544, 0.0 ], [ -78.709082802241184, 35.813986890652316, 0.0 ] ] ] } },
{ "type": "Feature", "properties": { "OBJECTID": 3190, "BLDGNUM": "810U", "Precinct_N": "Lake Wheeler", "story_group": "other" }, "geometry": { "type": "Polygon", "coordinates": [ [ [ -78.675597379101319, 35.737701733351983, 0.0 ], [ -78.67554951784345, 35.737861888455392, 0.0 ], [ -78.675287604106131, 35.73780985957174, 0.0 ], [ -78.675335464745928, 35.737649704565754, 0.0 ], [ -78.675597379101319, 35.737701733351983, 0.0 ] ] ] } },
{ "type": "Feature", "properties": { "OBJECTID": 3192, "BLDGNUM": "825K", "Precinct_N": "Lake Wheeler", "story_group": "other" }, "geometry": { "type": "Polygon", "coordinates": [ [ [ -78.685595215894594, 35.7336693173743, 0.0 ], [ -78.685610471775888, 35.733560589489343, 0.0 ], [ -78.6858687788922, 35.733584684406281, 0.0 ], [ -78.685853523335908, 35.73369341682956, 0.0 ], [ -78.685595215894594, 35.7336693173743, 0.0 ] ] ] } },
{ "type": "Feature", "properties": { "OBJECTID": 3193, "BLDGNUM": "825L", "Precinct_N": "Lake Wheeler", "story_group": "other" }, "geometry": { "type": "Polygon", "coordinates": [ [ [ -78.684905443042069, 35.733895764299497, 0.0 ], [ -78.684933600003333, 35.733726815686573, 0.0 ], [ -78.685040301947737, 35.733738633692631, 0.0 ], [ -78.685012148539087, 35.733907577831459, 0.0 ], [ -78.684905443042069, 35.733895764299497, 0.0 ] ] ] } },
{ "type": "Feature", "properties": { "OBJECTID": 3194, "BLDGNUM": "825M", "Precinct_N": "Lake Wheeler", "story_group": "other" }, "geometry": { "type": "Polygon", "coordinates": [ [ [ -78.684836546218904, 35.733416775584075, 0.0 ], [ -78.684842667004389, 35.733368878657089, 0.0 ], [ -78.68486098659568, 35.733370460193782, 0.0 ], [ -78.684880196391774, 35.733221476098578, 0.0 ], [ -78.684994257619252, 35.733229704144378, 0.0 ], [ -78.684973733199485, 35.733388448402692, 0.0 ], [ -78.68503167036468, 35.733393433201613, 0.0 ], [ -78.685027916077672, 35.733422986342909, 0.0 ], [ -78.685066316294154, 35.733426162025182, 0.0 ], [ -78.685060893065568, 35.733468128005548, 0.0 ], [ -78.685225950120568, 35.733482291601057, 0.0 ], [ -78.685219418255969, 35.733533044797959, 0.0 ], [ -78.684906671951424, 35.733511369294774, 0.0 ], [ -78.684915467339735, 35.73344007093025, 0.0 ], [ -78.684882685464686, 35.733438257277321, 0.0 ], [ -78.684885189281474, 35.733420968433798, 0.0 ], [ -78.684836546218904, 35.733416775584075, 0.0 ] ] ] } },
{ "type": "Feature", "properties": { "OBJECTID": 3196, "BLDGNUM": "825J", "Precinct_N": "Lake Wheeler", "story_group": "other" }, "geometry": { "type": "Polygon", "coordinates": [ [ [ -78.692008908072836, 35.722462801415723, 0.0 ], [ -78.691874836249767, 35.722473918478272, 0.0 ], [ -78.691868019870512, 35.722419253306924, 0.0 ], [ -78.692002091603982, 35.72240813625168, 0.0 ], [ -78.692008908072836, 35.722462801415723, 0.0 ] ] ] } },
{ "type": "Feature", "properties": { "OBJECTID": 3197, "BLDGNUM": "815M", "Precinct_N": "Lake Wheeler", "story_group": "other" }, "geometry": { "type": "Polygon", "coordinates": [ [ [ -78.69595381207985, 35.727436537107842, 0.0 ], [ -78.69593961940825, 35.727467515754036, 0.0 ], [ -78.695904836537906, 35.727456920788349, 0.0 ], [ -78.695919029220946, 35.72742594214612, 0.0 ], [ -78.69595381207985, 35.727436537107842, 0.0 ] ] ] } },
{ "type": "Feature", "properties": { "OBJECTID": 4398, "BLDGNUM": "465S", "Precinct_N": "Reedy Creek", "story_group": "other" }, "geometry": { "type": "Polygon", "coordinates": [ [ [ -78.707036188185157, 35.810509015773619, 0.0 ], [ -78.706925398636159, 35.810524868029816, 0.0 ], [ -78.706896932094196, 35.810394081180384, 0.0 ], [ -78.707007731434871, 35.810378227170688, 0.0 ], [ -78.707036188185157, 35.810509015773619, 0.0 ] ] ] } },
{ "type": "Feature", "properties": { "OBJECTID": 4399, "BLDGNUM": "810A", "Precinct_N": "Lake Wheeler", "story_group": "other" }, "geometry": { "type": "Polygon", "coordinates": [ [ [ -78.67820047869543, 35.73935001077389, 0.0 ], [ -78.677998672300376, 35.739342322259589, 0.0 ], [ -78.678006420940093, 35.739232640026401, 0.0 ], [ -78.678206759666992, 35.739241516248015, 0.0 ], [ -78.67820047869543, 35.73935001077389, 0.0 ] ] ] } },
{ "type": "Feature", "properties": { "OBJECTID": 4802, "BLDGNUM": "814G", "Precinct_N": "Lake Wheeler", "story_group": "other" }, "geometry": { "type": "Polygon", "coordinates": [ [ [ -78.6754660026685, 35.735822297454021, 0.0 ], [ -78.675367818887111, 35.735797710677737, 0.0 ], [ -78.675422864373346, 35.735638310207008, 0.0 ], [ -78.675522802422535, 35.735662902517092, 0.0 ], [ -78.6754660026685, 35.735822297454021, 0.0 ] ] ] } },
{ "type": "Feature", "properties": { "OBJECTID": 4858, "BLDGNUM": "328", "Precinct_N": "West Campus", "story_group": "vet" }, "geometry": { "type": "Polygon", "coordinates": [ [ [ -78.699181618219228, 35.788069943754564, 0.0 ], [ -78.699168430553115, 35.78810687445948, 0.0 ], [ -78.699071304263555, 35.788083848593743, 0.0 ], [ -78.699084491966914, 35.788046918800376, 0.0 ], [ -78.699181618219228, 35.788069943754564, 0.0 ] ] ] } },
{ "type": "Feature", "properties": { "OBJECTID": 4859, "BLDGNUM": "331A", "Precinct_N": "West Campus", "story_group": "vet" }, "geometry": { "type": "Polygon", "coordinates": [ [ [ -78.699159286226788, 35.788123569130285, 0.0 ], [ -78.699146098541732, 35.788160499832138, 0.0 ], [ -78.699048972194134, 35.788137473949, 0.0 ], [ -78.699062159916437, 35.788100544158716, 0.0 ], [ -78.699159286226788, 35.788123569130285, 0.0 ] ] ] } },
{ "type": "Feature", "properties": { "OBJECTID": 4860, "BLDGNUM": "661A", "Precinct_N": "Reedy Creek", "story_group": "other" }, "geometry": { "type": "Polygon", "coordinates": [ [ [ -78.723475869466625, 35.816343513134186, 0.0 ], [ -78.72334706473805, 35.816376219645505, 0.0 ], [ -78.7233169482503, 35.816297536747619, 0.0 ], [ -78.723445752865715, 35.816264830267258, 0.0 ], [ -78.723475869466625, 35.816343513134186, 0.0 ] ] ] } },
{ "type": "Feature", "properties": { "OBJECTID": 4863, "BLDGNUM": "815Y", "Precinct_N": "Lake Wheeler", "story_group": "other" }, "geometry": { "type": "Polygon", "coordinates": [ [ [ -78.68041791461134, 35.731265531510708, 0.0 ], [ -78.68032401788129, 35.731273020491379, 0.0 ], [ -78.680320081575218, 35.731240208683268, 0.0 ], [ -78.680413978263999, 35.731232720606904, 0.0 ], [ -78.68041791461134, 35.731265531510708, 0.0 ] ] ] } },
{ "type": "Feature", "properties": { "OBJECTID": 4864, "BLDGNUM": "815Z", "Precinct_N": "Lake Wheeler", "story_group": "other" }, "geometry": { "type": "Polygon", "coordinates": [ [ [ -78.680746229894282, 35.731143552530014, 0.0 ], [ -78.680786657680883, 35.731143010455639, 0.0 ], [ -78.680787986230897, 35.731208937769424, 0.0 ], [ -78.68074755841144, 35.731209479844182, 0.0 ], [ -78.680746229894282, 35.731143552530014, 0.0 ] ] ] } },
{ "type": "Feature", "properties": { "OBJECTID": 4869, "BLDGNUM": "920A", "Precinct_N": "", "story_group": "other" }, "geometry": { "type": "Polygon", "coordinates": [ [ [ -78.664921656529188, 35.835600758561831, 0.0 ], [ -78.664862324754651, 35.835411781775463, 0.0 ], [ -78.665043734277148, 35.835374015206945, 0.0 ], [ -78.665013649870346, 35.835278196677613, 0.0 ], [ -78.664832240548819, 35.835315963202547, 0.0 ], [ -78.664773744919316, 35.835129648482784, 0.0 ], [ -78.665286919598856, 35.835022813979499, 0.0 ], [ -78.665345417440761, 35.835209128462985, 0.0 ], [ -78.665213038177569, 35.835236688256053, 0.0 ], [ -78.66524312169841, 35.835332506734545, 0.0 ], [ -78.665375501108272, 35.835304946909702, 0.0 ], [ -78.665434835114695, 35.835493922554967, 0.0 ], [ -78.664921656529188, 35.835600758561831, 0.0 ] ] ] } },
{ "type": "Feature", "properties": { "OBJECTID": 4887, "BLDGNUM": "465R", "Precinct_N": "Reedy Creek", "story_group": "other" }, "geometry": { "type": "MultiPolygon", "coordinates": [ [ [ [ -78.706457055784313, 35.810828553624823, 0.0 ], [ -78.706590512732092, 35.810808347023105, 0.0 ], [ -78.706613707920852, 35.810909992691286, 0.0 ], [ -78.706480250811097, 35.810930199317745, 0.0 ], [ -78.706457055784313, 35.810828553624823, 0.0 ] ] ], [ [ [ -78.706239934024481, 35.810844061666067, 0.0 ], [ -78.706236310248741, 35.810828478708352, 0.0 ], [ -78.706158365380276, 35.81084050303302, 0.0 ], [ -78.706057690954694, 35.810394066263768, 0.0 ], [ -78.706316839559051, 35.810354089347904, 0.0 ], [ -78.70631218074486, 35.810334053988164, 0.0 ], [ -78.706323208101779, 35.810332352696193, 0.0 ], [ -78.706313593059548, 35.810290995951398, 0.0 ], [ -78.706333438966226, 35.810287935058952, 0.0 ], [ -78.706330724949311, 35.810276265200542, 0.0 ], [ -78.706541922940531, 35.810243684905601, 0.0 ], [ -78.706544834181457, 35.810256206097719, 0.0 ], [ -78.706648428058145, 35.810240225100451, 0.0 ], [ -78.706669546682733, 35.810331054225742, 0.0 ], [ -78.70670028818445, 35.810326311461623, 0.0 ], [ -78.706760606764945, 35.810585734688232, 0.0 ], [ -78.706680007223241, 35.810598168476105, 0.0 ], [ -78.706705036380043, 35.810705815151188, 0.0 ], [ -78.706678465438927, 35.810709914483908, 0.0 ], [ -78.706681344034919, 35.810722294081984, 0.0 ], [ -78.70657938926476, 35.810738022171073, 0.0 ], [ -78.706576702461732, 35.810726462348832, 0.0 ], [ -78.706549753961411, 35.810730620232768, 0.0 ], [ -78.706536282864235, 35.810672680418918, 0.0 ], [ -78.706425777460495, 35.81068972807951, 0.0 ], [ -78.706448613064396, 35.810787942424305, 0.0 ], [ -78.706376383482876, 35.810799084724522, 0.0 ], [ -78.706381753792897, 35.810822183638614, 0.0 ], [ -78.706239934024481, 35.810844061666067, 0.0 ] ], [ [ -78.706527635136354, 35.81064738877447, 0.0 ], [ -78.706503261962453, 35.810546573981505, 0.0 ], [ -78.706397121025589, 35.810563599678964, 0.0 ], [ -78.706412876236996, 35.810628766535253, 0.0 ], [ -78.706464617566098, 35.810620467261813, 0.0 ], [ -78.706473235426571, 35.810656114314277, 0.0 ], [ -78.706527635136354, 35.81064738877447, 0.0 ] ] ] ] } },
{ "type": "Feature", "properties": { "OBJECTID": 4888, "BLDGNUM": "661B", "Precinct_N": "Reedy Creek", "story_group": "other" }, "geometry": { "type": "Polygon", "coordinates": [ [ [ -78.728307710143326, 35.814926704934294, 0.0 ], [ -78.728433740361282, 35.814965927155583, 0.0 ], [ -78.728413275417992, 35.815009554005165, 0.0 ], [ -78.728287244032359, 35.814970332662121, 0.0 ], [ -78.728307710143326, 35.814926704934294, 0.0 ] ] ] } },
{ "type": "Feature", "properties": { "OBJECTID": 5291, "BLDGNUM": "815C", "Precinct_N": "Lake Wheeler", "story_group": "other" }, "geometry": { "type": "MultiPolygon", "coordinates": [ [ [ [ -78.669109309924153, 35.726045328838609, 0.0 ], [ -78.669112836593101, 35.726115794442777, 0.0 ], [ -78.669071027116928, 35.726117185174857, 0.0 ], [ -78.669067501589737, 35.726046719572523, 0.0 ], [ -78.669109309924153, 35.726045328838609, 0.0 ] ] ], [ [ [ -78.668953588815668, 35.726134786802135, 0.0 ], [ -78.66895558032229, 35.726176512751081, 0.0 ], [ -78.668851342377053, 35.726179562499595, 0.0 ], [ -78.668849388106793, 35.726137394080375, 0.0 ], [ -78.668953588815668, 35.726134786802135, 0.0 ] ] ], [ [ [ -78.668957189073197, 35.726210201097523, 0.0 ], [ -78.668953588815668, 35.726134786802135, 0.0 ], [ -78.66905257586248, 35.726131789392802, 0.0 ], [ -78.66905604985881, 35.726208367904079, 0.0 ], [ -78.668957189073197, 35.726210201097523, 0.0 ] ] ], [ [ [ -78.669050389994993, 35.72603187626428, 0.0 ], [ -78.668846834033431, 35.726038649916617, 0.0 ], [ -78.668844722878717, 35.725996463041426, 0.0 ], [ -78.669048278734323, 35.725989689392527, 0.0 ], [ -78.669050389994993, 35.72603187626428, 0.0 ] ] ] ] } },
{ "type": "Feature", "properties": { "OBJECTID": 5292, "BLDGNUM": "124G", "Precinct_N": "Central Campus", "story_group": "main" }, "geometry": { "type": "Polygon", "coordinates": [ [ [ -78.684134925909675, 35.789883790437493, 0.0 ], [ -78.684211178447228, 35.789929149092714, 0.0 ], [ -78.684171414128514, 35.789973526502116, 0.0 ], [ -78.684095160465162, 35.789928167819795, 0.0 ], [ -78.684134925909675, 35.789883790437493, 0.0 ] ] ] } },
{ "type": "Feature", "properties": { "OBJECTID": 5293, "BLDGNUM": "124F", "Precinct_N": "Central Campus", "story_group": "main" }, "geometry": { "type": "Polygon", "coordinates": [ [ [ -78.684073841238771, 35.789955454844979, 0.0 ], [ -78.684114691453303, 35.789979753765856, 0.0 ], [ -78.684098785919787, 35.789997505079448, 0.0 ], [ -78.684057935701077, 35.789973206153384, 0.0 ], [ -78.684073841238771, 35.789955454844979, 0.0 ] ] ] } },
{ "type": "Feature", "properties": { "OBJECTID": 5693, "BLDGNUM": "168A", "Precinct_N": "Central Campus", "story_group": "main" }, "geometry": { "type": "Polygon", "coordinates": [ [ [ -78.695448359107488, 35.788683085724685, 0.0 ], [ -78.6955869774973, 35.788687797360268, 0.0 ], [ -78.695579003249492, 35.788853091343313, 0.0 ], [ -78.69544245428294, 35.788850165930526, 0.0 ], [ -78.695448359107488, 35.788683085724685, 0.0 ] ] ] } },
{ "type": "Feature", "properties": { "OBJECTID": 5694, "BLDGNUM": "168B", "Precinct_N": "Central Campus", "story_group": "main" }, "geometry": { "type": "Polygon", "coordinates": [ [ [ -78.696453651845786, 35.788848822664839, 0.0 ], [ -78.696453279019821, 35.788948165285071, 0.0 ], [ -78.696407164238082, 35.788948051286816, 0.0 ], [ -78.696407537120706, 35.788848708666727, 0.0 ], [ -78.696453651845786, 35.788848822664839, 0.0 ] ] ] } },
{ "type": "Feature", "properties": { "OBJECTID": 6147, "BLDGNUM": "933", "Precinct_N": "", "story_group": "other" }, "geometry": { "type": "Polygon", "coordinates": [ [ [ -78.644895648359494, 35.734610090569937, 0.0 ], [ -78.644849614829425, 35.735364675031441, 0.0 ], [ -78.644428933916899, 35.735347613875348, 0.0 ], [ -78.644474971359244, 35.734593029568877, 0.0 ], [ -78.644895648359494, 35.734610090569937, 0.0 ] ] ] } },
{ "type": "Feature", "properties": { "OBJECTID": 6154, "BLDGNUM": "158H", "Precinct_N": "Central Campus", "story_group": "main" }, "geometry": { "type": "Polygon", "coordinates": [ [ [ -78.680686852003362, 35.787631324627974, 0.0 ], [ -78.681552797774771, 35.787877466412318, 0.0 ], [ -78.681530584909069, 35.787929345698366, 0.0 ], [ -78.68066463864983, 35.787683203760373, 0.0 ], [ -78.680686852003362, 35.787631324627974, 0.0 ] ] ] } },
{ "type": "Feature", "properties": { "OBJECTID": 6155, "BLDGNUM": "812D", "Precinct_N": "Lake Wheeler", "story_group": "other" }, "geometry": { "type": "Polygon", "coordinates": [ [ [ -78.685121389996084, 35.719788631452481, 0.0 ], [ -78.685127464886918, 35.719808207694221, 0.0 ], [ -78.685103459346422, 35.719813160794679, 0.0 ], [ -78.685097385562855, 35.719793585455982, 0.0 ], [ -78.685121389996084, 35.719788631452481, 0.0 ] ] ] } },
{ "type": "Feature", "properties": { "OBJECTID": 6156, "BLDGNUM": "812U", "Precinct_N": "Lake Wheeler", "story_group": "other" }, "geometry": { "type": "Polygon", "coordinates": [ [ [ -78.679641153518915, 35.729298437781651, 0.0 ], [ -78.679668108216063, 35.729298508706954, 0.0 ], [ -78.679667988619045, 35.729328729283608, 0.0 ], [ -78.679641033911835, 35.729328658358263, 0.0 ], [ -78.67964091430467, 35.72935887893464, 0.0 ], [ -78.679613959587442, 35.72935880800329, 0.0 ], [ -78.679614133576109, 35.729314850801238, 0.0 ], [ -78.6796410882787, 35.729314921732545, 0.0 ], [ -78.679641153518915, 35.729298437781651, 0.0 ] ] ] } },
{ "type": "Feature", "properties": { "OBJECTID": 6157, "BLDGNUM": "117C", "Precinct_N": "Central Campus", "story_group": "main" }, "geometry": { "type": "Polygon", "coordinates": [ [ [ -78.678976058772449, 35.784220797471228, 0.0 ], [ -78.6790965487139, 35.784271377615575, 0.0 ], [ -78.679050223969199, 35.784344645055519, 0.0 ], [ -78.678929733951151, 35.784294063965248, 0.0 ], [ -78.678976058772449, 35.784220797471228, 0.0 ] ] ] } },
{ "type": "Feature", "properties": { "OBJECTID": 6494, "BLDGNUM": "079", "Precinct_N": "North Campus", "story_group": "main" }, "geometry": { "type": "Polygon", "coordinates": [ [ [ -78.675279028307401, 35.788462180268141, 0.0 ], [ -78.675357100061575, 35.788475519127125, 0.0 ], [ -78.675349786648113, 35.788495643816894, 0.0 ], [ -78.675288804800942, 35.788495648957422, 0.0 ], [ -78.675224687495998, 35.788484171577387, 0.0 ], [ -78.675152751429209, 35.788455299876546, 0.0 ], [ -78.675158774231903, 35.788436469695135, 0.0 ], [ -78.675133721583734, 35.788431113799746, 0.0 ], [ -78.675066556620877, 35.788639662039913, 0.0 ], [ -78.675020623717884, 35.788629841951135, 0.0 ], [ -78.675018927693984, 35.78863510939857, 0.0 ], [ -78.674915186597403, 35.788612929037299, 0.0 ], [ -78.674997586934765, 35.788357077428202, 0.0 ], [ -78.674976649946899, 35.788353274681576, 0.0 ], [ -78.674973737586413, 35.788333909608795, 0.0 ], [ -78.674980021748993, 35.78829684680727, 0.0 ], [ -78.674987013605417, 35.788281055852671, 0.0 ], [ -78.675008760137743, 35.78825159658772, 0.0 ], [ -78.675030058734919, 35.78825625206531, 0.0 ], [ -78.675081194346376, 35.788097474856492, 0.0 ], [ -78.675184328021444, 35.788119525471352, 0.0 ], [ -78.675182493123501, 35.788125221592338, 0.0 ], [ -78.67522954100059, 35.788135279845861, 0.0 ], [ -78.675182097885383, 35.788282590121788, 0.0 ], [ -78.675555326313614, 35.788362387448799, 0.0 ], [ -78.675561394410934, 35.788343547453039, 0.0 ], [ -78.675554299510694, 35.788342031424357, 0.0 ], [ -78.675636287556003, 35.788087453673057, 0.0 ], [ -78.675642626411047, 35.78808880904748, 0.0 ], [ -78.675652764120898, 35.788057330391283, 0.0 ], [ -78.675796170368997, 35.788087990991023, 0.0 ], [ -78.675704195211821, 35.788373581010632, 0.0 ], [ -78.675686291610347, 35.788369753110331, 0.0 ], [ -78.675681620421869, 35.788384255047816, 0.0 ], [ -78.67571334134729, 35.788391037382915, 0.0 ], [ -78.67567222356351, 35.788518713530465, 0.0 ], [ -78.675287323470187, 35.788436421182176, 0.0 ], [ -78.675279028307401, 35.788462180268141, 0.0 ] ] ] } },
{ "type": "Feature", "properties": { "OBJECTID": 6495, "BLDGNUM": "067", "Precinct_N": "North Campus", "story_group": "main" }, "geometry": { "type": "Polygon", "coordinates": [ [ [ -78.672153157600633, 35.787065188916635, 0.0 ], [ -78.672147724132785, 35.787080666635802, 0.0 ], [ -78.672410864005613, 35.787141989089292, 0.0 ], [ -78.672420715787965, 35.78711392512141, 0.0 ], [ -78.672377562761397, 35.787103869040202, 0.0 ], [ -78.672510904467586, 35.786723999985774, 0.0 ], [ -78.672534111021164, 35.786729409149579, 0.0 ], [ -78.672536526098099, 35.786722530255673, 0.0 ], [ -78.672649332743291, 35.786748038654466, 0.0 ], [ -78.672646786727412, 35.786755293060153, 0.0 ], [ -78.672669329090226, 35.786760546283332, 0.0 ], [ -78.67253577318931, 35.787141028745829, 0.0 ], [ -78.672458136155811, 35.787122937339518, 0.0 ], [ -78.672452225986632, 35.787139773921858, 0.0 ], [ -78.672689090481327, 35.78719497078599, 0.0 ], [ -78.672686743670312, 35.787201655174492, 0.0 ], [ -78.672705476583459, 35.787206020244277, 0.0 ], [ -78.672684274654671, 35.787266421085292, 0.0 ], [ -78.672711792714921, 35.787272834179092, 0.0 ], [ -78.672700170541546, 35.787305943655689, 0.0 ], [ -78.672672601628733, 35.787299519606563, 0.0 ], [ -78.672660294521549, 35.78733458135752, 0.0 ], [ -78.672331732328345, 35.787258013908414, 0.0 ], [ -78.672307640456935, 35.787326649722523, 0.0 ], [ -78.672228643919098, 35.78730824084635, 0.0 ], [ -78.672236353753462, 35.787286274147618, 0.0 ], [ -78.672216283576489, 35.787281596246274, 0.0 ], [ -78.672107495076347, 35.787591505414547, 0.0 ], [ -78.672329642819861, 35.787643274297125, 0.0 ], [ -78.672327096758082, 35.787650525989982, 0.0 ], [ -78.672377552075972, 35.787662282733578, 0.0 ], [ -78.672332314868513, 35.787791157228099, 0.0 ], [ -78.671882078454061, 35.787686233928902, 0.0 ], [ -78.672096634945547, 35.78707501110366, 0.0 ], [ -78.672129852321461, 35.78708275293009, 0.0 ], [ -78.672131881334465, 35.787076974451161, 0.0 ], [ -78.672144482632973, 35.787079910696924, 0.0 ], [ -78.672189662543587, 35.786947953483519, 0.0 ], [ -78.672248734948582, 35.786961336063257, 0.0 ], [ -78.672208988584842, 35.787077815576339, 0.0 ], [ -78.672153157600633, 35.787065188916635, 0.0 ] ] ] } },
{ "type": "Feature", "properties": { "OBJECTID": 6496, "BLDGNUM": "079A", "Precinct_N": "North Campus", "story_group": "main" }, "geometry": { "type": "Polygon", "coordinates": [ [ [ -78.676364076012831, 35.788276446296955, 0.0 ], [ -78.676085740609196, 35.788775370357683, 0.0 ], [ -78.675705959738082, 35.788634576686874, 0.0 ], [ -78.675981713759981, 35.788140389482606, 0.0 ], [ -78.676364076012831, 35.788276446296955, 0.0 ] ] ] } },
{ "type": "Feature", "properties": { "OBJECTID": 6498, "BLDGNUM": "252X", "Precinct_N": "South Campus", "story_group": "main" }, "geometry": { "type": "Polygon", "coordinates": [ [ [ -78.681088683142093, 35.780170902377463, 0.0 ], [ -78.681094847389858, 35.780253168328834, 0.0 ], [ -78.681090361141472, 35.780253390935329, 0.0 ], [ -78.681093032389498, 35.780289039934402, 0.0 ], [ -78.681144631485182, 35.780286472756622, 0.0 ], [ -78.681146961284753, 35.78031755012443, 0.0 ], [ -78.681142473923288, 35.780317773631275, 0.0 ], [ -78.681151377814587, 35.780436601816369, 0.0 ], [ -78.681075099205074, 35.780440397825181, 0.0 ], [ -78.681073044827457, 35.780412975243102, 0.0 ], [ -78.681034905534659, 35.780414872778302, 0.0 ], [ -78.681032780525854, 35.78038011934683, 0.0 ], [ -78.680894329392288, 35.780387008111624, 0.0 ], [ -78.680906794145073, 35.780553362903326, 0.0 ], [ -78.680763211427717, 35.780560507581342, 0.0 ], [ -78.680750745884339, 35.780394147364447, 0.0 ], [ -78.680612771541831, 35.78040101182112, 0.0 ], [ -78.680615374294803, 35.780435746682976, 0.0 ], [ -78.680577234980532, 35.780437644074908, 0.0 ], [ -78.680579290300372, 35.780465065766698, 0.0 ], [ -78.680503011640752, 35.780468860515924, 0.0 ], [ -78.680494107592182, 35.780350032281838, 0.0 ], [ -78.680489621333209, 35.780350255767559, 0.0 ], [ -78.68048729289491, 35.780319177489062, 0.0 ], [ -78.68053889313515, 35.780316610570772, 0.0 ], [ -78.680536225334833, 35.780280990411427, 0.0 ], [ -78.680531736860473, 35.780281215695602, 0.0 ], [ -78.680525571092062, 35.780198919065185, 0.0 ], [ -78.680604092066289, 35.780195013005766, 0.0 ], [ -78.680605051440125, 35.780207809255863, 0.0 ], [ -78.680642173909987, 35.780205962369344, 0.0 ], [ -78.68064716252421, 35.780258927843974, 0.0 ], [ -78.680766067562899, 35.78025301207358, 0.0 ], [ -78.680765382436846, 35.780243871510088, 0.0 ], [ -78.680857364410883, 35.780239294805192, 0.0 ], [ -78.680858049547297, 35.780248435368144, 0.0 ], [ -78.680976953449033, 35.78024251938902, 0.0 ], [ -78.680972981354813, 35.780189503410654, 0.0 ], [ -78.681011120542806, 35.780187605894668, 0.0 ], [ -78.681010161108574, 35.780174808746331, 0.0 ], [ -78.681088683142093, 35.780170902377463, 0.0 ] ] ] } },
{ "type": "Feature", "properties": { "OBJECTID": 6499, "BLDGNUM": "252Z", "Precinct_N": "South Campus", "story_group": "main" }, "geometry": { "type": "Polygon", "coordinates": [ [ [ -78.680028502711679, 35.781128446491323, 0.0 ], [ -78.679932362962688, 35.781086571503295, 0.0 ], [ -78.679956336125329, 35.781050026241715, 0.0 ], [ -78.679904796777492, 35.781027577966576, 0.0 ], [ -78.679892479669931, 35.781046354930055, 0.0 ], [ -78.679844905667863, 35.781025634116453, 0.0 ], [ -78.679886228302536, 35.780962638438474, 0.0 ], [ -78.679856494440983, 35.780949688155282, 0.0 ], [ -78.67988298376882, 35.780909306171253, 0.0 ], [ -78.679922629268304, 35.780926574708722, 0.0 ], [ -78.679972429502826, 35.780850657015712, 0.0 ], [ -78.679932784026363, 35.780833389395347, 0.0 ], [ -78.679962452692692, 35.780788161987033, 0.0 ], [ -78.68002291083441, 35.780814495941698, 0.0 ], [ -78.680051518903198, 35.780770883645381, 0.0 ], [ -78.680170454257734, 35.780822687251053, 0.0 ], [ -78.680159858818342, 35.780838840431997, 0.0 ], [ -78.68021536233978, 35.780863015172997, 0.0 ], [ -78.680127418234562, 35.780997081522528, 0.0 ], [ -78.680117506559341, 35.780992765081415, 0.0 ], [ -78.680028502711679, 35.781128446491323, 0.0 ] ] ] } },
{ "type": "Feature", "properties": { "OBJECTID": 6500, "BLDGNUM": "252Y", "Precinct_N": "South Campus", "story_group": "main" }, "geometry": { "type": "Polygon", "coordinates": [ [ [ -78.680462859449491, 35.780594448184551, 0.0 ], [ -78.68042283303005, 35.780632452183866, 0.0 ], [ -78.680414864303728, 35.780626878976022, 0.0 ], [ -78.680396085736831, 35.780644708850652, 0.0 ], [ -78.680457489320773, 35.780687649703189, 0.0 ], [ -78.680460149081696, 35.780716059054903, 0.0 ], [ -78.680420625568019, 35.780753585755477, 0.0 ], [ -78.680395269923153, 35.780755162395252, 0.0 ], [ -78.680340377495426, 35.780807281230594, 0.0 ], [ -78.680250327622858, 35.780744609442479, 0.0 ], [ -78.680272285053931, 35.780723761207305, 0.0 ], [ -78.680113310132796, 35.780612283383299, 0.0 ], [ -78.680108918869422, 35.780616452304606, 0.0 ], [ -78.680067983297775, 35.780587825255736, 0.0 ], [ -78.680095796489709, 35.780561417592018, 0.0 ], [ -78.6800702114991, 35.780543525346346, 0.0 ], [ -78.680194636736431, 35.780425387872555, 0.0 ], [ -78.68022022171715, 35.78044328009284, 0.0 ], [ -78.680248033703577, 35.780416872390198, 0.0 ], [ -78.680288969248892, 35.780445500281502, 0.0 ], [ -78.680284578003651, 35.780449669209382, 0.0 ], [ -78.680446613999791, 35.780562986384602, 0.0 ], [ -78.680434422882215, 35.780574561063908, 0.0 ], [ -78.680462859449491, 35.780594448184551, 0.0 ] ] ] } },
{ "type": "Feature", "properties": { "OBJECTID": 6898, "BLDGNUM": "119C", "Precinct_N": "Central Campus", "story_group": "main" }, "geometry": { "type": "Polygon", "coordinates": [ [ [ -78.672377376919187, 35.78161138194514, 0.0 ], [ -78.672298497625832, 35.781635578293582, 0.0 ], [ -78.672274327769586, 35.781583262137104, 0.0 ], [ -78.672353208125386, 35.781559065806825, 0.0 ], [ -78.672377376919187, 35.78161138194514, 0.0 ] ] ] } },
{ "type": "Feature", "properties": { "OBJECTID": 6903, "BLDGNUM": "172D", "Precinct_N": "Central Campus", "story_group": "main" }, "geometry": { "type": "Polygon", "coordinates": [ [ [ -78.695803054742328, 35.787852622328217, 0.0 ], [ -78.695810913832403, 35.787588964159987, 0.0 ], [ -78.695765826028705, 35.787588069211843, 0.0 ], [ -78.695766847146643, 35.787555112261572, 0.0 ], [ -78.695811896237913, 35.787556000803271, 0.0 ], [ -78.695820737655126, 35.787259382854032, 0.0 ], [ -78.695958938478057, 35.787262117282651, 0.0 ], [ -78.695950098666771, 35.787558737047071, 0.0 ], [ -78.696006255715517, 35.787559847927888, 0.0 ], [ -78.696005273409497, 35.787592805878084, 0.0 ], [ -78.695949116337871, 35.787591694996834, 0.0 ], [ -78.695941257684424, 35.787855356779069, 0.0 ], [ -78.695803054742328, 35.787852622328217, 0.0 ] ] ] } },
{ "type": "Feature", "properties": { "OBJECTID": 6905, "BLDGNUM": "172E", "Precinct_N": "Central Campus", "story_group": "main" }, "geometry": { "type": "Polygon", "coordinates": [ [ [ -78.696015096427175, 35.78726322816226, 0.0 ], [ -78.696153297263166, 35.787265962370384, 0.0 ], [ -78.696135617894285, 35.7878592018943, 0.0 ], [ -78.695997414939001, 35.787856467663872, 0.0 ], [ -78.696015096427175, 35.78726322816226, 0.0 ] ] ] } },
{ "type": "Feature", "properties": { "OBJECTID": 6913, "BLDGNUM": "463", "Precinct_N": "West Campus", "story_group": "vet" }, "geometry": { "type": "Polygon", "coordinates": [ [ [ -78.697163161833785, 35.791841615656885, 0.0 ], [ -78.69715775978446, 35.791885350771665, 0.0 ], [ -78.697104079072133, 35.791880949469892, 0.0 ], [ -78.697109481153618, 35.791837213456155, 0.0 ], [ -78.697163161833785, 35.791841615656885, 0.0 ] ] ] } },
{ "type": "Feature", "properties": { "OBJECTID": 6914, "BLDGNUM": "406", "Precinct_N": "West Campus", "story_group": "vet" }, "geometry": { "type": "Polygon", "coordinates": [ [ [ -78.699547384196478, 35.792173694879843, 0.0 ], [ -78.699545507269406, 35.792206628065259, 0.0 ], [ -78.699511824176312, 35.792205354325098, 0.0 ], [ -78.69951370111707, 35.792172421140158, 0.0 ], [ -78.699547384196478, 35.792173694879843, 0.0 ] ] ] } },
{ "type": "Feature", "properties": { "OBJECTID": 6917, "BLDGNUM": "319", "Precinct_N": "West Campus", "story_group": "vet" }, "geometry": { "type": "Polygon", "coordinates": [ [ [ -78.701916884270659, 35.799069999226333, 0.0 ], [ -78.701916955152853, 35.799050768369462, 0.0 ], [ -78.701865874705632, 35.799050643403078, 0.0 ], [ -78.701866349021742, 35.798921979809869, 0.0 ], [ -78.701917429387692, 35.798922104776075, 0.0 ], [ -78.701918663292176, 35.798587334965795, 0.0 ], [ -78.702092051923103, 35.798587758994898, 0.0 ], [ -78.702091839180071, 35.798645511963748, 0.0 ], [ -78.702152715209124, 35.798645660780089, 0.0 ], [ -78.70215165618815, 35.79893320880781, 0.0 ], [ -78.702090779942623, 35.798933059990944, 0.0 ], [ -78.702090273936406, 35.799070423257874, 0.0 ], [ -78.701916884270659, 35.799069999226333, 0.0 ] ] ] } },
{ "type": "Feature", "properties": { "OBJECTID": 6919, "BLDGNUM": "656E", "Precinct_N": "Centennial Campus", "story_group": "centennial" }, "geometry": { "type": "Polygon", "coordinates": [ [ [ -78.668068447695887, 35.768164503463133, 0.0 ], [ -78.668080785620674, 35.768378070070035, 0.0 ], [ -78.667975171936703, 35.76838212313838, 0.0 ], [ -78.66796283429008, 35.768168556521061, 0.0 ], [ -78.668068447695887, 35.768164503463133, 0.0 ] ] ] } },
{ "type": "Feature", "properties": { "OBJECTID": 6920, "BLDGNUM": "656D", "Precinct_N": "Centennial Campus", "story_group": "centennial" }, "geometry": { "type": "Polygon", "coordinates": [ [ [ -78.668795422391597, 35.767766155882306, 0.0 ], [ -78.668803329699116, 35.767876732722314, 0.0 ], [ -78.668512451947066, 35.767890551470536, 0.0 ], [ -78.668504545035759, 35.767779974612175, 0.0 ], [ -78.668795422391597, 35.767766155882306, 0.0 ] ] ] } },
{ "type": "Feature", "properties": { "OBJECTID": 6921, "BLDGNUM": "656B", "Precinct_N": "Centennial Campus", "story_group": "centennial" }, "geometry": { "type": "Polygon", "coordinates": [ [ [ -78.667993440823963, 35.767493729130074, 0.0 ], [ -78.667994216947349, 35.76754284232107, 0.0 ], [ -78.667758606344279, 35.767545312250199, 0.0 ], [ -78.667757833681733, 35.767496199066798, 0.0 ], [ -78.667993440823963, 35.767493729130074, 0.0 ] ] ] } },
{ "type": "Feature", "properties": { "OBJECTID": 6922, "BLDGNUM": "656C", "Precinct_N": "Centennial Campus", "story_group": "centennial" }, "geometry": { "type": "Polygon", "coordinates": [ [ [ -78.668044738645861, 35.767518770601015, 0.0 ], [ -78.668182297785506, 35.767513139706537, 0.0 ], [ -78.668197020529377, 35.767752015599527, 0.0 ], [ -78.668059460984651, 35.767757646510148, 0.0 ], [ -78.668044738645861, 35.767518770601015, 0.0 ] ] ] } },
{ "type": "Feature", "properties": { "OBJECTID": 6923, "BLDGNUM": "656", "Precinct_N": "Centennial Campus", "story_group": "centennial" }, "geometry": { "type": "Polygon", "coordinates": [ [ [ -78.668355677333963, 35.76788156997997, 0.0 ], [ -78.668362763660681, 35.767986693233595, 0.0 ], [ -78.667945223437286, 35.768005386330138, 0.0 ], [ -78.66793813765517, 35.767900262151571, 0.0 ], [ -78.668355677333963, 35.76788156997997, 0.0 ] ] ] } },
{ "type": "Feature", "properties": { "OBJECTID": 6924, "BLDGNUM": "656A", "Precinct_N": "Centennial Campus", "story_group": "centennial" }, "geometry": { "type": "Polygon", "coordinates": [ [ [ -78.667654355434465, 35.768258448923568, 0.0 ], [ -78.667610596378381, 35.767680013918195, 0.0 ], [ -78.667767362335582, 35.767672136554083, 0.0 ], [ -78.667811122500837, 35.768250573307242, 0.0 ], [ -78.667654355434465, 35.768258448923568, 0.0 ] ] ] } },
{ "type": "Feature", "properties": { "OBJECTID": 6925, "BLDGNUM": "796B", "Precinct_N": "Centennial Campus", "story_group": "centennial" }, "geometry": { "type": "Polygon", "coordinates": [ [ [ -78.683018294467544, 35.768588718054502, 0.0 ], [ -78.683017355189989, 35.768738403038917, 0.0 ], [ -78.682844773980349, 35.768739329261074, 0.0 ], [ -78.682844877135224, 35.768722607658603, 0.0 ], [ -78.682810906150465, 35.768722283948378, 0.0 ], [ -78.682809869088246, 35.768780307546308, 0.0 ], [ -78.682766583064165, 35.768780952855799, 0.0 ], [ -78.682768316675549, 35.768737094908133, 0.0 ], [ -78.682555468902535, 35.768740325155768, 0.0 ], [ -78.682550460513824, 35.768590791422163, 0.0 ], [ -78.682677400498051, 35.76859004146592, 0.0 ], [ -78.682677145747192, 35.768612977492296, 0.0 ], [ -78.682715047596091, 35.768612948234633, 0.0 ], [ -78.682715736435981, 35.768591843983693, 0.0 ], [ -78.682737942861095, 35.768591388055455, 0.0 ], [ -78.682738366938452, 35.768559676010817, 0.0 ], [ -78.682829634848105, 35.768560607738451, 0.0 ], [ -78.682832337101829, 35.768612706578494, 0.0 ], [ -78.682891095734874, 35.768612312444425, 0.0 ], [ -78.682890904358274, 35.768589468095477, 0.0 ], [ -78.683018294467544, 35.768588718054502, 0.0 ] ] ] } },
{ "type": "Feature", "properties": { "OBJECTID": 6926, "BLDGNUM": "796C", "Precinct_N": "Centennial Campus", "story_group": "centennial" }, "geometry": { "type": "Polygon", "coordinates": [ [ [ -78.682627641753982, 35.769243242831102, 0.0 ], [ -78.682627148968223, 35.76927864301868, 0.0 ], [ -78.682582619266597, 35.769278233146053, 0.0 ], [ -78.68258312601462, 35.769241816270721, 0.0 ], [ -78.682476585025853, 35.76924083283042, 0.0 ], [ -78.682478262178478, 35.769120100297698, 0.0 ], [ -78.682556184570643, 35.769120819872782, 0.0 ], [ -78.682555662125637, 35.769158415676031, 0.0 ], [ -78.68261372958662, 35.769158951870708, 0.0 ], [ -78.682614233948797, 35.76912257554843, 0.0 ], [ -78.682852908208346, 35.769124777285754, 0.0 ], [ -78.682851235741794, 35.769245303424761, 0.0 ], [ -78.682627641753982, 35.769243242831102, 0.0 ] ] ] } },
{ "type": "Feature", "properties": { "OBJECTID": 6927, "BLDGNUM": "796D", "Precinct_N": "Centennial Campus", "story_group": "centennial" }, "geometry": { "type": "Polygon", "coordinates": [ [ [ -78.684247968758584, 35.768997747136673, 0.0 ], [ -78.684344830475624, 35.768928286777687, 0.0 ], [ -78.68444332544928, 35.769025015412836, 0.0 ], [ -78.684478040831181, 35.769001533204644, 0.0 ], [ -78.684519828416342, 35.769042564592176, 0.0 ], [ -78.684546285758785, 35.769024671887585, 0.0 ], [ -78.684565695487265, 35.769043732552625, 0.0 ], [ -78.684543091559874, 35.769059025829165, 0.0 ], [ -78.68458931157879, 35.769104414986742, 0.0 ], [ -78.684583401277067, 35.769104399682227, 0.0 ], [ -78.684594082204853, 35.769114207902192, 0.0 ], [ -78.684453859013203, 35.769214947491598, 0.0 ], [ -78.684428735707854, 35.769191365251402, 0.0 ], [ -78.684313939354553, 35.769272388595439, 0.0 ], [ -78.684229702823075, 35.769193158705328, 0.0 ], [ -78.684342335837854, 35.769113555770154, 0.0 ], [ -78.684331856227104, 35.769103748049794, 0.0 ], [ -78.684339272859347, 35.769103767270153, 0.0 ], [ -78.684336027533902, 35.769100462618383, 0.0 ], [ -78.684348865775547, 35.769091103808265, 0.0 ], [ -78.684247968758584, 35.768997747136673, 0.0 ] ] ] } },
{ "type": "Feature", "properties": { "OBJECTID": 6928, "BLDGNUM": "796E", "Precinct_N": "Centennial Campus", "story_group": "centennial" }, "geometry": { "type": "Polygon", "coordinates": [ [ [ -78.684550386844009, 35.768782690416558, 0.0 ], [ -78.684646811353929, 35.768712902392458, 0.0 ], [ -78.684743318272496, 35.768809530101258, 0.0 ], [ -78.684756501377834, 35.768799347403615, 0.0 ], [ -78.684769218723133, 35.768809637694417, 0.0 ], [ -78.684882758655277, 35.768727768799494, 0.0 ], [ -78.684971411841346, 35.768806912326518, 0.0 ], [ -78.684857852763429, 35.76889170343334, 0.0 ], [ -78.684883157167079, 35.768915934127328, 0.0 ], [ -78.684740138467248, 35.769012208735568, 0.0 ], [ -78.684685586908287, 35.76895863362688, 0.0 ], [ -78.684658168193479, 35.768977178254161, 0.0 ], [ -78.684636563768834, 35.768955957691752, 0.0 ], [ -78.68466033973138, 35.768939878749322, 0.0 ], [ -78.684618612752345, 35.768898899843947, 0.0 ], [ -78.684648281432089, 35.768878827851701, 0.0 ], [ -78.684550386844009, 35.768782690416558, 0.0 ] ] ] } },
{ "type": "Feature", "properties": { "OBJECTID": 6929, "BLDGNUM": "796", "Precinct_N": "Centennial Campus", "story_group": "centennial" }, "geometry": { "type": "Polygon", "coordinates": [ [ [ -78.683553545249708, 35.768797010494218, 0.0 ], [ -78.683555963608882, 35.768607668089061, 0.0 ], [ -78.683607093452352, 35.768608064105116, 0.0 ], [ -78.683607388102146, 35.768596916956234, 0.0 ], [ -78.683698211083268, 35.768597662100156, 0.0 ], [ -78.683698469130263, 35.76860945244664, 0.0 ], [ -78.683869570391792, 35.768612170746458, 0.0 ], [ -78.683870995443428, 35.768599291429361, 0.0 ], [ -78.683958237275817, 35.76859947275387, 0.0 ], [ -78.683958146957565, 35.768613816625717, 0.0 ], [ -78.684006694074171, 35.768614568116035, 0.0 ], [ -78.684003161579113, 35.768803721056884, 0.0 ], [ -78.683952031965759, 35.7688032341715, 0.0 ], [ -78.683950949943664, 35.768814655090928, 0.0 ], [ -78.683862601032899, 35.768813281104705, 0.0 ], [ -78.683861888719406, 35.768801127237126, 0.0 ], [ -78.683822088090636, 35.768799955829898, 0.0 ], [ -78.683821814061659, 35.768807814902345, 0.0 ], [ -78.683828771229685, 35.768807384989564, 0.0 ], [ -78.683824894068934, 35.768889070706408, 0.0 ], [ -78.683727681231147, 35.768888117980175, 0.0 ], [ -78.6837282931874, 35.768808247221841, 0.0 ], [ -78.683735582885134, 35.768807911918351, 0.0 ], [ -78.683735770912733, 35.768796309310659, 0.0 ], [ -78.683696405883666, 35.768796875897394, 0.0 ], [ -78.683696316970057, 35.768811131439485, 0.0 ], [ -78.683606733032562, 35.76880938721056, 0.0 ], [ -78.683607247075003, 35.768798701222785, 0.0 ], [ -78.683553545249708, 35.768797010494218, 0.0 ] ] ] } },
{ "type": "Feature", "properties": { "OBJECTID": 6930, "BLDGNUM": "796A", "Precinct_N": "Centennial Campus", "story_group": "centennial" }, "geometry": { "type": "Polygon", "coordinates": [ [ [ -78.683091481304601, 35.768773620630874, 0.0 ], [ -78.683262805387244, 35.768632500002624, 0.0 ], [ -78.683465444680905, 35.768791531209565, 0.0 ], [ -78.683404554930902, 35.768845565810452, 0.0 ], [ -78.683481370616306, 35.768898703610269, 0.0 ], [ -78.683340490977642, 35.76901290010079, 0.0 ], [ -78.68324532669854, 35.768942065140251, 0.0 ], [ -78.683193898518596, 35.768982497608981, 0.0 ], [ -78.683160878959313, 35.768954397725018, 0.0 ], [ -78.683241201539914, 35.768895420297738, 0.0 ], [ -78.683091481304601, 35.768773620630874, 0.0 ] ] ] } },
{ "type": "Feature", "properties": { "OBJECTID": 6932, "BLDGNUM": "811F", "Precinct_N": "Lake Wheeler", "story_group": "other" }, "geometry": { "type": "Polygon", "coordinates": [ [ [ -78.687693619091434, 35.719738602515484, 0.0 ], [ -78.687512174788395, 35.719830372676086, 0.0 ], [ -78.687300706396215, 35.719551625962389, 0.0 ], [ -78.687276068695667, 35.71956405379099, 0.0 ], [ -78.687221160511925, 35.719491677304703, 0.0 ], [ -78.687174424513969, 35.719515255005376, 0.0 ], [ -78.687161868494442, 35.719612443998237, 0.0 ], [ -78.687058434182305, 35.719603557477811, 0.0 ], [ -78.687056332031574, 35.719623250510487, 0.0 ], [ -78.686835347230726, 35.719607568109794, 0.0 ], [ -78.686852036666167, 35.719451154757635, 0.0 ], [ -78.686888550257137, 35.719453745464605, 0.0 ], [ -78.686896835071749, 35.719376151106246, 0.0 ], [ -78.686965415673598, 35.719381018189367, 0.0 ], [ -78.686957270677354, 35.719457343789323, 0.0 ], [ -78.687046981146992, 35.71946371095224, 0.0 ], [ -78.68705665138225, 35.719373087303843, 0.0 ], [ -78.687113294692026, 35.719377107879012, 0.0 ], [ -78.687139113680232, 35.71936989210915, 0.0 ], [ -78.687079166975707, 35.719290864048105, 0.0 ], [ -78.687199738256908, 35.719230034317953, 0.0 ], [ -78.687300603852137, 35.719362989768072, 0.0 ], [ -78.687363970434504, 35.719331020655673, 0.0 ], [ -78.687450646932916, 35.719445268652926, 0.0 ], [ -78.68750895354772, 35.71941585085829, 0.0 ], [ -78.687579146796509, 35.719508372300439, 0.0 ], [ -78.687572471029569, 35.719511740694934, 0.0 ], [ -78.687578388576469, 35.719519537369095, 0.0 ], [ -78.68754336516082, 35.719537207076385, 0.0 ], [ -78.687693619091434, 35.719738602515484, 0.0 ] ] ] } },
{ "type": "Feature", "properties": { "OBJECTID": 6935, "BLDGNUM": "443F", "Precinct_N": "West Campus", "story_group": "vet" }, "geometry": { "type": "Polygon", "coordinates": [ [ [ -78.699750670718402, 35.793186848598793, 0.0 ], [ -78.699761992965179, 35.793241013904613, 0.0 ], [ -78.699692185326342, 35.793250699866107, 0.0 ], [ -78.699680863128265, 35.793196533652626, 0.0 ], [ -78.699750670718402, 35.793186848598793, 0.0 ] ] ] } },
{ "type": "Feature", "properties": { "OBJECTID": 6941, "BLDGNUM": "912", "Precinct_N": "", "story_group": "other" }, "geometry": { "type": "Polygon", "coordinates": [ [ [ -78.646392274840935, 35.784605908871711, 0.0 ], [ -78.646470541120763, 35.784221520947824, 0.0 ], [ -78.646966963462219, 35.784238467259435, 0.0 ], [ -78.646952039315607, 35.78446136700758, 0.0 ], [ -78.646840980368566, 35.784456430221617, 0.0 ], [ -78.646838491739544, 35.78449360450854, 0.0 ], [ -78.646676284599025, 35.784486393915209, 0.0 ], [ -78.646667462433129, 35.784618140878607, 0.0 ], [ -78.646392274840935, 35.784605908871711, 0.0 ] ] ] } },
{ "type": "Feature", "properties": { "OBJECTID": 6944, "BLDGNUM": "341A", "Precinct_N": "West Campus", "story_group": "vet" }, "geometry": { "type": "Polygon", "coordinates": [ [ [ -78.703164517690112, 35.801184995311445, 0.0 ], [ -78.703164065389487, 35.801301287052269, 0.0 ], [ -78.702968469802926, 35.80130078249298, 0.0 ], [ -78.702968922384812, 35.80118449075286, 0.0 ], [ -78.703164517690112, 35.801184995311445, 0.0 ] ] ] } },
{ "type": "Feature", "properties": { "OBJECTID": 6946, "BLDGNUM": "477", "Precinct_N": "Reedy Creek", "story_group": "other" }, "geometry": { "type": "Polygon", "coordinates": [ [ [ -78.719528271024586, 35.819929903495783, 0.0 ], [ -78.719268138411636, 35.819608900712836, 0.0 ], [ -78.719423902914073, 35.819525167508985, 0.0 ], [ -78.719724917511229, 35.819896609857281, 0.0 ], [ -78.719600121987312, 35.819963700327399, 0.0 ], [ -78.719559241521466, 35.819913254992628, 0.0 ], [ -78.719528271024586, 35.819929903495783, 0.0 ] ] ] } },
{ "type": "Feature", "properties": { "OBJECTID": 6949, "BLDGNUM": "478", "Precinct_N": "Reedy Creek", "story_group": "other" }, "geometry": { "type": "Polygon", "coordinates": [ [ [ -78.719724302553175, 35.820129873053354, 0.0 ], [ -78.71972279562263, 35.820459541865326, 0.0 ], [ -78.719587870357856, 35.820459132383064, 0.0 ], [ -78.719589377838531, 35.820129463572712, 0.0 ], [ -78.719724302553175, 35.820129873053354, 0.0 ] ] ] } },
{ "type": "Feature", "properties": { "OBJECTID": 6953, "BLDGNUM": "993", "Precinct_N": "", "story_group": "other" }, "geometry": { "type": "Polygon", "coordinates": [ [ [ -78.731617489724115, 35.802269118472488, 0.0 ], [ -78.73160084846981, 35.802912005872592, 0.0 ], [ -78.731256067748447, 35.802906083116518, 0.0 ], [ -78.731272711742463, 35.802263195762286, 0.0 ], [ -78.731617489724115, 35.802269118472488, 0.0 ] ] ] } },
{ "type": "Feature", "properties": { "OBJECTID": 6954, "BLDGNUM": "821W", "Precinct_N": "", "story_group": "other" }, "geometry": { "type": "Polygon", "coordinates": [ [ [ -78.74641918511098, 35.808800581349303, 0.0 ], [ -78.746419055881319, 35.808841790245033, 0.0 ], [ -78.746317876140481, 35.808841579670172, 0.0 ], [ -78.746318005421713, 35.80880037077457, 0.0 ], [ -78.74641918511098, 35.808800581349303, 0.0 ] ] ] } },
{ "type": "Feature", "properties": { "OBJECTID": 6955, "BLDGNUM": "820S", "Precinct_N": "", "story_group": "other" }, "geometry": { "type": "Polygon", "coordinates": [ [ [ -78.746467593378568, 35.809144272923113, 0.0 ], [ -78.746455770137416, 35.809418830931968, 0.0 ], [ -78.746337799141486, 35.80941545960156, 0.0 ], [ -78.746349622782716, 35.809140901603818, 0.0 ], [ -78.746467593378568, 35.809144272923113, 0.0 ] ] ] } },
{ "type": "Feature", "properties": { "OBJECTID": 6956, "BLDGNUM": "820J", "Precinct_N": "", "story_group": "other" }, "geometry": { "type": "Polygon", "coordinates": [ [ [ -78.746215852172213, 35.809294401233316, 0.0 ], [ -78.746211622420944, 35.809404238444969, 0.0 ], [ -78.746110491476131, 35.809401654579077, 0.0 ], [ -78.746114721364634, 35.809291817370791, 0.0 ], [ -78.746215852172213, 35.809294401233316, 0.0 ] ] ] } },
{ "type": "Feature", "properties": { "OBJECTID": 6957, "BLDGNUM": "820U", "Precinct_N": "", "story_group": "other" }, "geometry": { "type": "Polygon", "coordinates": [ [ [ -78.746221137176647, 35.809685686501346, 0.0 ], [ -78.746220600834533, 35.80971590362708, 0.0 ], [ -78.746173387868765, 35.809715347422866, 0.0 ], [ -78.746173924228529, 35.809685130297318, 0.0 ], [ -78.746221137176647, 35.809685686501346, 0.0 ] ] ] } },
{ "type": "Feature", "properties": { "OBJECTID": 6958, "BLDGNUM": "820T", "Precinct_N": "", "story_group": "other" }, "geometry": { "type": "Polygon", "coordinates": [ [ [ -78.746089239393726, 35.80970332224684, 0.0 ], [ -78.745836413565243, 35.80969678781625, 0.0 ], [ -78.745841761430626, 35.809559493709301, 0.0 ], [ -78.746094586830253, 35.809566028129147, 0.0 ], [ -78.746089239393726, 35.80970332224684, 0.0 ] ] ] } },
{ "type": "Feature", "properties": { "OBJECTID": 6959, "BLDGNUM": "007", "Precinct_N": "North Campus", "story_group": "main" }, "geometry": { "type": "Polygon", "coordinates": [ [ [ -78.662997365999203, 35.786537575881262, 0.0 ], [ -78.662998534079662, 35.786751861675, 0.0 ], [ -78.662829948695617, 35.786752472347793, 0.0 ], [ -78.662828781065571, 35.786538185651139, 0.0 ], [ -78.662997365999203, 35.786537575881262, 0.0 ] ] ] } },
{ "type": "Feature", "properties": { "OBJECTID": 6960, "BLDGNUM": "005", "Precinct_N": "North Campus", "story_group": "main" }, "geometry": { "type": "Polygon", "coordinates": [ [ [ -78.662790955481626, 35.786537003854505, 0.0 ], [ -78.662709761764987, 35.786681964427196, 0.0 ], [ -78.66259933519531, 35.786640901570877, 0.0 ], [ -78.662680527958742, 35.786495941968063, 0.0 ], [ -78.662790955481626, 35.786537003854505, 0.0 ] ] ] } },
{ "type": "Feature", "properties": { "OBJECTID": 6988, "BLDGNUM": "797A", "Precinct_N": "Centennial Campus", "story_group": "centennial" }, "geometry": { "type": "MultiPolygon", "coordinates": [ [ [ [ -78.681082193301506, 35.769469115770377, 0.0 ], [ -78.680995322045106, 35.769464190448772, 0.0 ], [ -78.681003778607774, 35.769365126151392, 0.0 ], [ -78.681090649754751, 35.769370052368508, 0.0 ], [ -78.681082193301506, 35.769469115770377, 0.0 ] ] ], [ [ [ -78.68116271430867, 35.768973869979227, 0.0 ], [ -78.681126559411396, 35.76897342020326, 0.0 ], [ -78.681126410972951, 35.768981337285176, 0.0 ], [ -78.68108823222957, 35.768980862369929, 0.0 ], [ -78.681088375039863, 35.768973251732788, 0.0 ], [ -78.681023205100928, 35.768972440227564, 0.0 ], [ -78.681024227386217, 35.768917929172787, 0.0 ], [ -78.681043886290908, 35.768918174442803, 0.0 ], [ -78.681044418550172, 35.768889768845916, 0.0 ], [ -78.681023567463072, 35.768889509637724, 0.0 ], [ -78.681024397994648, 35.768845203180106, 0.0 ], [ -78.68105511058512, 35.768845585556448, 0.0 ], [ -78.681055484467777, 35.768825651346184, 0.0 ], [ -78.681024865888389, 35.768825270117418, 0.0 ], [ -78.681025559039441, 35.768788317425411, 0.0 ], [ -78.681166262220614, 35.768790069378987, 0.0 ], [ -78.681165630715455, 35.76882374401788, 0.0 ], [ -78.681186645461921, 35.768824005432784, 0.0 ], [ -78.68118614545304, 35.768850694942138, 0.0 ], [ -78.681164598751351, 35.768850426726573, 0.0 ], [ -78.681164030447761, 35.768880692619213, 0.0 ], [ -78.681185435597371, 35.768880959562978, 0.0 ], [ -78.681184608072385, 35.768925086659884, 0.0 ], [ -78.681161004333859, 35.768924792328619, 0.0 ], [ -78.68116271430867, 35.768973869979227, 0.0 ] ] ], [ [ [ -78.681168648242092, 35.768733832196247, 0.0 ], [ -78.681028693077678, 35.768731728874236, 0.0 ], [ -78.681029535693938, 35.768694454790001, 0.0 ], [ -78.681060347444216, 35.768694918546537, 0.0 ], [ -78.681060777287541, 35.768675938111613, 0.0 ], [ -78.681029861587476, 35.768675473181645, 0.0 ], [ -78.681030875307243, 35.768630706610018, 0.0 ], [ -78.68106166712947, 35.7686311694127, 0.0 ], [ -78.681062072857699, 35.768613256114435, 0.0 ], [ -78.681031064284269, 35.768612790040159, 0.0 ], [ -78.681032071396061, 35.768568296559792, 0.0 ], [ -78.681062866512391, 35.768568759370886, 0.0 ], [ -78.681063299142011, 35.768549632923552, 0.0 ], [ -78.681032607986268, 35.768549172187434, 0.0 ], [ -78.68103344366537, 35.7685122541167, 0.0 ], [ -78.681173087689302, 35.768514353014652, 0.0 ], [ -78.681172349763003, 35.768546969191327, 0.0 ], [ -78.681194309775719, 35.768547298878033, 0.0 ], [ -78.681193705622434, 35.768574035888832, 0.0 ], [ -78.681171972314104, 35.768573709499471, 0.0 ], [ -78.681171274495767, 35.768604567243777, 0.0 ], [ -78.681192827551172, 35.768604890457347, 0.0 ], [ -78.681191944994893, 35.768643899540628, 0.0 ], [ -78.681170310094942, 35.768643574309927, 0.0 ], [ -78.681169623048348, 35.768673943549217, 0.0 ], [ -78.68119153222473, 35.768674272201906, 0.0 ], [ -78.681190957774746, 35.768699645544608, 0.0 ], [ -78.681169429025303, 35.76869932239434, 0.0 ], [ -78.681168648242092, 35.768733832196247, 0.0 ] ] ], [ [ [ -78.681617710997827, 35.768346828971339, 0.0 ], [ -78.68162299223151, 35.768123063318413, 0.0 ], [ -78.681780169275129, 35.768125527329111, 0.0 ], [ -78.681774840549821, 35.768351355155779, 0.0 ], [ -78.681617710997827, 35.768346828971339, 0.0 ] ] ], [ [ [ -78.681537797064991, 35.768634491901999, 0.0 ], [ -78.681380697310161, 35.768632934543241, 0.0 ], [ -78.681384092406432, 35.768405524328422, 0.0 ], [ -78.681519192595076, 35.768406863723904, 0.0 ], [ -78.681519111726089, 35.768412235567574, 0.0 ], [ -78.681541111958154, 35.768412453529443, 0.0 ], [ -78.681537797064991, 35.768634491901999, 0.0 ] ] ], [ [ [ -78.681612671028489, 35.768633778173822, 0.0 ], [ -78.681617953425658, 35.76841000623542, 0.0 ], [ -78.681775133685207, 35.768412356689019, 0.0 ], [ -78.68176980113752, 35.768638304364345, 0.0 ], [ -78.681612671028489, 35.768633778173822, 0.0 ] ] ], [ [ [ -78.681390452003711, 35.768106086731805, 0.0 ], [ -78.681548364198292, 35.76810862146742, 0.0 ], [ -78.681542564209195, 35.768348645242988, 0.0 ], [ -78.681384651546281, 35.768346110500033, 0.0 ], [ -78.681390452003711, 35.768106086731805, 0.0 ] ] ], [ [ [ -78.681653142064647, 35.768898515322952, 0.0 ], [ -78.681611415406749, 35.768898876766457, 0.0 ], [ -78.681610435311782, 35.768915788964598, 0.0 ], [ -78.681543655941127, 35.768915047441631, 0.0 ], [ -78.68154344346766, 35.768897940138231, 0.0 ], [ -78.681502080785805, 35.768896588125543, 0.0 ], [ -78.681502405100574, 35.768879665199876, 0.0 ], [ -78.68147545598525, 35.768879321621213, 0.0 ], [ -78.681475575584315, 35.768873102609319, 0.0 ], [ -78.681413012460027, 35.768872304438716, 0.0 ], [ -78.681413620393002, 35.76884065777837, 0.0 ], [ -78.681408070876103, 35.768840587379593, 0.0 ], [ -78.681408517569395, 35.768817307542399, 0.0 ], [ -78.681413883501534, 35.768817375658294, 0.0 ], [ -78.681414691794302, 35.768775291871954, 0.0 ], [ -78.681419720414951, 35.768775356401306, 0.0 ], [ -78.681420111352011, 35.768755000401782, 0.0 ], [ -78.681476398287614, 35.768755718160975, 0.0 ], [ -78.681476192322421, 35.768766457224636, 0.0 ], [ -78.681518090131689, 35.768766991317037, 0.0 ], [ -78.681517714457556, 35.768786566786339, 0.0 ], [ -78.681563240803925, 35.768787147305922, 0.0 ], [ -78.68156315890613, 35.768791376232699, 0.0 ], [ -78.681595189697092, 35.76879178535421, 0.0 ], [ -78.681595295556022, 35.768786245023776, 0.0 ], [ -78.681643022688334, 35.768786852898948, 0.0 ], [ -78.68164338307372, 35.768768063367837, 0.0 ], [ -78.681680391608992, 35.768768535051223, 0.0 ], [ -78.681680591885552, 35.768758110544084, 0.0 ], [ -78.68174140646471, 35.768758885981846, 0.0 ], [ -78.681741018309722, 35.768779117602939, 0.0 ], [ -78.681745895420747, 35.768779179920223, 0.0 ], [ -78.681745191645803, 35.768815824325628, 0.0 ], [ -78.68175059186305, 35.768815892516294, 0.0 ], [ -78.681750007731651, 35.768846301684931, 0.0 ], [ -78.681743910785698, 35.768846223561674, 0.0 ], [ -78.681743341901992, 35.768875848594128, 0.0 ], [ -78.681681490983379, 35.768875060534455, 0.0 ], [ -78.681681339270867, 35.768882980312597, 0.0 ], [ -78.681653446803324, 35.768882624393129, 0.0 ], [ -78.681653142064647, 35.768898515322952, 0.0 ] ] ], [ [ [ -78.681173300652063, 35.768458067775306, 0.0 ], [ -78.681034923530419, 35.768457253015413, 0.0 ], [ -78.681035267871337, 35.768418443522791, 0.0 ], [ -78.681064240335886, 35.768418614029684, 0.0 ], [ -78.681064401616027, 35.768400426980598, 0.0 ], [ -78.68103588591589, 35.768400258571155, 0.0 ], [ -78.681036282322381, 35.768355536347869, 0.0 ], [ -78.681065975839161, 35.768355711446681, 0.0 ], [ -78.681066140780473, 35.768337156655335, 0.0 ], [ -78.681036786796341, 35.768336983347041, 0.0 ], [ -78.681037176536719, 35.768293110178597, 0.0 ], [ -78.681067286969821, 35.76829328817157, 0.0 ], [ -78.681067458465535, 35.768273912265734, 0.0 ], [ -78.681038985938741, 35.76827374487128, 0.0 ], [ -78.681039314229864, 35.768236761472629, 0.0 ], [ -78.681061103526744, 35.768236889735199, 0.0 ], [ -78.681061270822113, 35.768218018574906, 0.0 ], [ -78.681041110584189, 35.76821789998634, 0.0 ], [ -78.681041584129645, 35.768164551126141, 0.0 ], [ -78.681178456667396, 35.768165357434881, 0.0 ], [ -78.681175496620568, 35.768214591426393, 0.0 ], [ -78.681199684701269, 35.768214734055128, 0.0 ], [ -78.6811994579909, 35.768240271456378, 0.0 ], [ -78.681177162171338, 35.768240140090064, 0.0 ], [ -78.681176885302975, 35.76827138742204, 0.0 ], [ -78.681197873906441, 35.768271510860266, 0.0 ], [ -78.681197646836608, 35.768297139296614, 0.0 ], [ -78.68117607650305, 35.768297011631674, 0.0 ], [ -78.68117578590369, 35.768329778605853, 0.0 ], [ -78.681196812124895, 35.768329902142654, 0.0 ], [ -78.681196483759777, 35.768366922495694, 0.0 ], [ -78.681173842849532, 35.768366789324268, 0.0 ], [ -78.681173572437345, 35.768397239877139, 0.0 ], [ -78.681195553105169, 35.7683973695178, 0.0 ], [ -78.681195327807984, 35.768422828503645, 0.0 ], [ -78.681173614772035, 35.768422700464846, 0.0 ], [ -78.681173300652063, 35.768458067775306, 0.0 ] ] ], [ [ [ -78.681029650410764, 35.769145044257542, 0.0 ], [ -78.681034753988342, 35.769089634429704, 0.0 ], [ -78.681026985242625, 35.769089158903647, 0.0 ], [ -78.681029864580367, 35.769057902170793, 0.0 ], [ -78.681038214927725, 35.769058413471029, 0.0 ], [ -78.681040659820241, 35.769031872371677, 0.0 ], [ -78.681101380416308, 35.76903718167965, 0.0 ], [ -78.681103255662023, 35.769016825061904, 0.0 ], [ -78.681136163895886, 35.769018838302458, 0.0 ], [ -78.681134438835926, 35.769037571078627, 0.0 ], [ -78.681174770840258, 35.76904003819385, 0.0 ], [ -78.681174149181658, 35.769046798504512, 0.0 ], [ -78.681181537559738, 35.76904725049188, 0.0 ], [ -78.681182952953591, 35.769031880747839, 0.0 ], [ -78.681213437473602, 35.769033745210081, 0.0 ], [ -78.681212709590554, 35.769041641846989, 0.0 ], [ -78.681243678415612, 35.769043536412404, 0.0 ], [ -78.681245068344069, 35.769028451428085, 0.0 ], [ -78.681291625511918, 35.769031299842354, 0.0 ], [ -78.681290269085508, 35.769046024374276, 0.0 ], [ -78.681328647299395, 35.769048372756082, 0.0 ], [ -78.681327890510744, 35.769056591100423, 0.0 ], [ -78.681333855835305, 35.769056956431214, 0.0 ], [ -78.681335503398117, 35.769039074325313, 0.0 ], [ -78.681364238683116, 35.769040832320847, 0.0 ], [ -78.681363184980285, 35.769052270417063, 0.0 ], [ -78.681417687277303, 35.769053497304554, 0.0 ], [ -78.681414647513051, 35.769086492333336, 0.0 ], [ -78.681426867867472, 35.769087239968066, 0.0 ], [ -78.681424033752734, 35.769118004690036, 0.0 ], [ -78.681412423747034, 35.769117294705481, 0.0 ], [ -78.681407877331623, 35.76916665523396, 0.0 ], [ -78.681341106499517, 35.769162570510808, 0.0 ], [ -78.681342538037313, 35.769147025945678, 0.0 ], [ -78.681319895204254, 35.769145640820035, 0.0 ], [ -78.681318293788266, 35.76916303721746, 0.0 ], [ -78.681264906538345, 35.769159771642784, 0.0 ], [ -78.681267126054422, 35.769135677119053, 0.0 ], [ -78.68124443899768, 35.76913428915956, 0.0 ], [ -78.681242173247355, 35.769158888318671, 0.0 ], [ -78.681188087193476, 35.769155579419461, 0.0 ], [ -78.681190349478854, 35.769131021714365, 0.0 ], [ -78.681166575508541, 35.769129566899636, 0.0 ], [ -78.681164347865689, 35.769153751535519, 0.0 ], [ -78.681117497617237, 35.769150885179954, 0.0 ], [ -78.681119023944504, 35.76913431152223, 0.0 ], [ -78.681098158000282, 35.769133035563819, 0.0 ], [ -78.681096674419408, 35.769149145137341, 0.0 ], [ -78.681029650410764, 35.769145044257542, 0.0 ] ] ], [ [ [ -78.681180636874245, 35.767943555825404, 0.0 ], [ -78.681179946835783, 35.767973844843453, 0.0 ], [ -78.681183367384733, 35.7679738961601, 0.0 ], [ -78.681179035916614, 35.768055132660756, 0.0 ], [ -78.681112468443388, 35.768054124653858, 0.0 ], [ -78.681112805568063, 35.768039302808639, 0.0 ], [ -78.681090691983641, 35.768038968197978, 0.0 ], [ -78.681090400433675, 35.76805176662802, 0.0 ], [ -78.6810647468577, 35.768051378577951, 0.0 ], [ -78.681064186423711, 35.768075993023828, 0.0 ], [ -78.680994958133894, 35.768074945536952, 0.0 ], [ -78.68099439371386, 35.768099724017972, 0.0 ], [ -78.680926522344777, 35.768098697171688, 0.0 ], [ -78.680925970139398, 35.768122897016497, 0.0 ], [ -78.680875934733152, 35.768122139496754, 0.0 ], [ -78.680876203708237, 35.768110306355887, 0.0 ], [ -78.680858329024545, 35.768110035988485, 0.0 ], [ -78.680857982596621, 35.768125241784226, 0.0 ], [ -78.680789977394298, 35.768124212708535, 0.0 ], [ -78.680791253520312, 35.768068191640204, 0.0 ], [ -78.680781380038326, 35.768068042279637, 0.0 ], [ -78.68078200989288, 35.768040431022428, 0.0 ], [ -78.680791809276073, 35.768040579287423, 0.0 ], [ -78.680792460652228, 35.768011997330561, 0.0 ], [ -78.680852867863919, 35.768014685715634, 0.0 ], [ -78.680853312047589, 35.767995165405061, 0.0 ], [ -78.680883938832594, 35.767995629623755, 0.0 ], [ -78.68088362707357, 35.768009337464413, 0.0 ], [ -78.680918636548668, 35.768009867237552, 0.0 ], [ -78.680919076644983, 35.76799053800265, 0.0 ], [ -78.680950130309171, 35.767991007829671, 0.0 ], [ -78.68095025077038, 35.767985701887923, 0.0 ], [ -78.680986357285406, 35.767986248936815, 0.0 ], [ -78.680986801294523, 35.767966764679294, 0.0 ], [ -78.681019478408714, 35.767967259471632, 0.0 ], [ -78.681019602847769, 35.767961784987435, 0.0 ], [ -78.681062553767234, 35.767962434664582, 0.0 ], [ -78.681062961753639, 35.767944508749437, 0.0 ], [ -78.681088804403117, 35.767944899999044, 0.0 ], [ -78.681089277870129, 35.767924108858153, 0.0 ], [ -78.681121059191639, 35.767924589560351, 0.0 ], [ -78.681120611133395, 35.76794426759853, 0.0 ], [ -78.681180636874245, 35.767943555825404, 0.0 ] ] ], [ [ [ -78.68126463847203, 35.76772144284795, 0.0 ], [ -78.681209456986721, 35.767721037947027, 0.0 ], [ -78.68120926109809, 35.767738754404078, 0.0 ], [ -78.681170603303741, 35.767738471148391, 0.0 ], [ -78.681170739077416, 35.767726188783691, 0.0 ], [ -78.681133729127282, 35.76772591704043, 0.0 ], [ -78.681133448724523, 35.767751322707738, 0.0 ], [ -78.681063890122886, 35.76775081250144, 0.0 ], [ -78.681063626688001, 35.767774713856852, 0.0 ], [ -78.680994155436835, 35.767774203839544, 0.0 ], [ -78.680993981896137, 35.767789886905078, 0.0 ], [ -78.68096561255328, 35.767789679202423, 0.0 ], [ -78.680965404049772, 35.767808617858698, 0.0 ], [ -78.680927172007245, 35.767808337443711, 0.0 ], [ -78.680927366315117, 35.767790757087354, 0.0 ], [ -78.680876489065867, 35.767790384041867, 0.0 ], [ -78.680876804040963, 35.767761841761796, 0.0 ], [ -78.680865523549002, 35.767761759027067, 0.0 ], [ -78.680865846823693, 35.76773251551684, 0.0 ], [ -78.680872920353167, 35.767732567399662, 0.0 ], [ -78.68087353792383, 35.767676659069821, 0.0 ], [ -78.680942639710238, 35.76767716638566, 0.0 ], [ -78.680942438412217, 35.767695398401685, 0.0 ], [ -78.680963540657871, 35.767695552824307, 0.0 ], [ -78.680963672523561, 35.767683708506311, 0.0 ], [ -78.680990067743878, 35.767683902025716, 0.0 ], [ -78.680990366917626, 35.767656832511854, 0.0 ], [ -78.681060617748273, 35.767657348178354, 0.0 ], [ -78.6810608896307, 35.767632706834334, 0.0 ], [ -78.681130628396971, 35.767633218415625, 0.0 ], [ -78.681130870827829, 35.76761127383876, 0.0 ], [ -78.681177917028919, 35.767611618723549, 0.0 ], [ -78.68117777403026, 35.767624612236361, 0.0 ], [ -78.681199188128517, 35.767624769237223, 0.0 ], [ -78.681199365155138, 35.767608752679635, 0.0 ], [ -78.681267241518881, 35.767609250294697, 0.0 ], [ -78.681266646655331, 35.76766311351934, 0.0 ], [ -78.681270893420944, 35.767663145363137, 0.0 ], [ -78.68127056215323, 35.767693051347329, 0.0 ], [ -78.681264951770714, 35.767693010527125, 0.0 ], [ -78.68126463847203, 35.76772144284795, 0.0 ] ] ], [ [ [ -78.681768016614598, 35.768033377443977, 0.0 ], [ -78.681405791074454, 35.768027625436119, 0.0 ], [ -78.681406250305898, 35.767900054731172, 0.0 ], [ -78.68177278477053, 35.76790535830763, 0.0 ], [ -78.681768016614598, 35.768033377443977, 0.0 ] ] ], [ [ [ -78.681979095886319, 35.768218207364583, 0.0 ], [ -78.681986966488637, 35.767903228057477, 0.0 ], [ -78.682142497119912, 35.767907180843025, 0.0 ], [ -78.682133367405314, 35.768222164984593, 0.0 ], [ -78.681979095886319, 35.768218207364583, 0.0 ] ] ], [ [ [ -78.681379858039463, 35.767640732605535, 0.0 ], [ -78.681369746776141, 35.767640596190795, 0.0 ], [ -78.681370302866, 35.767613128950551, 0.0 ], [ -78.681380414125897, 35.767613265365263, 0.0 ], [ -78.68138274246877, 35.767498331076638, 0.0 ], [ -78.681372631219688, 35.767498195563441, 0.0 ], [ -78.681373185928265, 35.767470797722417, 0.0 ], [ -78.68138329717037, 35.767470934136902, 0.0 ], [ -78.681384549210648, 35.767409127211245, 0.0 ], [ -78.681464687086006, 35.767410205713126, 0.0 ], [ -78.681464430136316, 35.767418445199525, 0.0 ], [ -78.681498223102196, 35.767418899517345, 0.0 ], [ -78.681498389364478, 35.767410658892409, 0.0 ], [ -78.681545536058707, 35.767411293232279, 0.0 ], [ -78.681544977937762, 35.767427772089682, 0.0 ], [ -78.681578636000282, 35.767428221525691, 0.0 ], [ -78.681579239443963, 35.767411746392035, 0.0 ], [ -78.681645529255945, 35.7674126380467, 0.0 ], [ -78.681645195651896, 35.767429120195352, 0.0 ], [ -78.681678899045195, 35.767429573327561, 0.0 ], [ -78.681679232642338, 35.767413091178781, 0.0 ], [ -78.681723732923089, 35.767413689690308, 0.0 ], [ -78.681723565574288, 35.767421931213981, 0.0 ], [ -78.681763930903358, 35.767422473838408, 0.0 ], [ -78.681764177869098, 35.7674142343254, 0.0 ], [ -78.681816442671405, 35.767414936914768, 0.0 ], [ -78.681816275335578, 35.767423177537232, 0.0 ], [ -78.681849979833288, 35.767423630624997, 0.0 ], [ -78.681848895484549, 35.767477196031429, 0.0 ], [ -78.68185900672826, 35.767477332406379, 0.0 ], [ -78.681858452187697, 35.767504729348204, 0.0 ], [ -78.681848339831092, 35.767504593871664, 0.0 ], [ -78.681846013255353, 35.767619528171835, 0.0 ], [ -78.681856124520394, 35.767619663645704, 0.0 ], [ -78.681855568595481, 35.767647130888122, 0.0 ], [ -78.681845457330553, 35.767646994512866, 0.0 ], [ -78.681844372975831, 35.767700559915369, 0.0 ], [ -78.681810668362786, 35.76770010682614, 0.0 ], [ -78.681810502131754, 35.767708347450714, 0.0 ], [ -78.681758236034028, 35.767707644855967, 0.0 ], [ -78.681758323751438, 35.767699403124929, 0.0 ], [ -78.681717958287834, 35.767698859597402, 0.0 ], [ -78.681717790937839, 35.767707101120287, 0.0 ], [ -78.68167329049578, 35.767706502606686, 0.0 ], [ -78.681673625201199, 35.76769002046229, 0.0 ], [ -78.681639921699443, 35.767689567328695, 0.0 ], [ -78.681639588096644, 35.767706048574517, 0.0 ], [ -78.681573296938382, 35.767705156913827, 0.0 ], [ -78.681573630554681, 35.767688675668161, 0.0 ], [ -78.681539703662764, 35.767688219218762, 0.0 ], [ -78.681539593430912, 35.767704703752472, 0.0 ], [ -78.681492447671701, 35.767704069413256, 0.0 ], [ -78.68149261504108, 35.767695828791986, 0.0 ], [ -78.681458821959509, 35.767695374472652, 0.0 ], [ -78.681458744165141, 35.767703616229497, 0.0 ], [ -78.681378605995633, 35.767702538625166, 0.0 ], [ -78.681379858039463, 35.767640732605535, 0.0 ] ] ] ] } },
{ "type": "Feature", "properties": { "OBJECTID": 6989, "BLDGNUM": "782C", "Precinct_N": "Centennial Campus", "story_group": "centennial" }, "geometry": { "type": "MultiPolygon", "coordinates": [ [ [ [ -78.673402003601723, 35.770796548558074, 0.0 ], [ -78.673196559515688, 35.770690704412125, 0.0 ], [ -78.673221727149212, 35.770658261098959, 0.0 ], [ -78.673207015858267, 35.770650681829807, 0.0 ], [ -78.673202463070609, 35.770656550931427, 0.0 ], [ -78.67318019029905, 35.770645075562527, 0.0 ], [ -78.673241466669936, 35.770566081495808, 0.0 ], [ -78.67325012633593, 35.770570542978525, 0.0 ], [ -78.673266713128697, 35.770549159650415, 0.0 ], [ -78.673257578871727, 35.770544453531002, 0.0 ], [ -78.673319613334442, 35.770464480786266, 0.0 ], [ -78.673357841223549, 35.770484175974481, 0.0 ], [ -78.673379353179897, 35.770456444101193, 0.0 ], [ -78.673584742829391, 35.770562259860128, 0.0 ], [ -78.673562162494861, 35.770591367972621, 0.0 ], [ -78.673600785632729, 35.770611266045357, 0.0 ], [ -78.673540561327158, 35.770688904774318, 0.0 ], [ -78.673530936993345, 35.77068394588526, 0.0 ], [ -78.673513706520112, 35.770706158568778, 0.0 ], [ -78.673521851890001, 35.770710354557522, 0.0 ], [ -78.673460962584443, 35.770788850450273, 0.0 ], [ -78.673440976622004, 35.770778553917836, 0.0 ], [ -78.673445301484762, 35.770772978036987, 0.0 ], [ -78.67342742912939, 35.770763770592531, 0.0 ], [ -78.673402003601723, 35.770796548558074, 0.0 ] ] ], [ [ [ -78.674170168485418, 35.770675010699371, 0.0 ], [ -78.673868158323032, 35.771061194833685, 0.0 ], [ -78.673905081342866, 35.771081212640659, 0.0 ], [ -78.673872969781783, 35.771123394623224, 0.0 ], [ -78.67385377358805, 35.771113868225498, 0.0 ], [ -78.67382656101249, 35.771148791212937, 0.0 ], [ -78.673807136484939, 35.771138564748163, 0.0 ], [ -78.6737607335685, 35.771215710590184, 0.0 ], [ -78.673740305062907, 35.771267119408222, 0.0 ], [ -78.673730398328203, 35.771308304439884, 0.0 ], [ -78.673725592870525, 35.771352965223201, 0.0 ], [ -78.673730376516318, 35.771427523360082, 0.0 ], [ -78.673727270241358, 35.771431234914893, 0.0 ], [ -78.673593555735877, 35.771360446926792, 0.0 ], [ -78.673539827754581, 35.771374182846024, 0.0 ], [ -78.673483651713894, 35.77137733933349, 0.0 ], [ -78.673487692906249, 35.771372998443859, 0.0 ], [ -78.673465424168214, 35.771361560997981, 0.0 ], [ -78.673454981519114, 35.771374361030055, 0.0 ], [ -78.673430233087245, 35.771370052023947, 0.0 ], [ -78.673390654511664, 35.771358254485769, 0.0 ], [ -78.673347391470784, 35.771336956730423, 0.0 ], [ -78.673299966861336, 35.771298048921281, 0.0 ], [ -78.673295033359096, 35.771292468945994, 0.0 ], [ -78.673305326073944, 35.771279005130822, 0.0 ], [ -78.673283194785625, 35.771267778935851, 0.0 ], [ -78.67327958431251, 35.77127199929177, 0.0 ], [ -78.673266071770968, 35.771247179502069, 0.0 ], [ -78.673255091854827, 35.771214454445555, 0.0 ], [ -78.673250960112895, 35.771180694979861, 0.0 ], [ -78.673267515039072, 35.771159838860427, 0.0 ], [ -78.672964265635514, 35.7710031778781, 0.0 ], [ -78.672983111835464, 35.770979139868984, 0.0 ], [ -78.672952489378389, 35.770963108247749, 0.0 ], [ -78.673041305107589, 35.770847602386787, 0.0 ], [ -78.673071347828213, 35.770863400783213, 0.0 ], [ -78.673091115133317, 35.770839121863894, 0.0 ], [ -78.673394468415296, 35.770995164491424, 0.0 ], [ -78.673370256175275, 35.771026004191199, 0.0 ], [ -78.673435176218803, 35.771059526439885, 0.0 ], [ -78.67343151509796, 35.771064242407817, 0.0 ], [ -78.673458269790075, 35.77107785422811, 0.0 ], [ -78.67349772176135, 35.77102726620025, 0.0 ], [ -78.673485892233757, 35.77101896369463, 0.0 ], [ -78.673499145392739, 35.771001730235525, 0.0 ], [ -78.673512411518544, 35.771008414158622, 0.0 ], [ -78.673518072836757, 35.771000822831468, 0.0 ], [ -78.673456291709954, 35.770969478592974, 0.0 ], [ -78.673527953727955, 35.770875889613762, 0.0 ], [ -78.673590299063832, 35.770906912645202, 0.0 ], [ -78.673596163861518, 35.770900420606388, 0.0 ], [ -78.673582645299035, 35.770893257398249, 0.0 ], [ -78.673596103772013, 35.770876387722645, 0.0 ], [ -78.673610901272284, 35.770881533527231, 0.0 ], [ -78.673803677211396, 35.770632119689459, 0.0 ], [ -78.673776751936089, 35.770618320004942, 0.0 ], [ -78.673772822095913, 35.770623036165382, 0.0 ], [ -78.673709133906996, 35.770589897761276, 0.0 ], [ -78.673728123315314, 35.770565374189921, 0.0 ], [ -78.673424090022735, 35.770408705909396, 0.0 ], [ -78.673443706914981, 35.770384372445491, 0.0 ], [ -78.673412847634069, 35.77036840880433, 0.0 ], [ -78.673501780259272, 35.770253484273837, 0.0 ], [ -78.673532649299915, 35.770268941359916, 0.0 ], [ -78.673551665790441, 35.770244553088808, 0.0 ], [ -78.674141125509493, 35.770547439598751, 0.0 ], [ -78.674078336259939, 35.770628544637816, 0.0 ], [ -78.674170168485418, 35.770675010699371, 0.0 ] ] ] ] } },
{ "type": "Feature", "properties": { "OBJECTID": 6990, "BLDGNUM": "784C", "Precinct_N": "Centennial Campus", "story_group": "centennial" }, "geometry": { "type": "Polygon", "coordinates": [ [ [ -78.673376173898703, 35.766707663304828, 0.0 ], [ -78.673236890465276, 35.766720056479329, 0.0 ], [ -78.67323223254742, 35.766684375671261, 0.0 ], [ -78.673202966764009, 35.766686337816218, 0.0 ], [ -78.673203612700519, 35.76669316729275, 0.0 ], [ -78.673176160159969, 35.766695529088473, 0.0 ], [ -78.673175702372362, 35.76668893987636, 0.0 ], [ -78.673029493939936, 35.766702316535998, 0.0 ], [ -78.673025900912961, 35.76670363548395, 0.0 ], [ -78.673026625254849, 35.766709669277873, 0.0 ], [ -78.67299892993509, 35.766712170992896, 0.0 ], [ -78.672998516139643, 35.766706467026125, 0.0 ], [ -78.672969167776643, 35.766708882273413, 0.0 ], [ -78.672974060820209, 35.766744643943198, 0.0 ], [ -78.672834480970323, 35.766757284635112, 0.0 ], [ -78.672818425301372, 35.766643120394129, 0.0 ], [ -78.672812522248179, 35.766643818408454, 0.0 ], [ -78.672812265188341, 35.766639561532401, 0.0 ], [ -78.672802532621105, 35.766640438543277, 0.0 ], [ -78.672798286665142, 35.766610413006894, 0.0 ], [ -78.672812075139717, 35.766609162915351, 0.0 ], [ -78.672810513563434, 35.766593569832359, 0.0 ], [ -78.672814691477768, 35.766593383658943, 0.0 ], [ -78.672809141007676, 35.766552021014178, 0.0 ], [ -78.672801040208526, 35.766553051131417, 0.0 ], [ -78.672797369261971, 35.766526328792381, 0.0 ], [ -78.672805365664729, 35.766525679666991, 0.0 ], [ -78.672795284878205, 35.766452688114434, 0.0 ], [ -78.672787510842994, 35.76645304760109, 0.0 ], [ -78.672783465811733, 35.766425575231992, 0.0 ], [ -78.672791343135756, 35.766424833849676, 0.0 ], [ -78.672785858744874, 35.76638545976239, 0.0 ], [ -78.672780985140676, 35.766385661191521, 0.0 ], [ -78.672777523722502, 35.766358270609842, 0.0 ], [ -78.67276557179035, 35.766358817168587, 0.0 ], [ -78.672762389789582, 35.766329336199334, 0.0 ], [ -78.672771884178701, 35.766328275577258, 0.0 ], [ -78.672770968647157, 35.766321666204554, 0.0 ], [ -78.672774675036749, 35.766321300297982, 0.0 ], [ -78.67276081312275, 35.76622177718582, 0.0 ], [ -78.672848325223313, 35.766214932145161, 0.0 ], [ -78.672847877366237, 35.766211911411645, 0.0 ], [ -78.67289119886307, 35.766207646288414, 0.0 ], [ -78.672891854401684, 35.766209905035353, 0.0 ], [ -78.672900084149049, 35.766209250220982, 0.0 ], [ -78.672904765343503, 35.766245422347261, 0.0 ], [ -78.672934794547359, 35.766243343345508, 0.0 ], [ -78.672933640865836, 35.766236549458533, 0.0 ], [ -78.672959825898445, 35.766234175300731, 0.0 ], [ -78.672960632287257, 35.766240976367129, 0.0 ], [ -78.673111835398387, 35.766227335578471, 0.0 ], [ -78.673111139263412, 35.766220341919571, 0.0 ], [ -78.673137431612759, 35.766217681381505, 0.0 ], [ -78.673138457435769, 35.7662240990595, 0.0 ], [ -78.673167643226577, 35.766221091146775, 0.0 ], [ -78.673163071076274, 35.766184726433828, 0.0 ], [ -78.673172009361807, 35.766184435845986, 0.0 ], [ -78.673171693409643, 35.766181885973559, 0.0 ], [ -78.673301996508087, 35.766172301737804, 0.0 ], [ -78.673315295949948, 35.766265301995041, 0.0 ], [ -78.673324844496307, 35.766264519993008, 0.0 ], [ -78.673325246247018, 35.766271568744877, 0.0 ], [ -78.673334091963625, 35.766271198577854, 0.0 ], [ -78.673337661000801, 35.766301837005287, 0.0 ], [ -78.673329439567297, 35.766302622567601, 0.0 ], [ -78.673329866633793, 35.766308057966519, 0.0 ], [ -78.673317224144114, 35.766309814144883, 0.0 ], [ -78.673320750859119, 35.766336690214096, 0.0 ], [ -78.673313271578337, 35.766337458837462, 0.0 ], [ -78.67331802249204, 35.766376406396731, 0.0 ], [ -78.673326575472544, 35.766375681213638, 0.0 ], [ -78.67333052749666, 35.766402951412275, 0.0 ], [ -78.673321976455895, 35.766403743300927, 0.0 ], [ -78.673332353750155, 35.766478192190377, 0.0 ], [ -78.673340329385852, 35.766477479879526, 0.0 ], [ -78.673344268672778, 35.766504346236779, 0.0 ], [ -78.673336123244752, 35.766504928297785, 0.0 ], [ -78.673339500385836, 35.766544749185563, 0.0 ], [ -78.673349290946163, 35.766544021911756, 0.0 ], [ -78.673350697276845, 35.76655481216639, 0.0 ], [ -78.67336044092356, 35.766553926127848, 0.0 ], [ -78.673361172465746, 35.766563934903012, 0.0 ], [ -78.673369754266758, 35.766563746098747, 0.0 ], [ -78.67337446058805, 35.766594299239358, 0.0 ], [ -78.67336015031988, 35.76659549932225, 0.0 ], [ -78.673376173898703, 35.766707663304828, 0.0 ] ], [ [ -78.673135698082817, 35.766473212832622, 0.0 ], [ -78.673131656367033, 35.766443795366129, 0.0 ], [ -78.67307846428217, 35.766409174979593, 0.0 ], [ -78.672950147304704, 35.766420885191572, 0.0 ], [ -78.672964902257789, 35.766528274971954, 0.0 ], [ -78.67300705545631, 35.766524427602192, 0.0 ], [ -78.673006274421951, 35.766518739774916, 0.0 ], [ -78.673032237229179, 35.766516370413036, 0.0 ], [ -78.673033018265315, 35.766522058240149, 0.0 ], [ -78.673093219403484, 35.766516564744805, 0.0 ], [ -78.673135698082817, 35.766473212832622, 0.0 ] ] ] } },
{ "type": "Feature", "properties": { "OBJECTID": 6991, "BLDGNUM": "784A", "Precinct_N": "Centennial Campus", "story_group": "centennial" }, "geometry": { "type": "Polygon", "coordinates": [ [ [ -78.674230289471083, 35.765242770627573, 0.0 ], [ -78.674225298325084, 35.76527108318686, 0.0 ], [ -78.674242181883926, 35.765272894093229, 0.0 ], [ -78.674225676119107, 35.765357708693308, 0.0 ], [ -78.674212255695366, 35.765356601089323, 0.0 ], [ -78.674112229721743, 35.765876111076039, 0.0 ], [ -78.67410435535173, 35.765875037227659, 0.0 ], [ -78.674096160929309, 35.765922118180043, 0.0 ], [ -78.67411591636909, 35.765924021514593, 0.0 ], [ -78.674099425043664, 35.766009303920946, 0.0 ], [ -78.674082918013951, 35.76600732905564, 0.0 ], [ -78.674077353840786, 35.76603565449043, 0.0 ], [ -78.673954843314249, 35.766019489847316, 0.0 ], [ -78.673961172914261, 35.765985382488033, 0.0 ], [ -78.673842338829104, 35.765970539040026, 0.0 ], [ -78.673837937365562, 35.76599354058493, 0.0 ], [ -78.673813364620997, 35.765990496712732, 0.0 ], [ -78.673818531468683, 35.76596747829003, 0.0 ], [ -78.673699646205819, 35.765951077929863, 0.0 ], [ -78.673693327409268, 35.765985496271767, 0.0 ], [ -78.673570451265434, 35.765969806175953, 0.0 ], [ -78.673575854780736, 35.76594241954195, 0.0 ], [ -78.673558769949167, 35.765940301544674, 0.0 ], [ -78.673629197457771, 35.765601100403764, 0.0 ], [ -78.673623631736248, 35.765600442825672, 0.0 ], [ -78.673710581900764, 35.765176893124099, 0.0 ], [ -78.673845961977833, 35.765194956480613, 0.0 ], [ -78.673840200409217, 35.76522889590936, 0.0 ], [ -78.67410150297907, 35.765262270285525, 0.0 ], [ -78.674107036569296, 35.765227245006422, 0.0 ], [ -78.674230289471083, 35.765242770627573, 0.0 ] ], [ [ -78.673932903151098, 35.765528425638806, 0.0 ], [ -78.673985657692157, 35.765498120064478, 0.0 ], [ -78.673990988970829, 35.765468856598886, 0.0 ], [ -78.67395155753151, 35.765425909761653, 0.0 ], [ -78.673828264613149, 35.76541120127964, 0.0 ], [ -78.673809816913618, 35.765513162459136, 0.0 ], [ -78.673932903151098, 35.765528425638806, 0.0 ] ], [ [ -78.673881889066536, 35.76579063403166, 0.0 ], [ -78.673933780011666, 35.765760066580086, 0.0 ], [ -78.673939532479693, 35.765730854722435, 0.0 ], [ -78.673900955854421, 35.765687901147459, 0.0 ], [ -78.673778064040874, 35.765672633950899, 0.0 ], [ -78.673757726542135, 35.765775052446557, 0.0 ], [ -78.673881889066536, 35.76579063403166, 0.0 ] ] ] } },
{ "type": "Feature", "properties": { "OBJECTID": 6992, "BLDGNUM": "784B", "Precinct_N": "Centennial Campus", "story_group": "centennial" }, "geometry": { "type": "Polygon", "coordinates": [ [ [ -78.673419705560164, 35.764926675897833, 0.0 ], [ -78.673414714150056, 35.76495498842673, 0.0 ], [ -78.673431598730687, 35.764956799448633, 0.0 ], [ -78.673415091071107, 35.765041614845885, 0.0 ], [ -78.673401671816791, 35.76504050715549, 0.0 ], [ -78.673301639926862, 35.765560015625184, 0.0 ], [ -78.673293766704262, 35.765558941727328, 0.0 ], [ -78.673285571842115, 35.765606022629953, 0.0 ], [ -78.67330532607609, 35.765607926994484, 0.0 ], [ -78.673288833960683, 35.765693209299869, 0.0 ], [ -78.673272327015241, 35.76569123432445, 0.0 ], [ -78.673266762583708, 35.765719558823776, 0.0 ], [ -78.673144253803642, 35.765703393366671, 0.0 ], [ -78.673150582614781, 35.765669286043043, 0.0 ], [ -78.67303175024486, 35.76565444270706, 0.0 ], [ -78.673027348568084, 35.765677444224963, 0.0 ], [ -78.673002775953663, 35.765674399287647, 0.0 ], [ -78.673007941905865, 35.765651380893964, 0.0 ], [ -78.672889058377692, 35.765634979743908, 0.0 ], [ -78.672882739261013, 35.765669398047272, 0.0 ], [ -78.672759862644881, 35.76565370803047, 0.0 ], [ -78.672765267519367, 35.765626321432663, 0.0 ], [ -78.672748182775706, 35.765624203321416, 0.0 ], [ -78.672818613411238, 35.765285001713259, 0.0 ], [ -78.672813047714357, 35.765284344999436, 0.0 ], [ -78.672900000680357, 35.76486079492895, 0.0 ], [ -78.673035380043842, 35.764878860089617, 0.0 ], [ -78.673029619267297, 35.764912798585122, 0.0 ], [ -78.673290920481904, 35.764946174703631, 0.0 ], [ -78.673296454397757, 35.764911150359168, 0.0 ], [ -78.673419705560164, 35.764926675897833, 0.0 ] ], [ [ -78.673119929517881, 35.765212409080135, 0.0 ], [ -78.673172684153769, 35.765182104756228, 0.0 ], [ -78.673178014603394, 35.765152840418892, 0.0 ], [ -78.673138584855579, 35.765109893317025, 0.0 ], [ -78.673015292566532, 35.765095184010619, 0.0 ], [ -78.672996843914532, 35.765197145077352, 0.0 ], [ -78.673119929517881, 35.765212409080135, 0.0 ] ], [ [ -78.673070113749745, 35.76547468888505, 0.0 ], [ -78.673122869681251, 35.765444384588214, 0.0 ], [ -78.673128200166175, 35.765415120255547, 0.0 ], [ -78.673088770316951, 35.765372173141209, 0.0 ], [ -78.672965477637263, 35.765357463785612, 0.0 ], [ -78.672947027756777, 35.765459424833203, 0.0 ], [ -78.673070113749745, 35.76547468888505, 0.0 ] ] ] } },
{ "type": "Feature", "properties": { "OBJECTID": 6993, "BLDGNUM": "759B", "Precinct_N": "Centennial Campus", "story_group": "centennial" }, "geometry": { "type": "Polygon", "coordinates": [ [ [ -78.677580058163656, 35.774695480992705, 0.0 ], [ -78.677632734001833, 35.77468635903427, 0.0 ], [ -78.677760295224758, 35.775137391237912, 0.0 ], [ -78.67770789396485, 35.775146929499599, 0.0 ], [ -78.677699654868846, 35.775151656010934, 0.0 ], [ -78.677696835502744, 35.775160819784247, 0.0 ], [ -78.677707768256141, 35.775197639098877, 0.0 ], [ -78.677368136478421, 35.775262897313169, 0.0 ], [ -78.677333648530293, 35.775136378155921, 0.0 ], [ -78.677327154524562, 35.775137564256219, 0.0 ], [ -78.677325811426513, 35.775132657356252, 0.0 ], [ -78.677332427519445, 35.775131088505773, 0.0 ], [ -78.677277471102386, 35.774937978372108, 0.0 ], [ -78.677271092477454, 35.774939357663968, 0.0 ], [ -78.677269754232455, 35.774934067702304, 0.0 ], [ -78.677276248226278, 35.774932880703616, 0.0 ], [ -78.677250693420291, 35.774841765857403, 0.0 ], [ -78.67724455187431, 35.774843051134319, 0.0 ], [ -78.677242632676581, 35.774837275608093, 0.0 ], [ -78.6772493611344, 35.774836091936095, 0.0 ], [ -78.677223564089928, 35.774745549697812, 0.0 ], [ -78.677217193303946, 35.774746353946526, 0.0 ], [ -78.67721561612565, 35.774741349078624, 0.0 ], [ -78.677222110485999, 35.774740066540716, 0.0 ], [ -78.677210219532014, 35.774695091026793, 0.0 ], [ -78.677199043346334, 35.774697176879286, 0.0 ], [ -78.677176375009353, 35.774616442392926, 0.0 ], [ -78.677242759756538, 35.7746044347561, 0.0 ], [ -78.677244626920412, 35.774611052906998, 0.0 ], [ -78.677583213164681, 35.774551871867665, 0.0 ], [ -78.677620682551009, 35.774680770319598, 0.0 ], [ -78.677602508617994, 35.774679181814768, 0.0 ], [ -78.677576086517234, 35.774684051279834, 0.0 ], [ -78.677571987853, 35.774691170108284, 0.0 ], [ -78.677580058163656, 35.774695480992705, 0.0 ] ] ] } },
{ "type": "Feature", "properties": { "OBJECTID": 6994, "BLDGNUM": "770A", "Precinct_N": "Centennial Campus", "story_group": "centennial" }, "geometry": { "type": "Polygon", "coordinates": [ [ [ -78.671190385369954, 35.773481023342043, 0.0 ], [ -78.671233919913291, 35.773311823981658, 0.0 ], [ -78.671372162418365, 35.773334194467743, 0.0 ], [ -78.671330624641982, 35.773505006370762, 0.0 ], [ -78.671190385369954, 35.773481023342043, 0.0 ] ] ] } },
{ "type": "Feature", "properties": { "OBJECTID": 6995, "BLDGNUM": "756B", "Precinct_N": "Centennial Campus", "story_group": "centennial" }, "geometry": { "type": "Polygon", "coordinates": [ [ [ -78.67513420379629, 35.773398915562595, 0.0 ], [ -78.674643428618268, 35.773121942145501, 0.0 ], [ -78.675029435892739, 35.772664434858932, 0.0 ], [ -78.675077727074623, 35.772691219318162, 0.0 ], [ -78.675111859282268, 35.772651256145629, 0.0 ], [ -78.67550833358365, 35.772873986566019, 0.0 ], [ -78.67547417456376, 35.772914593339266, 0.0 ], [ -78.67552122373759, 35.772941434701295, 0.0 ], [ -78.675443450059205, 35.773033141808746, 0.0 ], [ -78.675470458667547, 35.773048220349253, 0.0 ], [ -78.675409272094541, 35.773120621433037, 0.0 ], [ -78.675382489080633, 35.773105548888616, 0.0 ], [ -78.67513420379629, 35.773398915562595, 0.0 ] ] ] } },
{ "type": "Feature", "properties": { "OBJECTID": 6996, "BLDGNUM": "713A", "Precinct_N": "Centennial Campus", "story_group": "centennial" }, "geometry": { "type": "Polygon", "coordinates": [ [ [ -78.674635375396335, 35.773117585140227, 0.0 ], [ -78.675140729069639, 35.773402035412396, 0.0 ], [ -78.674747285055247, 35.773866998891087, 0.0 ], [ -78.674776947650074, 35.773883345656053, 0.0 ], [ -78.674726344766526, 35.773942525691439, 0.0 ], [ -78.674668260783648, 35.77390977415336, 0.0 ], [ -78.674548797120607, 35.774049600559607, 0.0 ], [ -78.674603018174949, 35.774080315599228, 0.0 ], [ -78.674256785856201, 35.774489373796833, 0.0 ], [ -78.674239759767289, 35.774479631543564, 0.0 ], [ -78.674203882113261, 35.774521241056071, 0.0 ], [ -78.67417334183375, 35.774503911138908, 0.0 ], [ -78.674184391372279, 35.774490716988076, 0.0 ], [ -78.673758125467288, 35.774250764333622, 0.0 ], [ -78.673785153848925, 35.77421899652709, 0.0 ], [ -78.673750937030846, 35.774201723356001, 0.0 ], [ -78.673758781734762, 35.774192800269113, 0.0 ], [ -78.673761569968264, 35.774193927213247, 0.0 ], [ -78.673817526232213, 35.774128079306564, 0.0 ], [ -78.673814501236592, 35.774126420834499, 0.0 ], [ -78.67382416494182, 35.774118703212295, 0.0 ], [ -78.674000124390773, 35.773910878541791, 0.0 ], [ -78.673997910818812, 35.773909873020528, 0.0 ], [ -78.674008490562599, 35.773901812617659, 0.0 ], [ -78.674064054502509, 35.773836059085774, 0.0 ], [ -78.674061793965805, 35.773834631608047, 0.0 ], [ -78.674069325365096, 35.77382548953527, 0.0 ], [ -78.6741012678429, 35.773845562437621, 0.0 ], [ -78.674128443162587, 35.773812944971333, 0.0 ], [ -78.674434393988491, 35.773985584726013, 0.0 ], [ -78.674444993728841, 35.773971997260141, 0.0 ], [ -78.674459481639261, 35.773978920491167, 0.0 ], [ -78.674555906413588, 35.773867138519577, 0.0 ], [ -78.674208942645961, 35.773671682566288, 0.0 ], [ -78.674221010311939, 35.773658043160779, 0.0 ], [ -78.674162585742692, 35.77362537429218, 0.0 ], [ -78.674182494175867, 35.773602115922579, 0.0 ], [ -78.674211808191302, 35.773618728694409, 0.0 ], [ -78.674635375396335, 35.773117585140227, 0.0 ] ] ] } },
{ "type": "Feature", "properties": { "OBJECTID": 6997, "BLDGNUM": "762A", "Precinct_N": "Centennial Campus", "story_group": "centennial" }, "geometry": { "type": "Polygon", "coordinates": [ [ [ -78.673753534164788, 35.77297629147818, 0.0 ], [ -78.673765411670772, 35.772960980501828, 0.0 ], [ -78.673774309452014, 35.77296515955674, 0.0 ], [ -78.673765326112246, 35.772977534474563, 0.0 ], [ -78.673767585843436, 35.772978605922667, 0.0 ], [ -78.673780192195153, 35.772962753382529, 0.0 ], [ -78.673752347753521, 35.772947952547312, 0.0 ], [ -78.674013610533606, 35.77261091147291, 0.0 ], [ -78.674110342327339, 35.772660433614917, 0.0 ], [ -78.674172970485316, 35.772579615708644, 0.0 ], [ -78.674381618655602, 35.77268753799499, 0.0 ], [ -78.674064347695108, 35.773097844085527, 0.0 ], [ -78.67419544781643, 35.773165256169406, 0.0 ], [ -78.67397262004512, 35.773451799548489, 0.0 ], [ -78.67380898909073, 35.773366760749688, 0.0 ], [ -78.67379047477246, 35.773390430203882, 0.0 ], [ -78.673738606423015, 35.773363705964805, 0.0 ], [ -78.673757616836227, 35.773340989672839, 0.0 ], [ -78.673505877449685, 35.773210928160253, 0.0 ], [ -78.673582115876968, 35.773111603566797, 0.0 ], [ -78.673612382127544, 35.773127334813303, 0.0 ], [ -78.673687035558515, 35.773031260681485, 0.0 ], [ -78.673715361890359, 35.773046150252974, 0.0 ], [ -78.673728650325387, 35.773029016022534, 0.0 ], [ -78.673726103234557, 35.773027892427031, 0.0 ], [ -78.673716275544976, 35.773040374142809, 0.0 ], [ -78.673707402744483, 35.773035758897123, 0.0 ], [ -78.673719936242165, 35.773019601511898, 0.0 ], [ -78.673708130668828, 35.773014057230455, 0.0 ], [ -78.673741794408926, 35.772971157490687, 0.0 ], [ -78.673753534164788, 35.77297629147818, 0.0 ] ] ] } },
{ "type": "Feature", "properties": { "OBJECTID": 6998, "BLDGNUM": "763", "Precinct_N": "Centennial Campus", "story_group": "centennial" }, "geometry": { "type": "Polygon", "coordinates": [ [ [ -78.672837060117359, 35.774148428983999, 0.0 ], [ -78.672751101209016, 35.77408937147414, 0.0 ], [ -78.672735309663111, 35.774103980496044, 0.0 ], [ -78.672665984064167, 35.774056571592354, 0.0 ], [ -78.672680877422408, 35.774042528917683, 0.0 ], [ -78.672595117409074, 35.773984121703016, 0.0 ], [ -78.672896499610673, 35.773689062265056, 0.0 ], [ -78.672878167860361, 35.773678712407282, 0.0 ], [ -78.672951398520695, 35.7735327388719, 0.0 ], [ -78.673257014512359, 35.773634867179993, 0.0 ], [ -78.673209029930263, 35.773730152691869, 0.0 ], [ -78.673204642035358, 35.773729658697995, 0.0 ], [ -78.673202438772236, 35.773734045066774, 0.0 ], [ -78.673320412451986, 35.773794935844386, 0.0 ], [ -78.673505659057142, 35.773557182197614, 0.0 ], [ -78.673604104392012, 35.773608209163704, 0.0 ], [ -78.673617506326437, 35.773591482662603, 0.0 ], [ -78.673694031416574, 35.773630366418423, 0.0 ], [ -78.673680728827861, 35.773647418581291, 0.0 ], [ -78.673775387640376, 35.773696163860755, 0.0 ], [ -78.673505413406644, 35.774045571828601, 0.0 ], [ -78.673499435217977, 35.774042556112157, 0.0 ], [ -78.673485031963239, 35.774060987972554, 0.0 ], [ -78.673490514032792, 35.774062784635923, 0.0 ], [ -78.673359074624798, 35.774233957375586, 0.0 ], [ -78.673160091306968, 35.774131086160807, 0.0 ], [ -78.673162294825175, 35.774127187424419, 0.0 ], [ -78.673094639996023, 35.774091324135448, 0.0 ], [ -78.673171960095644, 35.773992340732732, 0.0 ], [ -78.673056475017191, 35.773933323191223, 0.0 ], [ -78.672837060117359, 35.774148428983999, 0.0 ] ] ] } },
{ "type": "Feature", "properties": { "OBJECTID": 6999, "BLDGNUM": "713", "Precinct_N": "Centennial Campus", "story_group": "centennial" }, "geometry": { "type": "Polygon", "coordinates": [ [ [ -78.675342996885576, 35.773936515578228, 0.0 ], [ -78.675385847645003, 35.773886279458068, 0.0 ], [ -78.675369229770666, 35.773876789925218, 0.0 ], [ -78.675484028440536, 35.773740330346428, 0.0 ], [ -78.675499788484629, 35.773750252930974, 0.0 ], [ -78.675542970558041, 35.773699265008212, 0.0 ], [ -78.67589449252479, 35.773895782055909, 0.0 ], [ -78.675900078361593, 35.773889080958291, 0.0 ], [ -78.676022397508433, 35.773957485312209, 0.0 ], [ -78.676016619740835, 35.773964333726219, 0.0 ], [ -78.676134211555635, 35.77402949585521, 0.0 ], [ -78.676091763905092, 35.774080807716373, 0.0 ], [ -78.676100080857594, 35.774085361819104, 0.0 ], [ -78.675984852866591, 35.77422089783736, 0.0 ], [ -78.675977179752778, 35.774216588804087, 0.0 ], [ -78.675934124051906, 35.774266953474211, 0.0 ], [ -78.67579656039328, 35.774190400824693, 0.0 ], [ -78.675792304623343, 35.774194738511888, 0.0 ], [ -78.67580504735443, 35.774202486179192, 0.0 ], [ -78.675792634412034, 35.774218151054527, 0.0 ], [ -78.675780140991009, 35.774229057487688, 0.0 ], [ -78.675759019654294, 35.774235726241905, 0.0 ], [ -78.675745586624288, 35.774235735553141, 0.0 ], [ -78.675736759240351, 35.774231869600449, 0.0 ], [ -78.675720172046866, 35.774220768584769, 0.0 ], [ -78.675725032075263, 35.774215240022635, 0.0 ], [ -78.675718312690407, 35.774211960149515, 0.0 ], [ -78.675714442184869, 35.774215931108785, 0.0 ], [ -78.675708539675952, 35.774213050905104, 0.0 ], [ -78.675703576991225, 35.774218803629424, 0.0 ], [ -78.675679300705553, 35.774205454000601, 0.0 ], [ -78.675685268807186, 35.774197766051522, 0.0 ], [ -78.675621568859384, 35.774156457926253, 0.0 ], [ -78.675653841210007, 35.77411755596443, 0.0 ], [ -78.675657221110853, 35.774118706072919, 0.0 ], [ -78.675662105450115, 35.774114837864616, 0.0 ], [ -78.675342996885576, 35.773936515578228, 0.0 ] ] ] } },
{ "type": "Feature", "properties": { "OBJECTID": 7000, "BLDGNUM": "756A", "Precinct_N": "Centennial Campus", "story_group": "centennial" }, "geometry": { "type": "Polygon", "coordinates": [ [ [ -78.676159906459631, 35.773470192590224, 0.0 ], [ -78.676494574708144, 35.773650472160405, 0.0 ], [ -78.676421363379021, 35.773740923786697, 0.0 ], [ -78.676417616661126, 35.773738847939583, 0.0 ], [ -78.67640877083798, 35.773750104838207, 0.0 ], [ -78.676456586127671, 35.773775855428354, 0.0 ], [ -78.676333784112813, 35.773926533279884, 0.0 ], [ -78.675473737533224, 35.773463303596586, 0.0 ], [ -78.675596484277847, 35.773312291137458, 0.0 ], [ -78.675643464689983, 35.773337867670541, 0.0 ], [ -78.675652943240507, 35.773327159630192, 0.0 ], [ -78.675649196565118, 35.773325082857816, 0.0 ], [ -78.675723055843989, 35.7732348001568, 0.0 ], [ -78.67606077070802, 35.773416659200194, 0.0 ], [ -78.676083162497903, 35.77338737618954, 0.0 ], [ -78.676182141559522, 35.773439983458744, 0.0 ], [ -78.676159906459631, 35.773470192590224, 0.0 ] ] ] } },
{ "type": "Feature", "properties": { "OBJECTID": 7001, "BLDGNUM": "781B", "Precinct_N": "Centennial Campus", "story_group": "centennial" }, "geometry": { "type": "Polygon", "coordinates": [ [ [ -78.677324584048819, 35.769600218854052, 0.0 ], [ -78.677122635747878, 35.769570402413876, 0.0 ], [ -78.677128606638888, 35.769544159172845, 0.0 ], [ -78.677072344184069, 35.769535238976616, 0.0 ], [ -78.677065538271791, 35.769565079998372, 0.0 ], [ -78.676985656035768, 35.769554852373126, 0.0 ], [ -78.676986330359895, 35.769550502437092, 0.0 ], [ -78.676922520949446, 35.769541509879666, 0.0 ], [ -78.677071257516019, 35.768866516260545, 0.0 ], [ -78.677337962851198, 35.768904812111444, 0.0 ], [ -78.677332255176978, 35.768930253862315, 0.0 ], [ -78.677468907811559, 35.768950475259167, 0.0 ], [ -78.677324584048819, 35.769600218854052, 0.0 ] ] ] } },
{ "type": "Feature", "properties": { "OBJECTID": 7002, "BLDGNUM": "781A", "Precinct_N": "Centennial Campus", "story_group": "centennial" }, "geometry": { "type": "Polygon", "coordinates": [ [ [ -78.677505090113996, 35.769682621612183, 0.0 ], [ -78.677509420835904, 35.769683259517173, 0.0 ], [ -78.677520980221985, 35.769630643994972, 0.0 ], [ -78.677324584048819, 35.769600218854052, 0.0 ], [ -78.677430437162641, 35.76911947413236, 0.0 ], [ -78.677595681834831, 35.76914361626438, 0.0 ], [ -78.677638906101492, 35.768948967543714, 0.0 ], [ -78.677764468800149, 35.768967620651495, 0.0 ], [ -78.677765692739968, 35.768963550682081, 0.0 ], [ -78.677884185966008, 35.768979452066347, 0.0 ], [ -78.677880552631919, 35.769020055552168, 0.0 ], [ -78.677874392693241, 35.769019685030813, 0.0 ], [ -78.677861850593814, 35.769182246646849, 0.0 ], [ -78.677755265295318, 35.769663897450812, 0.0 ], [ -78.677733182293053, 35.769659941584763, 0.0 ], [ -78.677727944654109, 35.769683737822554, 0.0 ], [ -78.677759799320484, 35.769687076877297, 0.0 ], [ -78.677746200844396, 35.769750468989834, 0.0 ], [ -78.677737948619423, 35.769748912156309, 0.0 ], [ -78.677734758250935, 35.769759637006281, 0.0 ], [ -78.677679704176484, 35.769751612626465, 0.0 ], [ -78.677677923402541, 35.76975969573904, 0.0 ], [ -78.677661094574944, 35.769757218459105, 0.0 ], [ -78.677662770684563, 35.769749589350866, 0.0 ], [ -78.677495823363259, 35.769724987627512, 0.0 ], [ -78.677505090113996, 35.769682621612183, 0.0 ] ] ] } },
{ "type": "Feature", "properties": { "OBJECTID": 7003, "BLDGNUM": "760B", "Precinct_N": "Centennial Campus", "story_group": "centennial" }, "geometry": { "type": "Polygon", "coordinates": [ [ [ -78.675290682507466, 35.772481422782334, 0.0 ], [ -78.67531942915376, 35.772443694964132, 0.0 ], [ -78.675273414625707, 35.772415161738017, 0.0 ], [ -78.67528845770228, 35.772396972024346, 0.0 ], [ -78.675285950610757, 35.772395802598986, 0.0 ], [ -78.675309196724612, 35.77236888173401, 0.0 ], [ -78.675311489466011, 35.772369996506526, 0.0 ], [ -78.675521720524401, 35.772120188543937, 0.0 ], [ -78.675541618946525, 35.772091790414919, 0.0 ], [ -78.67554366002976, 35.772093051432989, 0.0 ], [ -78.675559060035397, 35.772074634593302, 0.0 ], [ -78.675608339759094, 35.772099504307945, 0.0 ], [ -78.675641815634023, 35.772064218143875, 0.0 ], [ -78.676424963812906, 35.772499810942932, 0.0 ], [ -78.676423205210838, 35.772501474671202, 0.0 ], [ -78.676445522479014, 35.772513681452388, 0.0 ], [ -78.67641711552595, 35.772551775483507, 0.0 ], [ -78.676463653421592, 35.772580374562324, 0.0 ], [ -78.676357538774894, 35.772704244682153, 0.0 ], [ -78.676411889505985, 35.772734560878256, 0.0 ], [ -78.676306899560743, 35.772858946804604, 0.0 ], [ -78.676252408313658, 35.772828631992176, 0.0 ], [ -78.67621415425883, 35.772874989520446, 0.0 ], [ -78.676216619171583, 35.77287647969505, 0.0 ], [ -78.676176885157076, 35.77292008505988, 0.0 ], [ -78.676127745602358, 35.772895673842335, 0.0 ], [ -78.676094411393436, 35.772930903722447, 0.0 ], [ -78.676072234569531, 35.772918410622779, 0.0 ], [ -78.676070616188497, 35.772920131503724, 0.0 ], [ -78.675845168222907, 35.772791419236277, 0.0 ], [ -78.675840545013642, 35.772796111081171, 0.0 ], [ -78.675853452307948, 35.772802759537925, 0.0 ], [ -78.675849883037088, 35.772807202710958, 0.0 ], [ -78.675720375423438, 35.772734670661514, 0.0 ], [ -78.675724020095828, 35.772730456635912, 0.0 ], [ -78.675735288867216, 35.772736670799297, 0.0 ], [ -78.675739848978822, 35.772732269025198, 0.0 ], [ -78.675345460957914, 35.772512231834156, 0.0 ], [ -78.67534331038776, 35.772513998157514, 0.0 ], [ -78.675290682507466, 35.772481422782334, 0.0 ] ] ] } },
{ "type": "Feature", "properties": { "OBJECTID": 7004, "BLDGNUM": "760A", "Precinct_N": "Centennial Campus", "story_group": "centennial" }, "geometry": { "type": "Polygon", "coordinates": [ [ [ -78.676725078187459, 35.772481431551277, 0.0 ], [ -78.677103894730521, 35.772536575914543, 0.0 ], [ -78.676971288081688, 35.773137230334768, 0.0 ], [ -78.676808154844181, 35.773113303926145, 0.0 ], [ -78.676764289388842, 35.773164532954027, 0.0 ], [ -78.676774912157427, 35.773169971045903, 0.0 ], [ -78.676783226073283, 35.773160599233663, 0.0 ], [ -78.676900299137571, 35.773227012142058, 0.0 ], [ -78.676817925349937, 35.773317958891575, 0.0 ], [ -78.676705015260367, 35.773256272819403, 0.0 ], [ -78.676710921342135, 35.773246902733966, 0.0 ], [ -78.676700297854538, 35.773241643102111, 0.0 ], [ -78.676692203237977, 35.773250657654486, 0.0 ], [ -78.676481056994675, 35.773132362688088, 0.0 ], [ -78.67658771064184, 35.773005451850594, 0.0 ], [ -78.676607093446805, 35.773015524523316, 0.0 ], [ -78.676725078187459, 35.772481431551277, 0.0 ] ] ] } },
{ "type": "Feature", "properties": { "OBJECTID": 7005, "BLDGNUM": "774A", "Precinct_N": "Centennial Campus", "story_group": "centennial" }, "geometry": { "type": "Polygon", "coordinates": [ [ [ -78.676264945111001, 35.771875384371988, 0.0 ], [ -78.676149115337864, 35.771815912720307, 0.0 ], [ -78.676144627106268, 35.771821717203657, 0.0 ], [ -78.67613904323602, 35.771818850484237, 0.0 ], [ -78.676143388057, 35.771813229495372, 0.0 ], [ -78.675975723170083, 35.771727142675296, 0.0 ], [ -78.675971596252708, 35.771732481213881, 0.0 ], [ -78.675966129393061, 35.771729674286831, 0.0 ], [ -78.675970567602221, 35.771723934574062, 0.0 ], [ -78.675853842025063, 35.771664001467023, 0.0 ], [ -78.675849861861096, 35.771669149305779, 0.0 ], [ -78.675841619093646, 35.771664916259986, 0.0 ], [ -78.675847541537934, 35.771657255216198, 0.0 ], [ -78.675853435538258, 35.771660281412153, 0.0 ], [ -78.675869148289564, 35.771639958105162, 0.0 ], [ -78.67586375539031, 35.771637189226915, 0.0 ], [ -78.675868342586213, 35.771631255222431, 0.0 ], [ -78.675823940039763, 35.771608456372221, 0.0 ], [ -78.675819188300991, 35.771614602655973, 0.0 ], [ -78.675811317498159, 35.771610561684327, 0.0 ], [ -78.675817345564269, 35.771602763016297, 0.0 ], [ -78.675822836691708, 35.771605582633676, 0.0 ], [ -78.675871991692659, 35.771541999659362, 0.0 ], [ -78.675813558410539, 35.771511996828949, 0.0 ], [ -78.675927521987049, 35.771364585807163, 0.0 ], [ -78.675986916564071, 35.771395082377779, 0.0 ], [ -78.676034945079536, 35.771332957427276, 0.0 ], [ -78.676029053304674, 35.771329932146969, 0.0 ], [ -78.676033509273623, 35.771324169944698, 0.0 ], [ -78.676039633937776, 35.771327314822507, 0.0 ], [ -78.676100064147121, 35.77124914813642, 0.0 ], [ -78.676094236390298, 35.771246156379412, 0.0 ], [ -78.676098574511556, 35.771240544386849, 0.0 ], [ -78.676104219047645, 35.77124344191602, 0.0 ], [ -78.676164397874061, 35.771165599915477, 0.0 ], [ -78.676158831711916, 35.771162741355468, 0.0 ], [ -78.676163387728991, 35.771156847816954, 0.0 ], [ -78.676169074202861, 35.771159767087113, 0.0 ], [ -78.676229213992769, 35.7710819754246, 0.0 ], [ -78.676224051799025, 35.771079325251947, 0.0 ], [ -78.676228441037892, 35.771073648493136, 0.0 ], [ -78.676234160616033, 35.771076585875349, 0.0 ], [ -78.676294478163996, 35.770998563905515, 0.0 ], [ -78.676288959469161, 35.77099572981389, 0.0 ], [ -78.676294528279925, 35.770988526594749, 0.0 ], [ -78.676302851577518, 35.770992800385777, 0.0 ], [ -78.676299750879522, 35.770996810368317, 0.0 ], [ -78.67630444619013, 35.770999220439201, 0.0 ], [ -78.676338973034703, 35.770954555605179, 0.0 ], [ -78.676477651379429, 35.771025753968061, 0.0 ], [ -78.676480258452159, 35.771022381727754, 0.0 ], [ -78.676529743604576, 35.771047787027108, 0.0 ], [ -78.676492094996746, 35.771096492490948, 0.0 ], [ -78.676641659952338, 35.7711732791076, 0.0 ], [ -78.676644536072246, 35.771169557854058, 0.0 ], [ -78.676650036032669, 35.771172381063387, 0.0 ], [ -78.676646816376334, 35.771176547573802, 0.0 ], [ -78.676763768131607, 35.771236589594409, 0.0 ], [ -78.676766858818581, 35.771232590390014, 0.0 ], [ -78.676773375337888, 35.771235935469306, 0.0 ], [ -78.676770101217798, 35.771240170341009, 0.0 ], [ -78.67681545195542, 35.771263453587331, 0.0 ], [ -78.676818618237689, 35.771259357236303, 0.0 ], [ -78.676826569628943, 35.771263439819236, 0.0 ], [ -78.676821071990574, 35.771270553115713, 0.0 ], [ -78.676814318166464, 35.771267084825695, 0.0 ], [ -78.676754087608998, 35.77134500181814, 0.0 ], [ -78.676760415392565, 35.771348250853933, 0.0 ], [ -78.676755868299452, 35.771354133621813, 0.0 ], [ -78.676749181796637, 35.771350700659603, 0.0 ], [ -78.676689143442971, 35.771428370256771, 0.0 ], [ -78.67669546019566, 35.771431612957123, 0.0 ], [ -78.676690988693821, 35.771437397675832, 0.0 ], [ -78.676684443466939, 35.771434037193224, 0.0 ], [ -78.676624422778943, 35.771511683368466, 0.0 ], [ -78.676630768230382, 35.771514941471239, 0.0 ], [ -78.676626083264409, 35.771521001434046, 0.0 ], [ -78.676619749949879, 35.771517750574098, 0.0 ], [ -78.676559863666881, 35.771595221309155, 0.0 ], [ -78.676566053496444, 35.771598398781769, 0.0 ], [ -78.676561272903598, 35.771604583775819, 0.0 ], [ -78.676555083073694, 35.771601406302999, 0.0 ], [ -78.676495088825675, 35.7716790164271, 0.0 ], [ -78.676500815081539, 35.771681956517853, 0.0 ], [ -78.676495882170386, 35.771688337599151, 0.0 ], [ -78.676489418609805, 35.771685018785412, 0.0 ], [ -78.676472547528874, 35.771706844350931, 0.0 ], [ -78.676478801378451, 35.771710055347874, 0.0 ], [ -78.676474110827314, 35.771716123401859, 0.0 ], [ -78.676467531369198, 35.771712745691332, 0.0 ], [ -78.676407700381148, 35.771790145287632, 0.0 ], [ -78.676414253349407, 35.771793510311966, 0.0 ], [ -78.676409555003289, 35.771799589158846, 0.0 ], [ -78.676402947948631, 35.771796196950042, 0.0 ], [ -78.676343206892426, 35.7718734795762, 0.0 ], [ -78.676348892317151, 35.771876398834372, 0.0 ], [ -78.676342845382422, 35.771884221814254, 0.0 ], [ -78.676335404990184, 35.771880401950156, 0.0 ], [ -78.676340059985094, 35.771874379776172, 0.0 ], [ -78.676296130671815, 35.771851826624051, 0.0 ], [ -78.676291312244373, 35.77185806017949, 0.0 ], [ -78.676284259275533, 35.771854438737599, 0.0 ], [ -78.676268745582888, 35.771874507543338, 0.0 ], [ -78.676274900102271, 35.771877666909582, 0.0 ], [ -78.676268807579575, 35.771885548352472, 0.0 ], [ -78.676260417964926, 35.771881241034386, 0.0 ], [ -78.676264945111001, 35.771875384371988, 0.0 ] ] ] } },
{ "type": "Feature", "properties": { "OBJECTID": 7006, "BLDGNUM": "775", "Precinct_N": "Centennial Campus", "story_group": "centennial" }, "geometry": { "type": "Polygon", "coordinates": [ [ [ -78.677483883733686, 35.770891716245416, 0.0 ], [ -78.677405046635258, 35.770880324420972, 0.0 ], [ -78.677376082468029, 35.771009313047983, 0.0 ], [ -78.677039257451185, 35.770959847570545, 0.0 ], [ -78.677081445247893, 35.770769138917295, 0.0 ], [ -78.677000311156277, 35.770757192719209, 0.0 ], [ -78.67703183431594, 35.770610951885438, 0.0 ], [ -78.677113684212529, 35.770624192498296, 0.0 ], [ -78.677168263341386, 35.770376648599111, 0.0 ], [ -78.677009086544757, 35.770352645478269, 0.0 ], [ -78.677051376308413, 35.770162098410736, 0.0 ], [ -78.677044345788957, 35.77015842298902, 0.0 ], [ -78.6770575092699, 35.770143757753296, 0.0 ], [ -78.677064585108027, 35.770150764688339, 0.0 ], [ -78.677135419104928, 35.770160610438921, 0.0 ], [ -78.677136923364472, 35.770153932710087, 0.0 ], [ -78.677146416939436, 35.77015539102154, 0.0 ], [ -78.677144316661398, 35.770162317746397, 0.0 ], [ -78.677215416769116, 35.770172554440784, 0.0 ], [ -78.677217104795361, 35.770165832130395, 0.0 ], [ -78.677226242219191, 35.770167019086514, 0.0 ], [ -78.677224557531574, 35.770174013613918, 0.0 ], [ -78.677298110145117, 35.770184681295142, 0.0 ], [ -78.677299240340318, 35.770177782643664, 0.0 ], [ -78.677308720704062, 35.770179781718198, 0.0 ], [ -78.677307145135984, 35.770186594462814, 0.0 ], [ -78.677379759581967, 35.770197061311954, 0.0 ], [ -78.677393731084308, 35.770132296577366, 0.0 ], [ -78.677604933503645, 35.770163813565439, 0.0 ], [ -78.677608259222552, 35.770160207949679, 0.0 ], [ -78.677631542262446, 35.770172237711321, 0.0 ], [ -78.677639677348779, 35.770162400262123, 0.0 ], [ -78.677647830634299, 35.770166314774713, 0.0 ], [ -78.677639206171307, 35.770177394793883, 0.0 ], [ -78.677662994673454, 35.770189421380387, 0.0 ], [ -78.677630635096733, 35.770230865496693, 0.0 ], [ -78.677483883733686, 35.770891716245416, 0.0 ] ] ] } },
{ "type": "Feature", "properties": { "OBJECTID": 7007, "BLDGNUM": "782B", "Precinct_N": "Centennial Campus", "story_group": "centennial" }, "geometry": { "type": "Polygon", "coordinates": [ [ [ -78.674745666008803, 35.772256248112321, 0.0 ], [ -78.674733730355143, 35.77230700013704, 0.0 ], [ -78.674717525656234, 35.77234311634686, 0.0 ], [ -78.674692156448259, 35.772378948490967, 0.0 ], [ -78.674665859116828, 35.772407115769475, 0.0 ], [ -78.674642101288867, 35.772427286733517, 0.0 ], [ -78.674586533362657, 35.772461118313927, 0.0 ], [ -78.67454494930864, 35.772439586621445, 0.0 ], [ -78.674525252329715, 35.772464266151495, 0.0 ], [ -78.674152631331708, 35.772272163802945, 0.0 ], [ -78.674185300652269, 35.772229703834768, 0.0 ], [ -78.673940981922385, 35.7721038101296, 0.0 ], [ -78.67396191214489, 35.772076127085882, 0.0 ], [ -78.673938745820308, 35.772072732783549, 0.0 ], [ -78.673919208159731, 35.772097924612432, 0.0 ], [ -78.673664230397605, 35.771966277332126, 0.0 ], [ -78.673684158934591, 35.771941259649395, 0.0 ], [ -78.673670150773432, 35.771925460202318, 0.0 ], [ -78.673648895560021, 35.771953083738893, 0.0 ], [ -78.673403728850943, 35.771826971245638, 0.0 ], [ -78.673370882550941, 35.771869373750789, 0.0 ], [ -78.672997803847821, 35.771677209805411, 0.0 ], [ -78.673017043739989, 35.771652399493803, 0.0 ], [ -78.672975542646213, 35.771631071185617, 0.0 ], [ -78.672976129386512, 35.771622179132102, 0.0 ], [ -78.672983943254877, 35.771587188938796, 0.0 ], [ -78.673002215114565, 35.771596371378799, 0.0 ], [ -78.672992708988573, 35.771566801381141, 0.0 ], [ -78.673008512927694, 35.771536131177527, 0.0 ], [ -78.673051422762924, 35.771483090092161, 0.0 ], [ -78.673104158239141, 35.771442122815877, 0.0 ], [ -78.673134136841796, 35.77142649091553, 0.0 ], [ -78.673175974560166, 35.77144743159225, 0.0 ], [ -78.673214561211708, 35.771398678292648, 0.0 ], [ -78.673639016567378, 35.77161778452777, 0.0 ], [ -78.673742307609828, 35.771484435964872, 0.0 ], [ -78.673747990353093, 35.771486618934262, 0.0 ], [ -78.673774208828561, 35.771541096494019, 0.0 ], [ -78.673820015424482, 35.771606683371616, 0.0 ], [ -78.673875271148617, 35.7716562686104, 0.0 ], [ -78.673931351631836, 35.771695524748125, 0.0 ], [ -78.67387180964819, 35.771772241556796, 0.0 ], [ -78.673901375636277, 35.771787351636718, 0.0 ], [ -78.673915768547303, 35.77176779480132, 0.0 ], [ -78.674031090941483, 35.771827597118801, 0.0 ], [ -78.674016475000997, 35.771846513411489, 0.0 ], [ -78.674045769457791, 35.771861775057474, 0.0 ], [ -78.674105460442547, 35.771785110843282, 0.0 ], [ -78.674171909797522, 35.771809874749493, 0.0 ], [ -78.674250538890291, 35.771829090027325, 0.0 ], [ -78.674344887772619, 35.771834589964961, 0.0 ], [ -78.674414676203426, 35.771830524849477, 0.0 ], [ -78.674419344860169, 35.771833235070879, 0.0 ], [ -78.674316283330484, 35.771966610042469, 0.0 ], [ -78.674742330952014, 35.772185371416548, 0.0 ], [ -78.674704182100015, 35.772235132262594, 0.0 ], [ -78.674745666008803, 35.772256248112321, 0.0 ] ] ] } },
{ "type": "Feature", "properties": { "OBJECTID": 7008, "BLDGNUM": "782A", "Precinct_N": "Centennial Campus", "story_group": "centennial" }, "geometry": { "type": "Polygon", "coordinates": [ [ [ -78.675517550360865, 35.771408585375241, 0.0 ], [ -78.675238908515084, 35.77176832452556, 0.0 ], [ -78.675247215392218, 35.771783583105091, 0.0 ], [ -78.675247699182663, 35.771793111672018, 0.0 ], [ -78.675244247579741, 35.771810951016853, 0.0 ], [ -78.675235679533571, 35.771824106822379, 0.0 ], [ -78.67521050431823, 35.77184091839262, 0.0 ], [ -78.67517819669267, 35.771845530986361, 0.0 ], [ -78.675033339403257, 35.772032718404539, 0.0 ], [ -78.674999992780101, 35.772015394712092, 0.0 ], [ -78.674962840658395, 35.772064888796749, 0.0 ], [ -78.674906878136369, 35.772078935727905, 0.0 ], [ -78.674849169235813, 35.772081687653575, 0.0 ], [ -78.674794607474823, 35.772073857083839, 0.0 ], [ -78.674740616254113, 35.772054791775751, 0.0 ], [ -78.674694931993344, 35.772026746838961, 0.0 ], [ -78.674651106117253, 35.771980491452375, 0.0 ], [ -78.674628011225195, 35.771934586167646, 0.0 ], [ -78.674620044524133, 35.771889222440016, 0.0 ], [ -78.674484191729292, 35.77182089041991, 0.0 ], [ -78.674487005901042, 35.771816927490192, 0.0 ], [ -78.674570355768694, 35.771789624747328, 0.0 ], [ -78.674633095771512, 35.771759916175583, 0.0 ], [ -78.674689555426866, 35.771722314796094, 0.0 ], [ -78.674733384339689, 35.771682508309354, 0.0 ], [ -78.674773223279217, 35.771636506084427, 0.0 ], [ -78.674764968614696, 35.771618465141117, 0.0 ], [ -78.674764201475881, 35.771607352141622, 0.0 ], [ -78.674774878114533, 35.771581147734402, 0.0 ], [ -78.674796048004779, 35.771564999769957, 0.0 ], [ -78.674811397261536, 35.771559775957712, 0.0 ], [ -78.674833765942438, 35.771557415544855, 0.0 ], [ -78.675132817584171, 35.771170528958208, 0.0 ], [ -78.675245496319164, 35.771230966651309, 0.0 ], [ -78.67531039872388, 35.771252582806376, 0.0 ], [ -78.675343061303792, 35.771268322724865, 0.0 ], [ -78.675389245567587, 35.771295468308942, 0.0 ], [ -78.675422689247384, 35.771321628100573, 0.0 ], [ -78.67551974963682, 35.771369849372164, 0.0 ], [ -78.675498064239051, 35.7713984807, 0.0 ], [ -78.675517550360865, 35.771408585375241, 0.0 ] ] ] } },
{ "type": "Feature", "properties": { "OBJECTID": 7009, "BLDGNUM": "782E", "Precinct_N": "Centennial Campus", "story_group": "centennial" }, "geometry": { "type": "Polygon", "coordinates": [ [ [ -78.675660650485923, 35.771241734357091, 0.0 ], [ -78.675221590195704, 35.771028952535993, 0.0 ], [ -78.675267390485644, 35.770970959139639, 0.0 ], [ -78.675251021889636, 35.770962066938971, 0.0 ], [ -78.675425504049286, 35.770741608157977, 0.0 ], [ -78.675450796448018, 35.770755039881521, 0.0 ], [ -78.675962687653438, 35.770074495428986, 0.0 ], [ -78.675987999246175, 35.77008614241992, 0.0 ], [ -78.676034247419224, 35.770093623162062, 0.0 ], [ -78.676036824455437, 35.770075100939401, 0.0 ], [ -78.676215782015859, 35.77010081910727, 0.0 ], [ -78.676202520710177, 35.770156193518552, 0.0 ], [ -78.676452941832864, 35.770219946315116, 0.0 ], [ -78.676362679656918, 35.770335965500706, 0.0 ], [ -78.676421451022392, 35.770382209523163, 0.0 ], [ -78.676319822159797, 35.770512904018616, 0.0 ], [ -78.6756969185179, 35.771245661662697, 0.0 ], [ -78.675670097659719, 35.771229135191113, 0.0 ], [ -78.675660650485923, 35.771241734357091, 0.0 ] ] ] } },
{ "type": "Feature", "properties": { "OBJECTID": 7010, "BLDGNUM": "783A", "Precinct_N": "Centennial Campus", "story_group": "centennial" }, "geometry": { "type": "Polygon", "coordinates": [ [ [ -78.676535769477837, 35.76990636358034, 0.0 ], [ -78.676038714467012, 35.769888425310107, 0.0 ], [ -78.676040600109786, 35.769870490731016, 0.0 ], [ -78.67603666883889, 35.769870358592954, 0.0 ], [ -78.676067854282977, 35.769603302637499, 0.0 ], [ -78.676005958189265, 35.769747332595358, 0.0 ], [ -78.675957372761204, 35.769736662951885, 0.0 ], [ -78.676100608947053, 35.769318005668815, 0.0 ], [ -78.67611314780514, 35.769265989570876, 0.0 ], [ -78.676439519134703, 35.768688557042736, 0.0 ], [ -78.67645467089207, 35.768669777970281, 0.0 ], [ -78.676837691381138, 35.768754155360583, 0.0 ], [ -78.676580817374216, 35.769537919754221, 0.0 ], [ -78.676642484829486, 35.769553734540999, 0.0 ], [ -78.676541425882689, 35.769900740648978, 0.0 ], [ -78.676536381903659, 35.769900351391186, 0.0 ], [ -78.676535769477837, 35.76990636358034, 0.0 ] ] ] } },
{ "type": "Feature", "properties": { "OBJECTID": 7011, "BLDGNUM": "780D", "Precinct_N": "Centennial Campus", "story_group": "centennial" }, "geometry": { "type": "Polygon", "coordinates": [ [ [ -78.673800729716859, 35.768005681715479, 0.0 ], [ -78.67369606214956, 35.767990334367738, 0.0 ], [ -78.673695260539048, 35.767996039580375, 0.0 ], [ -78.673665815216836, 35.767991672964413, 0.0 ], [ -78.673666930652004, 35.767986309303723, 0.0 ], [ -78.673537556269764, 35.767966749405069, 0.0 ], [ -78.673536268185032, 35.767972414554819, 0.0 ], [ -78.67350712593678, 35.767968042403268, 0.0 ], [ -78.673508308961857, 35.767962924092828, 0.0 ], [ -78.673378397220006, 35.76794362217381, 0.0 ], [ -78.673377273912095, 35.767948739741769, 0.0 ], [ -78.673347836471081, 35.767944620941691, 0.0 ], [ -78.673349141171741, 35.767939500255018, 0.0 ], [ -78.673283461787179, 35.767929498463936, 0.0 ], [ -78.673276788467973, 35.76795659232797, 0.0 ], [ -78.673152713745026, 35.767937919645462, 0.0 ], [ -78.673137806694228, 35.767956744938864, 0.0 ], [ -78.67314362413039, 35.767959468210918, 0.0 ], [ -78.673127347857417, 35.767980490930078, 0.0 ], [ -78.67312183603137, 35.767977677440875, 0.0 ], [ -78.673051300022465, 35.768068467884255, 0.0 ], [ -78.673057214366622, 35.768071021966279, 0.0 ], [ -78.673040936175639, 35.768091960842362, 0.0 ], [ -78.673035524223337, 35.768089062890382, 0.0 ], [ -78.672979093112417, 35.768161627959294, 0.0 ], [ -78.672898176738158, 35.768120151307642, 0.0 ], [ -78.672875188250075, 35.768149653010724, 0.0 ], [ -78.672804858325662, 35.76811280973439, 0.0 ], [ -78.672842151699356, 35.768064912018055, 0.0 ], [ -78.672836340227207, 35.768062355497833, 0.0 ], [ -78.67285240788388, 35.768041253839961, 0.0 ], [ -78.672858135141723, 35.768044396913332, 0.0 ], [ -78.672928452159852, 35.767953110248975, 0.0 ], [ -78.672922852044877, 35.767950799468053, 0.0 ], [ -78.672939125382428, 35.767929693843634, 0.0 ], [ -78.672944632343132, 35.767932340578014, 0.0 ], [ -78.673014773681899, 35.767842058396731, 0.0 ], [ -78.673009259992426, 35.767839161972908, 0.0 ], [ -78.673025033872719, 35.767818484039076, 0.0 ], [ -78.673030642587221, 35.767821128338774, 0.0 ], [ -78.673123077702527, 35.767702109542356, 0.0 ], [ -78.6731307669329, 35.767705797778262, 0.0 ], [ -78.673134021204305, 35.767701560242088, 0.0 ], [ -78.6731596104392, 35.767714828307312, 0.0 ], [ -78.673155945053722, 35.767718990830161, 0.0 ], [ -78.673275152854487, 35.767780746798131, 0.0 ], [ -78.673272575352442, 35.767783635928147, 0.0 ], [ -78.673295504352126, 35.767786606093289, 0.0 ], [ -78.673296231331918, 35.767783503787079, 0.0 ], [ -78.673363622641006, 35.767793776962989, 0.0 ], [ -78.673365063906601, 35.767787154088417, 0.0 ], [ -78.673394590738397, 35.767791580485408, 0.0 ], [ -78.673392631409769, 35.767798046938665, 0.0 ], [ -78.673522831438916, 35.767816012911823, 0.0 ], [ -78.673524112886852, 35.767810895766168, 0.0 ], [ -78.673553429153898, 35.767815159316832, 0.0 ], [ -78.673552057540448, 35.767820695349791, 0.0 ], [ -78.673779716055122, 35.76785435245062, 0.0 ], [ -78.673778283431062, 35.767861308853227, 0.0 ], [ -78.673784971441378, 35.767862345292777, 0.0 ], [ -78.67377892759248, 35.76788642134138, 0.0 ], [ -78.673772958176869, 35.7678854544275, 0.0 ], [ -78.673766070165797, 35.767915640281629, 0.0 ], [ -78.673818747193479, 35.767923615907719, 0.0 ], [ -78.673800729716859, 35.768005681715479, 0.0 ] ] ] } },
{ "type": "Feature", "properties": { "OBJECTID": 7012, "BLDGNUM": "780C", "Precinct_N": "Centennial Campus", "story_group": "centennial" }, "geometry": { "type": "Polygon", "coordinates": [ [ [ -78.672729440319955, 35.769025943235754, 0.0 ], [ -78.672578786728067, 35.76894649163048, 0.0 ], [ -78.672635699577143, 35.768874813185036, 0.0 ], [ -78.672629625236553, 35.768871609680161, 0.0 ], [ -78.672645915255643, 35.768851092727964, 0.0 ], [ -78.672651019511946, 35.76885378436134, 0.0 ], [ -78.672722439141353, 35.768763834801057, 0.0 ], [ -78.672716151806682, 35.768760518960448, 0.0 ], [ -78.672732398426433, 35.768740056861965, 0.0 ], [ -78.672737192558955, 35.768742585415239, 0.0 ], [ -78.67280875650593, 35.768652454116328, 0.0 ], [ -78.672802587266531, 35.76864919988919, 0.0 ], [ -78.672818811606163, 35.768628766561918, 0.0 ], [ -78.672824105675204, 35.76863155874814, 0.0 ], [ -78.672887007572598, 35.768552336628851, 0.0 ], [ -78.672833488622445, 35.768524112177943, 0.0 ], [ -78.672829992524697, 35.768528516706986, 0.0 ], [ -78.672804715226334, 35.768515185418522, 0.0 ], [ -78.672807664396146, 35.768511470757844, 0.0 ], [ -78.672697503407719, 35.768453373810537, 0.0 ], [ -78.672693509301084, 35.768458403437052, 0.0 ], [ -78.672668560923057, 35.768445246063294, 0.0 ], [ -78.672671562342899, 35.768441465747507, 0.0 ], [ -78.672581900107858, 35.768394179609516, 0.0 ], [ -78.672657549172911, 35.768298904539513, 0.0 ], [ -78.67265014060132, 35.768294998000258, 0.0 ], [ -78.672667724438398, 35.768272852170576, 0.0 ], [ -78.672674160723943, 35.768276245930849, 0.0 ], [ -78.672678711752056, 35.76827051474686, 0.0 ], [ -78.6728241098632, 35.768347194897459, 0.0 ], [ -78.672828499704195, 35.768341665177843, 0.0 ], [ -78.672853378550272, 35.76835478537717, 0.0 ], [ -78.672849998071101, 35.768359044198569, 0.0 ], [ -78.672961331085062, 35.768417758878478, 0.0 ], [ -78.672965361855546, 35.768412683372617, 0.0 ], [ -78.672990280472774, 35.768425825282769, 0.0 ], [ -78.672987088987441, 35.768429843052949, 0.0 ], [ -78.673069501813956, 35.768473305729529, 0.0 ], [ -78.673077000874855, 35.768463859860837, 0.0 ], [ -78.673151123378233, 35.768502950306669, 0.0 ], [ -78.67312160071279, 35.768540133865464, 0.0 ], [ -78.673113306484296, 35.768532601544031, 0.0 ], [ -78.673037495459809, 35.768629170795407, 0.0 ], [ -78.673065510491682, 35.768643778486357, 0.0 ], [ -78.673019297197072, 35.768702645203092, 0.0 ], [ -78.672992317375602, 35.768688577486607, 0.0 ], [ -78.672956668496553, 35.768733986516423, 0.0 ], [ -78.672962138181447, 35.768736839558599, 0.0 ], [ -78.672946303113818, 35.76875701075474, 0.0 ], [ -78.672941128097548, 35.768754312634194, 0.0 ], [ -78.672869734575357, 35.768845252977883, 0.0 ], [ -78.67287550997942, 35.768848264581457, 0.0 ], [ -78.672859486994284, 35.768868674119176, 0.0 ], [ -78.672854721426972, 35.76886618981375, 0.0 ], [ -78.672783642319914, 35.768956729847197, 0.0 ], [ -78.672789152854349, 35.768959602836411, 0.0 ], [ -78.672773317700006, 35.768979774008571, 0.0 ], [ -78.672768057698036, 35.768977030585006, 0.0 ], [ -78.672729440319955, 35.769025943235754, 0.0 ] ] ] } },
{ "type": "Feature", "properties": { "OBJECTID": 7013, "BLDGNUM": "780E", "Precinct_N": "Centennial Campus", "story_group": "centennial" }, "geometry": { "type": "Polygon", "coordinates": [ [ [ -78.67359495239161, 35.768941869272922, 0.0 ], [ -78.673420320121011, 35.768974024704711, 0.0 ], [ -78.67340505721846, 35.768918504688777, 0.0 ], [ -78.673398775028545, 35.76891965779884, 0.0 ], [ -78.673392174317399, 35.76889588047127, 0.0 ], [ -78.673398876809216, 35.768894719475036, 0.0 ], [ -78.67336936216671, 35.768789377784486, 0.0 ], [ -78.673362950296976, 35.76879087666395, 0.0 ], [ -78.673356496896332, 35.768767325066364, 0.0 ], [ -78.673363479212526, 35.768766158513003, 0.0 ], [ -78.673338589683269, 35.768679484489027, 0.0 ], [ -78.673306478675812, 35.768685265267038, 0.0 ], [ -78.673271802876428, 35.768562066543637, 0.0 ], [ -78.67333539930452, 35.768572022190625, 0.0 ], [ -78.67334680182455, 35.768516433960031, 0.0 ], [ -78.673340736381917, 35.768515409081253, 0.0 ], [ -78.673345767333871, 35.768491059936963, 0.0 ], [ -78.67335339047645, 35.768492510825396, 0.0 ], [ -78.673375643123975, 35.76838637683943, 0.0 ], [ -78.673369584504442, 35.768385581825001, 0.0 ], [ -78.673373781655428, 35.768361477413073, 0.0 ], [ -78.673382084464265, 35.768362228870714, 0.0 ], [ -78.673404912554403, 35.768256540784627, 0.0 ], [ -78.673398570153481, 35.768255635947071, 0.0 ], [ -78.673403328056736, 35.768231521319116, 0.0 ], [ -78.673410231230719, 35.768232414139703, 0.0 ], [ -78.673422325220074, 35.768176468110845, 0.0 ], [ -78.673504946803376, 35.768189023702064, 0.0 ], [ -78.673501364633594, 35.768205451152028, 0.0 ], [ -78.673595799220962, 35.768218802691919, 0.0 ], [ -78.673576976191342, 35.768303363946636, 0.0 ], [ -78.673583456213223, 35.768304151066552, 0.0 ], [ -78.673577859500881, 35.768328397754367, 0.0 ], [ -78.673570955214558, 35.76832750403905, 0.0 ], [ -78.673547840670025, 35.768432968751696, 0.0 ], [ -78.673554187048452, 35.768433988063641, 0.0 ], [ -78.673548721115964, 35.768457888079219, 0.0 ], [ -78.673542805816922, 35.76845720432383, 0.0 ], [ -78.673509897060526, 35.768596835552053, 0.0 ], [ -78.673498340568585, 35.768595232617912, 0.0 ], [ -78.673528504729873, 35.768703536063398, 0.0 ], [ -78.673535638293501, 35.768702708813734, 0.0 ], [ -78.673542694536664, 35.768727621256225, 0.0 ], [ -78.673536271895145, 35.768728776700996, 0.0 ], [ -78.673564894423706, 35.768832420519438, 0.0 ], [ -78.673570759157286, 35.768831389767278, 0.0 ], [ -78.673577807498447, 35.768856073242119, 0.0 ], [ -78.673571662928381, 35.768857109554126, 0.0 ], [ -78.67359495239161, 35.768941869272922, 0.0 ] ] ] } },
{ "type": "Feature", "properties": { "OBJECTID": 7014, "BLDGNUM": "780F", "Precinct_N": "Centennial Campus", "story_group": "centennial" }, "geometry": { "type": "Polygon", "coordinates": [ [ [ -78.674417123813399, 35.769579195284614, 0.0 ], [ -78.674375638534883, 35.769557957614666, 0.0 ], [ -78.674323841924704, 35.769623597057816, 0.0 ], [ -78.674235601201545, 35.769577865385081, 0.0 ], [ -78.67423192161786, 35.76958252544587, 0.0 ], [ -78.674206397573045, 35.769569082928207, 0.0 ], [ -78.674209531826079, 35.769564991965005, 0.0 ], [ -78.674098944502347, 35.769507794719964, 0.0 ], [ -78.674095127311986, 35.769512568880238, 0.0 ], [ -78.674070296790816, 35.769499120077, 0.0 ], [ -78.67407397572795, 35.769494347350282, 0.0 ], [ -78.673981453068592, 35.769446929322292, 0.0 ], [ -78.67396181929027, 35.769468688574186, 0.0 ], [ -78.673877280857965, 35.769425380367586, 0.0 ], [ -78.673903447230316, 35.769399897108002, 0.0 ], [ -78.673827572739896, 35.769343531647401, 0.0 ], [ -78.673823117266494, 35.769347238692752, 0.0 ], [ -78.673800736071527, 35.7693303541311, 0.0 ], [ -78.673805014613663, 35.769326366292404, 0.0 ], [ -78.673699539656752, 35.769248079026404, 0.0 ], [ -78.673694721440313, 35.769252329511751, 0.0 ], [ -78.673671777111906, 35.769235504709108, 0.0 ], [ -78.673677114578638, 35.769231393522467, 0.0 ], [ -78.673598201810435, 35.769173771403544, 0.0 ], [ -78.673667706524341, 35.769111438087592, 0.0 ], [ -78.673729414572676, 35.769157006274227, 0.0 ], [ -78.673780855850907, 35.769110964208643, 0.0 ], [ -78.673832308857314, 35.769148960565438, 0.0 ], [ -78.673836264319249, 35.769145277418538, 0.0 ], [ -78.673858862480401, 35.769162103066499, 0.0 ], [ -78.673855597193523, 35.769165501432354, 0.0 ], [ -78.674024051174911, 35.769292402964567, 0.0 ], [ -78.674020778806778, 35.769294814335851, 0.0 ], [ -78.674104420882742, 35.769337135770854, 0.0 ], [ -78.674107788676409, 35.769332450542855, 0.0 ], [ -78.674132996337875, 35.769345613718485, 0.0 ], [ -78.674129728345363, 35.769349959404657, 0.0 ], [ -78.674241008492132, 35.769407264837533, 0.0 ], [ -78.674244384956154, 35.769403171816975, 0.0 ], [ -78.674269797960051, 35.769416163354897, 0.0 ], [ -78.674266111468555, 35.769420343879503, 0.0 ], [ -78.674377709748384, 35.769478069164812, 0.0 ], [ -78.674381392070956, 35.769473549717674, 0.0 ], [ -78.674406497726579, 35.769486798191537, 0.0 ], [ -78.674402395374358, 35.769490982115293, 0.0 ], [ -78.674462100046114, 35.769520615886051, 0.0 ], [ -78.674417123813399, 35.769579195284614, 0.0 ] ] ] } },
{ "type": "Feature", "properties": { "OBJECTID": 7015, "BLDGNUM": "780A", "Precinct_N": "Centennial Campus", "story_group": "centennial" }, "geometry": { "type": "Polygon", "coordinates": [ [ [ -78.674334585641944, 35.770429130962171, 0.0 ], [ -78.674245685279729, 35.770383294793433, 0.0 ], [ -78.674291371750769, 35.770324261287328, 0.0 ], [ -78.674207474880006, 35.770280941519978, 0.0 ], [ -78.674232048602875, 35.770248637918833, 0.0 ], [ -78.673956130580791, 35.770106623692755, 0.0 ], [ -78.673996421915902, 35.770055313049866, 0.0 ], [ -78.673824953238181, 35.769967745624101, 0.0 ], [ -78.673773233975794, 35.770033775318524, 0.0 ], [ -78.673692058823903, 35.769993098932382, 0.0 ], [ -78.673682335180843, 35.770005924350386, 0.0 ], [ -78.673611124479962, 35.769969787669638, 0.0 ], [ -78.673648081338627, 35.769922330494765, 0.0 ], [ -78.673642049696838, 35.769919479584516, 0.0 ], [ -78.673659171107005, 35.769898206694968, 0.0 ], [ -78.673664289675017, 35.769901487806834, 0.0 ], [ -78.673734960664788, 35.76981063612962, 0.0 ], [ -78.673729716326207, 35.769808101002695, 0.0 ], [ -78.673745139780976, 35.769787155249624, 0.0 ], [ -78.673751170739493, 35.769789899793622, 0.0 ], [ -78.673789811136373, 35.769739878231213, 0.0 ], [ -78.673784302645274, 35.769737025123426, 0.0 ], [ -78.673801160475733, 35.769715546900251, 0.0 ], [ -78.673806935145549, 35.769719038876843, 0.0 ], [ -78.673810705922548, 35.769713438963734, 0.0 ], [ -78.673781855730098, 35.769699014892275, 0.0 ], [ -78.673842436421197, 35.769621346329998, 0.0 ], [ -78.673941686828641, 35.769672631240233, 0.0 ], [ -78.673935408375243, 35.769682998001613, 0.0 ], [ -78.673986320675994, 35.769708446928028, 0.0 ], [ -78.67398975345229, 35.76970410889799, 0.0 ], [ -78.674014751129022, 35.769717258014012, 0.0 ], [ -78.674011608096137, 35.769721877140384, 0.0 ], [ -78.674122586459106, 35.769779251269789, 0.0 ], [ -78.674126352747791, 35.769774760898592, 0.0 ], [ -78.674151871288871, 35.769788209726791, 0.0 ], [ -78.674148344383767, 35.769792304144552, 0.0 ], [ -78.674260132320398, 35.769850003897666, 0.0 ], [ -78.674262847849008, 35.769845254728615, 0.0 ], [ -78.674284540280382, 35.769856912226537, 0.0 ], [ -78.674288724064695, 35.769851463027692, 0.0 ], [ -78.674389846225665, 35.769904708504782, 0.0 ], [ -78.674468591350077, 35.76980585866449, 0.0 ], [ -78.674454860719905, 35.769798101894416, 0.0 ], [ -78.674510072983921, 35.769728251399478, 0.0 ], [ -78.67452257219729, 35.76973391914612, 0.0 ], [ -78.674576617448267, 35.769664091640642, 0.0 ], [ -78.674657421782271, 35.769705698448192, 0.0 ], [ -78.674684665483596, 35.769671626219839, 0.0 ], [ -78.674678620328066, 35.769669106120581, 0.0 ], [ -78.674689665433121, 35.769652703983809, 0.0 ], [ -78.674717982960502, 35.769666508991975, 0.0 ], [ -78.674713090102202, 35.769672001379796, 0.0 ], [ -78.674763286687551, 35.769696993788507, 0.0 ], [ -78.674726551288089, 35.769744299566185, 0.0 ], [ -78.674747896101266, 35.769753299771196, 0.0 ], [ -78.674701698907256, 35.769812710661299, 0.0 ], [ -78.674681516711644, 35.769802552612944, 0.0 ], [ -78.674639506457652, 35.76985625468555, 0.0 ], [ -78.67466131963657, 35.769864027614595, 0.0 ], [ -78.674614510589834, 35.769924291316663, 0.0 ], [ -78.674594127248895, 35.769914642881751, 0.0 ], [ -78.674535678365643, 35.769990923114875, 0.0 ], [ -78.674613854421878, 35.770031339449226, 0.0 ], [ -78.67462282590219, 35.770020424615566, 0.0 ], [ -78.674633601470305, 35.770027331610557, 0.0 ], [ -78.674639581472476, 35.770020757804815, 0.0 ], [ -78.674708556271369, 35.770056365127637, 0.0 ], [ -78.674663871457369, 35.770113404976421, 0.0 ], [ -78.674651622666431, 35.770106778876332, 0.0 ], [ -78.674647010693448, 35.770112547824532, 0.0 ], [ -78.674619040861927, 35.770098054197369, 0.0 ], [ -78.674576492289191, 35.770152732771713, 0.0 ], [ -78.674582986430678, 35.77015499809125, 0.0 ], [ -78.674547849890573, 35.770199578788826, 0.0 ], [ -78.674542199554296, 35.770197055231456, 0.0 ], [ -78.674514492748557, 35.770232916268824, 0.0 ], [ -78.674520528839409, 35.770235499445974, 0.0 ], [ -78.674485698254315, 35.770279888954377, 0.0 ], [ -78.674480046808398, 35.770277365391209, 0.0 ], [ -78.674451808134791, 35.77031373335425, 0.0 ], [ -78.674458068563908, 35.770315812377355, 0.0 ], [ -78.674423007599955, 35.770360267049746, 0.0 ], [ -78.674417894189446, 35.770357613324656, 0.0 ], [ -78.67436710135199, 35.770423526760098, 0.0 ], [ -78.674373602938303, 35.770426419450921, 0.0 ], [ -78.67435609631471, 35.770447517446435, 0.0 ], [ -78.674329834050582, 35.770434130672029, 0.0 ], [ -78.674334585641944, 35.770429130962171, 0.0 ] ] ] } },
{ "type": "Feature", "properties": { "OBJECTID": 7016, "BLDGNUM": "780B", "Precinct_N": "Centennial Campus", "story_group": "centennial" }, "geometry": { "type": "Polygon", "coordinates": [ [ [ -78.673440931807448, 35.769875868591427, 0.0 ], [ -78.673360678106263, 35.769834411177534, 0.0 ], [ -78.673348576064924, 35.769849821576784, 0.0 ], [ -78.673277557808163, 35.769813207498274, 0.0 ], [ -78.673314721267261, 35.769765561692232, 0.0 ], [ -78.673309372663496, 35.769762557564732, 0.0 ], [ -78.673325148417547, 35.769741763334842, 0.0 ], [ -78.673330900444114, 35.769744832539473, 0.0 ], [ -78.673401058479826, 35.769654258192666, 0.0 ], [ -78.673395308443247, 35.769651518891166, 0.0 ], [ -78.673411565224342, 35.769630459139229, 0.0 ], [ -78.673417315522002, 35.769633133543365, 0.0 ], [ -78.67344542474379, 35.769596560857757, 0.0 ], [ -78.67336029123247, 35.769553028064571, 0.0 ], [ -78.673356286100301, 35.769558045963954, 0.0 ], [ -78.673331176005973, 35.769545385844076, 0.0 ], [ -78.673335584256364, 35.769540234725248, 0.0 ], [ -78.673224037899459, 35.769482138168378, 0.0 ], [ -78.673219794524798, 35.769487815213516, 0.0 ], [ -78.673194199205795, 35.76947509066872, 0.0 ], [ -78.673198449654521, 35.769470400623241, 0.0 ], [ -78.673086666402469, 35.769413226287085, 0.0 ], [ -78.673082898658578, 35.769417519226891, 0.0 ], [ -78.673057543032627, 35.769404333804324, 0.0 ], [ -78.673061391782781, 35.769399974382658, 0.0 ], [ -78.672914866609688, 35.769324975245283, 0.0 ], [ -78.672919010993581, 35.769318892336436, 0.0 ], [ -78.67291394581251, 35.769315553649342, 0.0 ], [ -78.672929871998718, 35.769295032079683, 0.0 ], [ -78.672935611453823, 35.769297916492739, 0.0 ], [ -78.673011100398256, 35.769201591626711, 0.0 ], [ -78.673100092929019, 35.769246842186938, 0.0 ], [ -78.673103633870724, 35.769242565763392, 0.0 ], [ -78.673129183836096, 35.769255544387882, 0.0 ], [ -78.673125337329139, 35.769260172420616, 0.0 ], [ -78.673236674424516, 35.769317411326384, 0.0 ], [ -78.673240275896475, 35.769312934059961, 0.0 ], [ -78.673265701739226, 35.769325712222411, 0.0 ], [ -78.673262039235823, 35.769330239801548, 0.0 ], [ -78.673373438258736, 35.769387528320941, 0.0 ], [ -78.673377100758472, 35.769383000738543, 0.0 ], [ -78.673402832508415, 35.769395627363835, 0.0 ], [ -78.673398927579015, 35.769400757301064, 0.0 ], [ -78.673487985991301, 35.769446508000527, 0.0 ], [ -78.673474503446101, 35.769464462834058, 0.0 ], [ -78.673481172521306, 35.769464742103438, 0.0 ], [ -78.673504160771628, 35.769439173795298, 0.0 ], [ -78.673575275422806, 35.769475962867219, 0.0 ], [ -78.673566685102315, 35.769486683955456, 0.0 ], [ -78.673654009435566, 35.769531906199347, 0.0 ], [ -78.673657173212092, 35.769527631453705, 0.0 ], [ -78.673682662022344, 35.769540735084384, 0.0 ], [ -78.673679726316706, 35.769544676941678, 0.0 ], [ -78.67369271315728, 35.769551722443985, 0.0 ], [ -78.673699846263787, 35.76954280014639, 0.0 ], [ -78.673718772840246, 35.769552991950768, 0.0 ], [ -78.673648717173052, 35.769643797502596, 0.0 ], [ -78.673628944486723, 35.769633609730043, 0.0 ], [ -78.673598820375673, 35.769672063586704, 0.0 ], [ -78.673605263645385, 35.769674311696924, 0.0 ], [ -78.67358881819149, 35.769695544028195, 0.0 ], [ -78.673583048772585, 35.769692672185023, 0.0 ], [ -78.673513496357472, 35.769782855269135, 0.0 ], [ -78.673518843009191, 35.769785797189151, 0.0 ], [ -78.673502821110773, 35.769807027939351, 0.0 ], [ -78.673496880536561, 35.769803813119935, 0.0 ], [ -78.673440931807448, 35.769875868591427, 0.0 ] ] ] } },
{ "type": "Feature", "properties": { "OBJECTID": 7017, "BLDGNUM": "784D", "Precinct_N": "Centennial Campus", "story_group": "centennial" }, "geometry": { "type": "Polygon", "coordinates": [ [ [ -78.673807923432207, 35.764717426085106, 0.0 ], [ -78.673790871470487, 35.7648081583635, 0.0 ], [ -78.673589281499389, 35.764782991529209, 0.0 ], [ -78.673593254088942, 35.764761854635331, 0.0 ], [ -78.673513328461667, 35.764751876965647, 0.0 ], [ -78.673528528349564, 35.764671000559616, 0.0 ], [ -78.673517758788336, 35.764669656618629, 0.0 ], [ -78.673523423277587, 35.76463951794355, 0.0 ], [ -78.673529860911856, 35.764640322080126, 0.0 ], [ -78.673531032921289, 35.764634084254354, 0.0 ], [ -78.673615620857447, 35.764644644061704, 0.0 ], [ -78.673618272254899, 35.76463053688213, 0.0 ], [ -78.673678975504927, 35.764638114059721, 0.0 ], [ -78.673676674467387, 35.764650358181555, 0.0 ], [ -78.673778928372556, 35.764663122141762, 0.0 ], [ -78.673769622541599, 35.764712644582893, 0.0 ], [ -78.673807923432207, 35.764717426085106, 0.0 ] ] ] } },
{ "type": "Feature", "properties": { "OBJECTID": 7018, "BLDGNUM": "785A", "Precinct_N": "Centennial Campus", "story_group": "centennial" }, "geometry": { "type": "Polygon", "coordinates": [ [ [ -78.67857647498019, 35.76402958463067, 0.0 ], [ -78.678378249089846, 35.764348983931704, 0.0 ], [ -78.677952293297238, 35.764457358355969, 0.0 ], [ -78.677904856486364, 35.764356691521797, 0.0 ], [ -78.677682945728861, 35.76441494749762, 0.0 ], [ -78.677616489750676, 35.764249609527376, 0.0 ], [ -78.677836796546742, 35.764192737511415, 0.0 ], [ -78.677803824914818, 35.764098850106919, 0.0 ], [ -78.677894285665559, 35.764074577979869, 0.0 ], [ -78.677929447787108, 35.764162736745675, 0.0 ], [ -78.677940451927952, 35.764160716166771, 0.0 ], [ -78.677941831296977, 35.76416564300348, 0.0 ], [ -78.678038108000493, 35.764142502023134, 0.0 ], [ -78.6782336414296, 35.763826821431067, 0.0 ], [ -78.678242898645948, 35.763830801924527, 0.0 ], [ -78.678305402157449, 35.76372962069987, 0.0 ], [ -78.678421693581896, 35.763777828395384, 0.0 ], [ -78.678414682640053, 35.763788828023173, 0.0 ], [ -78.678479701894489, 35.763815370560302, 0.0 ], [ -78.678433014035335, 35.763890147932997, 0.0 ], [ -78.678590700644989, 35.763959070575432, 0.0 ], [ -78.678552208804277, 35.764019351527153, 0.0 ], [ -78.67857647498019, 35.76402958463067, 0.0 ] ] ] } },
{ "type": "Feature", "properties": { "OBJECTID": 7019, "BLDGNUM": "755B", "Precinct_N": "Centennial Campus", "story_group": "centennial" }, "geometry": { "type": "Polygon", "coordinates": [ [ [ -78.666951459073047, 35.772384395788904, 0.0 ], [ -78.666905934905259, 35.772395708551805, 0.0 ], [ -78.666894591341944, 35.77236539304667, 0.0 ], [ -78.666940115497951, 35.772354079386538, 0.0 ], [ -78.666951459073047, 35.772384395788904, 0.0 ] ] ] } },
{ "type": "Feature", "properties": { "OBJECTID": 7020, "BLDGNUM": "755C", "Precinct_N": "Centennial Campus", "story_group": "centennial" }, "geometry": { "type": "Polygon", "coordinates": [ [ [ -78.667361229767238, 35.773881569927404, 0.0 ], [ -78.667279002801067, 35.773895048590795, 0.0 ], [ -78.667294747023988, 35.773969630562092, 0.0 ], [ -78.667214213571924, 35.773981165087633, 0.0 ], [ -78.667251521156288, 35.77414908761245, 0.0 ], [ -78.667109965574056, 35.774168424203154, 0.0 ], [ -78.667055706569727, 35.773926696004068, 0.0 ], [ -78.667017134630584, 35.773933595867284, 0.0 ], [ -78.666991283378934, 35.773818230770416, 0.0 ], [ -78.667031570013748, 35.773813120275989, 0.0 ], [ -78.666976913596486, 35.77357105291982, 0.0 ], [ -78.667117519256593, 35.773549816544175, 0.0 ], [ -78.66717169832117, 35.773791602213599, 0.0 ], [ -78.667352518244201, 35.773765979501235, 0.0 ], [ -78.667347965782753, 35.773745263050991, 0.0 ], [ -78.667332959029338, 35.773747668334167, 0.0 ], [ -78.667332085301268, 35.773744429198828, 0.0 ], [ -78.667328248399841, 35.77374497485355, 0.0 ], [ -78.667269716607933, 35.773472536854221, 0.0 ], [ -78.667297524770049, 35.77346794651703, 0.0 ], [ -78.667288098175149, 35.773422718945099, 0.0 ], [ -78.667380502492477, 35.773410035114452, 0.0 ], [ -78.667390396500707, 35.77345457532379, 0.0 ], [ -78.667418705504431, 35.773450836299993, 0.0 ], [ -78.66747804125103, 35.773723695550864, 0.0 ], [ -78.667474059162728, 35.773727542460321, 0.0 ], [ -78.667484598412798, 35.773760701264607, 0.0 ], [ -78.667514042331007, 35.773756959908575, 0.0 ], [ -78.667503893857102, 35.773713488922326, 0.0 ], [ -78.667634361084367, 35.773694806645921, 0.0 ], [ -78.667670642368378, 35.773873113417075, 0.0 ], [ -78.667546581872926, 35.773891604104115, 0.0 ], [ -78.667532521538192, 35.773842149197137, 0.0 ], [ -78.667504214761422, 35.773846121703102, 0.0 ], [ -78.667569583882241, 35.774155489407804, 0.0 ], [ -78.667541342294669, 35.774159452185295, 0.0 ], [ -78.667550990747714, 35.774205115683834, 0.0 ], [ -78.667463251297178, 35.774217427500886, 0.0 ], [ -78.667453738516301, 35.77417240432456, 0.0 ], [ -78.667423576810378, 35.774176636744791, 0.0 ], [ -78.667361229767238, 35.773881569927404, 0.0 ] ] ] } },
{ "type": "Feature", "properties": { "OBJECTID": 7021, "BLDGNUM": "755D", "Precinct_N": "Centennial Campus", "story_group": "centennial" }, "geometry": { "type": "Polygon", "coordinates": [ [ [ -78.666019417197873, 35.771499790866635, 0.0 ], [ -78.66614517662245, 35.771457158288918, 0.0 ], [ -78.666196567544603, 35.771562235323259, 0.0 ], [ -78.666206366361465, 35.771559402188188, 0.0 ], [ -78.666220236707787, 35.771587863400228, 0.0 ], [ -78.666211308391937, 35.77159094769469, 0.0 ], [ -78.66624591719706, 35.771663753613282, 0.0 ], [ -78.666275634063751, 35.771654536694967, 0.0 ], [ -78.666304637108539, 35.771715409573758, 0.0 ], [ -78.666391968303486, 35.77168776458786, 0.0 ], [ -78.666385433738782, 35.771672261480575, 0.0 ], [ -78.666420618760569, 35.771660624953917, 0.0 ], [ -78.666427019009561, 35.771675711267342, 0.0 ], [ -78.666485804477674, 35.771657301699541, 0.0 ], [ -78.666481418765287, 35.771647998565093, 0.0 ], [ -78.666490148763074, 35.771645264333486, 0.0 ], [ -78.666494034515722, 35.771653504307274, 0.0 ], [ -78.666527019789172, 35.771643174995582, 0.0 ], [ -78.666544788569766, 35.771680856846736, 0.0 ], [ -78.666569678296469, 35.77167309223924, 0.0 ], [ -78.66658829128248, 35.771708557268262, 0.0 ], [ -78.666561240628425, 35.771717337194971, 0.0 ], [ -78.666578720671382, 35.771752627866967, 0.0 ], [ -78.666488857595184, 35.771782199451977, 0.0 ], [ -78.666493581794342, 35.771791493597632, 0.0 ], [ -78.666418103701346, 35.771816461655234, 0.0 ], [ -78.666413084324134, 35.771806601551276, 0.0 ], [ -78.666357701737269, 35.771825062767554, 0.0 ], [ -78.666347923706766, 35.771805954384533, 0.0 ], [ -78.666321604210836, 35.771814432505359, 0.0 ], [ -78.666460856028465, 35.772101557951373, 0.0 ], [ -78.666333169754068, 35.772142685722422, 0.0 ], [ -78.666242474263157, 35.771955680047867, 0.0 ], [ -78.666161780147391, 35.77198167110911, 0.0 ], [ -78.666133243214986, 35.771922829321412, 0.0 ], [ -78.66626072657327, 35.771881767000288, 0.0 ], [ -78.666245933319715, 35.771851263509738, 0.0 ], [ -78.666210712896586, 35.771862607850849, 0.0 ], [ -78.666166105117725, 35.771770628927761, 0.0 ], [ -78.666200488247654, 35.77175955361156, 0.0 ], [ -78.666185914369393, 35.77172950409313, 0.0 ], [ -78.666057839813718, 35.77177075670442, 0.0 ], [ -78.666029793244235, 35.771712926646877, 0.0 ], [ -78.666110220230195, 35.771687021468971, 0.0 ], [ -78.666019417197873, 35.771499790866635, 0.0 ] ] ] } },
{ "type": "Feature", "properties": { "OBJECTID": 7022, "BLDGNUM": "720B", "Precinct_N": "Centennial Campus", "story_group": "centennial" }, "geometry": { "type": "Polygon", "coordinates": [ [ [ -78.678820962847666, 35.769685337641505, 0.0 ], [ -78.678765768940295, 35.769676584190677, 0.0 ], [ -78.678757547134197, 35.769722791910979, 0.0 ], [ -78.678704951249557, 35.769715412634312, 0.0 ], [ -78.678713516882596, 35.769669803420136, 0.0 ], [ -78.678523043258565, 35.769640639699631, 0.0 ], [ -78.678512863898405, 35.769688193363386, 0.0 ], [ -78.678459120171382, 35.769681059723823, 0.0 ], [ -78.678469401237834, 35.76963324674368, 0.0 ], [ -78.678416213581229, 35.769625349305507, 0.0 ], [ -78.678540009388655, 35.769070520264549, 0.0 ], [ -78.678591715907444, 35.769078386702205, 0.0 ], [ -78.678616540818993, 35.768966447571344, 0.0 ], [ -78.678669536229123, 35.768973635054039, 0.0 ], [ -78.678648275357958, 35.769072918709284, 0.0 ], [ -78.678726899662252, 35.769084579584074, 0.0 ], [ -78.678741405848399, 35.769017977328225, 0.0 ], [ -78.678749500686891, 35.769012084910962, 0.0 ], [ -78.678763485832974, 35.769010962656424, 0.0 ], [ -78.678771540006849, 35.769015868320629, 0.0 ], [ -78.678775688833738, 35.769023871544967, 0.0 ], [ -78.678762301389298, 35.769089773701083, 0.0 ], [ -78.678839974019553, 35.769101019173995, 0.0 ], [ -78.678859768886653, 35.769001824460915, 0.0 ], [ -78.678914465017073, 35.769009371453251, 0.0 ], [ -78.678893200540344, 35.769111030200726, 0.0 ], [ -78.678946892391323, 35.769118608781874, 0.0 ], [ -78.678820962847666, 35.769685337641505, 0.0 ] ] ] } },
{ "type": "Feature", "properties": { "OBJECTID": 7023, "BLDGNUM": "720A", "Precinct_N": "Centennial Campus", "story_group": "centennial" }, "geometry": { "type": "Polygon", "coordinates": [ [ [ -78.678946892391323, 35.769118608781874, 0.0 ], [ -78.678972752337515, 35.769122258910201, 0.0 ], [ -78.678995343917606, 35.769021430186157, 0.0 ], [ -78.679263046292775, 35.769060778123539, 0.0 ], [ -78.679240016001899, 35.769165222862952, 0.0 ], [ -78.679346930881437, 35.769176760436579, 0.0 ], [ -78.679326180778787, 35.769271825419111, 0.0 ], [ -78.679300528777304, 35.769268154281228, 0.0 ], [ -78.679282547765965, 35.76934765029219, 0.0 ], [ -78.679311007712343, 35.769351644299363, 0.0 ], [ -78.679289905566407, 35.769444262076341, 0.0 ], [ -78.679262572667128, 35.769439969079443, 0.0 ], [ -78.67924402350927, 35.769519920569543, 0.0 ], [ -78.6792756719979, 35.769523933797203, 0.0 ], [ -78.679254579534557, 35.769615482586005, 0.0 ], [ -78.6791454254721, 35.769599228574606, 0.0 ], [ -78.679126106777062, 35.769681314218374, 0.0 ], [ -78.679236758316648, 35.769697882254654, 0.0 ], [ -78.679215275938589, 35.769790955992541, 0.0 ], [ -78.679105555785654, 35.769775157441096, 0.0 ], [ -78.679083493588209, 35.769875786554607, 0.0 ], [ -78.678815299420393, 35.769836244053899, 0.0 ], [ -78.678838215841552, 35.769735595606697, 0.0 ], [ -78.678810784557484, 35.769731271603689, 0.0 ], [ -78.678946892391323, 35.769118608781874, 0.0 ] ] ] } },
{ "type": "Feature", "properties": { "OBJECTID": 7024, "BLDGNUM": "702A", "Precinct_N": "Centennial Campus", "story_group": "centennial" }, "geometry": { "type": "Polygon", "coordinates": [ [ [ -78.678630977411487, 35.771373642017188, 0.0 ], [ -78.678702735666178, 35.771040244991191, 0.0 ], [ -78.679386852174517, 35.771139035616166, 0.0 ], [ -78.679314605955113, 35.771470385676537, 0.0 ], [ -78.679191179393229, 35.771452509572399, 0.0 ], [ -78.679188929754091, 35.771462831323966, 0.0 ], [ -78.679115844369932, 35.771452242638283, 0.0 ], [ -78.679117610723779, 35.771444143247102, 0.0 ], [ -78.678630977411487, 35.771373642017188, 0.0 ] ] ] } },
{ "type": "Feature", "properties": { "OBJECTID": 7025, "BLDGNUM": "702", "Precinct_N": "Centennial Campus", "story_group": "centennial" }, "geometry": { "type": "Polygon", "coordinates": [ [ [ -78.678580275546452, 35.770876748565762, 0.0 ], [ -78.678506965068195, 35.771215745139358, 0.0 ], [ -78.678522238384247, 35.771217586348214, 0.0 ], [ -78.678520462124695, 35.771227329769175, 0.0 ], [ -78.678500068261457, 35.771224861225363, 0.0 ], [ -78.678478389576, 35.771343915708087, 0.0 ], [ -78.677765021846469, 35.771240662948109, 0.0 ], [ -78.677790602400151, 35.771123286405945, 0.0 ], [ -78.677775578190165, 35.771121112264417, 0.0 ], [ -78.677778828430533, 35.771106197196268, 0.0 ], [ -78.677759252303701, 35.771103364742885, 0.0 ], [ -78.677770466488141, 35.771051902037037, 0.0 ], [ -78.677804721920467, 35.77105685994465, 0.0 ], [ -78.67786647956072, 35.770773445669441, 0.0 ], [ -78.678580275546452, 35.770876748565762, 0.0 ] ] ] } },
{ "type": "Feature", "properties": { "OBJECTID": 7026, "BLDGNUM": "700", "Precinct_N": "Centennial Campus", "story_group": "centennial" }, "geometry": { "type": "Polygon", "coordinates": [ [ [ -78.679496411620491, 35.77086393962535, 0.0 ], [ -78.679087964855213, 35.770805718592293, 0.0 ], [ -78.679091203250863, 35.770793167700511, 0.0 ], [ -78.679001164053957, 35.77078019527012, 0.0 ], [ -78.678997929044172, 35.770792446920041, 0.0 ], [ -78.678595418655988, 35.770734011834321, 0.0 ], [ -78.67858364484114, 35.770795637677551, 0.0 ], [ -78.678592239265797, 35.770799619088457, 0.0 ], [ -78.678596386329815, 35.770805857464389, 0.0 ], [ -78.678596038953017, 35.770813118732072, 0.0 ], [ -78.678589240264898, 35.770820933532377, 0.0 ], [ -78.678579126631263, 35.770823521664724, 0.0 ], [ -78.678569340972288, 35.770820948625023, 0.0 ], [ -78.678563014174486, 35.770814103295159, 0.0 ], [ -78.678562273221004, 35.77080712668652, 0.0 ], [ -78.678474575285207, 35.770794487235413, 0.0 ], [ -78.678455398355581, 35.770803651125284, 0.0 ], [ -78.678435809648406, 35.770804274526419, 0.0 ], [ -78.678416628733004, 35.770796075676863, 0.0 ], [ -78.678406815532583, 35.770784852286539, 0.0 ], [ -78.678411387881155, 35.770752823135211, 0.0 ], [ -78.678428184851896, 35.770741947613196, 0.0 ], [ -78.678450413202285, 35.77073946989173, 0.0 ], [ -78.678464701952649, 35.770743013865228, 0.0 ], [ -78.67848194570557, 35.770759419802573, 0.0 ], [ -78.678487955674498, 35.770760268514131, 0.0 ], [ -78.678496151508227, 35.770719826700294, 0.0 ], [ -78.678092668638769, 35.770661092641433, 0.0 ], [ -78.678128548483031, 35.770496516939495, 0.0 ], [ -78.678095348237576, 35.770491597964067, 0.0 ], [ -78.678114121751079, 35.770407025135206, 0.0 ], [ -78.678147020134006, 35.770412194785081, 0.0 ], [ -78.678183613596175, 35.770247778676229, 0.0 ], [ -78.678336975846904, 35.770269671069627, 0.0 ], [ -78.678353167377793, 35.770197131628315, 0.0 ], [ -78.677999900402867, 35.770145647804675, 0.0 ], [ -78.678073535650313, 35.769812877005364, 0.0 ], [ -78.67862873230392, 35.769894916659489, 0.0 ], [ -78.678601053926727, 35.770022100894884, 0.0 ], [ -78.678553159979728, 35.770015420789733, 0.0 ], [ -78.678536257292095, 35.770090798542, 0.0 ], [ -78.678584158092661, 35.770097991540375, 0.0 ], [ -78.678556463666609, 35.770225004458567, 0.0 ], [ -78.678404021895062, 35.770204158535925, 0.0 ], [ -78.678386918187741, 35.770276919110401, 0.0 ], [ -78.678591796089876, 35.770307341471757, 0.0 ], [ -78.678572806214333, 35.770391941746539, 0.0 ], [ -78.678662233880033, 35.770404209829458, 0.0 ], [ -78.678680550090405, 35.770320172010024, 0.0 ], [ -78.679089259608816, 35.7703792162486, 0.0 ], [ -78.679079761331465, 35.770421307752201, 0.0 ], [ -78.679168351847608, 35.770434695439526, 0.0 ], [ -78.679178349999944, 35.770391765186794, 0.0 ], [ -78.679586797930156, 35.770451414574254, 0.0 ], [ -78.679496411620491, 35.77086393962535, 0.0 ] ] ] } },
{ "type": "Feature", "properties": { "OBJECTID": 7027, "BLDGNUM": "720D", "Precinct_N": "Centennial Campus", "story_group": "centennial" }, "geometry": { "type": "Polygon", "coordinates": [ [ [ -78.679715366219526, 35.768335696237394, 0.0 ], [ -78.679644835867819, 35.768357304539293, 0.0 ], [ -78.679630188588533, 35.768332118305537, 0.0 ], [ -78.679706822431044, 35.768308640434, 0.0 ], [ -78.679708856545716, 35.768313050688107, 0.0 ], [ -78.679705407266695, 35.768314107015655, 0.0 ], [ -78.679715366219526, 35.768335696237394, 0.0 ] ] ] } },
{ "type": "Feature", "properties": { "OBJECTID": 7028, "BLDGNUM": "720E", "Precinct_N": "Centennial Campus", "story_group": "centennial" }, "geometry": { "type": "Polygon", "coordinates": [ [ [ -78.679544954599123, 35.769317243404416, 0.0 ], [ -78.679369662584278, 35.769292178826326, 0.0 ], [ -78.679398450409693, 35.769158448992457, 0.0 ], [ -78.679474132998607, 35.76916927059537, 0.0 ], [ -78.679452335471282, 35.769270529633467, 0.0 ], [ -78.679551944740808, 35.769284771684347, 0.0 ], [ -78.679544954599123, 35.769317243404416, 0.0 ] ] ] } },
{ "type": "Feature", "properties": { "OBJECTID": 7029, "BLDGNUM": "720C", "Precinct_N": "Centennial Campus", "story_group": "centennial" }, "geometry": { "type": "Polygon", "coordinates": [ [ [ -78.67967029113079, 35.768919251486501, 0.0 ], [ -78.679554593898771, 35.768901310423985, 0.0 ], [ -78.679543720076055, 35.768947900614492, 0.0 ], [ -78.679402428494939, 35.768925996428671, 0.0 ], [ -78.679423198610721, 35.768837000275035, 0.0 ], [ -78.679396331422055, 35.768833291706869, 0.0 ], [ -78.679400761028944, 35.768810921907523, 0.0 ], [ -78.679426476394326, 35.768814476016288, 0.0 ], [ -78.679497462534101, 35.768493673517455, 0.0 ], [ -78.679639469722389, 35.768514544728568, 0.0 ], [ -78.679629700579142, 35.768558694273672, 0.0 ], [ -78.679746315119118, 35.768575841786522, 0.0 ], [ -78.67967029113079, 35.768919251486501, 0.0 ] ] ] } },
{ "type": "Feature", "properties": { "OBJECTID": 7030, "BLDGNUM": "731", "Precinct_N": "Centennial Campus", "story_group": "centennial" }, "geometry": { "type": "Polygon", "coordinates": [ [ [ -78.680712514393591, 35.77045550713197, 0.0 ], [ -78.68062585065617, 35.770442297778409, 0.0 ], [ -78.680641908338345, 35.770372334653736, 0.0 ], [ -78.680651542441083, 35.770373798468228, 0.0 ], [ -78.680658848918171, 35.770341792623093, 0.0 ], [ -78.680592327570722, 35.770331707854027, 0.0 ], [ -78.680605967149134, 35.770271931769329, 0.0 ], [ -78.680640155179873, 35.770277113140921, 0.0 ], [ -78.680644503977604, 35.770258056461984, 0.0 ], [ -78.6806092415775, 35.770252710031301, 0.0 ], [ -78.680623115145892, 35.770191928648984, 0.0 ], [ -78.680678668151558, 35.77020034959817, 0.0 ], [ -78.680690681315255, 35.770147709740954, 0.0 ], [ -78.68065770007037, 35.770142784826689, 0.0 ], [ -78.680671052603714, 35.770082858354407, 0.0 ], [ -78.680703598313102, 35.770087719930352, 0.0 ], [ -78.680715587546857, 35.770034409400971, 0.0 ], [ -78.680659267057038, 35.770025997272015, 0.0 ], [ -78.680672679271098, 35.769966356682119, 0.0 ], [ -78.680707816962368, 35.769971604521068, 0.0 ], [ -78.680712092558664, 35.769952591812199, 0.0 ], [ -78.680676500580404, 35.769947276083521, 0.0 ], [ -78.680689996009335, 35.769887281477452, 0.0 ], [ -78.68072551943041, 35.769892587107798, 0.0 ], [ -78.680751433034843, 35.769774256247025, 0.0 ], [ -78.680870005009638, 35.769790828233567, 0.0 ], [ -78.680854744172066, 35.769864661186148, 0.0 ], [ -78.680833784009877, 35.76986170932468, 0.0 ], [ -78.680823081467167, 35.76990568794654, 0.0 ], [ -78.680878477525638, 35.769914598729542, 0.0 ], [ -78.680880111795503, 35.769907406623886, 0.0 ], [ -78.68092699714218, 35.769914382420545, 0.0 ], [ -78.680925432918926, 35.769921201550972, 0.0 ], [ -78.680990069583885, 35.76993066828561, 0.0 ], [ -78.680978437652797, 35.76998345068602, 0.0 ], [ -78.681009249597977, 35.769987916453303, 0.0 ], [ -78.680992831971551, 35.770063434619409, 0.0 ], [ -78.680961833187027, 35.770058943120937, 0.0 ], [ -78.680954805044621, 35.770091361633256, 0.0 ], [ -78.680890879445343, 35.770082166247512, 0.0 ], [ -78.680889592301384, 35.770088556158541, 0.0 ], [ -78.680844779921017, 35.770082592588736, 0.0 ], [ -78.680846350245503, 35.77007479010171, 0.0 ], [ -78.680787206090386, 35.770066943892999, 0.0 ], [ -78.680780792075012, 35.770098988141356, 0.0 ], [ -78.680798328272544, 35.770101905801191, 0.0 ], [ -78.680783478612696, 35.770161475935133, 0.0 ], [ -78.680767832372695, 35.770158883206015, 0.0 ], [ -78.680760043554329, 35.770190375827909, 0.0 ], [ -78.6808187571107, 35.770200019116217, 0.0 ], [ -78.680820689221335, 35.770192186030499, 0.0 ], [ -78.68086587692423, 35.770198906825634, 0.0 ], [ -78.680864163293677, 35.770206028417128, 0.0 ], [ -78.680927784839298, 35.770215784561515, 0.0 ], [ -78.680920399048162, 35.770247739740348, 0.0 ], [ -78.680952049929815, 35.770252641268861, 0.0 ], [ -78.680934411241267, 35.770328423022491, 0.0 ], [ -78.680904356411645, 35.770323769936788, 0.0 ], [ -78.680892287609353, 35.770375963497251, 0.0 ], [ -78.680828083481728, 35.770366105758711, 0.0 ], [ -78.680826318588586, 35.770373884299843, 0.0 ], [ -78.680782087978301, 35.770367317425872, 0.0 ], [ -78.680783753091276, 35.770359881137203, 0.0 ], [ -78.680725409489952, 35.770351470949279, 0.0 ], [ -78.680718436562643, 35.770383600256274, 0.0 ], [ -78.680727826678961, 35.7703849534604, 0.0 ], [ -78.680712514393591, 35.77045550713197, 0.0 ] ] ] } },
{ "type": "Feature", "properties": { "OBJECTID": 7031, "BLDGNUM": "733", "Precinct_N": "Centennial Campus", "story_group": "centennial" }, "geometry": { "type": "Polygon", "coordinates": [ [ [ -78.6813521601497, 35.770569831140826, 0.0 ], [ -78.681299988586588, 35.770790043391351, 0.0 ], [ -78.681191146548102, 35.770772970910294, 0.0 ], [ -78.681195205522314, 35.770757549505845, 0.0 ], [ -78.681138973138587, 35.77074881154369, 0.0 ], [ -78.681135416583672, 35.770764155844077, 0.0 ], [ -78.680892783591304, 35.770726335222555, 0.0 ], [ -78.680925626754529, 35.77058910495726, 0.0 ], [ -78.680962852650765, 35.770598613468415, 0.0 ], [ -78.680967373893978, 35.770578723482167, 0.0 ], [ -78.680934023009243, 35.770537913994325, 0.0 ], [ -78.680983404377514, 35.770510821634588, 0.0 ], [ -78.681016990850949, 35.770551351406006, 0.0 ], [ -78.681036354622535, 35.77055417917493, 0.0 ], [ -78.68104434897235, 35.770521592837454, 0.0 ], [ -78.6813521601497, 35.770569831140826, 0.0 ] ] ] } },
{ "type": "Feature", "properties": { "OBJECTID": 7032, "BLDGNUM": "730", "Precinct_N": "Centennial Campus", "story_group": "centennial" }, "geometry": { "type": "Polygon", "coordinates": [ [ [ -78.680720875814615, 35.771124159226055, 0.0 ], [ -78.680806772227271, 35.771138056029748, 0.0 ], [ -78.680773338321444, 35.771272970022842, 0.0 ], [ -78.680587101408193, 35.771242490266353, 0.0 ], [ -78.680593085421776, 35.771218552561976, 0.0 ], [ -78.680466031806105, 35.771197456724344, 0.0 ], [ -78.680497555552975, 35.771071367433017, 0.0 ], [ -78.680514058538478, 35.771074106658858, 0.0 ], [ -78.680543888877111, 35.770954736986297, 0.0 ], [ -78.680558830073366, 35.770957217929386, 0.0 ], [ -78.680588533133474, 35.770838403140026, 0.0 ], [ -78.680606466304582, 35.77084138045511, 0.0 ], [ -78.68062103009531, 35.770783127380675, 0.0 ], [ -78.680637666758784, 35.770785890375798, 0.0 ], [ -78.680661923898398, 35.7706888766796, 0.0 ], [ -78.680735369638668, 35.770701073396033, 0.0 ], [ -78.680711128956716, 35.770797861811637, 0.0 ], [ -78.680798815289364, 35.770812408682268, 0.0 ], [ -78.680720875814615, 35.771124159226055, 0.0 ] ] ] } },
{ "type": "Feature", "properties": { "OBJECTID": 7033, "BLDGNUM": "750A", "Precinct_N": "Centennial Campus", "story_group": "centennial" }, "geometry": { "type": "Polygon", "coordinates": [ [ [ -78.678289032313245, 35.773403815475305, 0.0 ], [ -78.678438520484178, 35.772723968356409, 0.0 ], [ -78.678499092754265, 35.772732746051652, 0.0 ], [ -78.6785178765289, 35.772645059083395, 0.0 ], [ -78.67845742102746, 35.772636137489236, 0.0 ], [ -78.678475237610073, 35.77255443203704, 0.0 ], [ -78.67844052850613, 35.772549076530382, 0.0 ], [ -78.678458900488835, 35.772464265589448, 0.0 ], [ -78.678486145576969, 35.772467801393766, 0.0 ], [ -78.678480360506299, 35.772492986079577, 0.0 ], [ -78.67848843975527, 35.772493891629068, 0.0 ], [ -78.678617942383184, 35.771900012641964, 0.0 ], [ -78.678584942706678, 35.771895402594872, 0.0 ], [ -78.67859147668841, 35.771867659138444, 0.0 ], [ -78.678665793484043, 35.771877664605661, 0.0 ], [ -78.678659275196196, 35.771906475306466, 0.0 ], [ -78.679154309304266, 35.771977646601378, 0.0 ], [ -78.679160919870128, 35.771949230008488, 0.0 ], [ -78.679235266766128, 35.771959769707799, 0.0 ], [ -78.679229263695973, 35.771988119401712, 0.0 ], [ -78.67922472715162, 35.771987472904542, 0.0 ], [ -78.679064730104798, 35.772724097443188, 0.0 ], [ -78.679006269884169, 35.772715981778013, 0.0 ], [ -78.679000171416007, 35.772742973768999, 0.0 ], [ -78.679056350031772, 35.772751338507703, 0.0 ], [ -78.679049074841728, 35.772784164545108, 0.0 ], [ -78.678992744489634, 35.772775847174891, 0.0 ], [ -78.678986489539582, 35.772803528285337, 0.0 ], [ -78.679045304261436, 35.772812073035055, 0.0 ], [ -78.679008628369388, 35.772978179078805, 0.0 ], [ -78.679207530705142, 35.773007510203172, 0.0 ], [ -78.679064204168398, 35.773663518389249, 0.0 ], [ -78.679067514806221, 35.773664012939271, 0.0 ], [ -78.679061412074773, 35.773692066704264, 0.0 ], [ -78.678986981236449, 35.773681380668961, 0.0 ], [ -78.678993066624585, 35.773652965420474, 0.0 ], [ -78.678257791229882, 35.773545895710122, 0.0 ], [ -78.678275807100505, 35.773463962794928, 0.0 ], [ -78.678240969867119, 35.773459303639257, 0.0 ], [ -78.678259142036964, 35.773374223622348, 0.0 ], [ -78.678286388344461, 35.773378083958775, 0.0 ], [ -78.678281331545492, 35.773402833396553, 0.0 ], [ -78.678289032313245, 35.773403815475305, 0.0 ] ] ] } },
{ "type": "Feature", "properties": { "OBJECTID": 7034, "BLDGNUM": "750", "Precinct_N": "Centennial Campus", "story_group": "centennial" }, "geometry": { "type": "Polygon", "coordinates": [ [ [ -78.678406923969931, 35.771765601542469, 0.0 ], [ -78.678344082676617, 35.772049239374859, 0.0 ], [ -78.678139687458426, 35.77201928389907, 0.0 ], [ -78.678138629827473, 35.77202407899361, 0.0 ], [ -78.678083536526771, 35.772018010633523, 0.0 ], [ -78.678066680568207, 35.772013891981636, 0.0 ], [ -78.678067827177742, 35.77200869512054, 0.0 ], [ -78.67759805297986, 35.77193921861388, 0.0 ], [ -78.677660640651666, 35.771656302460329, 0.0 ], [ -78.678130454683838, 35.771724818902953, 0.0 ], [ -78.678131590031469, 35.771719670683908, 0.0 ], [ -78.678182764297887, 35.771725793566837, 0.0 ], [ -78.678203424148805, 35.771730379237063, 0.0 ], [ -78.67820231357868, 35.771735416656014, 0.0 ], [ -78.678406923969931, 35.771765601542469, 0.0 ] ] ] } },
{ "type": "Feature", "properties": { "OBJECTID": 7035, "BLDGNUM": "751", "Precinct_N": "Centennial Campus", "story_group": "centennial" }, "geometry": { "type": "Polygon", "coordinates": [ [ [ -78.678278271554873, 35.77235032576079, 0.0 ], [ -78.67829867355394, 35.772353043134309, 0.0 ], [ -78.67828864762059, 35.7723974964983, 0.0 ], [ -78.678268363126193, 35.772394987645512, 0.0 ], [ -78.678229535247198, 35.772582899575532, 0.0 ], [ -78.678213295983895, 35.772580535700563, 0.0 ], [ -78.678213948480192, 35.772577770278524, 0.0 ], [ -78.678025569209211, 35.772550660127294, 0.0 ], [ -78.67802231272556, 35.772565473325955, 0.0 ], [ -78.677944684190237, 35.772554290563889, 0.0 ], [ -78.677982418026531, 35.772381870043638, 0.0 ], [ -78.677974223796681, 35.7723806793298, 0.0 ], [ -78.677995555976523, 35.772284747303999, 0.0 ], [ -78.678003421869036, 35.772285897489112, 0.0 ], [ -78.678042219997963, 35.772108614259082, 0.0 ], [ -78.678120266083511, 35.772119825105577, 0.0 ], [ -78.678116902439029, 35.772134894009113, 0.0 ], [ -78.678322149730818, 35.772163420426772, 0.0 ], [ -78.678278271554873, 35.77235032576079, 0.0 ] ] ] } },
{ "type": "Feature", "properties": { "OBJECTID": 7036, "BLDGNUM": "752", "Precinct_N": "Centennial Campus", "story_group": "centennial" }, "geometry": { "type": "Polygon", "coordinates": [ [ [ -78.677997321304403, 35.772665409388189, 0.0 ], [ -78.678202134260985, 35.772695569901074, 0.0 ], [ -78.67813945595168, 35.772979301716987, 0.0 ], [ -78.677935184104541, 35.772949457105227, 0.0 ], [ -78.677934046317787, 35.772954654888231, 0.0 ], [ -78.677879063710819, 35.772948130648544, 0.0 ], [ -78.67786244557179, 35.772943960320717, 0.0 ], [ -78.677863521404845, 35.772939045398473, 0.0 ], [ -78.677393178888963, 35.772870707743195, 0.0 ], [ -78.677393873128025, 35.772855540756836, 0.0 ], [ -78.677396594601746, 35.772855936446298, 0.0 ], [ -78.677455396870158, 35.77258711208092, 0.0 ], [ -78.677925658848324, 35.772654997717034, 0.0 ], [ -78.677926778601446, 35.772649883711516, 0.0 ], [ -78.677943857771382, 35.772650751800825, 0.0 ], [ -78.677998394870457, 35.772660505274558, 0.0 ], [ -78.677997321304403, 35.772665409388189, 0.0 ] ] ] } },
{ "type": "Feature", "properties": { "OBJECTID": 7037, "BLDGNUM": "753", "Precinct_N": "Centennial Campus", "story_group": "centennial" }, "geometry": { "type": "Polygon", "coordinates": [ [ [ -78.677864536764261, 35.773259854866716, 0.0 ], [ -78.678068714260505, 35.773290252771659, 0.0 ], [ -78.677986603056013, 35.773664269109105, 0.0 ], [ -78.677781987053748, 35.773634325995914, 0.0 ], [ -78.677780830243876, 35.77363957420166, 0.0 ], [ -78.677709991078814, 35.773628853621119, 0.0 ], [ -78.677731227101702, 35.773532232792924, 0.0 ], [ -78.677329837130131, 35.773473933580277, 0.0 ], [ -78.677326866347499, 35.773470595222079, 0.0 ], [ -78.677324824087989, 35.773480428049368, 0.0 ], [ -78.677251188651837, 35.773470084670315, 0.0 ], [ -78.677270531495552, 35.773381818021754, 0.0 ], [ -78.677278338311169, 35.773383106904468, 0.0 ], [ -78.677324018146962, 35.773181134379378, 0.0 ], [ -78.677793370221323, 35.773249490401454, 0.0 ], [ -78.677794630728471, 35.773243753036013, 0.0 ], [ -78.677865722840366, 35.773254476041181, 0.0 ], [ -78.677864536764261, 35.773259854866716, 0.0 ] ] ] } },
{ "type": "Feature", "properties": { "OBJECTID": 7038, "BLDGNUM": "754", "Precinct_N": "Centennial Campus", "story_group": "centennial" }, "geometry": { "type": "Polygon", "coordinates": [ [ [ -78.678881539046586, 35.77407809965927, 0.0 ], [ -78.678876852116957, 35.774085774016172, 0.0 ], [ -78.678519378259381, 35.773954097526669, 0.0 ], [ -78.678510135889994, 35.773992843803072, 0.0 ], [ -78.678427457488027, 35.773961456888877, 0.0 ], [ -78.678438286193, 35.773943522470617, 0.0 ], [ -78.678169649034871, 35.773842704592447, 0.0 ], [ -78.678205786159083, 35.773679942329359, 0.0 ], [ -78.678199688434802, 35.773679134835518, 0.0 ], [ -78.678205129467656, 35.773649837304383, 0.0 ], [ -78.679036419586311, 35.773771042042839, 0.0 ], [ -78.679018417134742, 35.773852836287887, 0.0 ], [ -78.679026548388563, 35.773854051101011, 0.0 ], [ -78.679013879261319, 35.773910480084567, 0.0 ], [ -78.678996344898223, 35.773907744251005, 0.0 ], [ -78.67897351026609, 35.774013454791039, 0.0 ], [ -78.679005652900997, 35.774017693816809, 0.0 ], [ -78.678983929448265, 35.774117089721507, 0.0 ], [ -78.678881539046586, 35.77407809965927, 0.0 ] ] ] } },
{ "type": "Feature", "properties": { "OBJECTID": 7039, "BLDGNUM": "734", "Precinct_N": "Centennial Campus", "story_group": "centennial" }, "geometry": { "type": "Polygon", "coordinates": [ [ [ -78.68067267706823, 35.771977941826819, 0.0 ], [ -78.680817569510765, 35.77199940686819, 0.0 ], [ -78.680803297138382, 35.772063391493369, 0.0 ], [ -78.680843972741371, 35.772069417242406, 0.0 ], [ -78.680755406243321, 35.772466472482527, 0.0 ], [ -78.680715506425415, 35.772460561407406, 0.0 ], [ -78.680701033476836, 35.772525443230563, 0.0 ], [ -78.680556847563963, 35.77250408356479, 0.0 ], [ -78.680553192268633, 35.772520577704, 0.0 ], [ -78.680618126532366, 35.772536423358183, 0.0 ], [ -78.680614552483206, 35.772552231784452, 0.0 ], [ -78.680546876010922, 35.772549079864795, 0.0 ], [ -78.680530101703837, 35.772624773637467, 0.0 ], [ -78.680485943712455, 35.772618277159644, 0.0 ], [ -78.680513000673827, 35.772496125020588, 0.0 ], [ -78.680274131760441, 35.772462311463542, 0.0 ], [ -78.680371087127341, 35.772007422693093, 0.0 ], [ -78.680176051838671, 35.771979906308069, 0.0 ], [ -78.680212161760124, 35.771809922573141, 0.0 ], [ -78.680291993866604, 35.771821185390976, 0.0 ], [ -78.680298372604597, 35.771791154710009, 0.0 ], [ -78.680666040396375, 35.771843025604319, 0.0 ], [ -78.680659292160712, 35.771874793138863, 0.0 ], [ -78.680694364682438, 35.771879948867642, 0.0 ], [ -78.68067267706823, 35.771977941826819, 0.0 ] ] ] } },
{ "type": "Feature", "properties": { "OBJECTID": 7040, "BLDGNUM": "758A", "Precinct_N": "Centennial Campus", "story_group": "centennial" }, "geometry": { "type": "Polygon", "coordinates": [ [ [ -78.677814277342023, 35.775298017526225, 0.0 ], [ -78.677722240886908, 35.77496864263086, 0.0 ], [ -78.678427225414154, 35.774836774256528, 0.0 ], [ -78.678424062666792, 35.774821602500673, 0.0 ], [ -78.678462164264431, 35.774814905999328, 0.0 ], [ -78.678493506471398, 35.774927388838051, 0.0 ], [ -78.678454553353447, 35.774934592364012, 0.0 ], [ -78.678442489706228, 35.774891978956887, 0.0 ], [ -78.678420040917942, 35.774896757240512, 0.0 ], [ -78.67849682328206, 35.775169861555412, 0.0 ], [ -78.677814277342023, 35.775298017526225, 0.0 ] ] ] } },
{ "type": "Feature", "properties": { "OBJECTID": 7041, "BLDGNUM": "759A", "Precinct_N": "Centennial Campus", "story_group": "centennial" }, "geometry": { "type": "Polygon", "coordinates": [ [ [ -78.677300683896888, 35.774340197059402, 0.0 ], [ -78.677291128999983, 35.774353710022851, 0.0 ], [ -78.677252242514598, 35.774335936935586, 0.0 ], [ -78.677262237463353, 35.774322187184602, 0.0 ], [ -78.677251451489695, 35.774317134483113, 0.0 ], [ -78.677094669319857, 35.774536963834272, 0.0 ], [ -78.676787852617338, 35.774391414981793, 0.0 ], [ -78.676804216418731, 35.774368501016504, 0.0 ], [ -78.676796783314288, 35.774365286009463, 0.0 ], [ -78.676859993054435, 35.774276976292505, 0.0 ], [ -78.676867198943441, 35.774280308769896, 0.0 ], [ -78.676881740800397, 35.774259945287554, 0.0 ], [ -78.676874747026631, 35.774256397951028, 0.0 ], [ -78.676937394053937, 35.774167701822108, 0.0 ], [ -78.676945045717773, 35.774171300474222, 0.0 ], [ -78.676960180372433, 35.774150107509293, 0.0 ], [ -78.676953009394936, 35.774146897713415, 0.0 ], [ -78.677015304036644, 35.774059432752686, 0.0 ], [ -78.677022431802754, 35.774062937171919, 0.0 ], [ -78.677038845519959, 35.774039953901365, 0.0 ], [ -78.677011255032681, 35.774026683181738, 0.0 ], [ -78.677018072306595, 35.774017089260887, 0.0 ], [ -78.677000759711902, 35.774008960950859, 0.0 ], [ -78.677026258642698, 35.773973752424496, 0.0 ], [ -78.677043500540478, 35.773981302778203, 0.0 ], [ -78.677047213394601, 35.77397607577808, 0.0 ], [ -78.677029752563641, 35.773968509521467, 0.0 ], [ -78.677055103674064, 35.773933196941492, 0.0 ], [ -78.677072227826045, 35.773940872266763, 0.0 ], [ -78.677076138658919, 35.773935368174712, 0.0 ], [ -78.677058933890933, 35.77392793870483, 0.0 ], [ -78.677083693022098, 35.773892958048627, 0.0 ], [ -78.677100681458512, 35.773900826800492, 0.0 ], [ -78.677107704489643, 35.773890942283607, 0.0 ], [ -78.677123966892609, 35.773898651371482, 0.0 ], [ -78.677126931539547, 35.773894660840625, 0.0 ], [ -78.677696723800835, 35.774164450283195, 0.0 ], [ -78.677705921070029, 35.774151286064921, 0.0 ], [ -78.677739169023241, 35.774166812349208, 0.0 ], [ -78.677729783224834, 35.774180103161498, 0.0 ], [ -78.677774461933396, 35.774201257059637, 0.0 ], [ -78.677771338023433, 35.774205528405695, 0.0 ], [ -78.677787941679952, 35.77421339874676, 0.0 ], [ -78.677736568258652, 35.774284924674056, 0.0 ], [ -78.677769052317757, 35.774299813476759, 0.0 ], [ -78.677698747807142, 35.774398499257757, 0.0 ], [ -78.677664493692532, 35.77438258632634, 0.0 ], [ -78.677610628463015, 35.774458465432851, 0.0 ], [ -78.677337719172556, 35.774329606956627, 0.0 ], [ -78.677329612737125, 35.774340743294673, 0.0 ], [ -78.677334186210189, 35.774342975433932, 0.0 ], [ -78.677327360707878, 35.774352693735956, 0.0 ], [ -78.677300683896888, 35.774340197059402, 0.0 ] ] ] } },
{ "type": "Feature", "properties": { "OBJECTID": 7042, "BLDGNUM": "712", "Precinct_N": "Centennial Campus", "story_group": "centennial" }, "geometry": { "type": "Polygon", "coordinates": [ [ [ -78.67664480208235, 35.774687279300608, 0.0 ], [ -78.676852552984045, 35.774870546816217, 0.0 ], [ -78.676608581166207, 35.775055204263289, 0.0 ], [ -78.676536888340735, 35.774992428695988, 0.0 ], [ -78.676467920812357, 35.775044463438171, 0.0 ], [ -78.676510376028531, 35.775088412430748, 0.0 ], [ -78.676363173775059, 35.775183710524814, 0.0 ], [ -78.676199303793766, 35.775019275368734, 0.0 ], [ -78.676346361708511, 35.774921876939423, 0.0 ], [ -78.676381527312643, 35.774956836378117, 0.0 ], [ -78.676443369386661, 35.774910381040968, 0.0 ], [ -78.676272563052478, 35.774759652397584, 0.0 ], [ -78.676349583286552, 35.774701354945854, 0.0 ], [ -78.676337550739177, 35.774691062910811, 0.0 ], [ -78.676360072473784, 35.77467497957317, 0.0 ], [ -78.676356377339062, 35.774671611326319, 0.0 ], [ -78.676402011777881, 35.774636588930576, 0.0 ], [ -78.676405784287169, 35.774639416571702, 0.0 ], [ -78.676428151019948, 35.77462253511495, 0.0 ], [ -78.676440668784906, 35.774632359728145, 0.0 ], [ -78.676516839092841, 35.774574397016238, 0.0 ], [ -78.676566686870217, 35.774618371035508, 0.0 ], [ -78.67674218038637, 35.774488009536697, 0.0 ], [ -78.676821844672219, 35.774554282649461, 0.0 ], [ -78.67664480208235, 35.774687279300608, 0.0 ] ] ] } },
{ "type": "Feature", "properties": { "OBJECTID": 7043, "BLDGNUM": "758", "Precinct_N": "Centennial Campus", "story_group": "centennial" }, "geometry": { "type": "Polygon", "coordinates": [ [ [ -78.678668502438626, 35.774663264768535, 0.0 ], [ -78.678681469760903, 35.774664401324621, 0.0 ], [ -78.678676266176069, 35.774704952845333, 0.0 ], [ -78.678556695362659, 35.77469393385465, 0.0 ], [ -78.678554730374827, 35.774710793825086, 0.0 ], [ -78.678473759871068, 35.774705062070375, 0.0 ], [ -78.678470210266454, 35.774734905405701, 0.0 ], [ -78.678390151789628, 35.774728174603197, 0.0 ], [ -78.67839038514154, 35.77472372976225, 0.0 ], [ -78.678340473374206, 35.774719785268253, 0.0 ], [ -78.678345131235886, 35.774679942584292, 0.0 ], [ -78.677978850918123, 35.774653143080812, 0.0 ], [ -78.677987503338315, 35.774573739007643, 0.0 ], [ -78.677949685076186, 35.774570961120581, 0.0 ], [ -78.677957838017193, 35.77449867098251, 0.0 ], [ -78.677995411852365, 35.77450115978916, 0.0 ], [ -78.677997044305428, 35.774486175557662, 0.0 ], [ -78.678010159386019, 35.774487138615441, 0.0 ], [ -78.678012628041444, 35.774466033724423, 0.0 ], [ -78.678027330876148, 35.774467131672949, 0.0 ], [ -78.678026863319374, 35.774470945851085, 0.0 ], [ -78.678366196700836, 35.774495903816501, 0.0 ], [ -78.678370281970246, 35.774459584796112, 0.0 ], [ -78.678395024873652, 35.774461414064355, 0.0 ], [ -78.678395858439785, 35.774449550895618, 0.0 ], [ -78.678491365705355, 35.774456079106571, 0.0 ], [ -78.678490062308967, 35.774468441285009, 0.0 ], [ -78.678514296581369, 35.77447023313254, 0.0 ], [ -78.678508203586958, 35.774521100053043, 0.0 ], [ -78.678671131298273, 35.774533284442995, 0.0 ], [ -78.678671631880775, 35.774529780413992, 0.0 ], [ -78.678694429045592, 35.77453138546074, 0.0 ], [ -78.678689794362043, 35.774571842941242, 0.0 ], [ -78.67867889102061, 35.774568183544069, 0.0 ], [ -78.678668502438626, 35.774663264768535, 0.0 ] ] ] } },
{ "type": "Feature", "properties": { "OBJECTID": 7044, "BLDGNUM": "786A", "Precinct_N": "Centennial Campus", "story_group": "centennial" }, "geometry": { "type": "Polygon", "coordinates": [ [ [ -78.679867348910022, 35.76275737693468, 0.0 ], [ -78.67976695488376, 35.762831940655715, 0.0 ], [ -78.679750330205977, 35.76281707058547, 0.0 ], [ -78.679737348645091, 35.762826712478052, 0.0 ], [ -78.679750940640119, 35.762838868713722, 0.0 ], [ -78.679737827079578, 35.762864255998217, 0.0 ], [ -78.679709212832606, 35.762900370084957, 0.0 ], [ -78.679674378178049, 35.762927193782289, 0.0 ], [ -78.679639559229756, 35.762945017499391, 0.0 ], [ -78.679614665282017, 35.762953728494615, 0.0 ], [ -78.679588475669476, 35.762959532817682, 0.0 ], [ -78.679576176320126, 35.762948531894409, 0.0 ], [ -78.67956352303041, 35.762957929463724, 0.0 ], [ -78.679582959992572, 35.762975314521753, 0.0 ], [ -78.679482307001663, 35.763050069311298, 0.0 ], [ -78.679408650907163, 35.762984190247835, 0.0 ], [ -78.679382768619845, 35.763003412878852, 0.0 ], [ -78.679257240913174, 35.762891137015146, 0.0 ], [ -78.679281131141778, 35.762873393693361, 0.0 ], [ -78.679187991149377, 35.76279008599581, 0.0 ], [ -78.679287846605135, 35.762715923335101, 0.0 ], [ -78.679295463538509, 35.762722735989627, 0.0 ], [ -78.679308733504215, 35.762712883085079, 0.0 ], [ -78.679280997561804, 35.762688085933277, 0.0 ], [ -78.679330663259847, 35.762651245897715, 0.0 ], [ -78.679310504973415, 35.762633407320038, 0.0 ], [ -78.679295042557939, 35.762645081495101, 0.0 ], [ -78.679230012870931, 35.762587867203045, 0.0 ], [ -78.679322792845497, 35.76251781497453, 0.0 ], [ -78.679387704623394, 35.762574925252267, 0.0 ], [ -78.679371534549759, 35.762587134781015, 0.0 ], [ -78.679391736253208, 35.762604901354862, 0.0 ], [ -78.679441542439264, 35.762567188231884, 0.0 ], [ -78.679469010216081, 35.76259128609356, 0.0 ], [ -78.679481967007206, 35.762581474709229, 0.0 ], [ -78.679474491726651, 35.762574915719085, 0.0 ], [ -78.679573727906543, 35.762499775926244, 0.0 ], [ -78.679610121269562, 35.762531712872445, 0.0 ], [ -78.679634645164455, 35.762512528981333, 0.0 ], [ -78.679746609814714, 35.762610358873111, 0.0 ], [ -78.679721186685697, 35.762629578278414, 0.0 ], [ -78.679867348910022, 35.76275737693468, 0.0 ] ] ] } },
{ "type": "Feature", "properties": { "OBJECTID": 7047, "BLDGNUM": "712A", "Precinct_N": "Centennial Campus", "story_group": "centennial" }, "geometry": { "type": "Polygon", "coordinates": [ [ [ -78.677110937317906, 35.775306473014368, 0.0 ], [ -78.676708794089933, 35.775570736704353, 0.0 ], [ -78.676442694324706, 35.775300118358793, 0.0 ], [ -78.676844265531486, 35.775036613845629, 0.0 ], [ -78.677110937317906, 35.775306473014368, 0.0 ] ] ] } },
{ "type": "Feature", "properties": { "OBJECTID": 7048, "BLDGNUM": "710", "Precinct_N": "Centennial Campus", "story_group": "centennial" }, "geometry": { "type": "Polygon", "coordinates": [ [ [ -78.675750176639454, 35.775364396392199, 0.0 ], [ -78.675778892176353, 35.775406938109974, 0.0 ], [ -78.675808423779273, 35.775394064311996, 0.0 ], [ -78.67589581035412, 35.775520071171243, 0.0 ], [ -78.675801332997082, 35.775563747041851, 0.0 ], [ -78.675694995245095, 35.775410404008667, 0.0 ], [ -78.675625687893898, 35.775442418389126, 0.0 ], [ -78.675614845901919, 35.775427050350189, 0.0 ], [ -78.675582321496336, 35.775441790036822, 0.0 ], [ -78.675498260495161, 35.775319601811944, 0.0 ], [ -78.675462734517069, 35.775335101421206, 0.0 ], [ -78.675444977388935, 35.775309546817496, 0.0 ], [ -78.675480112192545, 35.775293676617821, 0.0 ], [ -78.675422543849692, 35.775210933469296, 0.0 ], [ -78.675419310633288, 35.775212634714826, 0.0 ], [ -78.675415467286456, 35.775208167299738, 0.0 ], [ -78.675450695564592, 35.775191871018812, 0.0 ], [ -78.6754369115516, 35.775172357027678, 0.0 ], [ -78.675573788488592, 35.775109098969764, 0.0 ], [ -78.675587809703202, 35.775128768609619, 0.0 ], [ -78.675638849310644, 35.775105244093723, 0.0 ], [ -78.675624753700532, 35.77508592037983, 0.0 ], [ -78.675761136298163, 35.775022847373457, 0.0 ], [ -78.675775184658065, 35.775041823025177, 0.0 ], [ -78.675826333558476, 35.775018598870702, 0.0 ], [ -78.675811892641704, 35.774998769503206, 0.0 ], [ -78.675948878390713, 35.774935812362216, 0.0 ], [ -78.675963135545089, 35.774955686292543, 0.0 ], [ -78.675982018385128, 35.774946256123634, 0.0 ], [ -78.675987417256124, 35.774962226177728, 0.0 ], [ -78.675992757936214, 35.774959586809324, 0.0 ], [ -78.67603145135061, 35.775006796062009, 0.0 ], [ -78.676074110505397, 35.774987319570783, 0.0 ], [ -78.676110363796525, 35.775039277830437, 0.0 ], [ -78.676072908990022, 35.775056458915302, 0.0 ], [ -78.676118590988295, 35.775110202579235, 0.0 ], [ -78.676113121220936, 35.775113036301313, 0.0 ], [ -78.676109783309457, 35.775109674405392, 0.0 ], [ -78.676079199675925, 35.775124008370376, 0.0 ], [ -78.676127182161068, 35.775193541681681, 0.0 ], [ -78.675991727939291, 35.775256241700802, 0.0 ], [ -78.675989817949585, 35.77525371013742, 0.0 ], [ -78.675803990169371, 35.775343128059681, 0.0 ], [ -78.675802144724784, 35.77534049931937, 0.0 ], [ -78.675750176639454, 35.775364396392199, 0.0 ] ] ] } },
{ "type": "Feature", "properties": { "OBJECTID": 7049, "BLDGNUM": "710A", "Precinct_N": "Centennial Campus", "story_group": "centennial" }, "geometry": { "type": "Polygon", "coordinates": [ [ [ -78.674893897671609, 35.775825876549831, 0.0 ], [ -78.674874492925184, 35.77575399801681, 0.0 ], [ -78.675036795363482, 35.775724901975735, 0.0 ], [ -78.675053004156283, 35.775776840415269, 0.0 ], [ -78.675090720732015, 35.775770078142983, 0.0 ], [ -78.675076294640093, 35.775717379217674, 0.0 ], [ -78.675237462825848, 35.775686174331256, 0.0 ], [ -78.675258398973483, 35.775757980274975, 0.0 ], [ -78.675096552101763, 35.775789316778273, 0.0 ], [ -78.675108273780438, 35.775827992501782, 0.0 ], [ -78.675068727527503, 35.775835081595652, 0.0 ], [ -78.675058285593522, 35.77579640567668, 0.0 ], [ -78.674893897671609, 35.775825876549831, 0.0 ] ] ] } },
{ "type": "Feature", "properties": { "OBJECTID": 7050, "BLDGNUM": "710B", "Precinct_N": "Centennial Campus", "story_group": "centennial" }, "geometry": { "type": "Polygon", "coordinates": [ [ [ -78.675077948455325, 35.775647098190738, 0.0 ], [ -78.675056931086345, 35.775574081483711, 0.0 ], [ -78.675218576686561, 35.775543184353921, 0.0 ], [ -78.675239593090936, 35.775616200129505, 0.0 ], [ -78.675077948455325, 35.775647098190738, 0.0 ] ] ] } },
{ "type": "Feature", "properties": { "OBJECTID": 7051, "BLDGNUM": "705A", "Precinct_N": "Centennial Campus", "story_group": "centennial" }, "geometry": { "type": "Polygon", "coordinates": [ [ [ -78.673926559239675, 35.775469724956928, 0.0 ], [ -78.674081294931455, 35.775478218747729, 0.0 ], [ -78.674058053641659, 35.775747939523974, 0.0 ], [ -78.673675092213784, 35.775726696970736, 0.0 ], [ -78.673679007395322, 35.775681805825862, 0.0 ], [ -78.673597256510519, 35.775677435188875, 0.0 ], [ -78.673601020711374, 35.775628031484842, 0.0 ], [ -78.67297735108113, 35.775592927750694, 0.0 ], [ -78.672991447534287, 35.775421467587456, 0.0 ], [ -78.673029618955951, 35.775423128484057, 0.0 ], [ -78.673030282255084, 35.775416097933878, 0.0 ], [ -78.673701898814031, 35.775454436795428, 0.0 ], [ -78.67370406204158, 35.775430913757305, 0.0 ], [ -78.673928196723537, 35.775442433767445, 0.0 ], [ -78.673926559239675, 35.775469724956928, 0.0 ] ] ] } },
{ "type": "Feature", "properties": { "OBJECTID": 7052, "BLDGNUM": "755A", "Precinct_N": "Centennial Campus", "story_group": "centennial" }, "geometry": { "type": "Polygon", "coordinates": [ [ [ -78.666939193787883, 35.772652913403292, 0.0 ], [ -78.666787676061134, 35.772729558203039, 0.0 ], [ -78.66677124571666, 35.772708138626641, 0.0 ], [ -78.666748698479495, 35.772720146931803, 0.0 ], [ -78.666693235505932, 35.772645504857024, 0.0 ], [ -78.666718881459801, 35.772631974546556, 0.0 ], [ -78.666700436024598, 35.772610272731839, 0.0 ], [ -78.666779393354375, 35.772572117345227, 0.0 ], [ -78.66680660472754, 35.772609238196786, 0.0 ], [ -78.666881201094995, 35.772573192595303, 0.0 ], [ -78.666939193787883, 35.772652913403292, 0.0 ] ] ] } },
{ "type": "Feature", "properties": { "OBJECTID": 7059, "BLDGNUM": "242E", "Precinct_N": "South Campus", "story_group": "main" }, "geometry": { "type": "Polygon", "coordinates": [ [ [ -78.685476165121827, 35.781498597581127, 0.0 ], [ -78.685401299811318, 35.781523614965955, 0.0 ], [ -78.685385948931938, 35.781493112479588, 0.0 ], [ -78.685460814218956, 35.781468095103961, 0.0 ], [ -78.685476165121827, 35.781498597581127, 0.0 ] ] ] } },
{ "type": "Feature", "properties": { "OBJECTID": 7060, "BLDGNUM": "825X", "Precinct_N": "Lake Wheeler", "story_group": "other" }, "geometry": { "type": "Polygon", "coordinates": [ [ [ -78.687895728383594, 35.719926771584021, 0.0 ], [ -78.687815570125963, 35.719965792551271, 0.0 ], [ -78.687740159852055, 35.719862775000642, 0.0 ], [ -78.68782031804399, 35.719823754081794, 0.0 ], [ -78.687895728383594, 35.719926771584021, 0.0 ] ] ] } },
{ "type": "Feature", "properties": { "OBJECTID": 7077, "BLDGNUM": "162C", "Precinct_N": "West Campus", "story_group": "vet" }, "geometry": { "type": "Polygon", "coordinates": [ [ [ -78.69963592327808, 35.789849529076761, 0.0 ], [ -78.699629879250935, 35.789923541615345, 0.0 ], [ -78.699539039999735, 35.789918618023663, 0.0 ], [ -78.699545083006697, 35.78984460458539, 0.0 ], [ -78.69963592327808, 35.789849529076761, 0.0 ] ] ] } },
{ "type": "Feature", "properties": { "OBJECTID": 7078, "BLDGNUM": "830B", "Precinct_N": "Lake Wheeler", "story_group": "other" }, "geometry": { "type": "Polygon", "coordinates": [ [ [ -78.698977748879955, 35.733903503664756, 0.0 ], [ -78.698973822201054, 35.733941833343671, 0.0 ], [ -78.698926812777131, 35.733938632649185, 0.0 ], [ -78.698930738372667, 35.733900302968998, 0.0 ], [ -78.698977748879955, 35.733903503664756, 0.0 ] ] ] } },
{ "type": "Feature", "properties": { "OBJECTID": 7083, "BLDGNUM": "057", "Precinct_N": "North Campus", "story_group": "main" }, "geometry": { "type": "Polygon", "coordinates": [ [ [ -78.671006759219509, 35.786884056604521, 0.0 ], [ -78.67038658188082, 35.786820331648514, 0.0 ], [ -78.670409798798957, 35.786670327483378, 0.0 ], [ -78.670337537389258, 35.78665098377224, 0.0 ], [ -78.6704630943876, 35.786339601760076, 0.0 ], [ -78.670819397024601, 35.786434982827942, 0.0 ], [ -78.670842947140287, 35.786376578809083, 0.0 ], [ -78.671175488119161, 35.786465597826783, 0.0 ], [ -78.671151938217704, 35.786524001908219, 0.0 ], [ -78.671172288208624, 35.786529449590496, 0.0 ], [ -78.671047100185504, 35.78683992294382, 0.0 ], [ -78.671026751231096, 35.786834475244177, 0.0 ], [ -78.671006759219509, 35.786884056604521, 0.0 ] ] ] } },
{ "type": "Feature", "properties": { "OBJECTID": 7085, "BLDGNUM": "913", "Precinct_N": "", "story_group": "other" }, "geometry": { "type": "Polygon", "coordinates": [ [ [ -78.741184394081287, 35.793070625052344, 0.0 ], [ -78.741143027323446, 35.793408597443452, 0.0 ], [ -78.741092871362781, 35.793404522265959, 0.0 ], [ -78.741082675524169, 35.793487829720192, 0.0 ], [ -78.741015445816188, 35.793482367115907, 0.0 ], [ -78.741005293085095, 35.793565313214977, 0.0 ], [ -78.740775770679321, 35.793546665774194, 0.0 ], [ -78.74081127475236, 35.793256600028386, 0.0 ], [ -78.740758963266785, 35.793252349773958, 0.0 ], [ -78.740684512724599, 35.793178966270737, 0.0 ], [ -78.740690017105493, 35.793137404456637, 0.0 ], [ -78.740334701465812, 35.79311002569311, 0.0 ], [ -78.7403566718326, 35.792920768010831, 0.0 ], [ -78.740457569528004, 35.792928542539173, 0.0 ], [ -78.740463879525123, 35.792874185183443, 0.0 ], [ -78.740565242813744, 35.792881994865603, 0.0 ], [ -78.740569999710061, 35.792841018235357, 0.0 ], [ -78.740985831888509, 35.792875462613281, 0.0 ], [ -78.740978872735894, 35.792931234624682, 0.0 ], [ -78.741038671456309, 35.792936188423383, 0.0 ], [ -78.74112010819762, 35.793017244367078, 0.0 ], [ -78.741114134982496, 35.793065369684335, 0.0 ], [ -78.741184394081287, 35.793070625052344, 0.0 ] ] ] } },
{ "type": "Feature", "properties": { "OBJECTID": 7090, "BLDGNUM": "325", "Precinct_N": "West Campus", "story_group": "vet" }, "geometry": { "type": "Polygon", "coordinates": [ [ [ -78.702759269684933, 35.799395707210962, 0.0 ], [ -78.70276013143247, 35.799558597086317, 0.0 ], [ -78.702533178887961, 35.799559393475583, 0.0 ], [ -78.702532317597516, 35.799396503598679, 0.0 ], [ -78.702759269684933, 35.799395707210962, 0.0 ] ] ] } },
{ "type": "Feature", "properties": { "OBJECTID": 7091, "BLDGNUM": "819T", "Precinct_N": "Lake Wheeler", "story_group": "other" }, "geometry": { "type": "Polygon", "coordinates": [ [ [ -78.677447526204489, 35.737960464570776, 0.0 ], [ -78.677447639914931, 35.738070357829528, 0.0 ], [ -78.677346548611013, 35.738070427995446, 0.0 ], [ -78.677346435037819, 35.737960534736608, 0.0 ], [ -78.677447526204489, 35.737960464570776, 0.0 ] ] ] } },
{ "type": "Feature", "properties": { "OBJECTID": 7092, "BLDGNUM": "158J", "Precinct_N": "Central Campus", "story_group": "main" }, "geometry": { "type": "Polygon", "coordinates": [ [ [ -78.679397820984335, 35.786536549930076, 0.0 ], [ -78.679151777900159, 35.786446470647327, 0.0 ], [ -78.679207056032439, 35.786346233272205, 0.0 ], [ -78.679453097767038, 35.786436312443399, 0.0 ], [ -78.679397820984335, 35.786536549930076, 0.0 ] ] ] } },
{ "type": "Feature", "properties": { "OBJECTID": 7109, "BLDGNUM": "444G", "Precinct_N": "West Campus", "story_group": "vet" }, "geometry": { "type": "Polygon", "coordinates": [ [ [ -78.699962376746171, 35.791727562524187, 0.0 ], [ -78.699970060444073, 35.791759929784348, 0.0 ], [ -78.699936954163874, 35.791765147259063, 0.0 ], [ -78.699929270482073, 35.791732779095547, 0.0 ], [ -78.699962376746171, 35.791727562524187, 0.0 ] ] ] } },
{ "type": "Feature", "properties": { "OBJECTID": 7110, "BLDGNUM": "891A", "Precinct_N": "", "story_group": "other" }, "geometry": { "type": "Polygon", "coordinates": [ [ [ -78.659326709791571, 35.731164779401666, 0.0 ], [ -78.65915018797034, 35.731162232929684, 0.0 ], [ -78.659152193595048, 35.731015674232644, 0.0 ], [ -78.658979817882368, 35.731014106282501, 0.0 ], [ -78.658981913222206, 35.730861019259883, 0.0 ], [ -78.659330822580912, 35.730864192686298, 0.0 ], [ -78.659326709791571, 35.731164779401666, 0.0 ] ] ] } },
{ "type": "Feature", "properties": { "OBJECTID": 7111, "BLDGNUM": "891B", "Precinct_N": "", "story_group": "other" }, "geometry": { "type": "Polygon", "coordinates": [ [ [ -78.659758850545018, 35.729881758230086, 0.0 ], [ -78.659762081599254, 35.730129004872907, 0.0 ], [ -78.659357777524932, 35.730132517236612, 0.0 ], [ -78.659354547705533, 35.729885270583345, 0.0 ], [ -78.659758850545018, 35.729881758230086, 0.0 ] ] ] } },
{ "type": "Feature", "properties": { "OBJECTID": 7127, "BLDGNUM": "914", "Precinct_N": "", "story_group": "other" }, "geometry": { "type": "Polygon", "coordinates": [ [ [ -78.741996501156763, 35.792098374391436, 0.0 ], [ -78.741804283349666, 35.792231237977163, 0.0 ], [ -78.741959740678908, 35.792382194321014, 0.0 ], [ -78.741715074414032, 35.792549446465593, 0.0 ], [ -78.741534576437346, 35.792374175255475, 0.0 ], [ -78.741505649270081, 35.792386509683773, 0.0 ], [ -78.741474613292041, 35.792394768032601, 0.0 ], [ -78.741442326712999, 35.792398721941176, 0.0 ], [ -78.741409682325056, 35.792398262075608, 0.0 ], [ -78.741377582814678, 35.79239340115214, 0.0 ], [ -78.741346915801046, 35.792384273585554, 0.0 ], [ -78.741318529291092, 35.792371131772299, 0.0 ], [ -78.741293208230061, 35.792354339111014, 0.0 ], [ -78.741067338852105, 35.79250191029017, 0.0 ], [ -78.740869256960835, 35.792300658267507, 0.0 ], [ -78.741069095903981, 35.792170094552745, 0.0 ], [ -78.740909471577865, 35.792007914588574, 0.0 ], [ -78.74115548216723, 35.791847183597703, 0.0 ], [ -78.741348976387158, 35.792043774517651, 0.0 ], [ -78.741557986250783, 35.792057904925109, 0.0 ], [ -78.741801148640917, 35.791898739437762, 0.0 ], [ -78.741996501156763, 35.792098374391436, 0.0 ] ] ] } },
{ "type": "Feature", "properties": { "OBJECTID": 7135, "BLDGNUM": "705C", "Precinct_N": "Centennial Campus", "story_group": "centennial" }, "geometry": { "type": "Polygon", "coordinates": [ [ [ -78.67403646488458, 35.775762598092484, 0.0 ], [ -78.674026162817583, 35.775866657473443, 0.0 ], [ -78.67394215334977, 35.775861133606909, 0.0 ], [ -78.67395245663019, 35.775757074235813, 0.0 ], [ -78.67403646488458, 35.775762598092484, 0.0 ] ] ] } },
{ "type": "Feature", "properties": { "OBJECTID": 7138, "BLDGNUM": "796F", "Precinct_N": "Centennial Campus", "story_group": "centennial" }, "geometry": { "type": "Polygon", "coordinates": [ [ [ -78.684681689625151, 35.769433328263503, 0.0 ], [ -78.684684395225247, 35.769370522809993, 0.0 ], [ -78.684679030693403, 35.769370369213583, 0.0 ], [ -78.684685124529267, 35.76925831549049, 0.0 ], [ -78.684900851661041, 35.769101092212331, 0.0 ], [ -78.685057714893375, 35.769108253525296, 0.0 ], [ -78.685057128708323, 35.769116780594914, 0.0 ], [ -78.6851350080006, 35.769120336763777, 0.0 ], [ -78.685127899937129, 35.769223754749284, 0.0 ], [ -78.68505278169259, 35.76922032469372, 0.0 ], [ -78.685052401869712, 35.76922584358632, 0.0 ], [ -78.684951100829835, 35.769221218175787, 0.0 ], [ -78.684925752064913, 35.769239303118368, 0.0 ], [ -78.684970889488596, 35.769281323682065, 0.0 ], [ -78.684894731097373, 35.769335659336811, 0.0 ], [ -78.684850592084388, 35.769294567917797, 0.0 ], [ -78.684826671748482, 35.769311634402968, 0.0 ], [ -78.684823661023231, 35.769381533605937, 0.0 ], [ -78.684813892950103, 35.769381254149572, 0.0 ], [ -78.684811490182184, 35.769437041567819, 0.0 ], [ -78.684681689625151, 35.769433328263503, 0.0 ] ] ] } },
{ "type": "Feature", "properties": { "OBJECTID": 7154, "BLDGNUM": "449F", "Precinct_N": "West Campus", "story_group": "vet" }, "geometry": { "type": "Polygon", "coordinates": [ [ [ -78.696821500576306, 35.793444986036143, 0.0 ], [ -78.696619422619094, 35.793404256078986, 0.0 ], [ -78.696621615867684, 35.793397034566048, 0.0 ], [ -78.696586597679612, 35.793389977278629, 0.0 ], [ -78.696584405537806, 35.793397197892403, 0.0 ], [ -78.696500167125421, 35.79338021949463, 0.0 ], [ -78.696556449195455, 35.79319487034001, 0.0 ], [ -78.696877781951642, 35.793259637638457, 0.0 ], [ -78.696821500576306, 35.793444986036143, 0.0 ] ] ] } },
{ "type": "Feature", "properties": { "OBJECTID": 7159, "BLDGNUM": "441A", "Precinct_N": "West Campus", "story_group": "vet" }, "geometry": { "type": "Polygon", "coordinates": [ [ [ -78.697365281569944, 35.790749370358711, 0.0 ], [ -78.697324827012125, 35.790750026997571, 0.0 ], [ -78.697324154302549, 35.790722559557004, 0.0 ], [ -78.697364609952885, 35.790721902921128, 0.0 ], [ -78.697365281569944, 35.790749370358711, 0.0 ] ] ] } },
{ "type": "Feature", "properties": { "OBJECTID": 7160, "BLDGNUM": "158K", "Precinct_N": "Central Campus", "story_group": "main" }, "geometry": { "type": "Polygon", "coordinates": [ [ [ -78.680424920480448, 35.787281797147649, 0.0 ], [ -78.680400097439417, 35.787326401839977, 0.0 ], [ -78.68039264297677, 35.7873243353283, 0.0 ], [ -78.680382275707558, 35.787349169957906, 0.0 ], [ -78.680350392563, 35.787340333341589, 0.0 ], [ -78.680334644507582, 35.787378060222814, 0.0 ], [ -78.680315790162837, 35.787374917332663, 0.0 ], [ -78.680270129695231, 35.787358046901176, 0.0 ], [ -78.680282522313391, 35.787335780122639, 0.0 ], [ -78.680259064668121, 35.7873271134129, 0.0 ], [ -78.68025746733818, 35.787292396583737, 0.0 ], [ -78.680254853584984, 35.787292608751279, 0.0 ], [ -78.68022974789163, 35.787086897157359, 0.0 ], [ -78.680259185720885, 35.787034000505862, 0.0 ], [ -78.680220288998143, 35.787019629209524, 0.0 ], [ -78.680337170957131, 35.786809611325744, 0.0 ], [ -78.680597068344625, 35.786905637349491, 0.0 ], [ -78.680452388016576, 35.787163389060929, 0.0 ], [ -78.680471470979029, 35.787167734925468, 0.0 ], [ -78.680454638378976, 35.787187675422601, 0.0 ], [ -78.680443315972866, 35.787213196181689, 0.0 ], [ -78.68047493561545, 35.787224878533856, 0.0 ], [ -78.680440131056486, 35.787287417277483, 0.0 ], [ -78.680424920480448, 35.787281797147649, 0.0 ] ] ] } },
{ "type": "Feature", "properties": { "OBJECTID": 7180, "BLDGNUM": "314A", "Precinct_N": "West Campus", "story_group": "vet" }, "geometry": { "type": "Polygon", "coordinates": [ [ [ -78.701777363101826, 35.800168074315891, 0.0 ], [ -78.701733523576664, 35.800168193253462, 0.0 ], [ -78.701733411363108, 35.800140720989624, 0.0 ], [ -78.701777250873363, 35.800140602052039, 0.0 ], [ -78.701777363101826, 35.800168074315891, 0.0 ] ] ] } },
{ "type": "Feature", "properties": { "OBJECTID": 7181, "BLDGNUM": "314B", "Precinct_N": "West Campus", "story_group": "vet" }, "geometry": { "type": "Polygon", "coordinates": [ [ [ -78.701733523576664, 35.800168193253462, 0.0 ], [ -78.701686311696108, 35.800168321044929, 0.0 ], [ -78.701686199498639, 35.800140848781034, 0.0 ], [ -78.701733411363108, 35.800140720989624, 0.0 ], [ -78.701733523576664, 35.800168193253462, 0.0 ] ] ] } },
{ "type": "Feature", "properties": { "OBJECTID": 7182, "BLDGNUM": "915", "Precinct_N": "", "story_group": "other" }, "geometry": { "type": "Polygon", "coordinates": [ [ [ -78.681599748462446, 35.79232324232764, 0.0 ], [ -78.681539309838769, 35.792445572577826, 0.0 ], [ -78.681188966052503, 35.79233067416132, 0.0 ], [ -78.681249406230037, 35.792208343181819, 0.0 ], [ -78.681599748462446, 35.79232324232764, 0.0 ] ] ] } },
{ "type": "Feature", "properties": { "OBJECTID": 7183, "BLDGNUM": "773B", "Precinct_N": "Centennial Campus", "story_group": "centennial" }, "geometry": { "type": "Polygon", "coordinates": [ [ [ -78.677059811706343, 35.771457129553035, 0.0 ], [ -78.676928964695463, 35.771430570402487, 0.0 ], [ -78.676935483537548, 35.771409243705378, 0.0 ], [ -78.677066330516084, 35.771435802849119, 0.0 ], [ -78.677059811706343, 35.771457129553035, 0.0 ] ] ] } },
{ "type": "Feature", "properties": { "OBJECTID": 7184, "BLDGNUM": "773R", "Precinct_N": "Centennial Campus", "story_group": "centennial" }, "geometry": { "type": "Polygon", "coordinates": [ [ [ -78.677099038811349, 35.771559624286041, 0.0 ], [ -78.677075635083938, 35.771570545202756, 0.0 ], [ -78.677042132904148, 35.771522863260593, 0.0 ], [ -78.677065536625932, 35.771511941448786, 0.0 ], [ -78.677099038811349, 35.771559624286041, 0.0 ] ] ] } },
{ "type": "Feature", "properties": { "OBJECTID": 7185, "BLDGNUM": "773G", "Precinct_N": "Centennial Campus", "story_group": "centennial" }, "geometry": { "type": "Polygon", "coordinates": [ [ [ -78.676904555563823, 35.771660284302818, 0.0 ], [ -78.676882175015592, 35.771672547303247, 0.0 ], [ -78.676844555732529, 35.771626950027311, 0.0 ], [ -78.67686693627742, 35.771614686132281, 0.0 ], [ -78.676904555563823, 35.771660284302818, 0.0 ] ] ] } },
{ "type": "Feature", "properties": { "OBJECTID": 7186, "BLDGNUM": "773Y", "Precinct_N": "Centennial Campus", "story_group": "centennial" }, "geometry": { "type": "Polygon", "coordinates": [ [ [ -78.677122128113751, 35.771774913616909, 0.0 ], [ -78.676989964229548, 35.771753108374362, 0.0 ], [ -78.676995317088029, 35.771731567668297, 0.0 ], [ -78.677127480938481, 35.771753372905188, 0.0 ], [ -78.677122128113751, 35.771774913616909, 0.0 ] ] ] } },
{ "type": "Feature", "properties": { "OBJECTID": 7187, "BLDGNUM": "773T", "Precinct_N": "Centennial Campus", "story_group": "centennial" }, "geometry": { "type": "Polygon", "coordinates": [ [ [ -78.677245435873019, 35.771741628132595, 0.0 ], [ -78.677272946970007, 35.771634047302449, 0.0 ], [ -78.677299348476637, 35.771638532064031, 0.0 ], [ -78.677271837413187, 35.771746112899962, 0.0 ], [ -78.677245435873019, 35.771741628132595, 0.0 ] ] ] } }
]
}
