site_id,property_name,category_id,category_name,amenity_id,amenity_name
"kele8mc","Lofts at Lakeview","Lease Information","Lease Information","16","12 month lease"
"kele8mc","Lofts at Lakeview","Lease Information","Lease Information","17","9 month lease"
"kele8mc","Lofts at Lakeview","Lease Information","Lease Information","18","Flexible/Other lease"
"kele8mc","Lofts at Lakeview","Unit Features","Unit Features","1","Air Conditioning"
"kele8mc","Lofts at Lakeview","Unit Features","Unit Features","20","Carpet"
"kele8mc","Lofts at Lakeview","Unit Features","Unit Features","15","Disability Accessible"
"kele8mc","Lofts at Lakeview","Unit Features","Unit Features","26","Dishwasher"
"kele8mc","Lofts at Lakeview","Unit Features","Unit Features","82","Garbage Disposal"
"kele8mc","Lofts at Lakeview","Unit Features","Unit Features","21","Hardwood Floors"
"kele8mc","Lofts at Lakeview","Unit Features","Unit Features","303","High-Speed Internet Available"
"kele8mc","Lofts at Lakeview","Unit Features","Unit Features","468","Loft"
"kele8mc","Lofts at Lakeview","Unit Features","Unit Features","6","Patio, Balcony, Porch or Deck"
"kele8mc","Lofts at Lakeview","Community Features","Community Features","265","Clubhouse"
"kele8mc","Lofts at Lakeview","Community Features","Community Features","81","Elevator"
"kele8mc","Lofts at Lakeview","Community Features","Community Features","45","Fitness Room"
"kele8mc","Lofts at Lakeview","Community Features","Community Features","43","International Student Friendly"
"kele8mc","Lofts at Lakeview","Community Features","Community Features","10","Pool"
"kele8mc","Lofts at Lakeview","Community Features","Community Features","103","Walk to campus"
"kele8mc","Lofts at Lakeview","Security","Security","120","Courtesy Officer/Patrol"
"kele8mc","Lofts at Lakeview","Security","Security","96","Gated Community"
"kele8mc","Lofts at Lakeview","Security","Security","25","Security System"
"kele8mc","Lofts at Lakeview","Security","Security","98","Video Surveillance"
"kele8mc","Lofts at Lakeview","Laundry","Laundry","9","Washer/Dryer in Unit"
"kele8mc","Lofts at Lakeview","Convenient For","Convenient For","981","Undergraduates"
"kele8mc","Lofts at Lakeview","Convenient For","Convenient For","982","Graduate Students"
"kele8mc","Lofts at Lakeview","Convenient For","Convenient For","983","Faculty/Staff"
"kele8mc","Lofts at Lakeview","Unique Features","Unique Features","","10 & 11-foot ceilings throughout"
"kele8mc","Lofts at Lakeview","Unique Features","Unique Features","","24-Hour fitness center"
"kele8mc","Lofts at Lakeview","Unique Features","Unique Features","","30-day Money Back Guarantee"
"kele8mc","Lofts at Lakeview","Unique Features","Unique Features","","Air Conditioner"
"kele8mc","Lofts at Lakeview","Unique Features","Unique Features","","BBQ/Picnic Area"
"kele8mc","Lofts at Lakeview","Unique Features","Unique Features","","Bike Racks"
"kele8mc","Lofts at Lakeview","Unique Features","Unique Features","","Built-in wine racks"
"kele8mc","Lofts at Lakeview","Unique Features","Unique Features","","Carpeting"
"kele8mc","Lofts at Lakeview","Unique Features","Unique Features","","Ceiling Fan"
"kele8mc","Lofts at Lakeview","Unique Features","Unique Features","","Ceramic-tile showers with frameless glass doors"
"kele8mc","Lofts at Lakeview","Unique Features","Unique Features","","Co-working space"
"kele8mc","Lofts at Lakeview","Unique Features","Unique Features","","Controlled-access parking garage"
"kele8mc","Lofts at Lakeview","Unique Features","Unique Features","","Designer kitchens"
"kele8mc","Lofts at Lakeview","Unique Features","Unique Features","","Efficient Appliances"
"kele8mc","Lofts at Lakeview","Unique Features","Unique Features","","Electronic Thermostat"
"kele8mc","Lofts at Lakeview","Unique Features","Unique Features","","EV charging stations"
"kele8mc","Lofts at Lakeview","Unique Features","Unique Features","","Extra Storage"
"kele8mc","Lofts at Lakeview","Unique Features","Unique Features","","Firepit lounge"
"kele8mc","Lofts at Lakeview","Unique Features","Unique Features","","Full-sized washer/dryer"
"kele8mc","Lofts at Lakeview","Unique Features","Unique Features","","Large Closets"
"kele8mc","Lofts at Lakeview","Unique Features","Unique Features","","Loft-style floor plans"
"kele8mc","Lofts at Lakeview","Unique Features","Unique Features","","Luxury hardwood & slate flooring"
"kele8mc","Lofts at Lakeview","Unique Features","Unique Features","","Patio/Balcony"
"kele8mc","Lofts at Lakeview","Unique Features","Unique Features","","Poolside grills"
"kele8mc","Lofts at Lakeview","Unique Features","Unique Features","","Private movie theater"
"kele8mc","Lofts at Lakeview","Unique Features","Unique Features","","Resident coffee & tea bar"
"kele8mc","Lofts at Lakeview","Unique Features","Unique Features","","Smart parcel locker system"
"kele8mc","Lofts at Lakeview","Unique Features","Unique Features","","Spacious walk-in closets"
"kele8mc","Lofts at Lakeview","Unique Features","Unique Features","","Spin studio"
"kele8mc","Lofts at Lakeview","Unique Features","Unique Features","","Two resort-style swimming pools"
"kele8mc","Lofts at Lakeview","Unique Features","Unique Features","","Wheelchair Access"
"ocpet5b7hm","Modern/High Ceilings 2bed/2 bath","Lease Information","Lease Information","16","12 month lease"
"ocpet5b7hm","Modern/High Ceilings 2bed/2 bath","Lease Information","Lease Information","102","Academic Year"
"ocpet5b7hm","Modern/High Ceilings 2bed/2 bath","Lease Information","Lease Information","18","Flexible/Other lease"
"ocpet5b7hm","Modern/High Ceilings 2bed/2 bath","Lease Information","Lease Information","87","Semester"
"ocpet5b7hm","Modern/High Ceilings 2bed/2 bath","Lease Information","Lease Information","42","Short-Term lease"
"ocpet5b7hm","Modern/High Ceilings 2bed/2 bath","Unit Features","Unit Features","1","Air Conditioning"
"ocpet5b7hm","Modern/High Ceilings 2bed/2 bath","Unit Features","Unit Features","20","Carpet"
"ocpet5b7hm","Modern/High Ceilings 2bed/2 bath","Unit Features","Unit Features","15","Disability Accessible"
"ocpet5b7hm","Modern/High Ceilings 2bed/2 bath","Unit Features","Unit Features","26","Dishwasher"
"ocpet5b7hm","Modern/High Ceilings 2bed/2 bath","Unit Features","Unit Features","7","Furnished"
"ocpet5b7hm","Modern/High Ceilings 2bed/2 bath","Unit Features","Unit Features","82","Garbage Disposal"
"ocpet5b7hm","Modern/High Ceilings 2bed/2 bath","Unit Features","Unit Features","303","High-Speed Internet Available"
"ocpet5b7hm","Modern/High Ceilings 2bed/2 bath","Unit Features","Unit Features","6","Patio, Balcony, Porch or Deck"
"ocpet5b7hm","Modern/High Ceilings 2bed/2 bath","Unit Features","Unit Features","41","Smoke-Free"
"ocpet5b7hm","Modern/High Ceilings 2bed/2 bath","Security","Security","95","Dead-Bolt Locks"
"ocpet5b7hm","Modern/High Ceilings 2bed/2 bath","Security","Security","99","Exterior Lighting"
"ocpet5b7hm","Modern/High Ceilings 2bed/2 bath","Security","Security","25","Security System"
"ocpet5b7hm","Modern/High Ceilings 2bed/2 bath","Security","Security","98","Video Surveillance"
"ocpet5b7hm","Modern/High Ceilings 2bed/2 bath","Community Features","Community Features","81","Elevator"
"ocpet5b7hm","Modern/High Ceilings 2bed/2 bath","Community Features","Community Features","46","Individual Leases"
"ocpet5b7hm","Modern/High Ceilings 2bed/2 bath","Community Features","Community Features","43","International Student Friendly"
"ocpet5b7hm","Modern/High Ceilings 2bed/2 bath","Community Features","Community Features","19","Near Bus Stop"
"ocpet5b7hm","Modern/High Ceilings 2bed/2 bath","Community Features","Community Features","103","Walk to campus"
"ocpet5b7hm","Modern/High Ceilings 2bed/2 bath","Laundry","Laundry","104","Laundry Access"
"ocpet5b7hm","Modern/High Ceilings 2bed/2 bath","Laundry","Laundry","9","Washer/Dryer in Unit"
"ocpet5b7hm","Modern/High Ceilings 2bed/2 bath","Convenient For","Convenient For","981","Undergraduates"
"ocpet5b7hm","Modern/High Ceilings 2bed/2 bath","Convenient For","Convenient For","982","Graduate Students"
"59xvx3n","Aventura RTP","Lease Information","Lease Information","16","12 month lease"
"59xvx3n","Aventura RTP","Lease Information","Lease Information","17","9 month lease"
"59xvx3n","Aventura RTP","Lease Information","Lease Information","18","Flexible/Other lease"
"59xvx3n","Aventura RTP","Lease Information","Lease Information","42","Short-Term lease"
"59xvx3n","Aventura RTP","Unit Features","Unit Features","1","Air Conditioning"
"59xvx3n","Aventura RTP","Unit Features","Unit Features","20","Carpet"
"59xvx3n","Aventura RTP","Unit Features","Unit Features","26","Dishwasher"
"59xvx3n","Aventura RTP","Unit Features","Unit Features","80","Extra Storage"
"59xvx3n","Aventura RTP","Unit Features","Unit Features","8","Fireplace"
"59xvx3n","Aventura RTP","Unit Features","Unit Features","82","Garbage Disposal"
"59xvx3n","Aventura RTP","Unit Features","Unit Features","21","Hardwood Floors"
"59xvx3n","Aventura RTP","Unit Features","Unit Features","303","High-Speed Internet Available"
"59xvx3n","Aventura RTP","Unit Features","Unit Features","6","Patio, Balcony, Porch or Deck"
"59xvx3n","Aventura RTP","Unit Features","Unit Features","41","Smoke-Free"
"59xvx3n","Aventura RTP","Community Features","Community Features","265","Clubhouse"
"59xvx3n","Aventura RTP","Community Features","Community Features","45","Fitness Room"
"59xvx3n","Aventura RTP","Community Features","Community Features","10","Pool"
"59xvx3n","Aventura RTP","Community Features","Community Features","11","Tennis Court"
"59xvx3n","Aventura RTP","Laundry","Laundry","9","Washer/Dryer in Unit"
"59xvx3n","Aventura RTP","Convenient For","Convenient For","981","Undergraduates"
"59xvx3n","Aventura RTP","Convenient For","Convenient For","982","Graduate Students"
"59xvx3n","Aventura RTP","Convenient For","Convenient For","983","Faculty/Staff"
"59xvx3n","Aventura RTP","Unique Features","Unique Features","","*in select homes"
"59xvx3n","Aventura RTP","Unique Features","Unique Features","","24 Hour Fitness Center"
"59xvx3n","Aventura RTP","Unique Features","Unique Features","","9' High Ceilings"
"59xvx3n","Aventura RTP","Unique Features","Unique Features","","Attached Garage*"
"59xvx3n","Aventura RTP","Unique Features","Unique Features","","Balcony, Patio, & Sunroom Options"
"59xvx3n","Aventura RTP","Unique Features","Unique Features","","Bark Park"
"59xvx3n","Aventura RTP","Unique Features","Unique Features","","BBQ Grill"
"59xvx3n","Aventura RTP","Unique Features","Unique Features","","Carports"
"59xvx3n","Aventura RTP","Unique Features","Unique Features","","Club House with Rentable Space"
"59xvx3n","Aventura RTP","Unique Features","Unique Features","","Convenient Valet Trash"
"59xvx3n","Aventura RTP","Unique Features","Unique Features","","Corporate Housing Available"
"59xvx3n","Aventura RTP","Unique Features","Unique Features","","Designer Quartz Countertops*"
"59xvx3n","Aventura RTP","Unique Features","Unique Features","","Detached Garages"
"59xvx3n","Aventura RTP","Unique Features","Unique Features","","Gas Fireplace"
"59xvx3n","Aventura RTP","Unique Features","Unique Features","","Gas Stoves"
"59xvx3n","Aventura RTP","Unique Features","Unique Features","","Hardwood Flooring *"
"59xvx3n","Aventura RTP","Unique Features","Unique Features","","Indoor Heated Pool"
"59xvx3n","Aventura RTP","Unique Features","Unique Features","","Internet & Cable Package"
"59xvx3n","Aventura RTP","Unique Features","Unique Features","","Microwave*"
"59xvx3n","Aventura RTP","Unique Features","Unique Features","","Monthly Community Events"
"59xvx3n","Aventura RTP","Unique Features","Unique Features","","On-site Maintenance"
"59xvx3n","Aventura RTP","Unique Features","Unique Features","","Online Rent Payment Portal"
"59xvx3n","Aventura RTP","Unique Features","Unique Features","","Remote Working Space"
"59xvx3n","Aventura RTP","Unique Features","Unique Features","","Renovated Apartment Homes Now Available*"
"59xvx3n","Aventura RTP","Unique Features","Unique Features","","Stainless Steel Appliances *"
"59xvx3n","Aventura RTP","Unique Features","Unique Features","","Storage"
"59xvx3n","Aventura RTP","Unique Features","Unique Features","","Subway Tile Backsplash"
"59xvx3n","Aventura RTP","Unique Features","Unique Features","","Upgraded Lighting Package"
"59xvx3n","Aventura RTP","Unique Features","Unique Features","","Upgraded Shaker-style Cabinetry*"
"59xvx3n","Aventura RTP","Unique Features","Unique Features","","Walk-in Closet"
"ocpvcjy8we","Rare 4 bedroom 4 full bath only $2200. per month","Unit Features","Unit Features","1","Air Conditioning"
"ocpvcjy8we","Rare 4 bedroom 4 full bath only $2200. per month","Unit Features","Unit Features","26","Dishwasher"
"ocpvcjy8we","Rare 4 bedroom 4 full bath only $2200. per month","Unit Features","Unit Features","21","Hardwood Floors"
"ocpvcjy8we","Rare 4 bedroom 4 full bath only $2200. per month","Unit Features","Unit Features","41","Smoke-Free"
"ocpvcjy8we","Rare 4 bedroom 4 full bath only $2200. per month","Community Features","Community Features","10","Pool"
"ocpvcjy8we","Rare 4 bedroom 4 full bath only $2200. per month","Laundry","Laundry","9","Washer/Dryer in Unit"
"ocpvcjy8we","Rare 4 bedroom 4 full bath only $2200. per month","Convenient For","Convenient For","981","Undergraduates"
"ocpvcjy8we","Rare 4 bedroom 4 full bath only $2200. per month","Convenient For","Convenient For","982","Graduate Students"
"ocpvcjy8we","Rare 4 bedroom 4 full bath only $2200. per month","Convenient For","Convenient For","983","Faculty/Staff"
"7e6kx1w","Centennial Ridge Student Housing","Unit Features","Unit Features","1","Air Conditioning"
"7e6kx1w","Centennial Ridge Student Housing","Unit Features","Unit Features","20","Carpet"
"7e6kx1w","Centennial Ridge Student Housing","Unit Features","Unit Features","15","Disability Accessible"
"7e6kx1w","Centennial Ridge Student Housing","Unit Features","Unit Features","26","Dishwasher"
"7e6kx1w","Centennial Ridge Student Housing","Unit Features","Unit Features","82","Garbage Disposal"
"7e6kx1w","Centennial Ridge Student Housing","Unit Features","Unit Features","303","High-Speed Internet Available"
"7e6kx1w","Centennial Ridge Student Housing","Unit Features","Unit Features","41","Smoke-Free"
"7e6kx1w","Centennial Ridge Student Housing","Community Features","Community Features","265","Clubhouse"
"7e6kx1w","Centennial Ridge Student Housing","Community Features","Community Features","45","Fitness Room"
"7e6kx1w","Centennial Ridge Student Housing","Community Features","Community Features","46","Individual Leases"
"7e6kx1w","Centennial Ridge Student Housing","Community Features","Community Features","44","Roommate Matching"
"7e6kx1w","Centennial Ridge Student Housing","Lease Information","Lease Information","18","Flexible/Other lease"
"7e6kx1w","Centennial Ridge Student Housing","Laundry","Laundry","104","Laundry Access"
"7e6kx1w","Centennial Ridge Student Housing","Laundry","Laundry","12","Laundry Room in Community"
"7e6kx1w","Centennial Ridge Student Housing","Laundry","Laundry","9","Washer/Dryer in Unit"
"7e6kx1w","Centennial Ridge Student Housing","Convenient For","Convenient For","981","Undergraduates"
"7e6kx1w","Centennial Ridge Student Housing","Convenient For","Convenient For","982","Graduate Students"
"7e6kx1w","Centennial Ridge Student Housing","Convenient For","Convenient For","983","Faculty/Staff"
"7e6kx1w","Centennial Ridge Student Housing","Unique Features","Unique Features","","Complimentary Coffee Bar"
"7e6kx1w","Centennial Ridge Student Housing","Unique Features","Unique Features","","Dishwasher"
"7e6kx1w","Centennial Ridge Student Housing","Unique Features","Unique Features","","Largest Bedrooms in Raleigh"
"7e6kx1w","Centennial Ridge Student Housing","Unique Features","Unique Features","","Luxer One Parcel Locker"
"7e6kx1w","Centennial Ridge Student Housing","Unique Features","Unique Features","","Minutes from NCSU and Wake Tech"
"7e6kx1w","Centennial Ridge Student Housing","Unique Features","Unique Features","","On Wolfline Bus Route"
"7e6kx1w","Centennial Ridge Student Housing","Unique Features","Unique Features","","Outdoor Lounge"
"7e6kx1w","Centennial Ridge Student Housing","Unique Features","Unique Features","","Walk-In Closet"
"7e6kx1w","Centennial Ridge Student Housing","Unique Features","Unique Features","","Washer and Dryer"
"ocpw46rjcl","Brand New Luxury Furnished Townhome | 4 Bed /  3.5 Bath | 5 Min to NC State & 3 Mins to Fenton +shop","Unit Features","Unit Features","1","Air Conditioning"
"ocpw46rjcl","Brand New Luxury Furnished Townhome | 4 Bed /  3.5 Bath | 5 Min to NC State & 3 Mins to Fenton +shop","Unit Features","Unit Features","20","Carpet"
"ocpw46rjcl","Brand New Luxury Furnished Townhome | 4 Bed /  3.5 Bath | 5 Min to NC State & 3 Mins to Fenton +shop","Unit Features","Unit Features","26","Dishwasher"
"ocpw46rjcl","Brand New Luxury Furnished Townhome | 4 Bed /  3.5 Bath | 5 Min to NC State & 3 Mins to Fenton +shop","Unit Features","Unit Features","80","Extra Storage"
"ocpw46rjcl","Brand New Luxury Furnished Townhome | 4 Bed /  3.5 Bath | 5 Min to NC State & 3 Mins to Fenton +shop","Unit Features","Unit Features","8","Fireplace"
"ocpw46rjcl","Brand New Luxury Furnished Townhome | 4 Bed /  3.5 Bath | 5 Min to NC State & 3 Mins to Fenton +shop","Unit Features","Unit Features","7","Furnished"
"ocpw46rjcl","Brand New Luxury Furnished Townhome | 4 Bed /  3.5 Bath | 5 Min to NC State & 3 Mins to Fenton +shop","Unit Features","Unit Features","82","Garbage Disposal"
"ocpw46rjcl","Brand New Luxury Furnished Townhome | 4 Bed /  3.5 Bath | 5 Min to NC State & 3 Mins to Fenton +shop","Unit Features","Unit Features","83","Garden/Yard"
"ocpw46rjcl","Brand New Luxury Furnished Townhome | 4 Bed /  3.5 Bath | 5 Min to NC State & 3 Mins to Fenton +shop","Unit Features","Unit Features","21","Hardwood Floors"
"ocpw46rjcl","Brand New Luxury Furnished Townhome | 4 Bed /  3.5 Bath | 5 Min to NC State & 3 Mins to Fenton +shop","Unit Features","Unit Features","303","High-Speed Internet Available"
"ocpw46rjcl","Brand New Luxury Furnished Townhome | 4 Bed /  3.5 Bath | 5 Min to NC State & 3 Mins to Fenton +shop","Unit Features","Unit Features","468","Loft"
"ocpw46rjcl","Brand New Luxury Furnished Townhome | 4 Bed /  3.5 Bath | 5 Min to NC State & 3 Mins to Fenton +shop","Unit Features","Unit Features","71","Outdoor Space"
"ocpw46rjcl","Brand New Luxury Furnished Townhome | 4 Bed /  3.5 Bath | 5 Min to NC State & 3 Mins to Fenton +shop","Unit Features","Unit Features","6","Patio, Balcony, Porch or Deck"
"ocpw46rjcl","Brand New Luxury Furnished Townhome | 4 Bed /  3.5 Bath | 5 Min to NC State & 3 Mins to Fenton +shop","Unit Features","Unit Features","41","Smoke-Free"
"ocpw46rjcl","Brand New Luxury Furnished Townhome | 4 Bed /  3.5 Bath | 5 Min to NC State & 3 Mins to Fenton +shop","Security","Security","95","Dead-Bolt Locks"
"ocpw46rjcl","Brand New Luxury Furnished Townhome | 4 Bed /  3.5 Bath | 5 Min to NC State & 3 Mins to Fenton +shop","Security","Security","99","Exterior Lighting"
"ocpw46rjcl","Brand New Luxury Furnished Townhome | 4 Bed /  3.5 Bath | 5 Min to NC State & 3 Mins to Fenton +shop","Security","Security","25","Security System"
"ocpw46rjcl","Brand New Luxury Furnished Townhome | 4 Bed /  3.5 Bath | 5 Min to NC State & 3 Mins to Fenton +shop","Community Features","Community Features","45","Fitness Room"
"ocpw46rjcl","Brand New Luxury Furnished Townhome | 4 Bed /  3.5 Bath | 5 Min to NC State & 3 Mins to Fenton +shop","Community Features","Community Features","46","Individual Leases"
"ocpw46rjcl","Brand New Luxury Furnished Townhome | 4 Bed /  3.5 Bath | 5 Min to NC State & 3 Mins to Fenton +shop","Community Features","Community Features","43","International Student Friendly"
"ocpw46rjcl","Brand New Luxury Furnished Townhome | 4 Bed /  3.5 Bath | 5 Min to NC State & 3 Mins to Fenton +shop","Laundry","Laundry","9","Washer/Dryer in Unit"
"ocpw46rjcl","Brand New Luxury Furnished Townhome | 4 Bed /  3.5 Bath | 5 Min to NC State & 3 Mins to Fenton +shop","Convenient For","Convenient For","981","Undergraduates"
"mc0h4yh","The Reserve at Patterson Place","Lease Information","Lease Information","16","12 month lease"
"mc0h4yh","The Reserve at Patterson Place","Lease Information","Lease Information","17","9 month lease"
"mc0h4yh","The Reserve at Patterson Place","Lease Information","Lease Information","18","Flexible/Other lease"
"mc0h4yh","The Reserve at Patterson Place","Lease Information","Lease Information","42","Short-Term lease"
"mc0h4yh","The Reserve at Patterson Place","Unit Features","Unit Features","1","Air Conditioning"
"mc0h4yh","The Reserve at Patterson Place","Unit Features","Unit Features","20","Carpet"
"mc0h4yh","The Reserve at Patterson Place","Unit Features","Unit Features","26","Dishwasher"
"mc0h4yh","The Reserve at Patterson Place","Unit Features","Unit Features","80","Extra Storage"
"mc0h4yh","The Reserve at Patterson Place","Unit Features","Unit Features","82","Garbage Disposal"
"mc0h4yh","The Reserve at Patterson Place","Unit Features","Unit Features","21","Hardwood Floors"
"mc0h4yh","The Reserve at Patterson Place","Unit Features","Unit Features","303","High-Speed Internet Available"
"mc0h4yh","The Reserve at Patterson Place","Unit Features","Unit Features","6","Patio, Balcony, Porch or Deck"
"mc0h4yh","The Reserve at Patterson Place","Unit Features","Unit Features","41","Smoke-Free"
"mc0h4yh","The Reserve at Patterson Place","Community Features","Community Features","265","Clubhouse"
"mc0h4yh","The Reserve at Patterson Place","Community Features","Community Features","81","Elevator"
"mc0h4yh","The Reserve at Patterson Place","Community Features","Community Features","45","Fitness Room"
"mc0h4yh","The Reserve at Patterson Place","Community Features","Community Features","10","Pool"
"mc0h4yh","The Reserve at Patterson Place","Laundry","Laundry","9","Washer/Dryer in Unit"
"mc0h4yh","The Reserve at Patterson Place","Convenient For","Convenient For","981","Undergraduates"
"mc0h4yh","The Reserve at Patterson Place","Convenient For","Convenient For","982","Graduate Students"
"mc0h4yh","The Reserve at Patterson Place","Convenient For","Convenient For","983","Faculty/Staff"
"mc0h4yh","The Reserve at Patterson Place","Unique Features","Unique Features","","Bike Storage"
"mc0h4yh","The Reserve at Patterson Place","Unique Features","Unique Features","","Ceiling Fan in Bedrooms"
"mc0h4yh","The Reserve at Patterson Place","Unique Features","Unique Features","","Contemporary Washed Pine Finished Cabinets"
"mc0h4yh","The Reserve at Patterson Place","Unique Features","Unique Features","","Demonstration Kitchen"
"mc0h4yh","The Reserve at Patterson Place","Unique Features","Unique Features","","Den/Office"
"mc0h4yh","The Reserve at Patterson Place","Unique Features","Unique Features","","Electric Vehicle Charging Stations"
"mc0h4yh","The Reserve at Patterson Place","Unique Features","Unique Features","","Full Size Washer & Dryer"
"mc0h4yh","The Reserve at Patterson Place","Unique Features","Unique Features","","Glass Tile Kitchen Backsplash"
"mc0h4yh","The Reserve at Patterson Place","Unique Features","Unique Features","","Hammock"
"mc0h4yh","The Reserve at Patterson Place","Unique Features","Unique Features","","Kitchen Island"
"mc0h4yh","The Reserve at Patterson Place","Unique Features","Unique Features","","Onsite Dog Park"
"mc0h4yh","The Reserve at Patterson Place","Unique Features","Unique Features","","Pearl Quartz Countertops"
"mc0h4yh","The Reserve at Patterson Place","Unique Features","Unique Features","","Pet Spa"
"mc0h4yh","The Reserve at Patterson Place","Unique Features","Unique Features","","Pet-Friendly Living"
"mc0h4yh","The Reserve at Patterson Place","Unique Features","Unique Features","","Poolside Grilling Stations"
"mc0h4yh","The Reserve at Patterson Place","Unique Features","Unique Features","","Private Patio, Balcony or Wraparound Balcony"
"mc0h4yh","The Reserve at Patterson Place","Unique Features","Unique Features","","Programmable Thermostats"
"mc0h4yh","The Reserve at Patterson Place","Unique Features","Unique Features","","Resident Lounge with Billiards"
"mc0h4yh","The Reserve at Patterson Place","Unique Features","Unique Features","","Resident Storage Available"
"mc0h4yh","The Reserve at Patterson Place","Unique Features","Unique Features","","Scenic Wooded Views"
"mc0h4yh","The Reserve at Patterson Place","Unique Features","Unique Features","","Spacious 1, 2 & 3 Bedroom Layouts"
"mc0h4yh","The Reserve at Patterson Place","Unique Features","Unique Features","","Unique 2-Level Layouts with Private Garage"
"mc0h4yh","The Reserve at Patterson Place","Unique Features","Unique Features","","Walnut Plank Flooring in Living Areas"
"mc0h4yh","The Reserve at Patterson Place","Unique Features","Unique Features","","Yoga Room"
"ocpchygggd","Hurry 2 Rooms Left! – 4BR/4BA Condo Near NC State  – All Utilities & Internet Included!","Lease Information","Lease Information","17","9 month lease"
"ocpchygggd","Hurry 2 Rooms Left! – 4BR/4BA Condo Near NC State  – All Utilities & Internet Included!","Unit Features","Unit Features","1","Air Conditioning"
"ocpchygggd","Hurry 2 Rooms Left! – 4BR/4BA Condo Near NC State  – All Utilities & Internet Included!","Unit Features","Unit Features","26","Dishwasher"
"ocpchygggd","Hurry 2 Rooms Left! – 4BR/4BA Condo Near NC State  – All Utilities & Internet Included!","Unit Features","Unit Features","82","Garbage Disposal"
"ocpchygggd","Hurry 2 Rooms Left! – 4BR/4BA Condo Near NC State  – All Utilities & Internet Included!","Unit Features","Unit Features","21","Hardwood Floors"
"ocpchygggd","Hurry 2 Rooms Left! – 4BR/4BA Condo Near NC State  – All Utilities & Internet Included!","Unit Features","Unit Features","303","High-Speed Internet Available"
"ocpchygggd","Hurry 2 Rooms Left! – 4BR/4BA Condo Near NC State  – All Utilities & Internet Included!","Unit Features","Unit Features","41","Smoke-Free"
"ocpchygggd","Hurry 2 Rooms Left! – 4BR/4BA Condo Near NC State  – All Utilities & Internet Included!","Community Features","Community Features","46","Individual Leases"
"ocpchygggd","Hurry 2 Rooms Left! – 4BR/4BA Condo Near NC State  – All Utilities & Internet Included!","Laundry","Laundry","9","Washer/Dryer in Unit"
"ocpchygggd","Hurry 2 Rooms Left! – 4BR/4BA Condo Near NC State  – All Utilities & Internet Included!","Convenient For","Convenient For","981","Undergraduates"
"ocpchygggd","Hurry 2 Rooms Left! – 4BR/4BA Condo Near NC State  – All Utilities & Internet Included!","Convenient For","Convenient For","982","Graduate Students"
"ocpchygggd","Hurry 2 Rooms Left! – 4BR/4BA Condo Near NC State  – All Utilities & Internet Included!","Convenient For","Convenient For","983","Faculty/Staff"
"es0855q","Maxwell Raleigh","Community Features","Community Features","45","Fitness Room"
"es0855q","Maxwell Raleigh","Convenient For","Convenient For","981","Undergraduates"
"es0855q","Maxwell Raleigh","Convenient For","Convenient For","982","Graduate Students"
"es0855q","Maxwell Raleigh","Convenient For","Convenient For","983","Faculty/Staff"
"es0855q","Maxwell Raleigh","Unique Features","Unique Features","","Fitness Center - Cardio"
"es0855q","Maxwell Raleigh","Unique Features","Unique Features","","Fitness Center - Strength Training"
"es0855q","Maxwell Raleigh","Unique Features","Unique Features","","Study Room - Large"
"es0855q","Maxwell Raleigh","Unique Features","Unique Features","","Study Room - Small"
"ocpesl9n3p","maisonNC --- Fully Furnished minutes away from Wolfline and Shopping","Unit Features","Unit Features","1","Air Conditioning"
"ocpesl9n3p","maisonNC --- Fully Furnished minutes away from Wolfline and Shopping","Unit Features","Unit Features","26","Dishwasher"
"ocpesl9n3p","maisonNC --- Fully Furnished minutes away from Wolfline and Shopping","Unit Features","Unit Features","80","Extra Storage"
"ocpesl9n3p","maisonNC --- Fully Furnished minutes away from Wolfline and Shopping","Unit Features","Unit Features","7","Furnished"
"ocpesl9n3p","maisonNC --- Fully Furnished minutes away from Wolfline and Shopping","Unit Features","Unit Features","82","Garbage Disposal"
"ocpesl9n3p","maisonNC --- Fully Furnished minutes away from Wolfline and Shopping","Unit Features","Unit Features","303","High-Speed Internet Available"
"ocpesl9n3p","maisonNC --- Fully Furnished minutes away from Wolfline and Shopping","Unit Features","Unit Features","6","Patio, Balcony, Porch or Deck"
"ocpesl9n3p","maisonNC --- Fully Furnished minutes away from Wolfline and Shopping","Unit Features","Unit Features","41","Smoke-Free"
"ocpesl9n3p","maisonNC --- Fully Furnished minutes away from Wolfline and Shopping","Security","Security","99","Exterior Lighting"
"ocpesl9n3p","maisonNC --- Fully Furnished minutes away from Wolfline and Shopping","Community Features","Community Features","46","Individual Leases"
"ocpesl9n3p","maisonNC --- Fully Furnished minutes away from Wolfline and Shopping","Community Features","Community Features","43","International Student Friendly"
"ocpesl9n3p","maisonNC --- Fully Furnished minutes away from Wolfline and Shopping","Community Features","Community Features","19","Near Bus Stop"
"ocpesl9n3p","maisonNC --- Fully Furnished minutes away from Wolfline and Shopping","Community Features","Community Features","10","Pool"
"ocpesl9n3p","maisonNC --- Fully Furnished minutes away from Wolfline and Shopping","Laundry","Laundry","9","Washer/Dryer in Unit"
"ocpesl9n3p","maisonNC --- Fully Furnished minutes away from Wolfline and Shopping","Convenient For","Convenient For","981","Undergraduates"
"ocpesl9n3p","maisonNC --- Fully Furnished minutes away from Wolfline and Shopping","Convenient For","Convenient For","982","Graduate Students"
"ocpesl9n3p","maisonNC --- Fully Furnished minutes away from Wolfline and Shopping","Convenient For","Convenient For","983","Faculty/Staff"
"lvqgnje","Trellis-University Hill","Lease Information","Lease Information","16","12 month lease"
"lvqgnje","Trellis-University Hill","Unit Features","Unit Features","1","Air Conditioning"
"lvqgnje","Trellis-University Hill","Unit Features","Unit Features","26","Dishwasher"
"lvqgnje","Trellis-University Hill","Unit Features","Unit Features","7","Furnished"
"lvqgnje","Trellis-University Hill","Unit Features","Unit Features","82","Garbage Disposal"
"lvqgnje","Trellis-University Hill","Unit Features","Unit Features","303","High-Speed Internet Available"
"lvqgnje","Trellis-University Hill","Unit Features","Unit Features","6","Patio, Balcony, Porch or Deck"
"lvqgnje","Trellis-University Hill","Unit Features","Unit Features","41","Smoke-Free"
"lvqgnje","Trellis-University Hill","Security","Security","96","Gated Community"
"lvqgnje","Trellis-University Hill","Laundry","Laundry","9","Washer/Dryer in Unit"
"lvqgnje","Trellis-University Hill","Convenient For","Convenient For","981","Undergraduates"
"lvqgnje","Trellis-University Hill","Convenient For","Convenient For","982","Graduate Students"
"lvqgnje","Trellis-University Hill","Convenient For","Convenient For","983","Faculty/Staff"
"lvqgnje","Trellis-University Hill","Unique Features","Unique Features","","Flex Payment Options"
"lvqgnje","Trellis-University Hill","Unique Features","Unique Features","","Livble Payment Option"
"lvqgnje","Trellis-University Hill","Unique Features","Unique Features","","Reading Garden"
"lvqgnje","Trellis-University Hill","Unique Features","Unique Features","","Renovated Community"
"lvqgnje","Trellis-University Hill","Unique Features","Unique Features","","Resident Portal"
"lvqgnje","Trellis-University Hill","Unique Features","Unique Features","","Your Fitness, Your Choice Program"
"ocpcm3jede","maisonNC --- Fully Furnished minutes away from Wolfline and Shopping","Unit Features","Unit Features","1","Air Conditioning"
"ocpcm3jede","maisonNC --- Fully Furnished minutes away from Wolfline and Shopping","Unit Features","Unit Features","26","Dishwasher"
"ocpcm3jede","maisonNC --- Fully Furnished minutes away from Wolfline and Shopping","Unit Features","Unit Features","80","Extra Storage"
"ocpcm3jede","maisonNC --- Fully Furnished minutes away from Wolfline and Shopping","Unit Features","Unit Features","7","Furnished"
"ocpcm3jede","maisonNC --- Fully Furnished minutes away from Wolfline and Shopping","Unit Features","Unit Features","82","Garbage Disposal"
"ocpcm3jede","maisonNC --- Fully Furnished minutes away from Wolfline and Shopping","Unit Features","Unit Features","303","High-Speed Internet Available"
"ocpcm3jede","maisonNC --- Fully Furnished minutes away from Wolfline and Shopping","Unit Features","Unit Features","71","Outdoor Space"
"ocpcm3jede","maisonNC --- Fully Furnished minutes away from Wolfline and Shopping","Unit Features","Unit Features","6","Patio, Balcony, Porch or Deck"
"ocpcm3jede","maisonNC --- Fully Furnished minutes away from Wolfline and Shopping","Unit Features","Unit Features","41","Smoke-Free"
"ocpcm3jede","maisonNC --- Fully Furnished minutes away from Wolfline and Shopping","Security","Security","99","Exterior Lighting"
"ocpcm3jede","maisonNC --- Fully Furnished minutes away from Wolfline and Shopping","Community Features","Community Features","46","Individual Leases"
"ocpcm3jede","maisonNC --- Fully Furnished minutes away from Wolfline and Shopping","Community Features","Community Features","43","International Student Friendly"
"ocpcm3jede","maisonNC --- Fully Furnished minutes away from Wolfline and Shopping","Community Features","Community Features","19","Near Bus Stop"
"ocpcm3jede","maisonNC --- Fully Furnished minutes away from Wolfline and Shopping","Community Features","Community Features","10","Pool"
"ocpcm3jede","maisonNC --- Fully Furnished minutes away from Wolfline and Shopping","Community Features","Community Features","44","Roommate Matching"
"ocpcm3jede","maisonNC --- Fully Furnished minutes away from Wolfline and Shopping","Community Features","Community Features","103","Walk to campus"
"ocpcm3jede","maisonNC --- Fully Furnished minutes away from Wolfline and Shopping","Laundry","Laundry","9","Washer/Dryer in Unit"
"ocpcm3jede","maisonNC --- Fully Furnished minutes away from Wolfline and Shopping","Convenient For","Convenient For","981","Undergraduates"
"ocpcm3jede","maisonNC --- Fully Furnished minutes away from Wolfline and Shopping","Convenient For","Convenient For","982","Graduate Students"
"ocpcm3jede","maisonNC --- Fully Furnished minutes away from Wolfline and Shopping","Convenient For","Convenient For","983","Faculty/Staff"
"seyb987","Wesley","Lease Information","Lease Information","16","12 month lease"
"seyb987","Wesley","Lease Information","Lease Information","17","9 month lease"
"seyb987","Wesley","Lease Information","Lease Information","18","Flexible/Other lease"
"seyb987","Wesley","Lease Information","Lease Information","42","Short-Term lease"
"seyb987","Wesley","Unit Features","Unit Features","1","Air Conditioning"
"seyb987","Wesley","Unit Features","Unit Features","20","Carpet"
"seyb987","Wesley","Unit Features","Unit Features","15","Disability Accessible"
"seyb987","Wesley","Unit Features","Unit Features","26","Dishwasher"
"seyb987","Wesley","Unit Features","Unit Features","80","Extra Storage"
"seyb987","Wesley","Unit Features","Unit Features","8","Fireplace"
"seyb987","Wesley","Unit Features","Unit Features","82","Garbage Disposal"
"seyb987","Wesley","Unit Features","Unit Features","21","Hardwood Floors"
"seyb987","Wesley","Unit Features","Unit Features","303","High-Speed Internet Available"
"seyb987","Wesley","Unit Features","Unit Features","6","Patio, Balcony, Porch or Deck"
"seyb987","Wesley","Unit Features","Unit Features","41","Smoke-Free"
"seyb987","Wesley","Community Features","Community Features","265","Clubhouse"
"seyb987","Wesley","Community Features","Community Features","45","Fitness Room"
"seyb987","Wesley","Community Features","Community Features","10","Pool"
"seyb987","Wesley","Laundry","Laundry","9","Washer/Dryer in Unit"
"seyb987","Wesley","Convenient For","Convenient For","981","Undergraduates"
"seyb987","Wesley","Convenient For","Convenient For","982","Graduate Students"
"seyb987","Wesley","Convenient For","Convenient For","983","Faculty/Staff"
"ocpnx5c0kn","Modern & spacious 3BR/3BA Apartment w/View","Lease Information","Lease Information","16","12 month lease"
"ocpnx5c0kn","Modern & spacious 3BR/3BA Apartment w/View","Lease Information","Lease Information","17","9 month lease"
"ocpnx5c0kn","Modern & spacious 3BR/3BA Apartment w/View","Lease Information","Lease Information","102","Academic Year"
"ocpnx5c0kn","Modern & spacious 3BR/3BA Apartment w/View","Lease Information","Lease Information","87","Semester"
"ocpnx5c0kn","Modern & spacious 3BR/3BA Apartment w/View","Lease Information","Lease Information","42","Short-Term lease"
"ocpnx5c0kn","Modern & spacious 3BR/3BA Apartment w/View","Unit Features","Unit Features","1","Air Conditioning"
"ocpnx5c0kn","Modern & spacious 3BR/3BA Apartment w/View","Unit Features","Unit Features","20","Carpet"
"ocpnx5c0kn","Modern & spacious 3BR/3BA Apartment w/View","Unit Features","Unit Features","26","Dishwasher"
"ocpnx5c0kn","Modern & spacious 3BR/3BA Apartment w/View","Unit Features","Unit Features","80","Extra Storage"
"ocpnx5c0kn","Modern & spacious 3BR/3BA Apartment w/View","Unit Features","Unit Features","82","Garbage Disposal"
"ocpnx5c0kn","Modern & spacious 3BR/3BA Apartment w/View","Unit Features","Unit Features","6","Patio, Balcony, Porch or Deck"
"ocpnx5c0kn","Modern & spacious 3BR/3BA Apartment w/View","Security","Security","95","Dead-Bolt Locks"
"ocpnx5c0kn","Modern & spacious 3BR/3BA Apartment w/View","Security","Security","99","Exterior Lighting"
"ocpnx5c0kn","Modern & spacious 3BR/3BA Apartment w/View","Security","Security","25","Security System"
"ocpnx5c0kn","Modern & spacious 3BR/3BA Apartment w/View","Security","Security","68","Video Intercom"
"ocpnx5c0kn","Modern & spacious 3BR/3BA Apartment w/View","Security","Security","98","Video Surveillance"
"ocpnx5c0kn","Modern & spacious 3BR/3BA Apartment w/View","Community Features","Community Features","81","Elevator"
"ocpnx5c0kn","Modern & spacious 3BR/3BA Apartment w/View","Community Features","Community Features","46","Individual Leases"
"ocpnx5c0kn","Modern & spacious 3BR/3BA Apartment w/View","Community Features","Community Features","43","International Student Friendly"
"ocpnx5c0kn","Modern & spacious 3BR/3BA Apartment w/View","Community Features","Community Features","19","Near Bus Stop"
"ocpnx5c0kn","Modern & spacious 3BR/3BA Apartment w/View","Community Features","Community Features","103","Walk to campus"
"ocpnx5c0kn","Modern & spacious 3BR/3BA Apartment w/View","Laundry","Laundry","104","Laundry Access"
"ocpnx5c0kn","Modern & spacious 3BR/3BA Apartment w/View","Laundry","Laundry","9","Washer/Dryer in Unit"
"ocpnx5c0kn","Modern & spacious 3BR/3BA Apartment w/View","Convenient For","Convenient For","981","Undergraduates"
"ocpnx5c0kn","Modern & spacious 3BR/3BA Apartment w/View","Convenient For","Convenient For","982","Graduate Students"
"ll5gb9f","Rhyne's Gate Apartments","Lease Information","Lease Information","16","12 month lease"
"ll5gb9f","Rhyne's Gate Apartments","Lease Information","Lease Information","17","9 month lease"
"ll5gb9f","Rhyne's Gate Apartments","Lease Information","Lease Information","18","Flexible/Other lease"
"ll5gb9f","Rhyne's Gate Apartments","Lease Information","Lease Information","42","Short-Term lease"
"ll5gb9f","Rhyne's Gate Apartments","Unit Features","Unit Features","1","Air Conditioning"
"ll5gb9f","Rhyne's Gate Apartments","Unit Features","Unit Features","20","Carpet"
"ll5gb9f","Rhyne's Gate Apartments","Unit Features","Unit Features","15","Disability Accessible"
"ll5gb9f","Rhyne's Gate Apartments","Unit Features","Unit Features","26","Dishwasher"
"ll5gb9f","Rhyne's Gate Apartments","Unit Features","Unit Features","303","High-Speed Internet Available"
"ll5gb9f","Rhyne's Gate Apartments","Unit Features","Unit Features","6","Patio, Balcony, Porch or Deck"
"ll5gb9f","Rhyne's Gate Apartments","Unit Features","Unit Features","41","Smoke-Free"
"ll5gb9f","Rhyne's Gate Apartments","Security","Security","120","Courtesy Officer/Patrol"
"ll5gb9f","Rhyne's Gate Apartments","Security","Security","98","Video Surveillance"
"ll5gb9f","Rhyne's Gate Apartments","Community Features","Community Features","103","Walk to campus"
"ll5gb9f","Rhyne's Gate Apartments","Laundry","Laundry","9","Washer/Dryer in Unit"
"ll5gb9f","Rhyne's Gate Apartments","Convenient For","Convenient For","981","Undergraduates"
"ll5gb9f","Rhyne's Gate Apartments","Convenient For","Convenient For","982","Graduate Students"
"ll5gb9f","Rhyne's Gate Apartments","Convenient For","Convenient For","983","Faculty/Staff"
"ll5gb9f","Rhyne's Gate Apartments","Unique Features","Unique Features","","Ncsu"
"ll5gb9f","Rhyne's Gate Apartments","Unique Features","Unique Features","","Wifi"
"ll5gb9f","Rhyne's Gate Apartments","Unique Features","Unique Features","","Wolfline"
"ocp5ey2bmq","Furnished Studio/ADU | Olde Raleigh | Parking | Fast Wi-Fi","Unit Features","Unit Features","1","Air Conditioning"
"ocp5ey2bmq","Furnished Studio/ADU | Olde Raleigh | Parking | Fast Wi-Fi","Unit Features","Unit Features","80","Extra Storage"
"ocp5ey2bmq","Furnished Studio/ADU | Olde Raleigh | Parking | Fast Wi-Fi","Unit Features","Unit Features","7","Furnished"
"ocp5ey2bmq","Furnished Studio/ADU | Olde Raleigh | Parking | Fast Wi-Fi","Unit Features","Unit Features","21","Hardwood Floors"
"ocp5ey2bmq","Furnished Studio/ADU | Olde Raleigh | Parking | Fast Wi-Fi","Unit Features","Unit Features","303","High-Speed Internet Available"
"ocp5ey2bmq","Furnished Studio/ADU | Olde Raleigh | Parking | Fast Wi-Fi","Unit Features","Unit Features","71","Outdoor Space"
"ocp5ey2bmq","Furnished Studio/ADU | Olde Raleigh | Parking | Fast Wi-Fi","Unit Features","Unit Features","41","Smoke-Free"
"ocp5ey2bmq","Furnished Studio/ADU | Olde Raleigh | Parking | Fast Wi-Fi","Security","Security","95","Dead-Bolt Locks"
"ocp5ey2bmq","Furnished Studio/ADU | Olde Raleigh | Parking | Fast Wi-Fi","Security","Security","99","Exterior Lighting"
"ocp5ey2bmq","Furnished Studio/ADU | Olde Raleigh | Parking | Fast Wi-Fi","Security","Security","25","Security System"
"ocp5ey2bmq","Furnished Studio/ADU | Olde Raleigh | Parking | Fast Wi-Fi","Security","Security","98","Video Surveillance"
"ocp5ey2bmq","Furnished Studio/ADU | Olde Raleigh | Parking | Fast Wi-Fi","Laundry","Laundry","9","Washer/Dryer in Unit"
"ocp5ey2bmq","Furnished Studio/ADU | Olde Raleigh | Parking | Fast Wi-Fi","Convenient For","Convenient For","981","Undergraduates"
"ocp5ey2bmq","Furnished Studio/ADU | Olde Raleigh | Parking | Fast Wi-Fi","Convenient For","Convenient For","982","Graduate Students"
"ocp5ey2bmq","Furnished Studio/ADU | Olde Raleigh | Parking | Fast Wi-Fi","Convenient For","Convenient For","983","Faculty/Staff"
"70rqkwy","Brook Hill Townhouse - Students Save Up to 10%","Lease Information","Lease Information","16","12 month lease"
"70rqkwy","Brook Hill Townhouse - Students Save Up to 10%","Lease Information","Lease Information","17","9 month lease"
"70rqkwy","Brook Hill Townhouse - Students Save Up to 10%","Lease Information","Lease Information","18","Flexible/Other lease"
"70rqkwy","Brook Hill Townhouse - Students Save Up to 10%","Unit Features","Unit Features","1","Air Conditioning"
"70rqkwy","Brook Hill Townhouse - Students Save Up to 10%","Unit Features","Unit Features","20","Carpet"
"70rqkwy","Brook Hill Townhouse - Students Save Up to 10%","Unit Features","Unit Features","26","Dishwasher"
"70rqkwy","Brook Hill Townhouse - Students Save Up to 10%","Unit Features","Unit Features","82","Garbage Disposal"
"70rqkwy","Brook Hill Townhouse - Students Save Up to 10%","Unit Features","Unit Features","83","Garden/Yard"
"70rqkwy","Brook Hill Townhouse - Students Save Up to 10%","Unit Features","Unit Features","303","High-Speed Internet Available"
"70rqkwy","Brook Hill Townhouse - Students Save Up to 10%","Unit Features","Unit Features","6","Patio, Balcony, Porch or Deck"
"70rqkwy","Brook Hill Townhouse - Students Save Up to 10%","Unit Features","Unit Features","41","Smoke-Free"
"70rqkwy","Brook Hill Townhouse - Students Save Up to 10%","Community Features","Community Features","10","Pool"
"70rqkwy","Brook Hill Townhouse - Students Save Up to 10%","University Features","University Features","74","Private Shuttle to Campus"
"70rqkwy","Brook Hill Townhouse - Students Save Up to 10%","Laundry","Laundry","9","Washer/Dryer in Unit"
"70rqkwy","Brook Hill Townhouse - Students Save Up to 10%","Convenient For","Convenient For","981","Undergraduates"
"70rqkwy","Brook Hill Townhouse - Students Save Up to 10%","Convenient For","Convenient For","982","Graduate Students"
"70rqkwy","Brook Hill Townhouse - Students Save Up to 10%","Convenient For","Convenient For","983","Faculty/Staff"
"70rqkwy","Brook Hill Townhouse - Students Save Up to 10%","Unique Features","Unique Features","","Ask about our Roommate Assistance Program"
"70rqkwy","Brook Hill Townhouse - Students Save Up to 10%","Unique Features","Unique Features","","Bedroom Ceiling Light & Fan"
"70rqkwy","Brook Hill Townhouse - Students Save Up to 10%","Unique Features","Unique Features","","Ceiling Fan(s)"
"70rqkwy","Brook Hill Townhouse - Students Save Up to 10%","Unique Features","Unique Features","","Close to Cary Towne Center & Crabtree Valley Mall"
"70rqkwy","Brook Hill Townhouse - Students Save Up to 10%","Unique Features","Unique Features","","Convenient to I-40, I-440, US 1 & Hwy 64"
"70rqkwy","Brook Hill Townhouse - Students Save Up to 10%","Unique Features","Unique Features","","Courtyard View*"
"70rqkwy","Brook Hill Townhouse - Students Save Up to 10%","Unique Features","Unique Features","","Dishwasher"
"70rqkwy","Brook Hill Townhouse - Students Save Up to 10%","Unique Features","Unique Features","","Eat-In Kitchen"
"70rqkwy","Brook Hill Townhouse - Students Save Up to 10%","Unique Features","Unique Features","","Free Parking"
"70rqkwy","Brook Hill Townhouse - Students Save Up to 10%","Unique Features","Unique Features","","Generous Closet Space"
"70rqkwy","Brook Hill Townhouse - Students Save Up to 10%","Unique Features","Unique Features","","Just 3 Miles To NC State University"
"70rqkwy","Brook Hill Townhouse - Students Save Up to 10%","Unique Features","Unique Features","","Kitchen Pantry"
"70rqkwy","Brook Hill Townhouse - Students Save Up to 10%","Unique Features","Unique Features","","Minutes to Crossroads, RDU Airport & Downtown"
"70rqkwy","Brook Hill Townhouse - Students Save Up to 10%","Unique Features","Unique Features","","Playground"
"70rqkwy","Brook Hill Townhouse - Students Save Up to 10%","Unique Features","Unique Features","","Refreshing Swimming Pool"
"70rqkwy","Brook Hill Townhouse - Students Save Up to 10%","Unique Features","Unique Features","","Renovated Kitchen & Bath"
"70rqkwy","Brook Hill Townhouse - Students Save Up to 10%","Unique Features","Unique Features","","Stainless Steel Appliances"
"70rqkwy","Brook Hill Townhouse - Students Save Up to 10%","Unique Features","Unique Features","","Townhome"
"70rqkwy","Brook Hill Townhouse - Students Save Up to 10%","Unique Features","Unique Features","","Tranquil and Secluded Setting"
"70rqkwy","Brook Hill Townhouse - Students Save Up to 10%","Unique Features","Unique Features","","Washer/Dryer Included"
"70rqkwy","Brook Hill Townhouse - Students Save Up to 10%","Unique Features","Unique Features","","Wood-Style Flooring"
"ocpjeweyz6","All Girls Unit - Room with Private Bathroom at  University Woods at Centennial Condominiums","Unit Features","Unit Features","1","Air Conditioning"
"ocpjeweyz6","All Girls Unit - Room with Private Bathroom at  University Woods at Centennial Condominiums","Unit Features","Unit Features","20","Carpet"
"ocpjeweyz6","All Girls Unit - Room with Private Bathroom at  University Woods at Centennial Condominiums","Unit Features","Unit Features","26","Dishwasher"
"ocpjeweyz6","All Girls Unit - Room with Private Bathroom at  University Woods at Centennial Condominiums","Unit Features","Unit Features","7","Furnished"
"ocpjeweyz6","All Girls Unit - Room with Private Bathroom at  University Woods at Centennial Condominiums","Unit Features","Unit Features","303","High-Speed Internet Available"
"ocpjeweyz6","All Girls Unit - Room with Private Bathroom at  University Woods at Centennial Condominiums","Unit Features","Unit Features","6","Patio, Balcony, Porch or Deck"
"ocpjeweyz6","All Girls Unit - Room with Private Bathroom at  University Woods at Centennial Condominiums","Unit Features","Unit Features","41","Smoke-Free"
"ocpjeweyz6","All Girls Unit - Room with Private Bathroom at  University Woods at Centennial Condominiums","Security","Security","95","Dead-Bolt Locks"
"ocpjeweyz6","All Girls Unit - Room with Private Bathroom at  University Woods at Centennial Condominiums","Security","Security","99","Exterior Lighting"
"ocpjeweyz6","All Girls Unit - Room with Private Bathroom at  University Woods at Centennial Condominiums","Community Features","Community Features","43","International Student Friendly"
"ocpjeweyz6","All Girls Unit - Room with Private Bathroom at  University Woods at Centennial Condominiums","Community Features","Community Features","19","Near Bus Stop"
"ocpjeweyz6","All Girls Unit - Room with Private Bathroom at  University Woods at Centennial Condominiums","Laundry","Laundry","9","Washer/Dryer in Unit"
"ocpjeweyz6","All Girls Unit - Room with Private Bathroom at  University Woods at Centennial Condominiums","Convenient For","Convenient For","981","Undergraduates"
"ocpjeweyz6","All Girls Unit - Room with Private Bathroom at  University Woods at Centennial Condominiums","Convenient For","Convenient For","982","Graduate Students"
"ocpjeweyz6","All Girls Unit - Room with Private Bathroom at  University Woods at Centennial Condominiums","Convenient For","Convenient For","983","Faculty/Staff"
"0smdl31","Paloma Raleigh","Lease Information","Lease Information","16","12 month lease"
"0smdl31","Paloma Raleigh","Lease Information","Lease Information","17","9 month lease"
"0smdl31","Paloma Raleigh","Lease Information","Lease Information","18","Flexible/Other lease"
"0smdl31","Paloma Raleigh","Unit Features","Unit Features","1","Air Conditioning"
"0smdl31","Paloma Raleigh","Unit Features","Unit Features","7","Furnished"
"0smdl31","Paloma Raleigh","Community Features","Community Features","265","Clubhouse"
"0smdl31","Paloma Raleigh","Community Features","Community Features","45","Fitness Room"
"0smdl31","Paloma Raleigh","Community Features","Community Features","10","Pool"
"0smdl31","Paloma Raleigh","Security","Security","120","Courtesy Officer/Patrol"
"0smdl31","Paloma Raleigh","Security","Security","98","Video Surveillance"
"0smdl31","Paloma Raleigh","Laundry","Laundry","9","Washer/Dryer in Unit"
"0smdl31","Paloma Raleigh","Convenient For","Convenient For","981","Undergraduates"
"0smdl31","Paloma Raleigh","Convenient For","Convenient For","982","Graduate Students"
"0smdl31","Paloma Raleigh","Convenient For","Convenient For","983","Faculty/Staff"
"0smdl31","Paloma Raleigh","Unique Features","Unique Features","","24/7 Access to Packages with Parcel Pending Lockers"
"0smdl31","Paloma Raleigh","Unique Features","Unique Features","","All-Black Appliance Package"
"0smdl31","Paloma Raleigh","Unique Features","Unique Features","","Computer Labs"
"0smdl31","Paloma Raleigh","Unique Features","Unique Features","","Convenient Shuttle Bus"
"0smdl31","Paloma Raleigh","Unique Features","Unique Features","","Custom Cabinetry"
"0smdl31","Paloma Raleigh","Unique Features","Unique Features","","Electronic Entry"
"0smdl31","Paloma Raleigh","Unique Features","Unique Features","","Fire Pit"
"0smdl31","Paloma Raleigh","Unique Features","Unique Features","","Fitness Center w/ Cardio Machines & Flex Fitness Room"
"0smdl31","Paloma Raleigh","Unique Features","Unique Features","","Free Garage Parking in Townhomes ​Large Enough For 2 Vehicles"
"0smdl31","Paloma Raleigh","Unique Features","Unique Features","","Full-Size Bed w/ Memory Foam Mattress"
"0smdl31","Paloma Raleigh","Unique Features","Unique Features","","Fully Furnished w/ Smart TVs"
"0smdl31","Paloma Raleigh","Unique Features","Unique Features","","Granite Countertops"
"0smdl31","Paloma Raleigh","Unique Features","Unique Features","","Grill & Chill Courtyard"
"0smdl31","Paloma Raleigh","Unique Features","Unique Features","","HD Security Cameras"
"0smdl31","Paloma Raleigh","Unique Features","Unique Features","","Heated Swimming Pool w/ Poolside Cabanas & Hot Tub"
"0smdl31","Paloma Raleigh","Unique Features","Unique Features","","Individual Bedroom Door Locks"
"0smdl31","Paloma Raleigh","Unique Features","Unique Features","","Mirrored Closet Doors"
"0smdl31","Paloma Raleigh","Unique Features","Unique Features","","On-Demand Fitness Classes"
"0smdl31","Paloma Raleigh","Unique Features","Unique Features","","Onsite Cafe & Lightbox Lounge"
"0smdl31","Paloma Raleigh","Unique Features","Unique Features","","Pet-Friendly 1, 2, 3, 4 & 5 Bedroom Floor Plans"
"0smdl31","Paloma Raleigh","Unique Features","Unique Features","","Pool and Hot Tub"
"0smdl31","Paloma Raleigh","Unique Features","Unique Features","","Prime Off-Campus Location Near Trinity Square"
"0smdl31","Paloma Raleigh","Unique Features","Unique Features","","Private & Group Study Spaces"
"0smdl31","Paloma Raleigh","Unique Features","Unique Features","","Private Bathrooms & Bedrooms"
"0smdl31","Paloma Raleigh","Unique Features","Unique Features","","Shuttle Service"
"0smdl31","Paloma Raleigh","Unique Features","Unique Features","","Track lighting"
"0smdl31","Paloma Raleigh","Unique Features","Unique Features","","USB Power Outlets Throughout"
"0smdl31","Paloma Raleigh","Unique Features","Unique Features","","Wood-Style Flooring"
"ocppjxdd3r","Collegeview Duplex--Brand New Luxury Housing within walking distance to NCSU","Lease Information","Lease Information","16","12 month lease"
"ocppjxdd3r","Collegeview Duplex--Brand New Luxury Housing within walking distance to NCSU","Lease Information","Lease Information","102","Academic Year"
"ocppjxdd3r","Collegeview Duplex--Brand New Luxury Housing within walking distance to NCSU","Lease Information","Lease Information","18","Flexible/Other lease"
"ocppjxdd3r","Collegeview Duplex--Brand New Luxury Housing within walking distance to NCSU","Lease Information","Lease Information","87","Semester"
"ocppjxdd3r","Collegeview Duplex--Brand New Luxury Housing within walking distance to NCSU","Lease Information","Lease Information","42","Short-Term lease"
"ocppjxdd3r","Collegeview Duplex--Brand New Luxury Housing within walking distance to NCSU","Unit Features","Unit Features","1","Air Conditioning"
"ocppjxdd3r","Collegeview Duplex--Brand New Luxury Housing within walking distance to NCSU","Unit Features","Unit Features","15","Disability Accessible"
"ocppjxdd3r","Collegeview Duplex--Brand New Luxury Housing within walking distance to NCSU","Unit Features","Unit Features","26","Dishwasher"
"ocppjxdd3r","Collegeview Duplex--Brand New Luxury Housing within walking distance to NCSU","Unit Features","Unit Features","82","Garbage Disposal"
"ocppjxdd3r","Collegeview Duplex--Brand New Luxury Housing within walking distance to NCSU","Unit Features","Unit Features","83","Garden/Yard"
"ocppjxdd3r","Collegeview Duplex--Brand New Luxury Housing within walking distance to NCSU","Unit Features","Unit Features","21","Hardwood Floors"
"ocppjxdd3r","Collegeview Duplex--Brand New Luxury Housing within walking distance to NCSU","Unit Features","Unit Features","6","Patio, Balcony, Porch or Deck"
"ocppjxdd3r","Collegeview Duplex--Brand New Luxury Housing within walking distance to NCSU","Unit Features","Unit Features","41","Smoke-Free"
"ocppjxdd3r","Collegeview Duplex--Brand New Luxury Housing within walking distance to NCSU","Security","Security","95","Dead-Bolt Locks"
"ocppjxdd3r","Collegeview Duplex--Brand New Luxury Housing within walking distance to NCSU","Security","Security","99","Exterior Lighting"
"ocppjxdd3r","Collegeview Duplex--Brand New Luxury Housing within walking distance to NCSU","Community Features","Community Features","46","Individual Leases"
"ocppjxdd3r","Collegeview Duplex--Brand New Luxury Housing within walking distance to NCSU","Community Features","Community Features","43","International Student Friendly"
"ocppjxdd3r","Collegeview Duplex--Brand New Luxury Housing within walking distance to NCSU","Community Features","Community Features","19","Near Bus Stop"
"ocppjxdd3r","Collegeview Duplex--Brand New Luxury Housing within walking distance to NCSU","Community Features","Community Features","103","Walk to campus"
"ocppjxdd3r","Collegeview Duplex--Brand New Luxury Housing within walking distance to NCSU","Laundry","Laundry","9","Washer/Dryer in Unit"
"ocppjxdd3r","Collegeview Duplex--Brand New Luxury Housing within walking distance to NCSU","Convenient For","Convenient For","981","Undergraduates"
"ocppjxdd3r","Collegeview Duplex--Brand New Luxury Housing within walking distance to NCSU","Convenient For","Convenient For","982","Graduate Students"
"ocppjxdd3r","Collegeview Duplex--Brand New Luxury Housing within walking distance to NCSU","Convenient For","Convenient For","983","Faculty/Staff"
"hgdd8s0","Lantower Bullhouse","Lease Information","Lease Information","16","12 month lease"
"hgdd8s0","Lantower Bullhouse","Lease Information","Lease Information","17","9 month lease"
"hgdd8s0","Lantower Bullhouse","Lease Information","Lease Information","18","Flexible/Other lease"
"hgdd8s0","Lantower Bullhouse","Community Features","Community Features","265","Clubhouse"
"hgdd8s0","Lantower Bullhouse","Community Features","Community Features","45","Fitness Room"
"hgdd8s0","Lantower Bullhouse","Community Features","Community Features","10","Pool"
"hgdd8s0","Lantower Bullhouse","Security","Security","96","Gated Community"
"hgdd8s0","Lantower Bullhouse","Unit Features","Unit Features","21","Hardwood Floors"
"hgdd8s0","Lantower Bullhouse","Unit Features","Unit Features","6","Patio, Balcony, Porch or Deck"
"hgdd8s0","Lantower Bullhouse","Laundry","Laundry","9","Washer/Dryer in Unit"
"hgdd8s0","Lantower Bullhouse","Convenient For","Convenient For","981","Undergraduates"
"hgdd8s0","Lantower Bullhouse","Convenient For","Convenient For","982","Graduate Students"
"hgdd8s0","Lantower Bullhouse","Convenient For","Convenient For","983","Faculty/Staff"
"hgdd8s0","Lantower Bullhouse","Unique Features","Unique Features","","*Decorative Tile Backsplash"
"hgdd8s0","Lantower Bullhouse","Unique Features","Unique Features","","*Stainless Steel Whirlpool Appliance Package"
"hgdd8s0","Lantower Bullhouse","Unique Features","Unique Features","","10 Ft Ceilings"
"hgdd8s0","Lantower Bullhouse","Unique Features","Unique Features","","100% Smoke Free Community"
"hgdd8s0","Lantower Bullhouse","Unique Features","Unique Features","","2"" Clean White Blinds"
"hgdd8s0","Lantower Bullhouse","Unique Features","Unique Features","","24 Hour Fitness Studio Equipped for Weight Training"
"hgdd8s0","Lantower Bullhouse","Unique Features","Unique Features","","All-inclusive Pricing, No Hidden Fees"
"hgdd8s0","Lantower Bullhouse","Unique Features","Unique Features","","Bedroom Ceiling Fan"
"hgdd8s0","Lantower Bullhouse","Unique Features","Unique Features","","Brushed Nickel Hardware and Accents"
"hgdd8s0","Lantower Bullhouse","Unique Features","Unique Features","","Chrome Moen Gooseneck with Pull-down Faucet"
"hgdd8s0","Lantower Bullhouse","Unique Features","Unique Features","","Climate Controlled Corridors"
"hgdd8s0","Lantower Bullhouse","Unique Features","Unique Features","","Clubhouse Lounge"
"hgdd8s0","Lantower Bullhouse","Unique Features","Unique Features","","Common Spaces with Wi-Fi Access"
"hgdd8s0","Lantower Bullhouse","Unique Features","Unique Features","","Complimentary Wi-Fi Throughout Clubhouse and Pool Area"
"hgdd8s0","Lantower Bullhouse","Unique Features","Unique Features","","Dance / Flex Space Studio"
"hgdd8s0","Lantower Bullhouse","Unique Features","Unique Features","","Digital Guest Access"
"hgdd8s0","Lantower Bullhouse","Unique Features","Unique Features","","Digital Resident Services, Communication, App and Bill Pay"
"hgdd8s0","Lantower Bullhouse","Unique Features","Unique Features","","Double Vanity"
"hgdd8s0","Lantower Bullhouse","Unique Features","Unique Features","","Eco - friendly Construction"
"hgdd8s0","Lantower Bullhouse","Unique Features","Unique Features","","Elevator Access"
"hgdd8s0","Lantower Bullhouse","Unique Features","Unique Features","","Energy saving Sensor Lighting"
"hgdd8s0","Lantower Bullhouse","Unique Features","Unique Features","","EV Charging Stations"
"hgdd8s0","Lantower Bullhouse","Unique Features","Unique Features","","Executive Business Center with Co-working Space"
"hgdd8s0","Lantower Bullhouse","Unique Features","Unique Features","","Expansive Walk-in Closets"
"hgdd8s0","Lantower Bullhouse","Unique Features","Unique Features","","Floating Kitchen Island"
"hgdd8s0","Lantower Bullhouse","Unique Features","Unique Features","","Framed Bathroom Mirror"
"hgdd8s0","Lantower Bullhouse","Unique Features","Unique Features","","Game Lawns with Corn Hole and Miniature Golf"
"hgdd8s0","Lantower Bullhouse","Unique Features","Unique Features","","Game Lounge with a Pool Table and Shuffleboard"
"hgdd8s0","Lantower Bullhouse","Unique Features","Unique Features","","Hassle-free Valet Trash Service"
"hgdd8s0","Lantower Bullhouse","Unique Features","Unique Features","","High Efficiency Plumbing Fixtures"
"hgdd8s0","Lantower Bullhouse","Unique Features","Unique Features","","Honeywell Smarthome Digital Thermostats"
"hgdd8s0","Lantower Bullhouse","Unique Features","Unique Features","","In-home, Full-size Washer and Dryer"
"hgdd8s0","Lantower Bullhouse","Unique Features","Unique Features","","Integrated Smart Home Technology with Keyless Entry"
"hgdd8s0","Lantower Bullhouse","Unique Features","Unique Features","","Large Open-concept Kitchens"
"hgdd8s0","Lantower Bullhouse","Unique Features","Unique Features","","Modern Shaker Style Cabinetry"
"hgdd8s0","Lantower Bullhouse","Unique Features","Unique Features","","Nearby Public Transportation"
"hgdd8s0","Lantower Bullhouse","Unique Features","Unique Features","","Office Space with Built-ins"
"hgdd8s0","Lantower Bullhouse","Unique Features","Unique Features","","On-demand Fitness Instruction"
"hgdd8s0","Lantower Bullhouse","Unique Features","Unique Features","","On-level Trash Chutes"
"hgdd8s0","Lantower Bullhouse","Unique Features","Unique Features","","On-Level, Controlled Access Parking"
"hgdd8s0","Lantower Bullhouse","Unique Features","Unique Features","","Open-air Poolside Lounge with Summer Kitchen"
"hgdd8s0","Lantower Bullhouse","Unique Features","Unique Features","","Oversized Vanity"
"hgdd8s0","Lantower Bullhouse","Unique Features","Unique Features","","Pedestrian-friendly Neighborhood"
"hgdd8s0","Lantower Bullhouse","Unique Features","Unique Features","","Pendant & Track Lighting"
"hgdd8s0","Lantower Bullhouse","Unique Features","Unique Features","","Pet-friendly with Stations & Grooming Areas"
"hgdd8s0","Lantower Bullhouse","Unique Features","Unique Features","","Premier Plumbing Fixtures"
"hgdd8s0","Lantower Bullhouse","Unique Features","Unique Features","","Premium Closet with Custom Built-ins"
"hgdd8s0","Lantower Bullhouse","Unique Features","Unique Features","","Private Onsite Storage Units"
"hgdd8s0","Lantower Bullhouse","Unique Features","Unique Features","","Private Resident Only Entries"
"hgdd8s0","Lantower Bullhouse","Unique Features","Unique Features","","Private Study"
"hgdd8s0","Lantower Bullhouse","Unique Features","Unique Features","","Private Yard, Patio or Balcony"
"hgdd8s0","Lantower Bullhouse","Unique Features","Unique Features","","Relaxing, Resort-inspired Pool"
"hgdd8s0","Lantower Bullhouse","Unique Features","Unique Features","","Resilient Quartz Countertops"
"hgdd8s0","Lantower Bullhouse","Unique Features","Unique Features","","Skydeck Social Lounge"
"hgdd8s0","Lantower Bullhouse","Unique Features","Unique Features","","Social Courtyards with Comfortable Seating, Fire Pits, and Green Spaces"
"hgdd8s0","Lantower Bullhouse","Unique Features","Unique Features","","Spin and Core Training Area"
"hgdd8s0","Lantower Bullhouse","Unique Features","Unique Features","","Strength and Cardio Equipment"
"hgdd8s0","Lantower Bullhouse","Unique Features","Unique Features","","Tech-Forward Co-Working Hubs & Focus Pods"
"hgdd8s0","Lantower Bullhouse","Unique Features","Unique Features","","Undermount Kitchen Sink"
"hgdd8s0","Lantower Bullhouse","Unique Features","Unique Features","","Walk-in Shower with Tile Surround"
"hgdd8s0","Lantower Bullhouse","Unique Features","Unique Features","","Wood-style Plank Floors"
"hgdd8s0","Lantower Bullhouse","Unique Features","Unique Features","","Yoga and Interactive Studio"
"ocpe1n95cm","Big Promotion w/best price ever. Move in Immediately . MarcomTowns. Great location nice","Unit Features","Unit Features","1","Air Conditioning"
"ocpe1n95cm","Big Promotion w/best price ever. Move in Immediately . MarcomTowns. Great location nice","Unit Features","Unit Features","20","Carpet"
"ocpe1n95cm","Big Promotion w/best price ever. Move in Immediately . MarcomTowns. Great location nice","Unit Features","Unit Features","26","Dishwasher"
"ocpe1n95cm","Big Promotion w/best price ever. Move in Immediately . MarcomTowns. Great location nice","Unit Features","Unit Features","82","Garbage Disposal"
"ocpe1n95cm","Big Promotion w/best price ever. Move in Immediately . MarcomTowns. Great location nice","Unit Features","Unit Features","83","Garden/Yard"
"ocpe1n95cm","Big Promotion w/best price ever. Move in Immediately . MarcomTowns. Great location nice","Unit Features","Unit Features","21","Hardwood Floors"
"ocpe1n95cm","Big Promotion w/best price ever. Move in Immediately . MarcomTowns. Great location nice","Unit Features","Unit Features","71","Outdoor Space"
"ocpe1n95cm","Big Promotion w/best price ever. Move in Immediately . MarcomTowns. Great location nice","Unit Features","Unit Features","6","Patio, Balcony, Porch or Deck"
"ocpe1n95cm","Big Promotion w/best price ever. Move in Immediately . MarcomTowns. Great location nice","Unit Features","Unit Features","41","Smoke-Free"
"ocpe1n95cm","Big Promotion w/best price ever. Move in Immediately . MarcomTowns. Great location nice","Security","Security","95","Dead-Bolt Locks"
"ocpe1n95cm","Big Promotion w/best price ever. Move in Immediately . MarcomTowns. Great location nice","Security","Security","99","Exterior Lighting"
"ocpe1n95cm","Big Promotion w/best price ever. Move in Immediately . MarcomTowns. Great location nice","Community Features","Community Features","19","Near Bus Stop"
"ocpe1n95cm","Big Promotion w/best price ever. Move in Immediately . MarcomTowns. Great location nice","Community Features","Community Features","103","Walk to campus"
"ocpe1n95cm","Big Promotion w/best price ever. Move in Immediately . MarcomTowns. Great location nice","Laundry","Laundry","9","Washer/Dryer in Unit"
"ocpe1n95cm","Big Promotion w/best price ever. Move in Immediately . MarcomTowns. Great location nice","Convenient For","Convenient For","981","Undergraduates"
"ocpe1n95cm","Big Promotion w/best price ever. Move in Immediately . MarcomTowns. Great location nice","Convenient For","Convenient For","982","Graduate Students"
"ocpe1n95cm","Big Promotion w/best price ever. Move in Immediately . MarcomTowns. Great location nice","Convenient For","Convenient For","983","Faculty/Staff"
"p8mlexs","Valentine Commons","Lease Information","Lease Information","17","9 month lease"
"p8mlexs","Valentine Commons","Lease Information","Lease Information","18","Flexible/Other lease"
"p8mlexs","Valentine Commons","Unit Features","Unit Features","1","Air Conditioning"
"p8mlexs","Valentine Commons","Unit Features","Unit Features","20","Carpet"
"p8mlexs","Valentine Commons","Unit Features","Unit Features","15","Disability Accessible"
"p8mlexs","Valentine Commons","Unit Features","Unit Features","26","Dishwasher"
"p8mlexs","Valentine Commons","Unit Features","Unit Features","7","Furnished"
"p8mlexs","Valentine Commons","Unit Features","Unit Features","82","Garbage Disposal"
"p8mlexs","Valentine Commons","Unit Features","Unit Features","21","Hardwood Floors"
"p8mlexs","Valentine Commons","Unit Features","Unit Features","303","High-Speed Internet Available"
"p8mlexs","Valentine Commons","Unit Features","Unit Features","41","Smoke-Free"
"p8mlexs","Valentine Commons","Community Features","Community Features","265","Clubhouse"
"p8mlexs","Valentine Commons","Community Features","Community Features","81","Elevator"
"p8mlexs","Valentine Commons","Community Features","Community Features","45","Fitness Room"
"p8mlexs","Valentine Commons","Community Features","Community Features","46","Individual Leases"
"p8mlexs","Valentine Commons","Community Features","Community Features","44","Roommate Matching"
"p8mlexs","Valentine Commons","Community Features","Community Features","103","Walk to campus"
"p8mlexs","Valentine Commons","Security","Security","120","Courtesy Officer/Patrol"
"p8mlexs","Valentine Commons","Security","Security","98","Video Surveillance"
"p8mlexs","Valentine Commons","Laundry","Laundry","9","Washer/Dryer in Unit"
"p8mlexs","Valentine Commons","Convenient For","Convenient For","981","Undergraduates"
"p8mlexs","Valentine Commons","Convenient For","Convenient For","982","Graduate Students"
"p8mlexs","Valentine Commons","Convenient For","Convenient For","983","Faculty/Staff"
"p8mlexs","Valentine Commons","Unique Features","Unique Features","","24-hour Emergency Maintenance"
"p8mlexs","Valentine Commons","Unique Features","Unique Features","","Study Lounges on Every Floor"
"p8mlexs","Valentine Commons","Unique Features","Unique Features","","Valet Trash Service"
"ocp2evl6hb","University Oaks -","Lease Information","Lease Information","16","12 month lease"
"ocp2evl6hb","University Oaks -","Lease Information","Lease Information","17","9 month lease"
"ocp2evl6hb","University Oaks -","Lease Information","Lease Information","102","Academic Year"
"ocp2evl6hb","University Oaks -","Lease Information","Lease Information","18","Flexible/Other lease"
"ocp2evl6hb","University Oaks -","Lease Information","Lease Information","42","Short-Term lease"
"ocp2evl6hb","University Oaks -","Lease Information","Lease Information","77","Spring Sublet"
"ocp2evl6hb","University Oaks -","Lease Information","Lease Information","75","Summer Sublet"
"ocp2evl6hb","University Oaks -","Lease Information","Lease Information","313","Winter Sublet"
"ocp2evl6hb","University Oaks -","Unit Features","Unit Features","1","Air Conditioning"
"ocp2evl6hb","University Oaks -","Unit Features","Unit Features","26","Dishwasher"
"ocp2evl6hb","University Oaks -","Unit Features","Unit Features","7","Furnished"
"ocp2evl6hb","University Oaks -","Unit Features","Unit Features","82","Garbage Disposal"
"ocp2evl6hb","University Oaks -","Unit Features","Unit Features","21","Hardwood Floors"
"ocp2evl6hb","University Oaks -","Unit Features","Unit Features","303","High-Speed Internet Available"
"ocp2evl6hb","University Oaks -","Unit Features","Unit Features","71","Outdoor Space"
"ocp2evl6hb","University Oaks -","Unit Features","Unit Features","6","Patio, Balcony, Porch or Deck"
"ocp2evl6hb","University Oaks -","Unit Features","Unit Features","41","Smoke-Free"
"ocp2evl6hb","University Oaks -","Security","Security","95","Dead-Bolt Locks"
"ocp2evl6hb","University Oaks -","Security","Security","99","Exterior Lighting"
"ocp2evl6hb","University Oaks -","Community Features","Community Features","43","International Student Friendly"
"ocp2evl6hb","University Oaks -","Community Features","Community Features","19","Near Bus Stop"
"ocp2evl6hb","University Oaks -","Community Features","Community Features","44","Roommate Matching"
"ocp2evl6hb","University Oaks -","Community Features","Community Features","103","Walk to campus"
"ocp2evl6hb","University Oaks -","Laundry","Laundry","9","Washer/Dryer in Unit"
"ocp2evl6hb","University Oaks -","Convenient For","Convenient For","981","Undergraduates"
"ocp2evl6hb","University Oaks -","Convenient For","Convenient For","982","Graduate Students"
"ocp2evl6hb","University Oaks -","Convenient For","Convenient For","983","Faculty/Staff"
"fgrbwjv","Stanhope","Unit Features","Unit Features","1","Air Conditioning"
"fgrbwjv","Stanhope","Unit Features","Unit Features","20","Carpet"
"fgrbwjv","Stanhope","Unit Features","Unit Features","15","Disability Accessible"
"fgrbwjv","Stanhope","Unit Features","Unit Features","26","Dishwasher"
"fgrbwjv","Stanhope","Unit Features","Unit Features","7","Furnished"
"fgrbwjv","Stanhope","Unit Features","Unit Features","82","Garbage Disposal"
"fgrbwjv","Stanhope","Unit Features","Unit Features","303","High-Speed Internet Available"
"fgrbwjv","Stanhope","Unit Features","Unit Features","41","Smoke-Free"
"fgrbwjv","Stanhope","Community Features","Community Features","265","Clubhouse"
"fgrbwjv","Stanhope","Community Features","Community Features","46","Individual Leases"
"fgrbwjv","Stanhope","Community Features","Community Features","44","Roommate Matching"
"fgrbwjv","Stanhope","Community Features","Community Features","103","Walk to campus"
"fgrbwjv","Stanhope","Lease Information","Lease Information","18","Flexible/Other lease"
"fgrbwjv","Stanhope","Security","Security","97","Intercom"
"fgrbwjv","Stanhope","Security","Security","25","Security System"
"fgrbwjv","Stanhope","Laundry","Laundry","9","Washer/Dryer in Unit"
"fgrbwjv","Stanhope","Convenient For","Convenient For","981","Undergraduates"
"fgrbwjv","Stanhope","Convenient For","Convenient For","982","Graduate Students"
"fgrbwjv","Stanhope","Convenient For","Convenient For","983","Faculty/Staff"
"ocpvlydr3e","Reavis ---Brand New Luxury Housing within walking distance to NCSU","Lease Information","Lease Information","16","12 month lease"
"ocpvlydr3e","Reavis ---Brand New Luxury Housing within walking distance to NCSU","Lease Information","Lease Information","87","Semester"
"ocpvlydr3e","Reavis ---Brand New Luxury Housing within walking distance to NCSU","Lease Information","Lease Information","42","Short-Term lease"
"ocpvlydr3e","Reavis ---Brand New Luxury Housing within walking distance to NCSU","Unit Features","Unit Features","1","Air Conditioning"
"ocpvlydr3e","Reavis ---Brand New Luxury Housing within walking distance to NCSU","Unit Features","Unit Features","26","Dishwasher"
"ocpvlydr3e","Reavis ---Brand New Luxury Housing within walking distance to NCSU","Unit Features","Unit Features","82","Garbage Disposal"
"ocpvlydr3e","Reavis ---Brand New Luxury Housing within walking distance to NCSU","Unit Features","Unit Features","83","Garden/Yard"
"ocpvlydr3e","Reavis ---Brand New Luxury Housing within walking distance to NCSU","Unit Features","Unit Features","21","Hardwood Floors"
"ocpvlydr3e","Reavis ---Brand New Luxury Housing within walking distance to NCSU","Unit Features","Unit Features","6","Patio, Balcony, Porch or Deck"
"ocpvlydr3e","Reavis ---Brand New Luxury Housing within walking distance to NCSU","Unit Features","Unit Features","41","Smoke-Free"
"ocpvlydr3e","Reavis ---Brand New Luxury Housing within walking distance to NCSU","Security","Security","95","Dead-Bolt Locks"
"ocpvlydr3e","Reavis ---Brand New Luxury Housing within walking distance to NCSU","Community Features","Community Features","46","Individual Leases"
"ocpvlydr3e","Reavis ---Brand New Luxury Housing within walking distance to NCSU","Community Features","Community Features","43","International Student Friendly"
"ocpvlydr3e","Reavis ---Brand New Luxury Housing within walking distance to NCSU","Community Features","Community Features","103","Walk to campus"
"ocpvlydr3e","Reavis ---Brand New Luxury Housing within walking distance to NCSU","Laundry","Laundry","9","Washer/Dryer in Unit"
"ocpvlydr3e","Reavis ---Brand New Luxury Housing within walking distance to NCSU","Convenient For","Convenient For","981","Undergraduates"
"ocpvlydr3e","Reavis ---Brand New Luxury Housing within walking distance to NCSU","Convenient For","Convenient For","982","Graduate Students"
"ocpvlydr3e","Reavis ---Brand New Luxury Housing within walking distance to NCSU","Convenient For","Convenient For","983","Faculty/Staff"
"86fjg60","HeyDay Raleigh","Convenient For","Convenient For","981","Undergraduates"
"86fjg60","HeyDay Raleigh","Convenient For","Convenient For","982","Graduate Students"
"86fjg60","HeyDay Raleigh","Convenient For","Convenient For","983","Faculty/Staff"
"ocpxdxd79p","4BR/4BA Condo| On Wolfline | Preleasing 27-28 Special $850 Util/Parking Incld | Mile to Campus","Unit Features","Unit Features","1","Air Conditioning"
"ocpxdxd79p","4BR/4BA Condo| On Wolfline | Preleasing 27-28 Special $850 Util/Parking Incld | Mile to Campus","Unit Features","Unit Features","26","Dishwasher"
"ocpxdxd79p","4BR/4BA Condo| On Wolfline | Preleasing 27-28 Special $850 Util/Parking Incld | Mile to Campus","Unit Features","Unit Features","7","Furnished"
"ocpxdxd79p","4BR/4BA Condo| On Wolfline | Preleasing 27-28 Special $850 Util/Parking Incld | Mile to Campus","Unit Features","Unit Features","303","High-Speed Internet Available"
"ocpxdxd79p","4BR/4BA Condo| On Wolfline | Preleasing 27-28 Special $850 Util/Parking Incld | Mile to Campus","Unit Features","Unit Features","6","Patio, Balcony, Porch or Deck"
"ocpxdxd79p","4BR/4BA Condo| On Wolfline | Preleasing 27-28 Special $850 Util/Parking Incld | Mile to Campus","Unit Features","Unit Features","41","Smoke-Free"
"ocpxdxd79p","4BR/4BA Condo| On Wolfline | Preleasing 27-28 Special $850 Util/Parking Incld | Mile to Campus","Security","Security","95","Dead-Bolt Locks"
"ocpxdxd79p","4BR/4BA Condo| On Wolfline | Preleasing 27-28 Special $850 Util/Parking Incld | Mile to Campus","Security","Security","99","Exterior Lighting"
"ocpxdxd79p","4BR/4BA Condo| On Wolfline | Preleasing 27-28 Special $850 Util/Parking Incld | Mile to Campus","Community Features","Community Features","46","Individual Leases"
"ocpxdxd79p","4BR/4BA Condo| On Wolfline | Preleasing 27-28 Special $850 Util/Parking Incld | Mile to Campus","Community Features","Community Features","43","International Student Friendly"
"ocpxdxd79p","4BR/4BA Condo| On Wolfline | Preleasing 27-28 Special $850 Util/Parking Incld | Mile to Campus","Community Features","Community Features","19","Near Bus Stop"
"ocpxdxd79p","4BR/4BA Condo| On Wolfline | Preleasing 27-28 Special $850 Util/Parking Incld | Mile to Campus","Community Features","Community Features","103","Walk to campus"
"ocpxdxd79p","4BR/4BA Condo| On Wolfline | Preleasing 27-28 Special $850 Util/Parking Incld | Mile to Campus","Laundry","Laundry","9","Washer/Dryer in Unit"
"ocpxdxd79p","4BR/4BA Condo| On Wolfline | Preleasing 27-28 Special $850 Util/Parking Incld | Mile to Campus","Convenient For","Convenient For","981","Undergraduates"
"ocpxdxd79p","4BR/4BA Condo| On Wolfline | Preleasing 27-28 Special $850 Util/Parking Incld | Mile to Campus","Convenient For","Convenient For","982","Graduate Students"
"9de4we5","LYV Woodcroft at Southpoint","Lease Information","Lease Information","16","12 month lease"
"9de4we5","LYV Woodcroft at Southpoint","Lease Information","Lease Information","17","9 month lease"
"9de4we5","LYV Woodcroft at Southpoint","Lease Information","Lease Information","18","Flexible/Other lease"
"9de4we5","LYV Woodcroft at Southpoint","Lease Information","Lease Information","42","Short-Term lease"
"9de4we5","LYV Woodcroft at Southpoint","Unit Features","Unit Features","1","Air Conditioning"
"9de4we5","LYV Woodcroft at Southpoint","Unit Features","Unit Features","20","Carpet"
"9de4we5","LYV Woodcroft at Southpoint","Unit Features","Unit Features","26","Dishwasher"
"9de4we5","LYV Woodcroft at Southpoint","Unit Features","Unit Features","8","Fireplace"
"9de4we5","LYV Woodcroft at Southpoint","Unit Features","Unit Features","82","Garbage Disposal"
"9de4we5","LYV Woodcroft at Southpoint","Unit Features","Unit Features","303","High-Speed Internet Available"
"9de4we5","LYV Woodcroft at Southpoint","Unit Features","Unit Features","6","Patio, Balcony, Porch or Deck"
"9de4we5","LYV Woodcroft at Southpoint","Community Features","Community Features","265","Clubhouse"
"9de4we5","LYV Woodcroft at Southpoint","Community Features","Community Features","45","Fitness Room"
"9de4we5","LYV Woodcroft at Southpoint","Community Features","Community Features","10","Pool"
"9de4we5","LYV Woodcroft at Southpoint","Laundry","Laundry","9","Washer/Dryer in Unit"
"9de4we5","LYV Woodcroft at Southpoint","Convenient For","Convenient For","981","Undergraduates"
"9de4we5","LYV Woodcroft at Southpoint","Convenient For","Convenient For","982","Graduate Students"
"9de4we5","LYV Woodcroft at Southpoint","Convenient For","Convenient For","983","Faculty/Staff"
"ocpm68s5sh","Burt Drive Townhouses---Brand New Luxury Housing within walking distance to NCSU","Lease Information","Lease Information","16","12 month lease"
"ocpm68s5sh","Burt Drive Townhouses---Brand New Luxury Housing within walking distance to NCSU","Lease Information","Lease Information","87","Semester"
"ocpm68s5sh","Burt Drive Townhouses---Brand New Luxury Housing within walking distance to NCSU","Lease Information","Lease Information","42","Short-Term lease"
"ocpm68s5sh","Burt Drive Townhouses---Brand New Luxury Housing within walking distance to NCSU","Unit Features","Unit Features","1","Air Conditioning"
"ocpm68s5sh","Burt Drive Townhouses---Brand New Luxury Housing within walking distance to NCSU","Unit Features","Unit Features","26","Dishwasher"
"ocpm68s5sh","Burt Drive Townhouses---Brand New Luxury Housing within walking distance to NCSU","Unit Features","Unit Features","82","Garbage Disposal"
"ocpm68s5sh","Burt Drive Townhouses---Brand New Luxury Housing within walking distance to NCSU","Unit Features","Unit Features","83","Garden/Yard"
"ocpm68s5sh","Burt Drive Townhouses---Brand New Luxury Housing within walking distance to NCSU","Unit Features","Unit Features","21","Hardwood Floors"
"ocpm68s5sh","Burt Drive Townhouses---Brand New Luxury Housing within walking distance to NCSU","Unit Features","Unit Features","6","Patio, Balcony, Porch or Deck"
"ocpm68s5sh","Burt Drive Townhouses---Brand New Luxury Housing within walking distance to NCSU","Security","Security","95","Dead-Bolt Locks"
"ocpm68s5sh","Burt Drive Townhouses---Brand New Luxury Housing within walking distance to NCSU","Community Features","Community Features","46","Individual Leases"
"ocpm68s5sh","Burt Drive Townhouses---Brand New Luxury Housing within walking distance to NCSU","Community Features","Community Features","43","International Student Friendly"
"ocpm68s5sh","Burt Drive Townhouses---Brand New Luxury Housing within walking distance to NCSU","Community Features","Community Features","19","Near Bus Stop"
"ocpm68s5sh","Burt Drive Townhouses---Brand New Luxury Housing within walking distance to NCSU","Community Features","Community Features","103","Walk to campus"
"ocpm68s5sh","Burt Drive Townhouses---Brand New Luxury Housing within walking distance to NCSU","Laundry","Laundry","9","Washer/Dryer in Unit"
"ocpm68s5sh","Burt Drive Townhouses---Brand New Luxury Housing within walking distance to NCSU","Convenient For","Convenient For","981","Undergraduates"
"ocpm68s5sh","Burt Drive Townhouses---Brand New Luxury Housing within walking distance to NCSU","Convenient For","Convenient For","982","Graduate Students"
"ocpm68s5sh","Burt Drive Townhouses---Brand New Luxury Housing within walking distance to NCSU","Convenient For","Convenient For","983","Faculty/Staff"
"gky0hgw","Willow Bend Apartments","Lease Information","Lease Information","16","12 month lease"
"gky0hgw","Willow Bend Apartments","Lease Information","Lease Information","17","9 month lease"
"gky0hgw","Willow Bend Apartments","Lease Information","Lease Information","18","Flexible/Other lease"
"gky0hgw","Willow Bend Apartments","Unit Features","Unit Features","1","Air Conditioning"
"gky0hgw","Willow Bend Apartments","Unit Features","Unit Features","303","High-Speed Internet Available"
"gky0hgw","Willow Bend Apartments","Unit Features","Unit Features","6","Patio, Balcony, Porch or Deck"
"gky0hgw","Willow Bend Apartments","Unit Features","Unit Features","41","Smoke-Free"
"gky0hgw","Willow Bend Apartments","Community Features","Community Features","45","Fitness Room"
"gky0hgw","Willow Bend Apartments","Laundry","Laundry","33","Washer/Dryer Hookups"
"gky0hgw","Willow Bend Apartments","Convenient For","Convenient For","981","Undergraduates"
"gky0hgw","Willow Bend Apartments","Convenient For","Convenient For","982","Graduate Students"
"gky0hgw","Willow Bend Apartments","Convenient For","Convenient For","983","Faculty/Staff"
"gky0hgw","Willow Bend Apartments","Unique Features","Unique Features","","Large Closets"
"gky0hgw","Willow Bend Apartments","Unique Features","Unique Features","","On-Site Management"
"gky0hgw","Willow Bend Apartments","Unique Features","Unique Features","","Open Concept Floor Plans"
"gky0hgw","Willow Bend Apartments","Unique Features","Unique Features","","Private Balcony"
"gky0hgw","Willow Bend Apartments","Unique Features","Unique Features","","Washer Dryer Hookup"
"ocpd8x87kh","New Construction: 4 Bed 4.5 Bath Townhomes","Unit Features","Unit Features","1","Air Conditioning"
"ocpd8x87kh","New Construction: 4 Bed 4.5 Bath Townhomes","Unit Features","Unit Features","26","Dishwasher"
"ocpd8x87kh","New Construction: 4 Bed 4.5 Bath Townhomes","Unit Features","Unit Features","21","Hardwood Floors"
"ocpd8x87kh","New Construction: 4 Bed 4.5 Bath Townhomes","Unit Features","Unit Features","468","Loft"
"ocpd8x87kh","New Construction: 4 Bed 4.5 Bath Townhomes","Unit Features","Unit Features","6","Patio, Balcony, Porch or Deck"
"ocpd8x87kh","New Construction: 4 Bed 4.5 Bath Townhomes","Unit Features","Unit Features","41","Smoke-Free"
"ocpd8x87kh","New Construction: 4 Bed 4.5 Bath Townhomes","Security","Security","95","Dead-Bolt Locks"
"ocpd8x87kh","New Construction: 4 Bed 4.5 Bath Townhomes","Security","Security","99","Exterior Lighting"
"ocpd8x87kh","New Construction: 4 Bed 4.5 Bath Townhomes","Community Features","Community Features","19","Near Bus Stop"
"ocpd8x87kh","New Construction: 4 Bed 4.5 Bath Townhomes","Laundry","Laundry","9","Washer/Dryer in Unit"
"ocpd8x87kh","New Construction: 4 Bed 4.5 Bath Townhomes","Convenient For","Convenient For","981","Undergraduates"
"ocpd8x87kh","New Construction: 4 Bed 4.5 Bath Townhomes","Convenient For","Convenient For","982","Graduate Students"
"v534e5d","Kensington Park","Lease Information","Lease Information","16","12 month lease"
"v534e5d","Kensington Park","Lease Information","Lease Information","18","Flexible/Other lease"
"v534e5d","Kensington Park","Unit Features","Unit Features","1","Air Conditioning"
"v534e5d","Kensington Park","Unit Features","Unit Features","26","Dishwasher"
"v534e5d","Kensington Park","Unit Features","Unit Features","21","Hardwood Floors"
"v534e5d","Kensington Park","Unit Features","Unit Features","303","High-Speed Internet Available"
"v534e5d","Kensington Park","Unit Features","Unit Features","6","Patio, Balcony, Porch or Deck"
"v534e5d","Kensington Park","Unit Features","Unit Features","41","Smoke-Free"
"v534e5d","Kensington Park","Community Features","Community Features","45","Fitness Room"
"v534e5d","Kensington Park","Community Features","Community Features","103","Walk to campus"
"v534e5d","Kensington Park","Laundry","Laundry","104","Laundry Access"
"v534e5d","Kensington Park","Laundry","Laundry","12","Laundry Room in Community"
"v534e5d","Kensington Park","Laundry","Laundry","33","Washer/Dryer Hookups"
"v534e5d","Kensington Park","Laundry","Laundry","9","Washer/Dryer in Unit"
"v534e5d","Kensington Park","Security","Security","25","Security System"
"v534e5d","Kensington Park","Convenient For","Convenient For","981","Undergraduates"
"v534e5d","Kensington Park","Convenient For","Convenient For","982","Graduate Students"
"v534e5d","Kensington Park","Convenient For","Convenient For","983","Faculty/Staff"
"ocp913l1z6","** WAITLIST for 2026-2027 ** 4 Bedroom, 4.5 Bathroom Unit Near NCSU Campus and Cup A Joe","Lease Information","Lease Information","16","12 month lease"
"ocp913l1z6","** WAITLIST for 2026-2027 ** 4 Bedroom, 4.5 Bathroom Unit Near NCSU Campus and Cup A Joe","Unit Features","Unit Features","1","Air Conditioning"
"ocp913l1z6","** WAITLIST for 2026-2027 ** 4 Bedroom, 4.5 Bathroom Unit Near NCSU Campus and Cup A Joe","Unit Features","Unit Features","26","Dishwasher"
"ocp913l1z6","** WAITLIST for 2026-2027 ** 4 Bedroom, 4.5 Bathroom Unit Near NCSU Campus and Cup A Joe","Unit Features","Unit Features","80","Extra Storage"
"ocp913l1z6","** WAITLIST for 2026-2027 ** 4 Bedroom, 4.5 Bathroom Unit Near NCSU Campus and Cup A Joe","Unit Features","Unit Features","303","High-Speed Internet Available"
"ocp913l1z6","** WAITLIST for 2026-2027 ** 4 Bedroom, 4.5 Bathroom Unit Near NCSU Campus and Cup A Joe","Unit Features","Unit Features","41","Smoke-Free"
"ocp913l1z6","** WAITLIST for 2026-2027 ** 4 Bedroom, 4.5 Bathroom Unit Near NCSU Campus and Cup A Joe","Security","Security","95","Dead-Bolt Locks"
"ocp913l1z6","** WAITLIST for 2026-2027 ** 4 Bedroom, 4.5 Bathroom Unit Near NCSU Campus and Cup A Joe","Security","Security","99","Exterior Lighting"
"ocp913l1z6","** WAITLIST for 2026-2027 ** 4 Bedroom, 4.5 Bathroom Unit Near NCSU Campus and Cup A Joe","Community Features","Community Features","19","Near Bus Stop"
"ocp913l1z6","** WAITLIST for 2026-2027 ** 4 Bedroom, 4.5 Bathroom Unit Near NCSU Campus and Cup A Joe","Community Features","Community Features","103","Walk to campus"
"ocp913l1z6","** WAITLIST for 2026-2027 ** 4 Bedroom, 4.5 Bathroom Unit Near NCSU Campus and Cup A Joe","Laundry","Laundry","9","Washer/Dryer in Unit"
"ocp913l1z6","** WAITLIST for 2026-2027 ** 4 Bedroom, 4.5 Bathroom Unit Near NCSU Campus and Cup A Joe","Convenient For","Convenient For","981","Undergraduates"
"ocp913l1z6","** WAITLIST for 2026-2027 ** 4 Bedroom, 4.5 Bathroom Unit Near NCSU Campus and Cup A Joe","Convenient For","Convenient For","982","Graduate Students"
"0zm5l03","616 at the Village","Lease Information","Lease Information","16","12 month lease"
"0zm5l03","616 at the Village","Lease Information","Lease Information","17","9 month lease"
"0zm5l03","616 at the Village","Lease Information","Lease Information","18","Flexible/Other lease"
"0zm5l03","616 at the Village","Unit Features","Unit Features","1","Air Conditioning"
"0zm5l03","616 at the Village","Unit Features","Unit Features","20","Carpet"
"0zm5l03","616 at the Village","Unit Features","Unit Features","15","Disability Accessible"
"0zm5l03","616 at the Village","Unit Features","Unit Features","26","Dishwasher"
"0zm5l03","616 at the Village","Unit Features","Unit Features","80","Extra Storage"
"0zm5l03","616 at the Village","Unit Features","Unit Features","82","Garbage Disposal"
"0zm5l03","616 at the Village","Unit Features","Unit Features","21","Hardwood Floors"
"0zm5l03","616 at the Village","Unit Features","Unit Features","303","High-Speed Internet Available"
"0zm5l03","616 at the Village","Unit Features","Unit Features","468","Loft"
"0zm5l03","616 at the Village","Unit Features","Unit Features","6","Patio, Balcony, Porch or Deck"
"0zm5l03","616 at the Village","Unit Features","Unit Features","41","Smoke-Free"
"0zm5l03","616 at the Village","Community Features","Community Features","265","Clubhouse"
"0zm5l03","616 at the Village","Community Features","Community Features","81","Elevator"
"0zm5l03","616 at the Village","Community Features","Community Features","45","Fitness Room"
"0zm5l03","616 at the Village","Community Features","Community Features","10","Pool"
"0zm5l03","616 at the Village","Security","Security","25","Security System"
"0zm5l03","616 at the Village","Laundry","Laundry","9","Washer/Dryer in Unit"
"0zm5l03","616 at the Village","Convenient For","Convenient For","981","Undergraduates"
"0zm5l03","616 at the Village","Convenient For","Convenient For","982","Graduate Students"
"0zm5l03","616 at the Village","Convenient For","Convenient For","983","Faculty/Staff"
"0zm5l03","616 at the Village","Unique Features","Unique Features","","10 to 12-Foot Ceilings in select apartments"
"0zm5l03","616 at the Village","Unique Features","Unique Features","","Bike Racks"
"0zm5l03","616 at the Village","Unique Features","Unique Features","","Bike Repair Room"
"0zm5l03","616 at the Village","Unique Features","Unique Features","","Billiards Game Room"
"0zm5l03","616 at the Village","Unique Features","Unique Features","","Bocce Ball Court"
"0zm5l03","616 at the Village","Unique Features","Unique Features","","Ceiling Fan in Living Room"
"0zm5l03","616 at the Village","Unique Features","Unique Features","","Close to Pullen Park"
"0zm5l03","616 at the Village","Unique Features","Unique Features","","Custom Cabinetry"
"0zm5l03","616 at the Village","Unique Features","Unique Features","","Designer Pendant Lighting"
"0zm5l03","616 at the Village","Unique Features","Unique Features","","Electric Vehicle Charging Stations"
"0zm5l03","616 at the Village","Unique Features","Unique Features","","Energy Efficient Stainless Steel Appliances"
"0zm5l03","616 at the Village","Unique Features","Unique Features","","In-Home Washer and Dryer"
"0zm5l03","616 at the Village","Unique Features","Unique Features","","Large Closets"
"0zm5l03","616 at the Village","Unique Features","Unique Features","","Nest Thermostat"
"0zm5l03","616 at the Village","Unique Features","Unique Features","","Online Rental Payments"
"0zm5l03","616 at the Village","Unique Features","Unique Features","","Outdoor Bar, Grills, and TV Area"
"0zm5l03","616 at the Village","Unique Features","Unique Features","","Oversized Windows in select apartments"
"0zm5l03","616 at the Village","Unique Features","Unique Features","","Private Balcony/Patio in select apartments"
"0zm5l03","616 at the Village","Unique Features","Unique Features","","Rooftop Terrace with Views of Downtown Raleigh"
"0zm5l03","616 at the Village","Unique Features","Unique Features","","Subway Tile Backsplash"
"0zm5l03","616 at the Village","Unique Features","Unique Features","","Valet Living Trash Service"
"0zm5l03","616 at the Village","Unique Features","Unique Features","","Walk-In Closet"
"0zm5l03","616 at the Village","Unique Features","Unique Features","","Wood-Inspired Flooring"
"ocp2k0px98","Liberty station male only townhome- 5 miles from Centennial","Unit Features","Unit Features","1","Air Conditioning"
"ocp2k0px98","Liberty station male only townhome- 5 miles from Centennial","Unit Features","Unit Features","20","Carpet"
"ocp2k0px98","Liberty station male only townhome- 5 miles from Centennial","Unit Features","Unit Features","26","Dishwasher"
"ocp2k0px98","Liberty station male only townhome- 5 miles from Centennial","Unit Features","Unit Features","7","Furnished"
"ocp2k0px98","Liberty station male only townhome- 5 miles from Centennial","Unit Features","Unit Features","82","Garbage Disposal"
"ocp2k0px98","Liberty station male only townhome- 5 miles from Centennial","Unit Features","Unit Features","303","High-Speed Internet Available"
"ocp2k0px98","Liberty station male only townhome- 5 miles from Centennial","Unit Features","Unit Features","71","Outdoor Space"
"ocp2k0px98","Liberty station male only townhome- 5 miles from Centennial","Unit Features","Unit Features","6","Patio, Balcony, Porch or Deck"
"ocp2k0px98","Liberty station male only townhome- 5 miles from Centennial","Unit Features","Unit Features","41","Smoke-Free"
"ocp2k0px98","Liberty station male only townhome- 5 miles from Centennial","Security","Security","95","Dead-Bolt Locks"
"ocp2k0px98","Liberty station male only townhome- 5 miles from Centennial","Security","Security","99","Exterior Lighting"
"ocp2k0px98","Liberty station male only townhome- 5 miles from Centennial","Security","Security","98","Video Surveillance"
"ocp2k0px98","Liberty station male only townhome- 5 miles from Centennial","Laundry","Laundry","9","Washer/Dryer in Unit"
"ocp2k0px98","Liberty station male only townhome- 5 miles from Centennial","Convenient For","Convenient For","981","Undergraduates"
"ocp2k0px98","Liberty station male only townhome- 5 miles from Centennial","Convenient For","Convenient For","982","Graduate Students"
"z8cfdjw","Campus Crossings Raleigh","Unit Features","Unit Features","1","Air Conditioning"
"z8cfdjw","Campus Crossings Raleigh","Unit Features","Unit Features","20","Carpet"
"z8cfdjw","Campus Crossings Raleigh","Unit Features","Unit Features","26","Dishwasher"
"z8cfdjw","Campus Crossings Raleigh","Unit Features","Unit Features","7","Furnished"
"z8cfdjw","Campus Crossings Raleigh","Unit Features","Unit Features","82","Garbage Disposal"
"z8cfdjw","Campus Crossings Raleigh","Unit Features","Unit Features","303","High-Speed Internet Available"
"z8cfdjw","Campus Crossings Raleigh","Unit Features","Unit Features","6","Patio, Balcony, Porch or Deck"
"z8cfdjw","Campus Crossings Raleigh","Community Features","Community Features","265","Clubhouse"
"z8cfdjw","Campus Crossings Raleigh","Community Features","Community Features","45","Fitness Room"
"z8cfdjw","Campus Crossings Raleigh","Community Features","Community Features","46","Individual Leases"
"z8cfdjw","Campus Crossings Raleigh","Community Features","Community Features","10","Pool"
"z8cfdjw","Campus Crossings Raleigh","Community Features","Community Features","44","Roommate Matching"
"z8cfdjw","Campus Crossings Raleigh","Lease Information","Lease Information","18","Flexible/Other lease"
"z8cfdjw","Campus Crossings Raleigh","University Features","University Features","74","Private Shuttle to Campus"
"z8cfdjw","Campus Crossings Raleigh","Laundry","Laundry","9","Washer/Dryer in Unit"
"z8cfdjw","Campus Crossings Raleigh","Convenient For","Convenient For","981","Undergraduates"
"z8cfdjw","Campus Crossings Raleigh","Convenient For","Convenient For","982","Graduate Students"
"z8cfdjw","Campus Crossings Raleigh","Convenient For","Convenient For","983","Faculty/Staff"
"z8cfdjw","Campus Crossings Raleigh","Unique Features","Unique Features","","Basic Utilities Included**"
"z8cfdjw","Campus Crossings Raleigh","Unique Features","Unique Features","","Community Green Space with Picnic Areas and Grills"
"z8cfdjw","Campus Crossings Raleigh","Unique Features","Unique Features","","Esusu Positive Rent Reporting"
"z8cfdjw","Campus Crossings Raleigh","Unique Features","Unique Features","","Fully Equipped Kitchens"
"z8cfdjw","Campus Crossings Raleigh","Unique Features","Unique Features","","Game Lounge"
"z8cfdjw","Campus Crossings Raleigh","Unique Features","Unique Features","","Individual Leases"
"z8cfdjw","Campus Crossings Raleigh","Unique Features","Unique Features","","Monthly Resident Events"
"z8cfdjw","Campus Crossings Raleigh","Unique Features","Unique Features","","Pet Friendly with On-Site Dog Park"
"z8cfdjw","Campus Crossings Raleigh","Unique Features","Unique Features","","Poolside Cabanas, Hammocks, and Grills"
"z8cfdjw","Campus Crossings Raleigh","Unique Features","Unique Features","","Private and Collaborative Study Areas"
"z8cfdjw","Campus Crossings Raleigh","Unique Features","Unique Features","","Private Shuttle to North Carolina State University"
"z8cfdjw","Campus Crossings Raleigh","Unique Features","Unique Features","","Professional On-Site Management"
"z8cfdjw","Campus Crossings Raleigh","Unique Features","Unique Features","","Roommate Matching Service"
"z8cfdjw","Campus Crossings Raleigh","Unique Features","Unique Features","","Upgraded Units Available"
"z8cfdjw","Campus Crossings Raleigh","Unique Features","Unique Features","","Vaulted Ceilings*"
"ocp6mp93ms","Newly Renovated - All Girls Unit Room with Private Bathroom","Unit Features","Unit Features","1","Air Conditioning"
"ocp6mp93ms","Newly Renovated - All Girls Unit Room with Private Bathroom","Unit Features","Unit Features","26","Dishwasher"
"ocp6mp93ms","Newly Renovated - All Girls Unit Room with Private Bathroom","Unit Features","Unit Features","7","Furnished"
"ocp6mp93ms","Newly Renovated - All Girls Unit Room with Private Bathroom","Unit Features","Unit Features","82","Garbage Disposal"
"ocp6mp93ms","Newly Renovated - All Girls Unit Room with Private Bathroom","Unit Features","Unit Features","21","Hardwood Floors"
"ocp6mp93ms","Newly Renovated - All Girls Unit Room with Private Bathroom","Unit Features","Unit Features","303","High-Speed Internet Available"
"ocp6mp93ms","Newly Renovated - All Girls Unit Room with Private Bathroom","Unit Features","Unit Features","41","Smoke-Free"
"ocp6mp93ms","Newly Renovated - All Girls Unit Room with Private Bathroom","Security","Security","95","Dead-Bolt Locks"
"ocp6mp93ms","Newly Renovated - All Girls Unit Room with Private Bathroom","Community Features","Community Features","46","Individual Leases"
"ocp6mp93ms","Newly Renovated - All Girls Unit Room with Private Bathroom","Community Features","Community Features","43","International Student Friendly"
"ocp6mp93ms","Newly Renovated - All Girls Unit Room with Private Bathroom","Community Features","Community Features","19","Near Bus Stop"
"ocp6mp93ms","Newly Renovated - All Girls Unit Room with Private Bathroom","Laundry","Laundry","9","Washer/Dryer in Unit"
"ocp6mp93ms","Newly Renovated - All Girls Unit Room with Private Bathroom","Convenient For","Convenient For","981","Undergraduates"
"ocp6mp93ms","Newly Renovated - All Girls Unit Room with Private Bathroom","Convenient For","Convenient For","982","Graduate Students"
"ocp6mp93ms","Newly Renovated - All Girls Unit Room with Private Bathroom","Convenient For","Convenient For","983","Faculty/Staff"
"75medjw","Brickside","Lease Information","Lease Information","16","12 month lease"
"75medjw","Brickside","Unit Features","Unit Features","1","Air Conditioning"
"75medjw","Brickside","Unit Features","Unit Features","26","Dishwasher"
"75medjw","Brickside","Community Features","Community Features","81","Elevator"
"75medjw","Brickside","Laundry","Laundry","9","Washer/Dryer in Unit"
"75medjw","Brickside","Convenient For","Convenient For","981","Undergraduates"
"75medjw","Brickside","Convenient For","Convenient For","982","Graduate Students"
"75medjw","Brickside","Convenient For","Convenient For","983","Faculty/Staff"
"ocp6wsb4yt","We have 1 bedroom open In a luxury 5 bed 5 full bath house 1/1/27-6/30/27","Unit Features","Unit Features","1","Air Conditioning"
"ocp6wsb4yt","We have 1 bedroom open In a luxury 5 bed 5 full bath house 1/1/27-6/30/27","Unit Features","Unit Features","26","Dishwasher"
"ocp6wsb4yt","We have 1 bedroom open In a luxury 5 bed 5 full bath house 1/1/27-6/30/27","Unit Features","Unit Features","41","Smoke-Free"
"ocp6wsb4yt","We have 1 bedroom open In a luxury 5 bed 5 full bath house 1/1/27-6/30/27","Security","Security","95","Dead-Bolt Locks"
"ocp6wsb4yt","We have 1 bedroom open In a luxury 5 bed 5 full bath house 1/1/27-6/30/27","Community Features","Community Features","103","Walk to campus"
"ocp6wsb4yt","We have 1 bedroom open In a luxury 5 bed 5 full bath house 1/1/27-6/30/27","Laundry","Laundry","9","Washer/Dryer in Unit"
"ocp6wsb4yt","We have 1 bedroom open In a luxury 5 bed 5 full bath house 1/1/27-6/30/27","Convenient For","Convenient For","981","Undergraduates"
"ocp6wsb4yt","We have 1 bedroom open In a luxury 5 bed 5 full bath house 1/1/27-6/30/27","Convenient For","Convenient For","982","Graduate Students"
"ocp6wsb4yt","We have 1 bedroom open In a luxury 5 bed 5 full bath house 1/1/27-6/30/27","Convenient For","Convenient For","983","Faculty/Staff"
"tv2h1cb","Gorman Crossings","Unit Features","Unit Features","1","Air Conditioning"
"tv2h1cb","Gorman Crossings","Unit Features","Unit Features","26","Dishwasher"
"tv2h1cb","Gorman Crossings","Unit Features","Unit Features","21","Hardwood Floors"
"tv2h1cb","Gorman Crossings","Unit Features","Unit Features","303","High-Speed Internet Available"
"tv2h1cb","Gorman Crossings","Unit Features","Unit Features","6","Patio, Balcony, Porch or Deck"
"tv2h1cb","Gorman Crossings","Unit Features","Unit Features","41","Smoke-Free"
"tv2h1cb","Gorman Crossings","Community Features","Community Features","45","Fitness Room"
"tv2h1cb","Gorman Crossings","Laundry","Laundry","104","Laundry Access"
"tv2h1cb","Gorman Crossings","Laundry","Laundry","12","Laundry Room in Community"
"tv2h1cb","Gorman Crossings","Laundry","Laundry","9","Washer/Dryer in Unit"
"tv2h1cb","Gorman Crossings","Security","Security","25","Security System"
"tv2h1cb","Gorman Crossings","Convenient For","Convenient For","981","Undergraduates"
"tv2h1cb","Gorman Crossings","Convenient For","Convenient For","982","Graduate Students"
"tv2h1cb","Gorman Crossings","Convenient For","Convenient For","983","Faculty/Staff"
"ocpbp1v5c9","Prime ITB location one block off Ridge Road","Unit Features","Unit Features","1","Air Conditioning"
"ocpbp1v5c9","Prime ITB location one block off Ridge Road","Unit Features","Unit Features","26","Dishwasher"
"ocpbp1v5c9","Prime ITB location one block off Ridge Road","Unit Features","Unit Features","80","Extra Storage"
"ocpbp1v5c9","Prime ITB location one block off Ridge Road","Unit Features","Unit Features","82","Garbage Disposal"
"ocpbp1v5c9","Prime ITB location one block off Ridge Road","Unit Features","Unit Features","83","Garden/Yard"
"ocpbp1v5c9","Prime ITB location one block off Ridge Road","Unit Features","Unit Features","21","Hardwood Floors"
"ocpbp1v5c9","Prime ITB location one block off Ridge Road","Unit Features","Unit Features","71","Outdoor Space"
"ocpbp1v5c9","Prime ITB location one block off Ridge Road","Unit Features","Unit Features","6","Patio, Balcony, Porch or Deck"
"ocpbp1v5c9","Prime ITB location one block off Ridge Road","Unit Features","Unit Features","41","Smoke-Free"
"ocpbp1v5c9","Prime ITB location one block off Ridge Road","Community Features","Community Features","19","Near Bus Stop"
"ocpbp1v5c9","Prime ITB location one block off Ridge Road","Community Features","Community Features","103","Walk to campus"
"ocpbp1v5c9","Prime ITB location one block off Ridge Road","Laundry","Laundry","33","Washer/Dryer Hookups"
"ocpbp1v5c9","Prime ITB location one block off Ridge Road","Convenient For","Convenient For","981","Undergraduates"
"ocpbp1v5c9","Prime ITB location one block off Ridge Road","Convenient For","Convenient For","982","Graduate Students"
"ocpbp1v5c9","Prime ITB location one block off Ridge Road","Convenient For","Convenient For","983","Faculty/Staff"
"5x5ph7m","Redpoint Raleigh","Unit Features","Unit Features","1","Air Conditioning"
"5x5ph7m","Redpoint Raleigh","Unit Features","Unit Features","15","Disability Accessible"
"5x5ph7m","Redpoint Raleigh","Unit Features","Unit Features","21","Hardwood Floors"
"5x5ph7m","Redpoint Raleigh","Unit Features","Unit Features","303","High-Speed Internet Available"
"5x5ph7m","Redpoint Raleigh","Unit Features","Unit Features","41","Smoke-Free"
"5x5ph7m","Redpoint Raleigh","Community Features","Community Features","265","Clubhouse"
"5x5ph7m","Redpoint Raleigh","Community Features","Community Features","45","Fitness Room"
"5x5ph7m","Redpoint Raleigh","Community Features","Community Features","10","Pool"
"5x5ph7m","Redpoint Raleigh","Laundry","Laundry","9","Washer/Dryer in Unit"
"5x5ph7m","Redpoint Raleigh","Convenient For","Convenient For","981","Undergraduates"
"5x5ph7m","Redpoint Raleigh","Convenient For","Convenient For","982","Graduate Students"
"5x5ph7m","Redpoint Raleigh","Convenient For","Convenient For","983","Faculty/Staff"
"ocp5z7c91m","$300 off 1st month's rent! Spacious 3BD/2.5BA Townhome Rental available near NCSU for fall semester!","Unit Features","Unit Features","1","Air Conditioning"
"ocp5z7c91m","$300 off 1st month's rent! Spacious 3BD/2.5BA Townhome Rental available near NCSU for fall semester!","Unit Features","Unit Features","20","Carpet"
"ocp5z7c91m","$300 off 1st month's rent! Spacious 3BD/2.5BA Townhome Rental available near NCSU for fall semester!","Unit Features","Unit Features","26","Dishwasher"
"ocp5z7c91m","$300 off 1st month's rent! Spacious 3BD/2.5BA Townhome Rental available near NCSU for fall semester!","Unit Features","Unit Features","21","Hardwood Floors"
"ocp5z7c91m","$300 off 1st month's rent! Spacious 3BD/2.5BA Townhome Rental available near NCSU for fall semester!","Unit Features","Unit Features","71","Outdoor Space"
"ocp5z7c91m","$300 off 1st month's rent! Spacious 3BD/2.5BA Townhome Rental available near NCSU for fall semester!","Unit Features","Unit Features","6","Patio, Balcony, Porch or Deck"
"ocp5z7c91m","$300 off 1st month's rent! Spacious 3BD/2.5BA Townhome Rental available near NCSU for fall semester!","Unit Features","Unit Features","41","Smoke-Free"
"ocp5z7c91m","$300 off 1st month's rent! Spacious 3BD/2.5BA Townhome Rental available near NCSU for fall semester!","Community Features","Community Features","43","International Student Friendly"
"ocp5z7c91m","$300 off 1st month's rent! Spacious 3BD/2.5BA Townhome Rental available near NCSU for fall semester!","Community Features","Community Features","19","Near Bus Stop"
"ocp5z7c91m","$300 off 1st month's rent! Spacious 3BD/2.5BA Townhome Rental available near NCSU for fall semester!","Laundry","Laundry","9","Washer/Dryer in Unit"
"ocp5z7c91m","$300 off 1st month's rent! Spacious 3BD/2.5BA Townhome Rental available near NCSU for fall semester!","Convenient For","Convenient For","981","Undergraduates"
"ocp5z7c91m","$300 off 1st month's rent! Spacious 3BD/2.5BA Townhome Rental available near NCSU for fall semester!","Convenient For","Convenient For","982","Graduate Students"
"ocp5z7c91m","$300 off 1st month's rent! Spacious 3BD/2.5BA Townhome Rental available near NCSU for fall semester!","Convenient For","Convenient For","983","Faculty/Staff"
"syvz9l4","The Wilde","Lease Information","Lease Information","17","9 month lease"
"syvz9l4","The Wilde","Lease Information","Lease Information","18","Flexible/Other lease"
"syvz9l4","The Wilde","Unit Features","Unit Features","1","Air Conditioning"
"syvz9l4","The Wilde","Unit Features","Unit Features","20","Carpet"
"syvz9l4","The Wilde","Unit Features","Unit Features","26","Dishwasher"
"syvz9l4","The Wilde","Unit Features","Unit Features","8","Fireplace"
"syvz9l4","The Wilde","Unit Features","Unit Features","7","Furnished"
"syvz9l4","The Wilde","Unit Features","Unit Features","21","Hardwood Floors"
"syvz9l4","The Wilde","Unit Features","Unit Features","303","High-Speed Internet Available"
"syvz9l4","The Wilde","Unit Features","Unit Features","6","Patio, Balcony, Porch or Deck"
"syvz9l4","The Wilde","Community Features","Community Features","265","Clubhouse"
"syvz9l4","The Wilde","Community Features","Community Features","45","Fitness Room"
"syvz9l4","The Wilde","Community Features","Community Features","46","Individual Leases"
"syvz9l4","The Wilde","Community Features","Community Features","10","Pool"
"syvz9l4","The Wilde","Community Features","Community Features","44","Roommate Matching"
"syvz9l4","The Wilde","University Features","University Features","74","Private Shuttle to Campus"
"syvz9l4","The Wilde","Laundry","Laundry","9","Washer/Dryer in Unit"
"syvz9l4","The Wilde","Convenient For","Convenient For","981","Undergraduates"
"syvz9l4","The Wilde","Convenient For","Convenient For","982","Graduate Students"
"syvz9l4","The Wilde","Convenient For","Convenient For","983","Faculty/Staff"
"syvz9l4","The Wilde","Unique Features","Unique Features","","BBQ Grilling Stations"
"syvz9l4","The Wilde","Unique Features","Unique Features","","Dog Park"
"syvz9l4","The Wilde","Unique Features","Unique Features","","Game Room"
"syvz9l4","The Wilde","Unique Features","Unique Features","","On-Site Leasing Team"
"syvz9l4","The Wilde","Unique Features","Unique Features","","Private Bath"
"syvz9l4","The Wilde","Unique Features","Unique Features","","Private Bedroom"
"syvz9l4","The Wilde","Unique Features","Unique Features","","Private Shuttle"
"syvz9l4","The Wilde","Unique Features","Unique Features","","Resident Lounge"
"syvz9l4","The Wilde","Unique Features","Unique Features","","Wi-Fi Included"
"ocph8n0fc0","Affordable Student Housing 1 Block from Campus on Wolf Line","Unit Features","Unit Features","1","Air Conditioning"
"ocph8n0fc0","Affordable Student Housing 1 Block from Campus on Wolf Line","Unit Features","Unit Features","26","Dishwasher"
"ocph8n0fc0","Affordable Student Housing 1 Block from Campus on Wolf Line","Unit Features","Unit Features","82","Garbage Disposal"
"ocph8n0fc0","Affordable Student Housing 1 Block from Campus on Wolf Line","Unit Features","Unit Features","6","Patio, Balcony, Porch or Deck"
"ocph8n0fc0","Affordable Student Housing 1 Block from Campus on Wolf Line","Unit Features","Unit Features","41","Smoke-Free"
"ocph8n0fc0","Affordable Student Housing 1 Block from Campus on Wolf Line","Security","Security","95","Dead-Bolt Locks"
"ocph8n0fc0","Affordable Student Housing 1 Block from Campus on Wolf Line","Security","Security","99","Exterior Lighting"
"ocph8n0fc0","Affordable Student Housing 1 Block from Campus on Wolf Line","Security","Security","98","Video Surveillance"
"ocph8n0fc0","Affordable Student Housing 1 Block from Campus on Wolf Line","Community Features","Community Features","46","Individual Leases"
"ocph8n0fc0","Affordable Student Housing 1 Block from Campus on Wolf Line","Community Features","Community Features","43","International Student Friendly"
"ocph8n0fc0","Affordable Student Housing 1 Block from Campus on Wolf Line","Laundry","Laundry","9","Washer/Dryer in Unit"
"ocph8n0fc0","Affordable Student Housing 1 Block from Campus on Wolf Line","Convenient For","Convenient For","981","Undergraduates"
"ocph8n0fc0","Affordable Student Housing 1 Block from Campus on Wolf Line","Convenient For","Convenient For","982","Graduate Students"
"ocph8n0fc0","Affordable Student Housing 1 Block from Campus on Wolf Line","Convenient For","Convenient For","983","Faculty/Staff"
"61y0ywr","Hub Raleigh","Unit Features","Unit Features","1","Air Conditioning"
"61y0ywr","Hub Raleigh","Unit Features","Unit Features","26","Dishwasher"
"61y0ywr","Hub Raleigh","Unit Features","Unit Features","7","Furnished"
"61y0ywr","Hub Raleigh","Unit Features","Unit Features","82","Garbage Disposal"
"61y0ywr","Hub Raleigh","Unit Features","Unit Features","303","High-Speed Internet Available"
"61y0ywr","Hub Raleigh","Unit Features","Unit Features","41","Smoke-Free"
"61y0ywr","Hub Raleigh","Community Features","Community Features","265","Clubhouse"
"61y0ywr","Hub Raleigh","Community Features","Community Features","81","Elevator"
"61y0ywr","Hub Raleigh","Community Features","Community Features","45","Fitness Room"
"61y0ywr","Hub Raleigh","Community Features","Community Features","46","Individual Leases"
"61y0ywr","Hub Raleigh","Community Features","Community Features","10","Pool"
"61y0ywr","Hub Raleigh","Community Features","Community Features","44","Roommate Matching"
"61y0ywr","Hub Raleigh","Community Features","Community Features","103","Walk to campus"
"61y0ywr","Hub Raleigh","Lease Information","Lease Information","18","Flexible/Other lease"
"61y0ywr","Hub Raleigh","Security","Security","96","Gated Community"
"61y0ywr","Hub Raleigh","Laundry","Laundry","9","Washer/Dryer in Unit"
"61y0ywr","Hub Raleigh","Convenient For","Convenient For","981","Undergraduates"
"61y0ywr","Hub Raleigh","Convenient For","Convenient For","982","Graduate Students"
"61y0ywr","Hub Raleigh","Convenient For","Convenient For","983","Faculty/Staff"
"61y0ywr","Hub Raleigh","Unique Features","Unique Features","","Rooftop Pool, Wellness Spa & Much More!"
"ocp1tnqde5","2 blocks from central campus, 2 blocks from Village District!","Lease Information","Lease Information","16","12 month lease"
"ocp1tnqde5","2 blocks from central campus, 2 blocks from Village District!","Lease Information","Lease Information","88","2 Year"
"ocp1tnqde5","2 blocks from central campus, 2 blocks from Village District!","Unit Features","Unit Features","1","Air Conditioning"
"ocp1tnqde5","2 blocks from central campus, 2 blocks from Village District!","Unit Features","Unit Features","26","Dishwasher"
"ocp1tnqde5","2 blocks from central campus, 2 blocks from Village District!","Unit Features","Unit Features","83","Garden/Yard"
"ocp1tnqde5","2 blocks from central campus, 2 blocks from Village District!","Unit Features","Unit Features","21","Hardwood Floors"
"ocp1tnqde5","2 blocks from central campus, 2 blocks from Village District!","Unit Features","Unit Features","303","High-Speed Internet Available"
"ocp1tnqde5","2 blocks from central campus, 2 blocks from Village District!","Unit Features","Unit Features","71","Outdoor Space"
"ocp1tnqde5","2 blocks from central campus, 2 blocks from Village District!","Unit Features","Unit Features","6","Patio, Balcony, Porch or Deck"
"ocp1tnqde5","2 blocks from central campus, 2 blocks from Village District!","Unit Features","Unit Features","41","Smoke-Free"
"ocp1tnqde5","2 blocks from central campus, 2 blocks from Village District!","Security","Security","99","Exterior Lighting"
"ocp1tnqde5","2 blocks from central campus, 2 blocks from Village District!","Community Features","Community Features","103","Walk to campus"
"ocp1tnqde5","2 blocks from central campus, 2 blocks from Village District!","Laundry","Laundry","9","Washer/Dryer in Unit"
"ocp1tnqde5","2 blocks from central campus, 2 blocks from Village District!","Convenient For","Convenient For","981","Undergraduates"
"ocp1tnqde5","2 blocks from central campus, 2 blocks from Village District!","Convenient For","Convenient For","982","Graduate Students"
"ocp1tnqde5","2 blocks from central campus, 2 blocks from Village District!","Convenient For","Convenient For","983","Faculty/Staff"
"dw0f7sh","Campus Edge","Unit Features","Unit Features","1","Air Conditioning"
"dw0f7sh","Campus Edge","Unit Features","Unit Features","20","Carpet"
"dw0f7sh","Campus Edge","Unit Features","Unit Features","15","Disability Accessible"
"dw0f7sh","Campus Edge","Unit Features","Unit Features","26","Dishwasher"
"dw0f7sh","Campus Edge","Unit Features","Unit Features","7","Furnished"
"dw0f7sh","Campus Edge","Unit Features","Unit Features","82","Garbage Disposal"
"dw0f7sh","Campus Edge","Unit Features","Unit Features","21","Hardwood Floors"
"dw0f7sh","Campus Edge","Unit Features","Unit Features","303","High-Speed Internet Available"
"dw0f7sh","Campus Edge","Unit Features","Unit Features","6","Patio, Balcony, Porch or Deck"
"dw0f7sh","Campus Edge","Unit Features","Unit Features","41","Smoke-Free"
"dw0f7sh","Campus Edge","Community Features","Community Features","265","Clubhouse"
"dw0f7sh","Campus Edge","Community Features","Community Features","45","Fitness Room"
"dw0f7sh","Campus Edge","Community Features","Community Features","46","Individual Leases"
"dw0f7sh","Campus Edge","Community Features","Community Features","10","Pool"
"dw0f7sh","Campus Edge","Community Features","Community Features","44","Roommate Matching"
"dw0f7sh","Campus Edge","University Features","University Features","74","Private Shuttle to Campus"
"dw0f7sh","Campus Edge","Laundry","Laundry","9","Washer/Dryer in Unit"
"dw0f7sh","Campus Edge","Convenient For","Convenient For","981","Undergraduates"
"dw0f7sh","Campus Edge","Convenient For","Convenient For","982","Graduate Students"
"dw0f7sh","Campus Edge","Convenient For","Convenient For","983","Faculty/Staff"
"dw0f7sh","Campus Edge","Unique Features","Unique Features","","24-hour Emergency Maintenance"
"dw0f7sh","Campus Edge","Unique Features","Unique Features","","24-hour Study Cafe Lounge"
"dw0f7sh","Campus Edge","Unique Features","Unique Features","","Car Wash Station"
"dw0f7sh","Campus Edge","Unique Features","Unique Features","","Computer Lab with Mac Computers and Free Printing"
"dw0f7sh","Campus Edge","Unique Features","Unique Features","","Garage"
"dw0f7sh","Campus Edge","Unique Features","Unique Features","","Internet Access: High-Speed"
"dw0f7sh","Campus Edge","Unique Features","Unique Features","","Private Study Room"
"dw0f7sh","Campus Edge","Unique Features","Unique Features","","Smart Locks with Keyless Entry"
"ocp85fz0j3","Brand-New 4BR Townhomes - Eight at State","Unit Features","Unit Features","1","Air Conditioning"
"ocp85fz0j3","Brand-New 4BR Townhomes - Eight at State","Unit Features","Unit Features","20","Carpet"
"ocp85fz0j3","Brand-New 4BR Townhomes - Eight at State","Unit Features","Unit Features","26","Dishwasher"
"ocp85fz0j3","Brand-New 4BR Townhomes - Eight at State","Unit Features","Unit Features","80","Extra Storage"
"ocp85fz0j3","Brand-New 4BR Townhomes - Eight at State","Unit Features","Unit Features","21","Hardwood Floors"
"ocp85fz0j3","Brand-New 4BR Townhomes - Eight at State","Unit Features","Unit Features","303","High-Speed Internet Available"
"ocp85fz0j3","Brand-New 4BR Townhomes - Eight at State","Unit Features","Unit Features","71","Outdoor Space"
"ocp85fz0j3","Brand-New 4BR Townhomes - Eight at State","Unit Features","Unit Features","6","Patio, Balcony, Porch or Deck"
"ocp85fz0j3","Brand-New 4BR Townhomes - Eight at State","Unit Features","Unit Features","41","Smoke-Free"
"ocp85fz0j3","Brand-New 4BR Townhomes - Eight at State","Security","Security","95","Dead-Bolt Locks"
"ocp85fz0j3","Brand-New 4BR Townhomes - Eight at State","Security","Security","99","Exterior Lighting"
"ocp85fz0j3","Brand-New 4BR Townhomes - Eight at State","Community Features","Community Features","19","Near Bus Stop"
"ocp85fz0j3","Brand-New 4BR Townhomes - Eight at State","Community Features","Community Features","103","Walk to campus"
"ocp85fz0j3","Brand-New 4BR Townhomes - Eight at State","Laundry","Laundry","9","Washer/Dryer in Unit"
"ocp85fz0j3","Brand-New 4BR Townhomes - Eight at State","Convenient For","Convenient For","981","Undergraduates"
"ocp85fz0j3","Brand-New 4BR Townhomes - Eight at State","Convenient For","Convenient For","982","Graduate Students"
"zfcjzqy","Yugo Raleigh Logan","Unit Features","Unit Features","1","Air Conditioning"
"zfcjzqy","Yugo Raleigh Logan","Unit Features","Unit Features","15","Disability Accessible"
"zfcjzqy","Yugo Raleigh Logan","Unit Features","Unit Features","26","Dishwasher"
"zfcjzqy","Yugo Raleigh Logan","Unit Features","Unit Features","80","Extra Storage"
"zfcjzqy","Yugo Raleigh Logan","Unit Features","Unit Features","7","Furnished"
"zfcjzqy","Yugo Raleigh Logan","Unit Features","Unit Features","82","Garbage Disposal"
"zfcjzqy","Yugo Raleigh Logan","Unit Features","Unit Features","21","Hardwood Floors"
"zfcjzqy","Yugo Raleigh Logan","Unit Features","Unit Features","303","High-Speed Internet Available"
"zfcjzqy","Yugo Raleigh Logan","Unit Features","Unit Features","6","Patio, Balcony, Porch or Deck"
"zfcjzqy","Yugo Raleigh Logan","Community Features","Community Features","265","Clubhouse"
"zfcjzqy","Yugo Raleigh Logan","Community Features","Community Features","81","Elevator"
"zfcjzqy","Yugo Raleigh Logan","Community Features","Community Features","45","Fitness Room"
"zfcjzqy","Yugo Raleigh Logan","Community Features","Community Features","44","Roommate Matching"
"zfcjzqy","Yugo Raleigh Logan","Community Features","Community Features","103","Walk to campus"
"zfcjzqy","Yugo Raleigh Logan","Lease Information","Lease Information","18","Flexible/Other lease"
"zfcjzqy","Yugo Raleigh Logan","Laundry","Laundry","9","Washer/Dryer in Unit"
"zfcjzqy","Yugo Raleigh Logan","Convenient For","Convenient For","981","Undergraduates"
"zfcjzqy","Yugo Raleigh Logan","Convenient For","Convenient For","982","Graduate Students"
"zfcjzqy","Yugo Raleigh Logan","Convenient For","Convenient For","983","Faculty/Staff"
"zfcjzqy","Yugo Raleigh Logan","Unique Features","Unique Features","","55'' 4K Sony Smart TV's in Each Apartment"
"zfcjzqy","Yugo Raleigh Logan","Unique Features","Unique Features","","9' Ceilings"
"zfcjzqy","Yugo Raleigh Logan","Unique Features","Unique Features","","All Utilities Included (with electric cap)"
"zfcjzqy","Yugo Raleigh Logan","Unique Features","Unique Features","","Balconies included on select floor plans"
"zfcjzqy","Yugo Raleigh Logan","Unique Features","Unique Features","","Balconies Included on Select Floorplans"
"zfcjzqy","Yugo Raleigh Logan","Unique Features","Unique Features","","BBQ Grills"
"zfcjzqy","Yugo Raleigh Logan","Unique Features","Unique Features","","Covered Parking Garage"
"zfcjzqy","Yugo Raleigh Logan","Unique Features","Unique Features","","Full Size In-Unit Washer and Dryer"
"zfcjzqy","Yugo Raleigh Logan","Unique Features","Unique Features","","Fully Furnished Apartments"
"zfcjzqy","Yugo Raleigh Logan","Unique Features","Unique Features","","High Speed Internet"
"zfcjzqy","Yugo Raleigh Logan","Unique Features","Unique Features","","High-Speed Internet Provided"
"zfcjzqy","Yugo Raleigh Logan","Unique Features","Unique Features","","Large Windows Throughout"
"zfcjzqy","Yugo Raleigh Logan","Unique Features","Unique Features","","Media Room"
"zfcjzqy","Yugo Raleigh Logan","Unique Features","Unique Features","","On-site maintenance"
"zfcjzqy","Yugo Raleigh Logan","Unique Features","Unique Features","","Private Bathrooms"
"zfcjzqy","Yugo Raleigh Logan","Unique Features","Unique Features","","Private Bedrooms"
"zfcjzqy","Yugo Raleigh Logan","Unique Features","Unique Features","","Private Community Courtyard"
"zfcjzqy","Yugo Raleigh Logan","Unique Features","Unique Features","","Roommate Matching Available"
"zfcjzqy","Yugo Raleigh Logan","Unique Features","Unique Features","","Sonos Sound Bars in Each Apartment"
"zfcjzqy","Yugo Raleigh Logan","Unique Features","Unique Features","","Stainless Steel Appliances"
"zfcjzqy","Yugo Raleigh Logan","Unique Features","Unique Features","","Steps Off of Hillsborough"
"zfcjzqy","Yugo Raleigh Logan","Unique Features","Unique Features","","Study Room"
"zfcjzqy","Yugo Raleigh Logan","Unique Features","Unique Features","","TV Lounge"
"zfcjzqy","Yugo Raleigh Logan","Unique Features","Unique Features","","Walk-in Closets on select floor plans"
"zfcjzqy","Yugo Raleigh Logan","Unique Features","Unique Features","","Walk-in Closets on Select Floorplans"
"ocpx3vt61n","FURNISHED NCSU STUDENT HOUSING – TOWNHOME ROOM RENTAL WITH PRIVATE BATHROOM ($850/room)","Unit Features","Unit Features","1","Air Conditioning"
"ocpx3vt61n","FURNISHED NCSU STUDENT HOUSING – TOWNHOME ROOM RENTAL WITH PRIVATE BATHROOM ($850/room)","Unit Features","Unit Features","26","Dishwasher"
"ocpx3vt61n","FURNISHED NCSU STUDENT HOUSING – TOWNHOME ROOM RENTAL WITH PRIVATE BATHROOM ($850/room)","Unit Features","Unit Features","7","Furnished"
"ocpx3vt61n","FURNISHED NCSU STUDENT HOUSING – TOWNHOME ROOM RENTAL WITH PRIVATE BATHROOM ($850/room)","Unit Features","Unit Features","82","Garbage Disposal"
"ocpx3vt61n","FURNISHED NCSU STUDENT HOUSING – TOWNHOME ROOM RENTAL WITH PRIVATE BATHROOM ($850/room)","Unit Features","Unit Features","21","Hardwood Floors"
"ocpx3vt61n","FURNISHED NCSU STUDENT HOUSING – TOWNHOME ROOM RENTAL WITH PRIVATE BATHROOM ($850/room)","Unit Features","Unit Features","303","High-Speed Internet Available"
"ocpx3vt61n","FURNISHED NCSU STUDENT HOUSING – TOWNHOME ROOM RENTAL WITH PRIVATE BATHROOM ($850/room)","Security","Security","99","Exterior Lighting"
"ocpx3vt61n","FURNISHED NCSU STUDENT HOUSING – TOWNHOME ROOM RENTAL WITH PRIVATE BATHROOM ($850/room)","Community Features","Community Features","46","Individual Leases"
"ocpx3vt61n","FURNISHED NCSU STUDENT HOUSING – TOWNHOME ROOM RENTAL WITH PRIVATE BATHROOM ($850/room)","Community Features","Community Features","43","International Student Friendly"
"ocpx3vt61n","FURNISHED NCSU STUDENT HOUSING – TOWNHOME ROOM RENTAL WITH PRIVATE BATHROOM ($850/room)","Community Features","Community Features","19","Near Bus Stop"
"ocpx3vt61n","FURNISHED NCSU STUDENT HOUSING – TOWNHOME ROOM RENTAL WITH PRIVATE BATHROOM ($850/room)","Laundry","Laundry","9","Washer/Dryer in Unit"
"ocpx3vt61n","FURNISHED NCSU STUDENT HOUSING – TOWNHOME ROOM RENTAL WITH PRIVATE BATHROOM ($850/room)","Convenient For","Convenient For","981","Undergraduates"
"ocpx3vt61n","FURNISHED NCSU STUDENT HOUSING – TOWNHOME ROOM RENTAL WITH PRIVATE BATHROOM ($850/room)","Convenient For","Convenient For","982","Graduate Students"
"ocpx3vt61n","FURNISHED NCSU STUDENT HOUSING – TOWNHOME ROOM RENTAL WITH PRIVATE BATHROOM ($850/room)","Convenient For","Convenient For","983","Faculty/Staff"
"9rxe6j6","The Dakota","Lease Information","Lease Information","16","12 month lease"
"9rxe6j6","The Dakota","Lease Information","Lease Information","17","9 month lease"
"9rxe6j6","The Dakota","Lease Information","Lease Information","18","Flexible/Other lease"
"9rxe6j6","The Dakota","Lease Information","Lease Information","42","Short-Term lease"
"9rxe6j6","The Dakota","Unit Features","Unit Features","1","Air Conditioning"
"9rxe6j6","The Dakota","Unit Features","Unit Features","303","High-Speed Internet Available"
"9rxe6j6","The Dakota","Unit Features","Unit Features","6","Patio, Balcony, Porch or Deck"
"9rxe6j6","The Dakota","Community Features","Community Features","45","Fitness Room"
"9rxe6j6","The Dakota","Community Features","Community Features","10","Pool"
"9rxe6j6","The Dakota","Convenient For","Convenient For","981","Undergraduates"
"9rxe6j6","The Dakota","Convenient For","Convenient For","982","Graduate Students"
"9rxe6j6","The Dakota","Convenient For","Convenient For","983","Faculty/Staff"
"9rxe6j6","The Dakota","Unique Features","Unique Features","","Charming Subway Tile Backsplash in Kitchen"
"9rxe6j6","The Dakota","Unique Features","Unique Features","","Chrome Fixtures"
"9rxe6j6","The Dakota","Unique Features","Unique Features","","Common Area and Amenity Space Wifi"
"9rxe6j6","The Dakota","Unique Features","Unique Features","","Conference Room"
"9rxe6j6","The Dakota","Unique Features","Unique Features","","Exclusive Balconies with Private Views"
"9rxe6j6","The Dakota","Unique Features","Unique Features","","Full Access Clubroom and Complimentary Coffee Bar"
"9rxe6j6","The Dakota","Unique Features","Unique Features","","Gas Grilling Station"
"9rxe6j6","The Dakota","Unique Features","Unique Features","","Hammock Pack"
"9rxe6j6","The Dakota","Unique Features","Unique Features","","Nest Thermostats"
"9rxe6j6","The Dakota","Unique Features","Unique Features","","Opulent Walk-in Closets"
"9rxe6j6","The Dakota","Unique Features","Unique Features","","Package Lockers"
"9rxe6j6","The Dakota","Unique Features","Unique Features","","Pool Kitchen"
"9rxe6j6","The Dakota","Unique Features","Unique Features","","Resort Style Pool with Wading Deck"
"9rxe6j6","The Dakota","Unique Features","Unique Features","","Stainless Steel Appliances"
"9rxe6j6","The Dakota","Unique Features","Unique Features","","Under Mount Single-Basin Kitchen Sinks"
"9rxe6j6","The Dakota","Unique Features","Unique Features","","Upgraded Lighting"
"9rxe6j6","The Dakota","Unique Features","Unique Features","","Upgraded Vinyl Plank Flooring Throughout ..."
"9rxe6j6","The Dakota","Unique Features","Unique Features","","Upper Level Flex Space"
"9rxe6j6","The Dakota","Unique Features","Unique Features","","Yoga & Spin Room"
"9rxe6j6","The Dakota","Unique Features","Unique Features","","Your Choice of Two Designer Collections ..."
"ocp5km4x4p","Private Townhome in North Raleigh","Unit Features","Unit Features","1","Air Conditioning"
"ocp5km4x4p","Private Townhome in North Raleigh","Unit Features","Unit Features","20","Carpet"
"ocp5km4x4p","Private Townhome in North Raleigh","Unit Features","Unit Features","26","Dishwasher"
"ocp5km4x4p","Private Townhome in North Raleigh","Unit Features","Unit Features","82","Garbage Disposal"
"ocp5km4x4p","Private Townhome in North Raleigh","Unit Features","Unit Features","83","Garden/Yard"
"ocp5km4x4p","Private Townhome in North Raleigh","Unit Features","Unit Features","21","Hardwood Floors"
"ocp5km4x4p","Private Townhome in North Raleigh","Unit Features","Unit Features","71","Outdoor Space"
"ocp5km4x4p","Private Townhome in North Raleigh","Unit Features","Unit Features","6","Patio, Balcony, Porch or Deck"
"ocp5km4x4p","Private Townhome in North Raleigh","Security","Security","95","Dead-Bolt Locks"
"ocp5km4x4p","Private Townhome in North Raleigh","Community Features","Community Features","19","Near Bus Stop"
"ocp5km4x4p","Private Townhome in North Raleigh","Laundry","Laundry","33","Washer/Dryer Hookups"
"ocp5km4x4p","Private Townhome in North Raleigh","Laundry","Laundry","9","Washer/Dryer in Unit"
"ocp5km4x4p","Private Townhome in North Raleigh","Convenient For","Convenient For","981","Undergraduates"
"ocp5km4x4p","Private Townhome in North Raleigh","Convenient For","Convenient For","982","Graduate Students"
"ocp5km4x4p","Private Townhome in North Raleigh","Convenient For","Convenient For","983","Faculty/Staff"
"xr4rsmq","Pine Knoll Apartments","Lease Information","Lease Information","16","12 month lease"
"xr4rsmq","Pine Knoll Apartments","Lease Information","Lease Information","17","9 month lease"
"xr4rsmq","Pine Knoll Apartments","Lease Information","Lease Information","18","Flexible/Other lease"
"xr4rsmq","Pine Knoll Apartments","Unit Features","Unit Features","1","Air Conditioning"
"xr4rsmq","Pine Knoll Apartments","Unit Features","Unit Features","26","Dishwasher"
"xr4rsmq","Pine Knoll Apartments","Unit Features","Unit Features","303","High-Speed Internet Available"
"xr4rsmq","Pine Knoll Apartments","Unit Features","Unit Features","6","Patio, Balcony, Porch or Deck"
"xr4rsmq","Pine Knoll Apartments","Unit Features","Unit Features","41","Smoke-Free"
"xr4rsmq","Pine Knoll Apartments","Laundry","Laundry","104","Laundry Access"
"xr4rsmq","Pine Knoll Apartments","Laundry","Laundry","12","Laundry Room in Community"
"xr4rsmq","Pine Knoll Apartments","Convenient For","Convenient For","981","Undergraduates"
"xr4rsmq","Pine Knoll Apartments","Convenient For","Convenient For","982","Graduate Students"
"xr4rsmq","Pine Knoll Apartments","Convenient For","Convenient For","983","Faculty/Staff"
"xr4rsmq","Pine Knoll Apartments","Unique Features","Unique Features","","Ncsu"
"xr4rsmq","Pine Knoll Apartments","Unique Features","Unique Features","","Water"
"xr4rsmq","Pine Knoll Apartments","Unique Features","Unique Features","","Wifi"
"ocpwwwe8yh","FURNISHED TOWNHOME RENTAL – 10 Mins to NCSU - 3 Bedroom - starting $750 per room","Unit Features","Unit Features","1","Air Conditioning"
"ocpwwwe8yh","FURNISHED TOWNHOME RENTAL – 10 Mins to NCSU - 3 Bedroom - starting $750 per room","Unit Features","Unit Features","26","Dishwasher"
"ocpwwwe8yh","FURNISHED TOWNHOME RENTAL – 10 Mins to NCSU - 3 Bedroom - starting $750 per room","Unit Features","Unit Features","82","Garbage Disposal"
"ocpwwwe8yh","FURNISHED TOWNHOME RENTAL – 10 Mins to NCSU - 3 Bedroom - starting $750 per room","Unit Features","Unit Features","83","Garden/Yard"
"ocpwwwe8yh","FURNISHED TOWNHOME RENTAL – 10 Mins to NCSU - 3 Bedroom - starting $750 per room","Unit Features","Unit Features","21","Hardwood Floors"
"ocpwwwe8yh","FURNISHED TOWNHOME RENTAL – 10 Mins to NCSU - 3 Bedroom - starting $750 per room","Unit Features","Unit Features","303","High-Speed Internet Available"
"ocpwwwe8yh","FURNISHED TOWNHOME RENTAL – 10 Mins to NCSU - 3 Bedroom - starting $750 per room","Unit Features","Unit Features","71","Outdoor Space"
"ocpwwwe8yh","FURNISHED TOWNHOME RENTAL – 10 Mins to NCSU - 3 Bedroom - starting $750 per room","Unit Features","Unit Features","6","Patio, Balcony, Porch or Deck"
"ocpwwwe8yh","FURNISHED TOWNHOME RENTAL – 10 Mins to NCSU - 3 Bedroom - starting $750 per room","Security","Security","99","Exterior Lighting"
"ocpwwwe8yh","FURNISHED TOWNHOME RENTAL – 10 Mins to NCSU - 3 Bedroom - starting $750 per room","Community Features","Community Features","46","Individual Leases"
"ocpwwwe8yh","FURNISHED TOWNHOME RENTAL – 10 Mins to NCSU - 3 Bedroom - starting $750 per room","Community Features","Community Features","43","International Student Friendly"
"ocpwwwe8yh","FURNISHED TOWNHOME RENTAL – 10 Mins to NCSU - 3 Bedroom - starting $750 per room","Community Features","Community Features","19","Near Bus Stop"
"ocpwwwe8yh","FURNISHED TOWNHOME RENTAL – 10 Mins to NCSU - 3 Bedroom - starting $750 per room","Laundry","Laundry","9","Washer/Dryer in Unit"
"ocpwwwe8yh","FURNISHED TOWNHOME RENTAL – 10 Mins to NCSU - 3 Bedroom - starting $750 per room","Convenient For","Convenient For","981","Undergraduates"
"ocpwwwe8yh","FURNISHED TOWNHOME RENTAL – 10 Mins to NCSU - 3 Bedroom - starting $750 per room","Convenient For","Convenient For","982","Graduate Students"
"ocpwwwe8yh","FURNISHED TOWNHOME RENTAL – 10 Mins to NCSU - 3 Bedroom - starting $750 per room","Convenient For","Convenient For","983","Faculty/Staff"
"5je4q3n","Signature 1505","Unit Features","Unit Features","1","Air Conditioning"
"5je4q3n","Signature 1505","Unit Features","Unit Features","20","Carpet"
"5je4q3n","Signature 1505","Unit Features","Unit Features","15","Disability Accessible"
"5je4q3n","Signature 1505","Unit Features","Unit Features","26","Dishwasher"
"5je4q3n","Signature 1505","Unit Features","Unit Features","7","Furnished"
"5je4q3n","Signature 1505","Unit Features","Unit Features","82","Garbage Disposal"
"5je4q3n","Signature 1505","Unit Features","Unit Features","303","High-Speed Internet Available"
"5je4q3n","Signature 1505","Unit Features","Unit Features","6","Patio, Balcony, Porch or Deck"
"5je4q3n","Signature 1505","Unit Features","Unit Features","41","Smoke-Free"
"5je4q3n","Signature 1505","Community Features","Community Features","265","Clubhouse"
"5je4q3n","Signature 1505","Community Features","Community Features","81","Elevator"
"5je4q3n","Signature 1505","Community Features","Community Features","45","Fitness Room"
"5je4q3n","Signature 1505","Community Features","Community Features","46","Individual Leases"
"5je4q3n","Signature 1505","Community Features","Community Features","10","Pool"
"5je4q3n","Signature 1505","Community Features","Community Features","44","Roommate Matching"
"5je4q3n","Signature 1505","Community Features","Community Features","103","Walk to campus"
"5je4q3n","Signature 1505","Laundry","Laundry","9","Washer/Dryer in Unit"
"5je4q3n","Signature 1505","Convenient For","Convenient For","981","Undergraduates"
"5je4q3n","Signature 1505","Convenient For","Convenient For","982","Graduate Students"
"5je4q3n","Signature 1505","Convenient For","Convenient For","983","Faculty/Staff"
"5je4q3n","Signature 1505","Unique Features","Unique Features","","Bike Racks"
"5je4q3n","Signature 1505","Unique Features","Unique Features","","Golf Simulator"
"5je4q3n","Signature 1505","Unique Features","Unique Features","","Package Locker System"
"ocptf3fhqb","Spacious 2BD/1BA apartment available 08/01/26- 1 block from the NCSU McKimmon Center!","Unit Features","Unit Features","1","Air Conditioning"
"ocptf3fhqb","Spacious 2BD/1BA apartment available 08/01/26- 1 block from the NCSU McKimmon Center!","Unit Features","Unit Features","26","Dishwasher"
"ocptf3fhqb","Spacious 2BD/1BA apartment available 08/01/26- 1 block from the NCSU McKimmon Center!","Unit Features","Unit Features","21","Hardwood Floors"
"ocptf3fhqb","Spacious 2BD/1BA apartment available 08/01/26- 1 block from the NCSU McKimmon Center!","Unit Features","Unit Features","303","High-Speed Internet Available"
"ocptf3fhqb","Spacious 2BD/1BA apartment available 08/01/26- 1 block from the NCSU McKimmon Center!","Unit Features","Unit Features","71","Outdoor Space"
"ocptf3fhqb","Spacious 2BD/1BA apartment available 08/01/26- 1 block from the NCSU McKimmon Center!","Unit Features","Unit Features","6","Patio, Balcony, Porch or Deck"
"ocptf3fhqb","Spacious 2BD/1BA apartment available 08/01/26- 1 block from the NCSU McKimmon Center!","Unit Features","Unit Features","41","Smoke-Free"
"ocptf3fhqb","Spacious 2BD/1BA apartment available 08/01/26- 1 block from the NCSU McKimmon Center!","Community Features","Community Features","43","International Student Friendly"
"ocptf3fhqb","Spacious 2BD/1BA apartment available 08/01/26- 1 block from the NCSU McKimmon Center!","Community Features","Community Features","19","Near Bus Stop"
"ocptf3fhqb","Spacious 2BD/1BA apartment available 08/01/26- 1 block from the NCSU McKimmon Center!","Community Features","Community Features","103","Walk to campus"
"ocptf3fhqb","Spacious 2BD/1BA apartment available 08/01/26- 1 block from the NCSU McKimmon Center!","Laundry","Laundry","9","Washer/Dryer in Unit"
"ocptf3fhqb","Spacious 2BD/1BA apartment available 08/01/26- 1 block from the NCSU McKimmon Center!","Convenient For","Convenient For","981","Undergraduates"
"ocptf3fhqb","Spacious 2BD/1BA apartment available 08/01/26- 1 block from the NCSU McKimmon Center!","Convenient For","Convenient For","982","Graduate Students"
"ocptf3fhqb","Spacious 2BD/1BA apartment available 08/01/26- 1 block from the NCSU McKimmon Center!","Convenient For","Convenient For","983","Faculty/Staff"
"h2l8mh2","Redfield Villages","Unit Features","Unit Features","1","Air Conditioning"
"h2l8mh2","Redfield Villages","Unit Features","Unit Features","15","Disability Accessible"
"h2l8mh2","Redfield Villages","Unit Features","Unit Features","26","Dishwasher"
"h2l8mh2","Redfield Villages","Unit Features","Unit Features","8","Fireplace"
"h2l8mh2","Redfield Villages","Unit Features","Unit Features","82","Garbage Disposal"
"h2l8mh2","Redfield Villages","Unit Features","Unit Features","83","Garden/Yard"
"h2l8mh2","Redfield Villages","Unit Features","Unit Features","21","Hardwood Floors"
"h2l8mh2","Redfield Villages","Unit Features","Unit Features","303","High-Speed Internet Available"
"h2l8mh2","Redfield Villages","Unit Features","Unit Features","468","Loft"
"h2l8mh2","Redfield Villages","Unit Features","Unit Features","6","Patio, Balcony, Porch or Deck"
"h2l8mh2","Redfield Villages","Unit Features","Unit Features","41","Smoke-Free"
"h2l8mh2","Redfield Villages","Community Features","Community Features","46","Individual Leases"
"h2l8mh2","Redfield Villages","Community Features","Community Features","44","Roommate Matching"
"h2l8mh2","Redfield Villages","Community Features","Community Features","103","Walk to campus"
"h2l8mh2","Redfield Villages","Laundry","Laundry","104","Laundry Access"
"h2l8mh2","Redfield Villages","Laundry","Laundry","12","Laundry Room in Community"
"h2l8mh2","Redfield Villages","Laundry","Laundry","9","Washer/Dryer in Unit"
"h2l8mh2","Redfield Villages","Convenient For","Convenient For","981","Undergraduates"
"h2l8mh2","Redfield Villages","Convenient For","Convenient For","982","Graduate Students"
"h2l8mh2","Redfield Villages","Convenient For","Convenient For","983","Faculty/Staff"
"ocpthnbmc9","Luxury 4 Bedroom 4 Full Bath w free parking, 1 gig internet included. 2027-2028 School yea","Unit Features","Unit Features","1","Air Conditioning"
"ocpthnbmc9","Luxury 4 Bedroom 4 Full Bath w free parking, 1 gig internet included. 2027-2028 School yea","Unit Features","Unit Features","26","Dishwasher"
"ocpthnbmc9","Luxury 4 Bedroom 4 Full Bath w free parking, 1 gig internet included. 2027-2028 School yea","Unit Features","Unit Features","21","Hardwood Floors"
"ocpthnbmc9","Luxury 4 Bedroom 4 Full Bath w free parking, 1 gig internet included. 2027-2028 School yea","Unit Features","Unit Features","303","High-Speed Internet Available"
"ocpthnbmc9","Luxury 4 Bedroom 4 Full Bath w free parking, 1 gig internet included. 2027-2028 School yea","Unit Features","Unit Features","41","Smoke-Free"
"ocpthnbmc9","Luxury 4 Bedroom 4 Full Bath w free parking, 1 gig internet included. 2027-2028 School yea","Security","Security","95","Dead-Bolt Locks"
"ocpthnbmc9","Luxury 4 Bedroom 4 Full Bath w free parking, 1 gig internet included. 2027-2028 School yea","Security","Security","99","Exterior Lighting"
"ocpthnbmc9","Luxury 4 Bedroom 4 Full Bath w free parking, 1 gig internet included. 2027-2028 School yea","Community Features","Community Features","19","Near Bus Stop"
"ocpthnbmc9","Luxury 4 Bedroom 4 Full Bath w free parking, 1 gig internet included. 2027-2028 School yea","Laundry","Laundry","9","Washer/Dryer in Unit"
"ocpthnbmc9","Luxury 4 Bedroom 4 Full Bath w free parking, 1 gig internet included. 2027-2028 School yea","Convenient For","Convenient For","981","Undergraduates"
"ocpthnbmc9","Luxury 4 Bedroom 4 Full Bath w free parking, 1 gig internet included. 2027-2028 School yea","Convenient For","Convenient For","982","Graduate Students"
"ocpthnbmc9","Luxury 4 Bedroom 4 Full Bath w free parking, 1 gig internet included. 2027-2028 School yea","Convenient For","Convenient For","983","Faculty/Staff"
"vw4rv9e","Signature at Varsity","Lease Information","Lease Information","17","9 month lease"
"vw4rv9e","Signature at Varsity","Lease Information","Lease Information","18","Flexible/Other lease"
"vw4rv9e","Signature at Varsity","Unit Features","Unit Features","1","Air Conditioning"
"vw4rv9e","Signature at Varsity","Unit Features","Unit Features","15","Disability Accessible"
"vw4rv9e","Signature at Varsity","Unit Features","Unit Features","26","Dishwasher"
"vw4rv9e","Signature at Varsity","Unit Features","Unit Features","80","Extra Storage"
"vw4rv9e","Signature at Varsity","Unit Features","Unit Features","7","Furnished"
"vw4rv9e","Signature at Varsity","Unit Features","Unit Features","82","Garbage Disposal"
"vw4rv9e","Signature at Varsity","Unit Features","Unit Features","21","Hardwood Floors"
"vw4rv9e","Signature at Varsity","Unit Features","Unit Features","303","High-Speed Internet Available"
"vw4rv9e","Signature at Varsity","Unit Features","Unit Features","6","Patio, Balcony, Porch or Deck"
"vw4rv9e","Signature at Varsity","Unit Features","Unit Features","41","Smoke-Free"
"vw4rv9e","Signature at Varsity","Community Features","Community Features","265","Clubhouse"
"vw4rv9e","Signature at Varsity","Community Features","Community Features","81","Elevator"
"vw4rv9e","Signature at Varsity","Community Features","Community Features","45","Fitness Room"
"vw4rv9e","Signature at Varsity","Community Features","Community Features","46","Individual Leases"
"vw4rv9e","Signature at Varsity","Community Features","Community Features","10","Pool"
"vw4rv9e","Signature at Varsity","Community Features","Community Features","44","Roommate Matching"
"vw4rv9e","Signature at Varsity","Community Features","Community Features","103","Walk to campus"
"vw4rv9e","Signature at Varsity","Laundry","Laundry","9","Washer/Dryer in Unit"
"vw4rv9e","Signature at Varsity","Convenient For","Convenient For","981","Undergraduates"
"vw4rv9e","Signature at Varsity","Convenient For","Convenient For","982","Graduate Students"
"vw4rv9e","Signature at Varsity","Convenient For","Convenient For","983","Faculty/Staff"
"vw4rv9e","Signature at Varsity","Unique Features","Unique Features","","Courtyard Games"
"vw4rv9e","Signature at Varsity","Unique Features","Unique Features","","E-sports Gaming Lounge"
"vw4rv9e","Signature at Varsity","Unique Features","Unique Features","","EV Charging Stations"
"vw4rv9e","Signature at Varsity","Unique Features","Unique Features","","Fire Pit"
"vw4rv9e","Signature at Varsity","Unique Features","Unique Features","","Keyless Entry"
"vw4rv9e","Signature at Varsity","Unique Features","Unique Features","","Led Vanity Mirrors"
"vw4rv9e","Signature at Varsity","Unique Features","Unique Features","","Onsite Bike Storage"
"vw4rv9e","Signature at Varsity","Unique Features","Unique Features","","Poolside Jumbotron"
"vw4rv9e","Signature at Varsity","Unique Features","Unique Features","","Rooftop Clubroom and Terrace"
"vw4rv9e","Signature at Varsity","Unique Features","Unique Features","","Rooftop Deck"
"vw4rv9e","Signature at Varsity","Unique Features","Unique Features","","Rooftop Grilling Area"
"vw4rv9e","Signature at Varsity","Unique Features","Unique Features","","Rooftop Pool"
"vw4rv9e","Signature at Varsity","Unique Features","Unique Features","","Rooftop Zen Garden"
"vw4rv9e","Signature at Varsity","Unique Features","Unique Features","","Sky Lounge"
"vw4rv9e","Signature at Varsity","Unique Features","Unique Features","","Valet Trash"
"ocp8c26c92","Fully Furnished 3BR Townhome Steps from Lake Johnson","Unit Features","Unit Features","1","Air Conditioning"
"ocp8c26c92","Fully Furnished 3BR Townhome Steps from Lake Johnson","Unit Features","Unit Features","20","Carpet"
"ocp8c26c92","Fully Furnished 3BR Townhome Steps from Lake Johnson","Unit Features","Unit Features","26","Dishwasher"
"ocp8c26c92","Fully Furnished 3BR Townhome Steps from Lake Johnson","Unit Features","Unit Features","80","Extra Storage"
"ocp8c26c92","Fully Furnished 3BR Townhome Steps from Lake Johnson","Unit Features","Unit Features","8","Fireplace"
"ocp8c26c92","Fully Furnished 3BR Townhome Steps from Lake Johnson","Unit Features","Unit Features","7","Furnished"
"ocp8c26c92","Fully Furnished 3BR Townhome Steps from Lake Johnson","Unit Features","Unit Features","82","Garbage Disposal"
"ocp8c26c92","Fully Furnished 3BR Townhome Steps from Lake Johnson","Unit Features","Unit Features","83","Garden/Yard"
"ocp8c26c92","Fully Furnished 3BR Townhome Steps from Lake Johnson","Unit Features","Unit Features","21","Hardwood Floors"
"ocp8c26c92","Fully Furnished 3BR Townhome Steps from Lake Johnson","Unit Features","Unit Features","303","High-Speed Internet Available"
"ocp8c26c92","Fully Furnished 3BR Townhome Steps from Lake Johnson","Unit Features","Unit Features","71","Outdoor Space"
"ocp8c26c92","Fully Furnished 3BR Townhome Steps from Lake Johnson","Unit Features","Unit Features","6","Patio, Balcony, Porch or Deck"
"ocp8c26c92","Fully Furnished 3BR Townhome Steps from Lake Johnson","Unit Features","Unit Features","41","Smoke-Free"
"ocp8c26c92","Fully Furnished 3BR Townhome Steps from Lake Johnson","Security","Security","99","Exterior Lighting"
"ocp8c26c92","Fully Furnished 3BR Townhome Steps from Lake Johnson","Community Features","Community Features","46","Individual Leases"
"ocp8c26c92","Fully Furnished 3BR Townhome Steps from Lake Johnson","Community Features","Community Features","43","International Student Friendly"
"ocp8c26c92","Fully Furnished 3BR Townhome Steps from Lake Johnson","Community Features","Community Features","19","Near Bus Stop"
"ocp8c26c92","Fully Furnished 3BR Townhome Steps from Lake Johnson","Laundry","Laundry","9","Washer/Dryer in Unit"
"ocp8c26c92","Fully Furnished 3BR Townhome Steps from Lake Johnson","Convenient For","Convenient For","981","Undergraduates"
"ocp8c26c92","Fully Furnished 3BR Townhome Steps from Lake Johnson","Convenient For","Convenient For","982","Graduate Students"
"ocp8c26c92","Fully Furnished 3BR Townhome Steps from Lake Johnson","Convenient For","Convenient For","983","Faculty/Staff"
"rf696l2","Madison Hunters Glen","Lease Information","Lease Information","16","12 month lease"
"rf696l2","Madison Hunters Glen","Lease Information","Lease Information","17","9 month lease"
"rf696l2","Madison Hunters Glen","Lease Information","Lease Information","18","Flexible/Other lease"
"rf696l2","Madison Hunters Glen","Unit Features","Unit Features","1","Air Conditioning"
"rf696l2","Madison Hunters Glen","Unit Features","Unit Features","20","Carpet"
"rf696l2","Madison Hunters Glen","Unit Features","Unit Features","26","Dishwasher"
"rf696l2","Madison Hunters Glen","Unit Features","Unit Features","80","Extra Storage"
"rf696l2","Madison Hunters Glen","Unit Features","Unit Features","8","Fireplace"
"rf696l2","Madison Hunters Glen","Unit Features","Unit Features","82","Garbage Disposal"
"rf696l2","Madison Hunters Glen","Unit Features","Unit Features","303","High-Speed Internet Available"
"rf696l2","Madison Hunters Glen","Unit Features","Unit Features","6","Patio, Balcony, Porch or Deck"
"rf696l2","Madison Hunters Glen","Community Features","Community Features","10","Pool"
"rf696l2","Madison Hunters Glen","Community Features","Community Features","11","Tennis Court"
"rf696l2","Madison Hunters Glen","University Features","University Features","74","Private Shuttle to Campus"
"rf696l2","Madison Hunters Glen","Laundry","Laundry","33","Washer/Dryer Hookups"
"rf696l2","Madison Hunters Glen","Laundry","Laundry","9","Washer/Dryer in Unit"
"rf696l2","Madison Hunters Glen","Convenient For","Convenient For","981","Undergraduates"
"rf696l2","Madison Hunters Glen","Convenient For","Convenient For","982","Graduate Students"
"rf696l2","Madison Hunters Glen","Convenient For","Convenient For","983","Faculty/Staff"
"rf696l2","Madison Hunters Glen","Unique Features","Unique Features","","*Kitchen Pantry"
"rf696l2","Madison Hunters Glen","Unique Features","Unique Features","","Grilling Station and Outdoor Seating"
"rf696l2","Madison Hunters Glen","Unique Features","Unique Features","","Large Closets"
"rf696l2","Madison Hunters Glen","Unique Features","Unique Features","","Off-Leash Dog Park"
"rf696l2","Madison Hunters Glen","Unique Features","Unique Features","","Private Screened in Patios and Balconies"
"rf696l2","Madison Hunters Glen","Unique Features","Unique Features","","Washer/Dryer Included"
"ocpszex2v4","Spacious bedroom with private bath in 2BR townhome – 5 minutes to NC State","Unit Features","Unit Features","1","Air Conditioning"
"ocpszex2v4","Spacious bedroom with private bath in 2BR townhome – 5 minutes to NC State","Unit Features","Unit Features","20","Carpet"
"ocpszex2v4","Spacious bedroom with private bath in 2BR townhome – 5 minutes to NC State","Unit Features","Unit Features","26","Dishwasher"
"ocpszex2v4","Spacious bedroom with private bath in 2BR townhome – 5 minutes to NC State","Unit Features","Unit Features","8","Fireplace"
"ocpszex2v4","Spacious bedroom with private bath in 2BR townhome – 5 minutes to NC State","Unit Features","Unit Features","7","Furnished"
"ocpszex2v4","Spacious bedroom with private bath in 2BR townhome – 5 minutes to NC State","Unit Features","Unit Features","82","Garbage Disposal"
"ocpszex2v4","Spacious bedroom with private bath in 2BR townhome – 5 minutes to NC State","Unit Features","Unit Features","21","Hardwood Floors"
"ocpszex2v4","Spacious bedroom with private bath in 2BR townhome – 5 minutes to NC State","Unit Features","Unit Features","303","High-Speed Internet Available"
"ocpszex2v4","Spacious bedroom with private bath in 2BR townhome – 5 minutes to NC State","Unit Features","Unit Features","71","Outdoor Space"
"ocpszex2v4","Spacious bedroom with private bath in 2BR townhome – 5 minutes to NC State","Unit Features","Unit Features","6","Patio, Balcony, Porch or Deck"
"ocpszex2v4","Spacious bedroom with private bath in 2BR townhome – 5 minutes to NC State","Unit Features","Unit Features","41","Smoke-Free"
"ocpszex2v4","Spacious bedroom with private bath in 2BR townhome – 5 minutes to NC State","Security","Security","95","Dead-Bolt Locks"
"ocpszex2v4","Spacious bedroom with private bath in 2BR townhome – 5 minutes to NC State","Security","Security","99","Exterior Lighting"
"ocpszex2v4","Spacious bedroom with private bath in 2BR townhome – 5 minutes to NC State","Community Features","Community Features","19","Near Bus Stop"
"ocpszex2v4","Spacious bedroom with private bath in 2BR townhome – 5 minutes to NC State","Laundry","Laundry","9","Washer/Dryer in Unit"
"ocpszex2v4","Spacious bedroom with private bath in 2BR townhome – 5 minutes to NC State","Convenient For","Convenient For","981","Undergraduates"
"ocpszex2v4","Spacious bedroom with private bath in 2BR townhome – 5 minutes to NC State","Convenient For","Convenient For","982","Graduate Students"
"ocpszex2v4","Spacious bedroom with private bath in 2BR townhome – 5 minutes to NC State","Convenient For","Convenient For","983","Faculty/Staff"
"6mnn0qr","Live on Hillsborough","Unit Features","Unit Features","1","Air Conditioning"
"6mnn0qr","Live on Hillsborough","Unit Features","Unit Features","26","Dishwasher"
"6mnn0qr","Live on Hillsborough","Unit Features","Unit Features","82","Garbage Disposal"
"6mnn0qr","Live on Hillsborough","Community Features","Community Features","81","Elevator"
"6mnn0qr","Live on Hillsborough","Community Features","Community Features","10","Pool"
"6mnn0qr","Live on Hillsborough","Community Features","Community Features","44","Roommate Matching"
"6mnn0qr","Live on Hillsborough","Laundry","Laundry","9","Washer/Dryer in Unit"
"6mnn0qr","Live on Hillsborough","Convenient For","Convenient For","981","Undergraduates"
"6mnn0qr","Live on Hillsborough","Convenient For","Convenient For","982","Graduate Students"
"6mnn0qr","Live on Hillsborough","Convenient For","Convenient For","983","Faculty/Staff"
"6mnn0qr","Live on Hillsborough","Unique Features","Unique Features","","BBQ Grills"
"6mnn0qr","Live on Hillsborough","Unique Features","Unique Features","","Close to Meredith College, William Peace University, North Carolina State University, and Other Loca"
"6mnn0qr","Live on Hillsborough","Unique Features","Unique Features","","Full Kitchen"
"6mnn0qr","Live on Hillsborough","Unique Features","Unique Features","","In-Home Laundry"
"6mnn0qr","Live on Hillsborough","Unique Features","Unique Features","","In-Unit Laundry"
"6mnn0qr","Live on Hillsborough","Unique Features","Unique Features","","Individual Leases"
"6mnn0qr","Live on Hillsborough","Unique Features","Unique Features","","Locations Along NCSU’s Wolfline"
"6mnn0qr","Live on Hillsborough","Unique Features","Unique Features","","Minutes from Pullen Park"
"6mnn0qr","Live on Hillsborough","Unique Features","Unique Features","","Outdoor Lounge Spaces in Every Building"
"6mnn0qr","Live on Hillsborough","Unique Features","Unique Features","","Package Lockers"
"6mnn0qr","Live on Hillsborough","Unique Features","Unique Features","","Private Bathrooms Available"
"6mnn0qr","Live on Hillsborough","Unique Features","Unique Features","","Private Bedrooms"
"6mnn0qr","Live on Hillsborough","Unique Features","Unique Features","","Resort-Style Pool"
"6mnn0qr","Live on Hillsborough","Unique Features","Unique Features","","Smart Thermostats & Locks (Limited Availability)"
"6mnn0qr","Live on Hillsborough","Unique Features","Unique Features","","Spacious Closets"
"6mnn0qr","Live on Hillsborough","Unique Features","Unique Features","","Stainless Appliances"
"6mnn0qr","Live on Hillsborough","Unique Features","Unique Features","","Steps Away from Downtown Raleigh"
"6mnn0qr","Live on Hillsborough","Unique Features","Unique Features","","Valet Trash Service"
"6mnn0qr","Live on Hillsborough","Unique Features","Unique Features","","White Cabinetry"
"6mnn0qr","Live on Hillsborough","Unique Features","Unique Features","","White Cabinetry (Premium Package)"
"ocp74dcp6w","Crabtree Woods Townhome West Raleigh","Unit Features","Unit Features","1","Air Conditioning"
"ocp74dcp6w","Crabtree Woods Townhome West Raleigh","Unit Features","Unit Features","20","Carpet"
"ocp74dcp6w","Crabtree Woods Townhome West Raleigh","Unit Features","Unit Features","26","Dishwasher"
"ocp74dcp6w","Crabtree Woods Townhome West Raleigh","Unit Features","Unit Features","80","Extra Storage"
"ocp74dcp6w","Crabtree Woods Townhome West Raleigh","Unit Features","Unit Features","8","Fireplace"
"ocp74dcp6w","Crabtree Woods Townhome West Raleigh","Unit Features","Unit Features","83","Garden/Yard"
"ocp74dcp6w","Crabtree Woods Townhome West Raleigh","Unit Features","Unit Features","21","Hardwood Floors"
"ocp74dcp6w","Crabtree Woods Townhome West Raleigh","Unit Features","Unit Features","71","Outdoor Space"
"ocp74dcp6w","Crabtree Woods Townhome West Raleigh","Unit Features","Unit Features","6","Patio, Balcony, Porch or Deck"
"ocp74dcp6w","Crabtree Woods Townhome West Raleigh","Unit Features","Unit Features","41","Smoke-Free"
"ocp74dcp6w","Crabtree Woods Townhome West Raleigh","Security","Security","95","Dead-Bolt Locks"
"ocp74dcp6w","Crabtree Woods Townhome West Raleigh","Community Features","Community Features","19","Near Bus Stop"
"ocp74dcp6w","Crabtree Woods Townhome West Raleigh","Laundry","Laundry","33","Washer/Dryer Hookups"
"ocp74dcp6w","Crabtree Woods Townhome West Raleigh","Convenient For","Convenient For","981","Undergraduates"
"ocp74dcp6w","Crabtree Woods Townhome West Raleigh","Convenient For","Convenient For","982","Graduate Students"
"ocp74dcp6w","Crabtree Woods Townhome West Raleigh","Convenient For","Convenient For","983","Faculty/Staff"
"nhblm0q","Viceroy Apartments","Lease Information","Lease Information","16","12 month lease"
"nhblm0q","Viceroy Apartments","Lease Information","Lease Information","17","9 month lease"
"nhblm0q","Viceroy Apartments","Lease Information","Lease Information","18","Flexible/Other lease"
"nhblm0q","Viceroy Apartments","Unit Features","Unit Features","1","Air Conditioning"
"nhblm0q","Viceroy Apartments","Unit Features","Unit Features","20","Carpet"
"nhblm0q","Viceroy Apartments","Unit Features","Unit Features","26","Dishwasher"
"nhblm0q","Viceroy Apartments","Unit Features","Unit Features","82","Garbage Disposal"
"nhblm0q","Viceroy Apartments","Unit Features","Unit Features","303","High-Speed Internet Available"
"nhblm0q","Viceroy Apartments","Laundry","Laundry","33","Washer/Dryer Hookups"
"nhblm0q","Viceroy Apartments","Convenient For","Convenient For","981","Undergraduates"
"nhblm0q","Viceroy Apartments","Convenient For","Convenient For","982","Graduate Students"
"nhblm0q","Viceroy Apartments","Convenient For","Convenient For","983","Faculty/Staff"
"nhblm0q","Viceroy Apartments","Unique Features","Unique Features","","Refreshed Quaint Look"
"nhblm0q","Viceroy Apartments","Unique Features","Unique Features","","Spacious Bedrooms"
"nhblm0q","Viceroy Apartments","Unique Features","Unique Features","","Upgraded Kitchen with White Cabinetry"
"nhblm0q","Viceroy Apartments","Unique Features","Unique Features","","Walkable Location to Shopping and Dining"
"nhblm0q","Viceroy Apartments","Unique Features","Unique Features","","Wood-Look Vinyl Flooring"
"ocpkb0kbhb","Great Location - Connected to Centennial Campus","Unit Features","Unit Features","1","Air Conditioning"
"ocpkb0kbhb","Great Location - Connected to Centennial Campus","Unit Features","Unit Features","26","Dishwasher"
"ocpkb0kbhb","Great Location - Connected to Centennial Campus","Unit Features","Unit Features","7","Furnished"
"ocpkb0kbhb","Great Location - Connected to Centennial Campus","Unit Features","Unit Features","21","Hardwood Floors"
"ocpkb0kbhb","Great Location - Connected to Centennial Campus","Unit Features","Unit Features","303","High-Speed Internet Available"
"ocpkb0kbhb","Great Location - Connected to Centennial Campus","Unit Features","Unit Features","41","Smoke-Free"
"ocpkb0kbhb","Great Location - Connected to Centennial Campus","Security","Security","99","Exterior Lighting"
"ocpkb0kbhb","Great Location - Connected to Centennial Campus","Community Features","Community Features","46","Individual Leases"
"ocpkb0kbhb","Great Location - Connected to Centennial Campus","Community Features","Community Features","19","Near Bus Stop"
"ocpkb0kbhb","Great Location - Connected to Centennial Campus","Community Features","Community Features","103","Walk to campus"
"ocpkb0kbhb","Great Location - Connected to Centennial Campus","Laundry","Laundry","9","Washer/Dryer in Unit"
"ocpkb0kbhb","Great Location - Connected to Centennial Campus","Convenient For","Convenient For","981","Undergraduates"
"ocpkb0kbhb","Great Location - Connected to Centennial Campus","Convenient For","Convenient For","982","Graduate Students"
"ocpkb0kbhb","Great Location - Connected to Centennial Campus","Convenient For","Convenient For","983","Faculty/Staff"
"jjs8f07","Village Green Student Housing","Unit Features","Unit Features","1","Air Conditioning"
"jjs8f07","Village Green Student Housing","Unit Features","Unit Features","20","Carpet"
"jjs8f07","Village Green Student Housing","Unit Features","Unit Features","15","Disability Accessible"
"jjs8f07","Village Green Student Housing","Unit Features","Unit Features","26","Dishwasher"
"jjs8f07","Village Green Student Housing","Unit Features","Unit Features","80","Extra Storage"
"jjs8f07","Village Green Student Housing","Unit Features","Unit Features","7","Furnished"
"jjs8f07","Village Green Student Housing","Unit Features","Unit Features","82","Garbage Disposal"
"jjs8f07","Village Green Student Housing","Unit Features","Unit Features","21","Hardwood Floors"
"jjs8f07","Village Green Student Housing","Unit Features","Unit Features","303","High-Speed Internet Available"
"jjs8f07","Village Green Student Housing","Unit Features","Unit Features","6","Patio, Balcony, Porch or Deck"
"jjs8f07","Village Green Student Housing","Unit Features","Unit Features","41","Smoke-Free"
"jjs8f07","Village Green Student Housing","Community Features","Community Features","265","Clubhouse"
"jjs8f07","Village Green Student Housing","Community Features","Community Features","45","Fitness Room"
"jjs8f07","Village Green Student Housing","Community Features","Community Features","46","Individual Leases"
"jjs8f07","Village Green Student Housing","Community Features","Community Features","10","Pool"
"jjs8f07","Village Green Student Housing","Community Features","Community Features","44","Roommate Matching"
"jjs8f07","Village Green Student Housing","Security","Security","96","Gated Community"
"jjs8f07","Village Green Student Housing","University Features","University Features","74","Private Shuttle to Campus"
"jjs8f07","Village Green Student Housing","Laundry","Laundry","33","Washer/Dryer Hookups"
"jjs8f07","Village Green Student Housing","Laundry","Laundry","9","Washer/Dryer in Unit"
"jjs8f07","Village Green Student Housing","Convenient For","Convenient For","981","Undergraduates"
"jjs8f07","Village Green Student Housing","Convenient For","Convenient For","982","Graduate Students"
"jjs8f07","Village Green Student Housing","Convenient For","Convenient For","983","Faculty/Staff"
"jjs8f07","Village Green Student Housing","Unique Features","Unique Features","","40"" Flat Screen TV"
"jjs8f07","Village Green Student Housing","Unique Features","Unique Features","","5' Swimming Pool"
"jjs8f07","Village Green Student Housing","Unique Features","Unique Features","","Beach Volleyball"
"jjs8f07","Village Green Student Housing","Unique Features","Unique Features","","Computer Lab"
"jjs8f07","Village Green Student Housing","Unique Features","Unique Features","","Full Court Basketball"
"jjs8f07","Village Green Student Housing","Unique Features","Unique Features","","Full-Size Washer and Dryer Included"
"jjs8f07","Village Green Student Housing","Unique Features","Unique Features","","Furnished Individual Bedrooms"
"jjs8f07","Village Green Student Housing","Unique Features","Unique Features","","Furnished Units"
"jjs8f07","Village Green Student Housing","Unique Features","Unique Features","","Gated Community"
"jjs8f07","Village Green Student Housing","Unique Features","Unique Features","","High Speed WiFi"
"jjs8f07","Village Green Student Housing","Unique Features","Unique Features","","Hourly Shuttle to NC State"
"jjs8f07","Village Green Student Housing","Unique Features","Unique Features","","Individual Leases"
"jjs8f07","Village Green Student Housing","Unique Features","Unique Features","","Intrusion Alarm"
"jjs8f07","Village Green Student Housing","Unique Features","Unique Features","","Private Bath"
"jjs8f07","Village Green Student Housing","Unique Features","Unique Features","","Sectional Sofa"
"jjs8f07","Village Green Student Housing","Unique Features","Unique Features","","Stainless Steel Appliances - In Select Apartments"
"jjs8f07","Village Green Student Housing","Unique Features","Unique Features","","Walk-In Closet"
"ocpjh4j574","4BD/3.5BA townhome near NCSU & Downtown Raleigh available August 2026!","Unit Features","Unit Features","1","Air Conditioning"
"ocpjh4j574","4BD/3.5BA townhome near NCSU & Downtown Raleigh available August 2026!","Unit Features","Unit Features","20","Carpet"
"ocpjh4j574","4BD/3.5BA townhome near NCSU & Downtown Raleigh available August 2026!","Unit Features","Unit Features","26","Dishwasher"
"ocpjh4j574","4BD/3.5BA townhome near NCSU & Downtown Raleigh available August 2026!","Unit Features","Unit Features","80","Extra Storage"
"ocpjh4j574","4BD/3.5BA townhome near NCSU & Downtown Raleigh available August 2026!","Unit Features","Unit Features","21","Hardwood Floors"
"ocpjh4j574","4BD/3.5BA townhome near NCSU & Downtown Raleigh available August 2026!","Unit Features","Unit Features","6","Patio, Balcony, Porch or Deck"
"ocpjh4j574","4BD/3.5BA townhome near NCSU & Downtown Raleigh available August 2026!","Unit Features","Unit Features","41","Smoke-Free"
"ocpjh4j574","4BD/3.5BA townhome near NCSU & Downtown Raleigh available August 2026!","Community Features","Community Features","19","Near Bus Stop"
"ocpjh4j574","4BD/3.5BA townhome near NCSU & Downtown Raleigh available August 2026!","Laundry","Laundry","9","Washer/Dryer in Unit"
"ocpjh4j574","4BD/3.5BA townhome near NCSU & Downtown Raleigh available August 2026!","Convenient For","Convenient For","981","Undergraduates"
"ocpjh4j574","4BD/3.5BA townhome near NCSU & Downtown Raleigh available August 2026!","Convenient For","Convenient For","982","Graduate Students"
"ocpjh4j574","4BD/3.5BA townhome near NCSU & Downtown Raleigh available August 2026!","Convenient For","Convenient For","983","Faculty/Staff"
"8gchf40","The Hillsborough","Lease Information","Lease Information","16","12 month lease"
"8gchf40","The Hillsborough","Lease Information","Lease Information","17","9 month lease"
"8gchf40","The Hillsborough","Lease Information","Lease Information","18","Flexible/Other lease"
"8gchf40","The Hillsborough","Lease Information","Lease Information","42","Short-Term lease"
"8gchf40","The Hillsborough","Unit Features","Unit Features","1","Air Conditioning"
"8gchf40","The Hillsborough","Unit Features","Unit Features","26","Dishwasher"
"8gchf40","The Hillsborough","Unit Features","Unit Features","80","Extra Storage"
"8gchf40","The Hillsborough","Unit Features","Unit Features","7","Furnished"
"8gchf40","The Hillsborough","Unit Features","Unit Features","82","Garbage Disposal"
"8gchf40","The Hillsborough","Unit Features","Unit Features","303","High-Speed Internet Available"
"8gchf40","The Hillsborough","Unit Features","Unit Features","6","Patio, Balcony, Porch or Deck"
"8gchf40","The Hillsborough","Unit Features","Unit Features","41","Smoke-Free"
"8gchf40","The Hillsborough","Community Features","Community Features","81","Elevator"
"8gchf40","The Hillsborough","Security","Security","96","Gated Community"
"8gchf40","The Hillsborough","Laundry","Laundry","33","Washer/Dryer Hookups"
"8gchf40","The Hillsborough","Laundry","Laundry","9","Washer/Dryer in Unit"
"8gchf40","The Hillsborough","Convenient For","Convenient For","981","Undergraduates"
"8gchf40","The Hillsborough","Convenient For","Convenient For","982","Graduate Students"
"8gchf40","The Hillsborough","Convenient For","Convenient For","983","Faculty/Staff"
"8gchf40","The Hillsborough","Unique Features","Unique Features","","Across the Street from NC State"
"8gchf40","The Hillsborough","Unique Features","Unique Features","","Air Conditioner"
"8gchf40","The Hillsborough","Unique Features","Unique Features","","Bike Racks"
"8gchf40","The Hillsborough","Unique Features","Unique Features","","Cable Ready"
"8gchf40","The Hillsborough","Unique Features","Unique Features","","Ceiling Fan"
"8gchf40","The Hillsborough","Unique Features","Unique Features","","Dishwasher"
"8gchf40","The Hillsborough","Unique Features","Unique Features","","Disposal"
"8gchf40","The Hillsborough","Unique Features","Unique Features","","Efficient Appliances"
"8gchf40","The Hillsborough","Unique Features","Unique Features","","High Ceilings"
"8gchf40","The Hillsborough","Unique Features","Unique Features","","Large Closets"
"8gchf40","The Hillsborough","Unique Features","Unique Features","","Patio/Balcony"
"8gchf40","The Hillsborough","Unique Features","Unique Features","","Pets welcome"
"8gchf40","The Hillsborough","Unique Features","Unique Features","","Refrigerator"
"8gchf40","The Hillsborough","Unique Features","Unique Features","","View"
"8gchf40","The Hillsborough","Unique Features","Unique Features","","Walking distance to restaurants"
"8gchf40","The Hillsborough","Unique Features","Unique Features","","Washer/Dryer"
"ocp032vj21","5 bedroom 5 full Bath luxury house with 1Gig AT&T Fiber and 1 free parking space per bedroom","Unit Features","Unit Features","1","Air Conditioning"
"ocp032vj21","5 bedroom 5 full Bath luxury house with 1Gig AT&T Fiber and 1 free parking space per bedroom","Unit Features","Unit Features","26","Dishwasher"
"ocp032vj21","5 bedroom 5 full Bath luxury house with 1Gig AT&T Fiber and 1 free parking space per bedroom","Unit Features","Unit Features","80","Extra Storage"
"ocp032vj21","5 bedroom 5 full Bath luxury house with 1Gig AT&T Fiber and 1 free parking space per bedroom","Unit Features","Unit Features","82","Garbage Disposal"
"ocp032vj21","5 bedroom 5 full Bath luxury house with 1Gig AT&T Fiber and 1 free parking space per bedroom","Unit Features","Unit Features","21","Hardwood Floors"
"ocp032vj21","5 bedroom 5 full Bath luxury house with 1Gig AT&T Fiber and 1 free parking space per bedroom","Unit Features","Unit Features","468","Loft"
"ocp032vj21","5 bedroom 5 full Bath luxury house with 1Gig AT&T Fiber and 1 free parking space per bedroom","Unit Features","Unit Features","71","Outdoor Space"
"ocp032vj21","5 bedroom 5 full Bath luxury house with 1Gig AT&T Fiber and 1 free parking space per bedroom","Unit Features","Unit Features","6","Patio, Balcony, Porch or Deck"
"ocp032vj21","5 bedroom 5 full Bath luxury house with 1Gig AT&T Fiber and 1 free parking space per bedroom","Unit Features","Unit Features","41","Smoke-Free"
"ocp032vj21","5 bedroom 5 full Bath luxury house with 1Gig AT&T Fiber and 1 free parking space per bedroom","Security","Security","95","Dead-Bolt Locks"
"ocp032vj21","5 bedroom 5 full Bath luxury house with 1Gig AT&T Fiber and 1 free parking space per bedroom","Security","Security","99","Exterior Lighting"
"ocp032vj21","5 bedroom 5 full Bath luxury house with 1Gig AT&T Fiber and 1 free parking space per bedroom","Community Features","Community Features","19","Near Bus Stop"
"ocp032vj21","5 bedroom 5 full Bath luxury house with 1Gig AT&T Fiber and 1 free parking space per bedroom","Laundry","Laundry","9","Washer/Dryer in Unit"
"ocp032vj21","5 bedroom 5 full Bath luxury house with 1Gig AT&T Fiber and 1 free parking space per bedroom","Convenient For","Convenient For","981","Undergraduates"
"ocp032vj21","5 bedroom 5 full Bath luxury house with 1Gig AT&T Fiber and 1 free parking space per bedroom","Convenient For","Convenient For","982","Graduate Students"
"ocp032vj21","5 bedroom 5 full Bath luxury house with 1Gig AT&T Fiber and 1 free parking space per bedroom","Convenient For","Convenient For","983","Faculty/Staff"
"0pm7tt3","Campus West at Tryon","Unit Features","Unit Features","1","Air Conditioning"
"0pm7tt3","Campus West at Tryon","Unit Features","Unit Features","20","Carpet"
"0pm7tt3","Campus West at Tryon","Unit Features","Unit Features","15","Disability Accessible"
"0pm7tt3","Campus West at Tryon","Unit Features","Unit Features","26","Dishwasher"
"0pm7tt3","Campus West at Tryon","Unit Features","Unit Features","7","Furnished"
"0pm7tt3","Campus West at Tryon","Unit Features","Unit Features","82","Garbage Disposal"
"0pm7tt3","Campus West at Tryon","Unit Features","Unit Features","21","Hardwood Floors"
"0pm7tt3","Campus West at Tryon","Unit Features","Unit Features","303","High-Speed Internet Available"
"0pm7tt3","Campus West at Tryon","Unit Features","Unit Features","6","Patio, Balcony, Porch or Deck"
"0pm7tt3","Campus West at Tryon","Unit Features","Unit Features","41","Smoke-Free"
"0pm7tt3","Campus West at Tryon","Community Features","Community Features","265","Clubhouse"
"0pm7tt3","Campus West at Tryon","Community Features","Community Features","45","Fitness Room"
"0pm7tt3","Campus West at Tryon","Community Features","Community Features","46","Individual Leases"
"0pm7tt3","Campus West at Tryon","Community Features","Community Features","10","Pool"
"0pm7tt3","Campus West at Tryon","Community Features","Community Features","44","Roommate Matching"
"0pm7tt3","Campus West at Tryon","Laundry","Laundry","9","Washer/Dryer in Unit"
"0pm7tt3","Campus West at Tryon","Convenient For","Convenient For","981","Undergraduates"
"0pm7tt3","Campus West at Tryon","Convenient For","Convenient For","982","Graduate Students"
"0pm7tt3","Campus West at Tryon","Convenient For","Convenient For","983","Faculty/Staff"
"0pm7tt3","Campus West at Tryon","Unique Features","Unique Features","","Private Bathrooms"
"0pm7tt3","Campus West at Tryon","Unique Features","Unique Features","","Private Bedrooms"
"ocpbhbkvy9","Voyager House","Lease Information","Lease Information","16","12 month lease"
"ocpbhbkvy9","Voyager House","Lease Information","Lease Information","17","9 month lease"
"ocpbhbkvy9","Voyager House","Lease Information","Lease Information","102","Academic Year"
"ocpbhbkvy9","Voyager House","Lease Information","Lease Information","18","Flexible/Other lease"
"ocpbhbkvy9","Voyager House","Unit Features","Unit Features","1","Air Conditioning"
"ocpbhbkvy9","Voyager House","Unit Features","Unit Features","26","Dishwasher"
"ocpbhbkvy9","Voyager House","Unit Features","Unit Features","8","Fireplace"
"ocpbhbkvy9","Voyager House","Unit Features","Unit Features","7","Furnished"
"ocpbhbkvy9","Voyager House","Unit Features","Unit Features","82","Garbage Disposal"
"ocpbhbkvy9","Voyager House","Unit Features","Unit Features","83","Garden/Yard"
"ocpbhbkvy9","Voyager House","Unit Features","Unit Features","21","Hardwood Floors"
"ocpbhbkvy9","Voyager House","Unit Features","Unit Features","303","High-Speed Internet Available"
"ocpbhbkvy9","Voyager House","Unit Features","Unit Features","71","Outdoor Space"
"ocpbhbkvy9","Voyager House","Unit Features","Unit Features","6","Patio, Balcony, Porch or Deck"
"ocpbhbkvy9","Voyager House","Unit Features","Unit Features","41","Smoke-Free"
"ocpbhbkvy9","Voyager House","Security","Security","95","Dead-Bolt Locks"
"ocpbhbkvy9","Voyager House","Security","Security","99","Exterior Lighting"
"ocpbhbkvy9","Voyager House","Community Features","Community Features","46","Individual Leases"
"ocpbhbkvy9","Voyager House","Community Features","Community Features","43","International Student Friendly"
"ocpbhbkvy9","Voyager House","Community Features","Community Features","19","Near Bus Stop"
"ocpbhbkvy9","Voyager House","Laundry","Laundry","104","Laundry Access"
"ocpbhbkvy9","Voyager House","Laundry","Laundry","9","Washer/Dryer in Unit"
"ocpbhbkvy9","Voyager House","Convenient For","Convenient For","981","Undergraduates"
"ocpbhbkvy9","Voyager House","Convenient For","Convenient For","982","Graduate Students"
"ocpbhbkvy9","Voyager House","Convenient For","Convenient For","983","Faculty/Staff"
"e13mz5m","University Suites Student Housing","Unit Features","Unit Features","1","Air Conditioning"
"e13mz5m","University Suites Student Housing","Unit Features","Unit Features","20","Carpet"
"e13mz5m","University Suites Student Housing","Unit Features","Unit Features","15","Disability Accessible"
"e13mz5m","University Suites Student Housing","Unit Features","Unit Features","26","Dishwasher"
"e13mz5m","University Suites Student Housing","Unit Features","Unit Features","7","Furnished"
"e13mz5m","University Suites Student Housing","Unit Features","Unit Features","82","Garbage Disposal"
"e13mz5m","University Suites Student Housing","Unit Features","Unit Features","303","High-Speed Internet Available"
"e13mz5m","University Suites Student Housing","Unit Features","Unit Features","6","Patio, Balcony, Porch or Deck"
"e13mz5m","University Suites Student Housing","Unit Features","Unit Features","41","Smoke-Free"
"e13mz5m","University Suites Student Housing","Community Features","Community Features","265","Clubhouse"
"e13mz5m","University Suites Student Housing","Community Features","Community Features","45","Fitness Room"
"e13mz5m","University Suites Student Housing","Community Features","Community Features","46","Individual Leases"
"e13mz5m","University Suites Student Housing","Community Features","Community Features","10","Pool"
"e13mz5m","University Suites Student Housing","Community Features","Community Features","44","Roommate Matching"
"e13mz5m","University Suites Student Housing","Lease Information","Lease Information","18","Flexible/Other lease"
"e13mz5m","University Suites Student Housing","University Features","University Features","74","Private Shuttle to Campus"
"e13mz5m","University Suites Student Housing","Laundry","Laundry","9","Washer/Dryer in Unit"
"e13mz5m","University Suites Student Housing","Convenient For","Convenient For","981","Undergraduates"
"e13mz5m","University Suites Student Housing","Convenient For","Convenient For","982","Graduate Students"
"e13mz5m","University Suites Student Housing","Convenient For","Convenient For","983","Faculty/Staff"
"e13mz5m","University Suites Student Housing","Unique Features","Unique Features","","2 Private Study Rooms"
"e13mz5m","University Suites Student Housing","Unique Features","Unique Features","","Billiard / Ping Pong"
"e13mz5m","University Suites Student Housing","Unique Features","Unique Features","","Built in desk"
"e13mz5m","University Suites Student Housing","Unique Features","Unique Features","","Central A/C & Heating"
"e13mz5m","University Suites Student Housing","Unique Features","Unique Features","","Central Heating and Air Conditioning"
"e13mz5m","University Suites Student Housing","Unique Features","Unique Features","","Clubhouse with Business Center"
"e13mz5m","University Suites Student Housing","Unique Features","Unique Features","","Dishwasher"
"e13mz5m","University Suites Student Housing","Unique Features","Unique Features","","Other"
"e13mz5m","University Suites Student Housing","Unique Features","Unique Features","","Partially Furnished Bedrooms"
"e13mz5m","University Suites Student Housing","Unique Features","Unique Features","","private bedrooms with bathroom and closet"
"e13mz5m","University Suites Student Housing","Unique Features","Unique Features","","Shuttle Service to NCSU Campus"
"e13mz5m","University Suites Student Housing","Unique Features","Unique Features","","Smart Thermostats"
"e13mz5m","University Suites Student Housing","Unique Features","Unique Features","","Stainless Steel Kitchen Appliances"
"e13mz5m","University Suites Student Housing","Unique Features","Unique Features","","Upgraded apartments available - Contact office for details"
"ocpepvxvln","Village Green Student Living","Unit Features","Unit Features","1","Air Conditioning"
"ocpepvxvln","Village Green Student Living","Unit Features","Unit Features","26","Dishwasher"
"ocpepvxvln","Village Green Student Living","Unit Features","Unit Features","7","Furnished"
"ocpepvxvln","Village Green Student Living","Unit Features","Unit Features","6","Patio, Balcony, Porch or Deck"
"ocpepvxvln","Village Green Student Living","Security","Security","95","Dead-Bolt Locks"
"ocpepvxvln","Village Green Student Living","Community Features","Community Features","45","Fitness Room"
"ocpepvxvln","Village Green Student Living","Community Features","Community Features","46","Individual Leases"
"ocpepvxvln","Village Green Student Living","Community Features","Community Features","10","Pool"
"ocpepvxvln","Village Green Student Living","University Features","University Features","74","Private Shuttle to Campus"
"ocpepvxvln","Village Green Student Living","Laundry","Laundry","9","Washer/Dryer in Unit"
"ocpepvxvln","Village Green Student Living","Convenient For","Convenient For","981","Undergraduates"
"ocpjpg1817","Gorman Street Village PRE-LEASING for 2026! 3Bed 3Bath w/ Utilities! Upgraded Units Available!","Lease Information","Lease Information","16","12 month lease"
"ocpjpg1817","Gorman Street Village PRE-LEASING for 2026! 3Bed 3Bath w/ Utilities! Upgraded Units Available!","Lease Information","Lease Information","88","2 Year"
"ocpjpg1817","Gorman Street Village PRE-LEASING for 2026! 3Bed 3Bath w/ Utilities! Upgraded Units Available!","Lease Information","Lease Information","17","9 month lease"
"ocpjpg1817","Gorman Street Village PRE-LEASING for 2026! 3Bed 3Bath w/ Utilities! Upgraded Units Available!","Lease Information","Lease Information","102","Academic Year"
"ocpjpg1817","Gorman Street Village PRE-LEASING for 2026! 3Bed 3Bath w/ Utilities! Upgraded Units Available!","Unit Features","Unit Features","1","Air Conditioning"
"ocpjpg1817","Gorman Street Village PRE-LEASING for 2026! 3Bed 3Bath w/ Utilities! Upgraded Units Available!","Unit Features","Unit Features","20","Carpet"
"ocpjpg1817","Gorman Street Village PRE-LEASING for 2026! 3Bed 3Bath w/ Utilities! Upgraded Units Available!","Unit Features","Unit Features","26","Dishwasher"
"ocpjpg1817","Gorman Street Village PRE-LEASING for 2026! 3Bed 3Bath w/ Utilities! Upgraded Units Available!","Unit Features","Unit Features","21","Hardwood Floors"
"ocpjpg1817","Gorman Street Village PRE-LEASING for 2026! 3Bed 3Bath w/ Utilities! Upgraded Units Available!","Unit Features","Unit Features","41","Smoke-Free"
"ocpjpg1817","Gorman Street Village PRE-LEASING for 2026! 3Bed 3Bath w/ Utilities! Upgraded Units Available!","Community Features","Community Features","19","Near Bus Stop"
"ocpjpg1817","Gorman Street Village PRE-LEASING for 2026! 3Bed 3Bath w/ Utilities! Upgraded Units Available!","Laundry","Laundry","9","Washer/Dryer in Unit"
"ocpjpg1817","Gorman Street Village PRE-LEASING for 2026! 3Bed 3Bath w/ Utilities! Upgraded Units Available!","Convenient For","Convenient For","981","Undergraduates"
"ocpjpg1817","Gorman Street Village PRE-LEASING for 2026! 3Bed 3Bath w/ Utilities! Upgraded Units Available!","Convenient For","Convenient For","982","Graduate Students"
"ocpjpg1817","Gorman Street Village PRE-LEASING for 2026! 3Bed 3Bath w/ Utilities! Upgraded Units Available!","Convenient For","Convenient For","983","Faculty/Staff"
"ocpgxr290w","Spacious Forest Park Two-Room Suite + Private Bath - Walk to Campus (Includes Utilities)","Unit Features","Unit Features","1","Air Conditioning"
"ocpgxr290w","Spacious Forest Park Two-Room Suite + Private Bath - Walk to Campus (Includes Utilities)","Unit Features","Unit Features","20","Carpet"
"ocpgxr290w","Spacious Forest Park Two-Room Suite + Private Bath - Walk to Campus (Includes Utilities)","Unit Features","Unit Features","26","Dishwasher"
"ocpgxr290w","Spacious Forest Park Two-Room Suite + Private Bath - Walk to Campus (Includes Utilities)","Unit Features","Unit Features","80","Extra Storage"
"ocpgxr290w","Spacious Forest Park Two-Room Suite + Private Bath - Walk to Campus (Includes Utilities)","Unit Features","Unit Features","8","Fireplace"
"ocpgxr290w","Spacious Forest Park Two-Room Suite + Private Bath - Walk to Campus (Includes Utilities)","Unit Features","Unit Features","7","Furnished"
"ocpgxr290w","Spacious Forest Park Two-Room Suite + Private Bath - Walk to Campus (Includes Utilities)","Unit Features","Unit Features","82","Garbage Disposal"
"ocpgxr290w","Spacious Forest Park Two-Room Suite + Private Bath - Walk to Campus (Includes Utilities)","Unit Features","Unit Features","83","Garden/Yard"
"ocpgxr290w","Spacious Forest Park Two-Room Suite + Private Bath - Walk to Campus (Includes Utilities)","Unit Features","Unit Features","21","Hardwood Floors"
"ocpgxr290w","Spacious Forest Park Two-Room Suite + Private Bath - Walk to Campus (Includes Utilities)","Unit Features","Unit Features","303","High-Speed Internet Available"
"ocpgxr290w","Spacious Forest Park Two-Room Suite + Private Bath - Walk to Campus (Includes Utilities)","Unit Features","Unit Features","71","Outdoor Space"
"ocpgxr290w","Spacious Forest Park Two-Room Suite + Private Bath - Walk to Campus (Includes Utilities)","Unit Features","Unit Features","6","Patio, Balcony, Porch or Deck"
"ocpgxr290w","Spacious Forest Park Two-Room Suite + Private Bath - Walk to Campus (Includes Utilities)","Unit Features","Unit Features","41","Smoke-Free"
"ocpgxr290w","Spacious Forest Park Two-Room Suite + Private Bath - Walk to Campus (Includes Utilities)","Security","Security","95","Dead-Bolt Locks"
"ocpgxr290w","Spacious Forest Park Two-Room Suite + Private Bath - Walk to Campus (Includes Utilities)","Security","Security","99","Exterior Lighting"
"ocpgxr290w","Spacious Forest Park Two-Room Suite + Private Bath - Walk to Campus (Includes Utilities)","Community Features","Community Features","46","Individual Leases"
"ocpgxr290w","Spacious Forest Park Two-Room Suite + Private Bath - Walk to Campus (Includes Utilities)","Community Features","Community Features","43","International Student Friendly"
"ocpgxr290w","Spacious Forest Park Two-Room Suite + Private Bath - Walk to Campus (Includes Utilities)","Community Features","Community Features","19","Near Bus Stop"
"ocpgxr290w","Spacious Forest Park Two-Room Suite + Private Bath - Walk to Campus (Includes Utilities)","Community Features","Community Features","103","Walk to campus"
"ocpgxr290w","Spacious Forest Park Two-Room Suite + Private Bath - Walk to Campus (Includes Utilities)","Laundry","Laundry","104","Laundry Access"
"ocpgxr290w","Spacious Forest Park Two-Room Suite + Private Bath - Walk to Campus (Includes Utilities)","Convenient For","Convenient For","981","Undergraduates"
"ocpgxr290w","Spacious Forest Park Two-Room Suite + Private Bath - Walk to Campus (Includes Utilities)","Convenient For","Convenient For","982","Graduate Students"
"ocpgxr290w","Spacious Forest Park Two-Room Suite + Private Bath - Walk to Campus (Includes Utilities)","Convenient For","Convenient For","983","Faculty/Staff"
"ocpb48f058","Now Pre-Leasing for August 2026! 1 and 3 Bedrooms with Utilities! Marcom St Apartments!","Lease Information","Lease Information","16","12 month lease"
"ocpb48f058","Now Pre-Leasing for August 2026! 1 and 3 Bedrooms with Utilities! Marcom St Apartments!","Lease Information","Lease Information","88","2 Year"
"ocpb48f058","Now Pre-Leasing for August 2026! 1 and 3 Bedrooms with Utilities! Marcom St Apartments!","Lease Information","Lease Information","17","9 month lease"
"ocpb48f058","Now Pre-Leasing for August 2026! 1 and 3 Bedrooms with Utilities! Marcom St Apartments!","Lease Information","Lease Information","102","Academic Year"
"ocpb48f058","Now Pre-Leasing for August 2026! 1 and 3 Bedrooms with Utilities! Marcom St Apartments!","Unit Features","Unit Features","1","Air Conditioning"
"ocpb48f058","Now Pre-Leasing for August 2026! 1 and 3 Bedrooms with Utilities! Marcom St Apartments!","Unit Features","Unit Features","20","Carpet"
"ocpb48f058","Now Pre-Leasing for August 2026! 1 and 3 Bedrooms with Utilities! Marcom St Apartments!","Unit Features","Unit Features","15","Disability Accessible"
"ocpb48f058","Now Pre-Leasing for August 2026! 1 and 3 Bedrooms with Utilities! Marcom St Apartments!","Unit Features","Unit Features","26","Dishwasher"
"ocpb48f058","Now Pre-Leasing for August 2026! 1 and 3 Bedrooms with Utilities! Marcom St Apartments!","Unit Features","Unit Features","82","Garbage Disposal"
"ocpb48f058","Now Pre-Leasing for August 2026! 1 and 3 Bedrooms with Utilities! Marcom St Apartments!","Unit Features","Unit Features","21","Hardwood Floors"
"ocpb48f058","Now Pre-Leasing for August 2026! 1 and 3 Bedrooms with Utilities! Marcom St Apartments!","Unit Features","Unit Features","303","High-Speed Internet Available"
"ocpb48f058","Now Pre-Leasing for August 2026! 1 and 3 Bedrooms with Utilities! Marcom St Apartments!","Unit Features","Unit Features","6","Patio, Balcony, Porch or Deck"
"ocpb48f058","Now Pre-Leasing for August 2026! 1 and 3 Bedrooms with Utilities! Marcom St Apartments!","Unit Features","Unit Features","41","Smoke-Free"
"ocpb48f058","Now Pre-Leasing for August 2026! 1 and 3 Bedrooms with Utilities! Marcom St Apartments!","Security","Security","95","Dead-Bolt Locks"
"ocpb48f058","Now Pre-Leasing for August 2026! 1 and 3 Bedrooms with Utilities! Marcom St Apartments!","Security","Security","99","Exterior Lighting"
"ocpb48f058","Now Pre-Leasing for August 2026! 1 and 3 Bedrooms with Utilities! Marcom St Apartments!","Community Features","Community Features","43","International Student Friendly"
"ocpb48f058","Now Pre-Leasing for August 2026! 1 and 3 Bedrooms with Utilities! Marcom St Apartments!","Community Features","Community Features","19","Near Bus Stop"
"ocpb48f058","Now Pre-Leasing for August 2026! 1 and 3 Bedrooms with Utilities! Marcom St Apartments!","Community Features","Community Features","103","Walk to campus"
"ocpb48f058","Now Pre-Leasing for August 2026! 1 and 3 Bedrooms with Utilities! Marcom St Apartments!","Laundry","Laundry","9","Washer/Dryer in Unit"
"ocpb48f058","Now Pre-Leasing for August 2026! 1 and 3 Bedrooms with Utilities! Marcom St Apartments!","Convenient For","Convenient For","981","Undergraduates"
"ocpb48f058","Now Pre-Leasing for August 2026! 1 and 3 Bedrooms with Utilities! Marcom St Apartments!","Convenient For","Convenient For","982","Graduate Students"
"ocpb48f058","Now Pre-Leasing for August 2026! 1 and 3 Bedrooms with Utilities! Marcom St Apartments!","Convenient For","Convenient For","983","Faculty/Staff"
"ocpsd8dpj6","Spacious En-suite with private patio and garage parking in Crescent Ridge Townhome Community","Unit Features","Unit Features","1","Air Conditioning"
"ocpsd8dpj6","Spacious En-suite with private patio and garage parking in Crescent Ridge Townhome Community","Unit Features","Unit Features","20","Carpet"
"ocpsd8dpj6","Spacious En-suite with private patio and garage parking in Crescent Ridge Townhome Community","Unit Features","Unit Features","26","Dishwasher"
"ocpsd8dpj6","Spacious En-suite with private patio and garage parking in Crescent Ridge Townhome Community","Unit Features","Unit Features","8","Fireplace"
"ocpsd8dpj6","Spacious En-suite with private patio and garage parking in Crescent Ridge Townhome Community","Unit Features","Unit Features","82","Garbage Disposal"
"ocpsd8dpj6","Spacious En-suite with private patio and garage parking in Crescent Ridge Townhome Community","Unit Features","Unit Features","83","Garden/Yard"
"ocpsd8dpj6","Spacious En-suite with private patio and garage parking in Crescent Ridge Townhome Community","Unit Features","Unit Features","21","Hardwood Floors"
"ocpsd8dpj6","Spacious En-suite with private patio and garage parking in Crescent Ridge Townhome Community","Unit Features","Unit Features","303","High-Speed Internet Available"
"ocpsd8dpj6","Spacious En-suite with private patio and garage parking in Crescent Ridge Townhome Community","Unit Features","Unit Features","71","Outdoor Space"
"ocpsd8dpj6","Spacious En-suite with private patio and garage parking in Crescent Ridge Townhome Community","Unit Features","Unit Features","6","Patio, Balcony, Porch or Deck"
"ocpsd8dpj6","Spacious En-suite with private patio and garage parking in Crescent Ridge Townhome Community","Unit Features","Unit Features","41","Smoke-Free"
"ocpsd8dpj6","Spacious En-suite with private patio and garage parking in Crescent Ridge Townhome Community","Security","Security","95","Dead-Bolt Locks"
"ocpsd8dpj6","Spacious En-suite with private patio and garage parking in Crescent Ridge Townhome Community","Security","Security","99","Exterior Lighting"
"ocpsd8dpj6","Spacious En-suite with private patio and garage parking in Crescent Ridge Townhome Community","Security","Security","25","Security System"
"ocpsd8dpj6","Spacious En-suite with private patio and garage parking in Crescent Ridge Townhome Community","Community Features","Community Features","43","International Student Friendly"
"ocpsd8dpj6","Spacious En-suite with private patio and garage parking in Crescent Ridge Townhome Community","Community Features","Community Features","10","Pool"
"ocpsd8dpj6","Spacious En-suite with private patio and garage parking in Crescent Ridge Townhome Community","Laundry","Laundry","104","Laundry Access"
"ocpsd8dpj6","Spacious En-suite with private patio and garage parking in Crescent Ridge Townhome Community","Laundry","Laundry","9","Washer/Dryer in Unit"
"ocpsd8dpj6","Spacious En-suite with private patio and garage parking in Crescent Ridge Townhome Community","Convenient For","Convenient For","981","Undergraduates"
"ocpsd8dpj6","Spacious En-suite with private patio and garage parking in Crescent Ridge Townhome Community","Convenient For","Convenient For","982","Graduate Students"
"ocpsd8dpj6","Spacious En-suite with private patio and garage parking in Crescent Ridge Townhome Community","Convenient For","Convenient For","983","Faculty/Staff"
"xcp87fm","Tryon Flats Apartments","Unit Features","Unit Features","1","Air Conditioning"
"xcp87fm","Tryon Flats Apartments","Unit Features","Unit Features","26","Dishwasher"
"xcp87fm","Tryon Flats Apartments","Unit Features","Unit Features","7","Furnished"
"xcp87fm","Tryon Flats Apartments","Community Features","Community Features","46","Individual Leases"
"xcp87fm","Tryon Flats Apartments","Community Features","Community Features","44","Roommate Matching"
"xcp87fm","Tryon Flats Apartments","Laundry","Laundry","9","Washer/Dryer in Unit"
"xcp87fm","Tryon Flats Apartments","Convenient For","Convenient For","981","Undergraduates"
"xcp87fm","Tryon Flats Apartments","Convenient For","Convenient For","982","Graduate Students"
"xcp87fm","Tryon Flats Apartments","Convenient For","Convenient For","983","Faculty/Staff"
"xcp87fm","Tryon Flats Apartments","Unique Features","Unique Features","","Assigned Parking at no additonal Cost"
"xcp87fm","Tryon Flats Apartments","Unique Features","Unique Features","","Assigned Parking Spot"
"xcp87fm","Tryon Flats Apartments","Unique Features","Unique Features","","Bus Stop On Site"
"xcp87fm","Tryon Flats Apartments","Unique Features","Unique Features","","Electric"
"xcp87fm","Tryon Flats Apartments","Unique Features","Unique Features","","Furnished Units Available"
"xcp87fm","Tryon Flats Apartments","Unique Features","Unique Features","","Internet"
"xcp87fm","Tryon Flats Apartments","Unique Features","Unique Features","","Stainless Steal Whirlpool Dishwasher"
"xcp87fm","Tryon Flats Apartments","Unique Features","Unique Features","","Stainless Steal Whirlpool Microwave"
"xcp87fm","Tryon Flats Apartments","Unique Features","Unique Features","","Stainless Steal Whirlpool Range"
"xcp87fm","Tryon Flats Apartments","Unique Features","Unique Features","","Stainless Steal Whirlpool Refrigerator"
"xcp87fm","Tryon Flats Apartments","Unique Features","Unique Features","","Water/Sewer"
"ocpsq86tm4","4bed 4bath Apartment Near Centennial Campus","Unit Features","Unit Features","1","Air Conditioning"
"ocpsq86tm4","4bed 4bath Apartment Near Centennial Campus","Unit Features","Unit Features","26","Dishwasher"
"ocpsq86tm4","4bed 4bath Apartment Near Centennial Campus","Unit Features","Unit Features","80","Extra Storage"
"ocpsq86tm4","4bed 4bath Apartment Near Centennial Campus","Unit Features","Unit Features","7","Furnished"
"ocpsq86tm4","4bed 4bath Apartment Near Centennial Campus","Unit Features","Unit Features","82","Garbage Disposal"
"ocpsq86tm4","4bed 4bath Apartment Near Centennial Campus","Unit Features","Unit Features","303","High-Speed Internet Available"
"ocpsq86tm4","4bed 4bath Apartment Near Centennial Campus","Unit Features","Unit Features","6","Patio, Balcony, Porch or Deck"
"ocpsq86tm4","4bed 4bath Apartment Near Centennial Campus","Unit Features","Unit Features","41","Smoke-Free"
"ocpsq86tm4","4bed 4bath Apartment Near Centennial Campus","Community Features","Community Features","46","Individual Leases"
"ocpsq86tm4","4bed 4bath Apartment Near Centennial Campus","Community Features","Community Features","19","Near Bus Stop"
"ocpsq86tm4","4bed 4bath Apartment Near Centennial Campus","Community Features","Community Features","10","Pool"
"ocpsq86tm4","4bed 4bath Apartment Near Centennial Campus","Community Features","Community Features","103","Walk to campus"
"ocpsq86tm4","4bed 4bath Apartment Near Centennial Campus","Laundry","Laundry","9","Washer/Dryer in Unit"
"ocpsq86tm4","4bed 4bath Apartment Near Centennial Campus","Convenient For","Convenient For","981","Undergraduates"
"ocpsq86tm4","4bed 4bath Apartment Near Centennial Campus","Convenient For","Convenient For","982","Graduate Students"
"ocpsq86tm4","4bed 4bath Apartment Near Centennial Campus","Convenient For","Convenient For","983","Faculty/Staff"
"35cz5ed","644 Coleman St (Raleigh, NC)","Unit Features","Unit Features","26","Dishwasher"
"35cz5ed","644 Coleman St (Raleigh, NC)","Convenient For","Convenient For","981","Undergraduates"
"35cz5ed","644 Coleman St (Raleigh, NC)","Convenient For","Convenient For","982","Graduate Students"
"35cz5ed","644 Coleman St (Raleigh, NC)","Convenient For","Convenient For","983","Faculty/Staff"
"ocp2gxtxqc","The Station","Unit Features","Unit Features","1","Air Conditioning"
"ocp2gxtxqc","The Station","Unit Features","Unit Features","20","Carpet"
"ocp2gxtxqc","The Station","Unit Features","Unit Features","26","Dishwasher"
"ocp2gxtxqc","The Station","Unit Features","Unit Features","7","Furnished"
"ocp2gxtxqc","The Station","Unit Features","Unit Features","82","Garbage Disposal"
"ocp2gxtxqc","The Station","Unit Features","Unit Features","21","Hardwood Floors"
"ocp2gxtxqc","The Station","Unit Features","Unit Features","303","High-Speed Internet Available"
"ocp2gxtxqc","The Station","Unit Features","Unit Features","71","Outdoor Space"
"ocp2gxtxqc","The Station","Unit Features","Unit Features","6","Patio, Balcony, Porch or Deck"
"ocp2gxtxqc","The Station","Community Features","Community Features","265","Clubhouse"
"ocp2gxtxqc","The Station","Community Features","Community Features","81","Elevator"
"ocp2gxtxqc","The Station","Community Features","Community Features","45","Fitness Room"
"ocp2gxtxqc","The Station","Community Features","Community Features","19","Near Bus Stop"
"ocp2gxtxqc","The Station","Community Features","Community Features","10","Pool"
"ocp2gxtxqc","The Station","Laundry","Laundry","9","Washer/Dryer in Unit"
"ocp2gxtxqc","The Station","Convenient For","Convenient For","981","Undergraduates"
"ocp2gxtxqc","The Station","Convenient For","Convenient For","982","Graduate Students"
"pxc3rhs","Room in Condo on Crab Orchard Dr","Unit Features","Unit Features","1","Air Conditioning"
"pxc3rhs","Room in Condo on Crab Orchard Dr","Unit Features","Unit Features","26","Dishwasher"
"pxc3rhs","Room in Condo on Crab Orchard Dr","Laundry","Laundry","9","Washer/Dryer in Unit"
"pxc3rhs","Room in Condo on Crab Orchard Dr","Convenient For","Convenient For","981","Undergraduates"
"pxc3rhs","Room in Condo on Crab Orchard Dr","Convenient For","Convenient For","982","Graduate Students"
"pxc3rhs","Room in Condo on Crab Orchard Dr","Convenient For","Convenient For","983","Faculty/Staff"
"ocppbmmgnt","5 bedroom townhome available near NC State","Unit Features","Unit Features","1","Air Conditioning"
"ocppbmmgnt","5 bedroom townhome available near NC State","Unit Features","Unit Features","20","Carpet"
"ocppbmmgnt","5 bedroom townhome available near NC State","Unit Features","Unit Features","26","Dishwasher"
"ocppbmmgnt","5 bedroom townhome available near NC State","Unit Features","Unit Features","80","Extra Storage"
"ocppbmmgnt","5 bedroom townhome available near NC State","Unit Features","Unit Features","82","Garbage Disposal"
"ocppbmmgnt","5 bedroom townhome available near NC State","Community Features","Community Features","45","Fitness Room"
"ocppbmmgnt","5 bedroom townhome available near NC State","Community Features","Community Features","46","Individual Leases"
"ocppbmmgnt","5 bedroom townhome available near NC State","Community Features","Community Features","19","Near Bus Stop"
"ocppbmmgnt","5 bedroom townhome available near NC State","Community Features","Community Features","10","Pool"
"ocppbmmgnt","5 bedroom townhome available near NC State","Laundry","Laundry","9","Washer/Dryer in Unit"
"ocppbmmgnt","5 bedroom townhome available near NC State","Convenient For","Convenient For","981","Undergraduates"
"ocppbmmgnt","5 bedroom townhome available near NC State","Convenient For","Convenient For","982","Graduate Students"
"ocppbmmgnt","5 bedroom townhome available near NC State","Convenient For","Convenient For","983","Faculty/Staff"
"tqbb2mb","Room in House on Okelly St","Unit Features","Unit Features","1","Air Conditioning"
"tqbb2mb","Room in House on Okelly St","Unit Features","Unit Features","26","Dishwasher"
"tqbb2mb","Room in House on Okelly St","Laundry","Laundry","9","Washer/Dryer in Unit"
"tqbb2mb","Room in House on Okelly St","Convenient For","Convenient For","981","Undergraduates"
"tqbb2mb","Room in House on Okelly St","Convenient For","Convenient For","982","Graduate Students"
"tqbb2mb","Room in House on Okelly St","Convenient For","Convenient For","983","Faculty/Staff"
"ocp176ghy4","Campus Crossings Raleigh","Unit Features","Unit Features","1","Air Conditioning"
"ocp176ghy4","Campus Crossings Raleigh","Unit Features","Unit Features","20","Carpet"
"ocp176ghy4","Campus Crossings Raleigh","Unit Features","Unit Features","26","Dishwasher"
"ocp176ghy4","Campus Crossings Raleigh","Unit Features","Unit Features","80","Extra Storage"
"ocp176ghy4","Campus Crossings Raleigh","Unit Features","Unit Features","7","Furnished"
"ocp176ghy4","Campus Crossings Raleigh","Unit Features","Unit Features","6","Patio, Balcony, Porch or Deck"
"ocp176ghy4","Campus Crossings Raleigh","Community Features","Community Features","265","Clubhouse"
"ocp176ghy4","Campus Crossings Raleigh","Community Features","Community Features","45","Fitness Room"
"ocp176ghy4","Campus Crossings Raleigh","Community Features","Community Features","46","Individual Leases"
"ocp176ghy4","Campus Crossings Raleigh","Security","Security","99","Exterior Lighting"
"ocp176ghy4","Campus Crossings Raleigh","Security","Security","100","Security Guard"
"ocp176ghy4","Campus Crossings Raleigh","University Features","University Features","74","Private Shuttle to Campus"
"ocp176ghy4","Campus Crossings Raleigh","Laundry","Laundry","9","Washer/Dryer in Unit"
"ocp176ghy4","Campus Crossings Raleigh","Convenient For","Convenient For","981","Undergraduates"
"ocp176ghy4","Campus Crossings Raleigh","Convenient For","Convenient For","982","Graduate Students"
"ocp176ghy4","Campus Crossings Raleigh","Convenient For","Convenient For","983","Faculty/Staff"
"qcvpeqz","1431 Collegiate Cir (Raleigh, NC)","Unit Features","Unit Features","26","Dishwasher"
"qcvpeqz","1431 Collegiate Cir (Raleigh, NC)","Community Features","Community Features","10","Pool"
"qcvpeqz","1431 Collegiate Cir (Raleigh, NC)","Laundry","Laundry","9","Washer/Dryer in Unit"
"qcvpeqz","1431 Collegiate Cir (Raleigh, NC)","Convenient For","Convenient For","981","Undergraduates"
"qcvpeqz","1431 Collegiate Cir (Raleigh, NC)","Convenient For","Convenient For","982","Graduate Students"
"qcvpeqz","1431 Collegiate Cir (Raleigh, NC)","Convenient For","Convenient For","983","Faculty/Staff"
"ocpqe84m5z","University Commons, close to Wolfline Stops","Unit Features","Unit Features","1","Air Conditioning"
"ocpqe84m5z","University Commons, close to Wolfline Stops","Unit Features","Unit Features","26","Dishwasher"
"ocpqe84m5z","University Commons, close to Wolfline Stops","Unit Features","Unit Features","80","Extra Storage"
"ocpqe84m5z","University Commons, close to Wolfline Stops","Unit Features","Unit Features","82","Garbage Disposal"
"ocpqe84m5z","University Commons, close to Wolfline Stops","Unit Features","Unit Features","21","Hardwood Floors"
"ocpqe84m5z","University Commons, close to Wolfline Stops","Unit Features","Unit Features","6","Patio, Balcony, Porch or Deck"
"ocpqe84m5z","University Commons, close to Wolfline Stops","Unit Features","Unit Features","41","Smoke-Free"
"ocpqe84m5z","University Commons, close to Wolfline Stops","Security","Security","95","Dead-Bolt Locks"
"ocpqe84m5z","University Commons, close to Wolfline Stops","Security","Security","99","Exterior Lighting"
"ocpqe84m5z","University Commons, close to Wolfline Stops","Community Features","Community Features","43","International Student Friendly"
"ocpqe84m5z","University Commons, close to Wolfline Stops","Community Features","Community Features","19","Near Bus Stop"
"ocpqe84m5z","University Commons, close to Wolfline Stops","Laundry","Laundry","9","Washer/Dryer in Unit"
"ocpqe84m5z","University Commons, close to Wolfline Stops","Convenient For","Convenient For","981","Undergraduates"
"ocpqe84m5z","University Commons, close to Wolfline Stops","Convenient For","Convenient For","982","Graduate Students"
"c1v4mzd","Room in House on Henslowe Dr","Unit Features","Unit Features","1","Air Conditioning"
"c1v4mzd","Room in House on Henslowe Dr","Unit Features","Unit Features","26","Dishwasher"
"c1v4mzd","Room in House on Henslowe Dr","Laundry","Laundry","9","Washer/Dryer in Unit"
"c1v4mzd","Room in House on Henslowe Dr","Convenient For","Convenient For","981","Undergraduates"
"c1v4mzd","Room in House on Henslowe Dr","Convenient For","Convenient For","982","Graduate Students"
"c1v4mzd","Room in House on Henslowe Dr","Convenient For","Convenient For","983","Faculty/Staff"
"ocpx51p4tm","Condo near NCSU","Unit Features","Unit Features","1","Air Conditioning"
"ocpx51p4tm","Condo near NCSU","Unit Features","Unit Features","26","Dishwasher"
"ocpx51p4tm","Condo near NCSU","Unit Features","Unit Features","7","Furnished"
"ocpx51p4tm","Condo near NCSU","Unit Features","Unit Features","21","Hardwood Floors"
"ocpx51p4tm","Condo near NCSU","Unit Features","Unit Features","303","High-Speed Internet Available"
"ocpx51p4tm","Condo near NCSU","Unit Features","Unit Features","6","Patio, Balcony, Porch or Deck"
"ocpx51p4tm","Condo near NCSU","Community Features","Community Features","46","Individual Leases"
"ocpx51p4tm","Condo near NCSU","Community Features","Community Features","19","Near Bus Stop"
"ocpx51p4tm","Condo near NCSU","Community Features","Community Features","10","Pool"
"ocpx51p4tm","Condo near NCSU","Community Features","Community Features","11","Tennis Court"
"ocpx51p4tm","Condo near NCSU","Laundry","Laundry","9","Washer/Dryer in Unit"
"ocpx51p4tm","Condo near NCSU","Convenient For","Convenient For","981","Undergraduates"
"ocpx51p4tm","Condo near NCSU","Convenient For","Convenient For","982","Graduate Students"
"ocpx51p4tm","Condo near NCSU","Convenient For","Convenient For","983","Faculty/Staff"
"x5wd0zn","Room in House on Pineland Cir","Unit Features","Unit Features","1","Air Conditioning"
"x5wd0zn","Room in House on Pineland Cir","Unit Features","Unit Features","26","Dishwasher"
"x5wd0zn","Room in House on Pineland Cir","Laundry","Laundry","9","Washer/Dryer in Unit"
"x5wd0zn","Room in House on Pineland Cir","Convenient For","Convenient For","981","Undergraduates"
"x5wd0zn","Room in House on Pineland Cir","Convenient For","Convenient For","982","Graduate Students"
"x5wd0zn","Room in House on Pineland Cir","Convenient For","Convenient For","983","Faculty/Staff"
"ocphdtdgk2","105 Friendly Drive! Furnished Room Rentals with Utilities!","Unit Features","Unit Features","1","Air Conditioning"
"ocphdtdgk2","105 Friendly Drive! Furnished Room Rentals with Utilities!","Unit Features","Unit Features","15","Disability Accessible"
"ocphdtdgk2","105 Friendly Drive! Furnished Room Rentals with Utilities!","Unit Features","Unit Features","26","Dishwasher"
"ocphdtdgk2","105 Friendly Drive! Furnished Room Rentals with Utilities!","Unit Features","Unit Features","7","Furnished"
"ocphdtdgk2","105 Friendly Drive! Furnished Room Rentals with Utilities!","Unit Features","Unit Features","82","Garbage Disposal"
"ocphdtdgk2","105 Friendly Drive! Furnished Room Rentals with Utilities!","Unit Features","Unit Features","21","Hardwood Floors"
"ocphdtdgk2","105 Friendly Drive! Furnished Room Rentals with Utilities!","Unit Features","Unit Features","303","High-Speed Internet Available"
"ocphdtdgk2","105 Friendly Drive! Furnished Room Rentals with Utilities!","Unit Features","Unit Features","41","Smoke-Free"
"ocphdtdgk2","105 Friendly Drive! Furnished Room Rentals with Utilities!","Security","Security","95","Dead-Bolt Locks"
"ocphdtdgk2","105 Friendly Drive! Furnished Room Rentals with Utilities!","Security","Security","99","Exterior Lighting"
"ocphdtdgk2","105 Friendly Drive! Furnished Room Rentals with Utilities!","Community Features","Community Features","81","Elevator"
"ocphdtdgk2","105 Friendly Drive! Furnished Room Rentals with Utilities!","Community Features","Community Features","46","Individual Leases"
"ocphdtdgk2","105 Friendly Drive! Furnished Room Rentals with Utilities!","Community Features","Community Features","43","International Student Friendly"
"ocphdtdgk2","105 Friendly Drive! Furnished Room Rentals with Utilities!","Community Features","Community Features","19","Near Bus Stop"
"ocphdtdgk2","105 Friendly Drive! Furnished Room Rentals with Utilities!","Community Features","Community Features","103","Walk to campus"
"ocphdtdgk2","105 Friendly Drive! Furnished Room Rentals with Utilities!","Laundry","Laundry","9","Washer/Dryer in Unit"
"ocphdtdgk2","105 Friendly Drive! Furnished Room Rentals with Utilities!","Convenient For","Convenient For","981","Undergraduates"
"ocphdtdgk2","105 Friendly Drive! Furnished Room Rentals with Utilities!","Convenient For","Convenient For","982","Graduate Students"
"ocphdtdgk2","105 Friendly Drive! Furnished Room Rentals with Utilities!","Convenient For","Convenient For","983","Faculty/Staff"
"51px18q","1101 Gunnison Pl (Raleigh, NC)","Unit Features","Unit Features","26","Dishwasher"
"51px18q","1101 Gunnison Pl (Raleigh, NC)","Unit Features","Unit Features","21","Hardwood Floors"
"51px18q","1101 Gunnison Pl (Raleigh, NC)","Laundry","Laundry","9","Washer/Dryer in Unit"
"51px18q","1101 Gunnison Pl (Raleigh, NC)","Convenient For","Convenient For","981","Undergraduates"
"51px18q","1101 Gunnison Pl (Raleigh, NC)","Convenient For","Convenient For","982","Graduate Students"
"51px18q","1101 Gunnison Pl (Raleigh, NC)","Convenient For","Convenient For","983","Faculty/Staff"
"ocpjxe9lb5","Private House room listing","Unit Features","Unit Features","1","Air Conditioning"
"ocpjxe9lb5","Private House room listing","Unit Features","Unit Features","20","Carpet"
"ocpjxe9lb5","Private House room listing","Unit Features","Unit Features","80","Extra Storage"
"ocpjxe9lb5","Private House room listing","Unit Features","Unit Features","7","Furnished"
"ocpjxe9lb5","Private House room listing","Unit Features","Unit Features","83","Garden/Yard"
"ocpjxe9lb5","Private House room listing","Unit Features","Unit Features","21","Hardwood Floors"
"ocpjxe9lb5","Private House room listing","Unit Features","Unit Features","303","High-Speed Internet Available"
"ocpjxe9lb5","Private House room listing","Unit Features","Unit Features","6","Patio, Balcony, Porch or Deck"
"ocpjxe9lb5","Private House room listing","Unit Features","Unit Features","41","Smoke-Free"
"ocpjxe9lb5","Private House room listing","Security","Security","95","Dead-Bolt Locks"
"ocpjxe9lb5","Private House room listing","Security","Security","99","Exterior Lighting"
"ocpjxe9lb5","Private House room listing","Laundry","Laundry","104","Laundry Access"
"ocpjxe9lb5","Private House room listing","Laundry","Laundry","9","Washer/Dryer in Unit"
"ocpjxe9lb5","Private House room listing","Community Features","Community Features","19","Near Bus Stop"
"ocpjxe9lb5","Private House room listing","Convenient For","Convenient For","981","Undergraduates"
"ocpjxe9lb5","Private House room listing","Convenient For","Convenient For","982","Graduate Students"
"ocpjxe9lb5","Private House room listing","Convenient For","Convenient For","983","Faculty/Staff"
"6lbm6br","2810 Crestscene Trail (Raleigh, NC)","Unit Features","Unit Features","26","Dishwasher"
"6lbm6br","2810 Crestscene Trail (Raleigh, NC)","Unit Features","Unit Features","8","Fireplace"
"6lbm6br","2810 Crestscene Trail (Raleigh, NC)","Unit Features","Unit Features","7","Furnished"
"6lbm6br","2810 Crestscene Trail (Raleigh, NC)","Unit Features","Unit Features","82","Garbage Disposal"
"6lbm6br","2810 Crestscene Trail (Raleigh, NC)","Laundry","Laundry","9","Washer/Dryer in Unit"
"6lbm6br","2810 Crestscene Trail (Raleigh, NC)","Convenient For","Convenient For","981","Undergraduates"
"6lbm6br","2810 Crestscene Trail (Raleigh, NC)","Convenient For","Convenient For","982","Graduate Students"
"6lbm6br","2810 Crestscene Trail (Raleigh, NC)","Convenient For","Convenient For","983","Faculty/Staff"
"ocp4lh373j","Hub Raleigh – 4x2 Lease Takeover, Available Now","Unit Features","Unit Features","1","Air Conditioning"
"ocp4lh373j","Hub Raleigh – 4x2 Lease Takeover, Available Now","Unit Features","Unit Features","26","Dishwasher"
"ocp4lh373j","Hub Raleigh – 4x2 Lease Takeover, Available Now","Unit Features","Unit Features","80","Extra Storage"
"ocp4lh373j","Hub Raleigh – 4x2 Lease Takeover, Available Now","Unit Features","Unit Features","7","Furnished"
"ocp4lh373j","Hub Raleigh – 4x2 Lease Takeover, Available Now","Unit Features","Unit Features","21","Hardwood Floors"
"ocp4lh373j","Hub Raleigh – 4x2 Lease Takeover, Available Now","Unit Features","Unit Features","303","High-Speed Internet Available"
"ocp4lh373j","Hub Raleigh – 4x2 Lease Takeover, Available Now","Community Features","Community Features","265","Clubhouse"
"ocp4lh373j","Hub Raleigh – 4x2 Lease Takeover, Available Now","Community Features","Community Features","81","Elevator"
"ocp4lh373j","Hub Raleigh – 4x2 Lease Takeover, Available Now","Community Features","Community Features","45","Fitness Room"
"ocp4lh373j","Hub Raleigh – 4x2 Lease Takeover, Available Now","Community Features","Community Features","46","Individual Leases"
"ocp4lh373j","Hub Raleigh – 4x2 Lease Takeover, Available Now","Community Features","Community Features","43","International Student Friendly"
"ocp4lh373j","Hub Raleigh – 4x2 Lease Takeover, Available Now","Community Features","Community Features","19","Near Bus Stop"
"ocp4lh373j","Hub Raleigh – 4x2 Lease Takeover, Available Now","Community Features","Community Features","10","Pool"
"ocp4lh373j","Hub Raleigh – 4x2 Lease Takeover, Available Now","Community Features","Community Features","44","Roommate Matching"
"ocp4lh373j","Hub Raleigh – 4x2 Lease Takeover, Available Now","Community Features","Community Features","103","Walk to campus"
"ocp4lh373j","Hub Raleigh – 4x2 Lease Takeover, Available Now","Laundry","Laundry","104","Laundry Access"
"ocp4lh373j","Hub Raleigh – 4x2 Lease Takeover, Available Now","Convenient For","Convenient For","981","Undergraduates"
"ocp4lh373j","Hub Raleigh – 4x2 Lease Takeover, Available Now","Convenient For","Convenient For","982","Graduate Students"
"ocp4lh373j","Hub Raleigh – 4x2 Lease Takeover, Available Now","Convenient For","Convenient For","983","Faculty/Staff"
"dnbdmqk","2626 Wolf Cub Ct (Raleigh, NC)","Unit Features","Unit Features","26","Dishwasher"
"dnbdmqk","2626 Wolf Cub Ct (Raleigh, NC)","Unit Features","Unit Features","21","Hardwood Floors"
"dnbdmqk","2626 Wolf Cub Ct (Raleigh, NC)","Laundry","Laundry","9","Washer/Dryer in Unit"
"dnbdmqk","2626 Wolf Cub Ct (Raleigh, NC)","Convenient For","Convenient For","981","Undergraduates"
"dnbdmqk","2626 Wolf Cub Ct (Raleigh, NC)","Convenient For","Convenient For","982","Graduate Students"
"dnbdmqk","2626 Wolf Cub Ct (Raleigh, NC)","Convenient For","Convenient For","983","Faculty/Staff"
"ocp5cx5drn","Valentine Commons","Unit Features","Unit Features","1","Air Conditioning"
"ocp5cx5drn","Valentine Commons","Unit Features","Unit Features","26","Dishwasher"
"ocp5cx5drn","Valentine Commons","Unit Features","Unit Features","7","Furnished"
"ocp5cx5drn","Valentine Commons","Unit Features","Unit Features","82","Garbage Disposal"
"ocp5cx5drn","Valentine Commons","Unit Features","Unit Features","21","Hardwood Floors"
"ocp5cx5drn","Valentine Commons","Unit Features","Unit Features","303","High-Speed Internet Available"
"ocp5cx5drn","Valentine Commons","Unit Features","Unit Features","41","Smoke-Free"
"ocp5cx5drn","Valentine Commons","Security","Security","95","Dead-Bolt Locks"
"ocp5cx5drn","Valentine Commons","Security","Security","99","Exterior Lighting"
"ocp5cx5drn","Valentine Commons","Security","Security","25","Security System"
"ocp5cx5drn","Valentine Commons","Security","Security","98","Video Surveillance"
"ocp5cx5drn","Valentine Commons","Community Features","Community Features","81","Elevator"
"ocp5cx5drn","Valentine Commons","Community Features","Community Features","45","Fitness Room"
"ocp5cx5drn","Valentine Commons","Community Features","Community Features","46","Individual Leases"
"ocp5cx5drn","Valentine Commons","Community Features","Community Features","43","International Student Friendly"
"ocp5cx5drn","Valentine Commons","Community Features","Community Features","19","Near Bus Stop"
"ocp5cx5drn","Valentine Commons","Community Features","Community Features","44","Roommate Matching"
"ocp5cx5drn","Valentine Commons","Community Features","Community Features","103","Walk to campus"
"ocp5cx5drn","Valentine Commons","Laundry","Laundry","104","Laundry Access"
"ocp5cx5drn","Valentine Commons","Laundry","Laundry","9","Washer/Dryer in Unit"
"ocp5cx5drn","Valentine Commons","Convenient For","Convenient For","981","Undergraduates"
"ocp5cx5drn","Valentine Commons","Convenient For","Convenient For","982","Graduate Students"
"teq7kh8","1233 S Blount St (Raleigh, NC)","Unit Features","Unit Features","26","Dishwasher"
"teq7kh8","1233 S Blount St (Raleigh, NC)","Unit Features","Unit Features","8","Fireplace"
"teq7kh8","1233 S Blount St (Raleigh, NC)","Unit Features","Unit Features","7","Furnished"
"teq7kh8","1233 S Blount St (Raleigh, NC)","Laundry","Laundry","9","Washer/Dryer in Unit"
"teq7kh8","1233 S Blount St (Raleigh, NC)","Convenient For","Convenient For","981","Undergraduates"
"teq7kh8","1233 S Blount St (Raleigh, NC)","Convenient For","Convenient For","982","Graduate Students"
"teq7kh8","1233 S Blount St (Raleigh, NC)","Convenient For","Convenient For","983","Faculty/Staff"
"ocpsgy1zk5","Family Neighborhood with Greenway Access","Unit Features","Unit Features","1","Air Conditioning"
"ocpsgy1zk5","Family Neighborhood with Greenway Access","Unit Features","Unit Features","26","Dishwasher"
"ocpsgy1zk5","Family Neighborhood with Greenway Access","Unit Features","Unit Features","7","Furnished"
"ocpsgy1zk5","Family Neighborhood with Greenway Access","Unit Features","Unit Features","82","Garbage Disposal"
"ocpsgy1zk5","Family Neighborhood with Greenway Access","Unit Features","Unit Features","83","Garden/Yard"
"ocpsgy1zk5","Family Neighborhood with Greenway Access","Unit Features","Unit Features","303","High-Speed Internet Available"
"ocpsgy1zk5","Family Neighborhood with Greenway Access","Unit Features","Unit Features","71","Outdoor Space"
"ocpsgy1zk5","Family Neighborhood with Greenway Access","Unit Features","Unit Features","6","Patio, Balcony, Porch or Deck"
"ocpsgy1zk5","Family Neighborhood with Greenway Access","Unit Features","Unit Features","41","Smoke-Free"
"ocpsgy1zk5","Family Neighborhood with Greenway Access","Security","Security","95","Dead-Bolt Locks"
"ocpsgy1zk5","Family Neighborhood with Greenway Access","Security","Security","99","Exterior Lighting"
"ocpsgy1zk5","Family Neighborhood with Greenway Access","Community Features","Community Features","43","International Student Friendly"
"ocpsgy1zk5","Family Neighborhood with Greenway Access","Community Features","Community Features","19","Near Bus Stop"
"ocpsgy1zk5","Family Neighborhood with Greenway Access","Laundry","Laundry","9","Washer/Dryer in Unit"
"ocpsgy1zk5","Family Neighborhood with Greenway Access","Convenient For","Convenient For","981","Undergraduates"
"ocpsgy1zk5","Family Neighborhood with Greenway Access","Convenient For","Convenient For","982","Graduate Students"
"ocpsgy1zk5","Family Neighborhood with Greenway Access","Convenient For","Convenient For","983","Faculty/Staff"
"se736e5","College Inn","Unit Features","Unit Features","1","Air Conditioning"
"se736e5","College Inn","Unit Features","Unit Features","20","Carpet"
"se736e5","College Inn","Unit Features","Unit Features","26","Dishwasher"
"se736e5","College Inn","Unit Features","Unit Features","7","Furnished"
"se736e5","College Inn","Unit Features","Unit Features","82","Garbage Disposal"
"se736e5","College Inn","Unit Features","Unit Features","21","Hardwood Floors"
"se736e5","College Inn","Unit Features","Unit Features","303","High-Speed Internet Available"
"se736e5","College Inn","Unit Features","Unit Features","6","Patio, Balcony, Porch or Deck"
"se736e5","College Inn","Unit Features","Unit Features","41","Smoke-Free"
"se736e5","College Inn","Community Features","Community Features","265","Clubhouse"
"se736e5","College Inn","Community Features","Community Features","81","Elevator"
"se736e5","College Inn","Community Features","Community Features","45","Fitness Room"
"se736e5","College Inn","Community Features","Community Features","46","Individual Leases"
"se736e5","College Inn","Community Features","Community Features","10","Pool"
"se736e5","College Inn","Community Features","Community Features","44","Roommate Matching"
"se736e5","College Inn","Community Features","Community Features","103","Walk to campus"
"se736e5","College Inn","Lease Information","Lease Information","18","Flexible/Other lease"
"se736e5","College Inn","Laundry","Laundry","9","Washer/Dryer in Unit"
"se736e5","College Inn","Convenient For","Convenient For","981","Undergraduates"
"se736e5","College Inn","Convenient For","Convenient For","982","Graduate Students"
"se736e5","College Inn","Convenient For","Convenient For","983","Faculty/Staff"
"se736e5","College Inn","Unique Features","Unique Features","","Computer Lab"
"se736e5","College Inn","Unique Features","Unique Features","","Study Area"
"ocp0gch9g2","Quiet Furnished Room in Cary – Private Bath, Storage, Driveway Access, Near Bus 3","Unit Features","Unit Features","1","Air Conditioning"
"ocp0gch9g2","Quiet Furnished Room in Cary – Private Bath, Storage, Driveway Access, Near Bus 3","Unit Features","Unit Features","20","Carpet"
"ocp0gch9g2","Quiet Furnished Room in Cary – Private Bath, Storage, Driveway Access, Near Bus 3","Unit Features","Unit Features","15","Disability Accessible"
"ocp0gch9g2","Quiet Furnished Room in Cary – Private Bath, Storage, Driveway Access, Near Bus 3","Unit Features","Unit Features","26","Dishwasher"
"ocp0gch9g2","Quiet Furnished Room in Cary – Private Bath, Storage, Driveway Access, Near Bus 3","Unit Features","Unit Features","80","Extra Storage"
"ocp0gch9g2","Quiet Furnished Room in Cary – Private Bath, Storage, Driveway Access, Near Bus 3","Unit Features","Unit Features","7","Furnished"
"ocp0gch9g2","Quiet Furnished Room in Cary – Private Bath, Storage, Driveway Access, Near Bus 3","Unit Features","Unit Features","82","Garbage Disposal"
"ocp0gch9g2","Quiet Furnished Room in Cary – Private Bath, Storage, Driveway Access, Near Bus 3","Unit Features","Unit Features","83","Garden/Yard"
"ocp0gch9g2","Quiet Furnished Room in Cary – Private Bath, Storage, Driveway Access, Near Bus 3","Unit Features","Unit Features","303","High-Speed Internet Available"
"ocp0gch9g2","Quiet Furnished Room in Cary – Private Bath, Storage, Driveway Access, Near Bus 3","Unit Features","Unit Features","71","Outdoor Space"
"ocp0gch9g2","Quiet Furnished Room in Cary – Private Bath, Storage, Driveway Access, Near Bus 3","Unit Features","Unit Features","6","Patio, Balcony, Porch or Deck"
"ocp0gch9g2","Quiet Furnished Room in Cary – Private Bath, Storage, Driveway Access, Near Bus 3","Unit Features","Unit Features","41","Smoke-Free"
"ocp0gch9g2","Quiet Furnished Room in Cary – Private Bath, Storage, Driveway Access, Near Bus 3","Laundry","Laundry","104","Laundry Access"
"ocp0gch9g2","Quiet Furnished Room in Cary – Private Bath, Storage, Driveway Access, Near Bus 3","Laundry","Laundry","9","Washer/Dryer in Unit"
"ocp0gch9g2","Quiet Furnished Room in Cary – Private Bath, Storage, Driveway Access, Near Bus 3","Community Features","Community Features","19","Near Bus Stop"
"ocp0gch9g2","Quiet Furnished Room in Cary – Private Bath, Storage, Driveway Access, Near Bus 3","Security","Security","25","Security System"
"ocp0gch9g2","Quiet Furnished Room in Cary – Private Bath, Storage, Driveway Access, Near Bus 3","Convenient For","Convenient For","981","Undergraduates"
"ocp0gch9g2","Quiet Furnished Room in Cary – Private Bath, Storage, Driveway Access, Near Bus 3","Convenient For","Convenient For","982","Graduate Students"
"ocp0gch9g2","Quiet Furnished Room in Cary – Private Bath, Storage, Driveway Access, Near Bus 3","Convenient For","Convenient For","983","Faculty/Staff"
"r2tht53","Room in House on Tall Rock Ct","Unit Features","Unit Features","1","Air Conditioning"
"r2tht53","Room in House on Tall Rock Ct","Unit Features","Unit Features","26","Dishwasher"
"r2tht53","Room in House on Tall Rock Ct","Laundry","Laundry","9","Washer/Dryer in Unit"
"r2tht53","Room in House on Tall Rock Ct","Convenient For","Convenient For","981","Undergraduates"
"r2tht53","Room in House on Tall Rock Ct","Convenient For","Convenient For","982","Graduate Students"
"r2tht53","Room in House on Tall Rock Ct","Convenient For","Convenient For","983","Faculty/Staff"
"ocp1ddchy6","Village Green","Unit Features","Unit Features","1","Air Conditioning"
"ocp1ddchy6","Village Green","Unit Features","Unit Features","20","Carpet"
"ocp1ddchy6","Village Green","Unit Features","Unit Features","26","Dishwasher"
"ocp1ddchy6","Village Green","Unit Features","Unit Features","80","Extra Storage"
"ocp1ddchy6","Village Green","Unit Features","Unit Features","7","Furnished"
"ocp1ddchy6","Village Green","Unit Features","Unit Features","82","Garbage Disposal"
"ocp1ddchy6","Village Green","Unit Features","Unit Features","83","Garden/Yard"
"ocp1ddchy6","Village Green","Unit Features","Unit Features","21","Hardwood Floors"
"ocp1ddchy6","Village Green","Unit Features","Unit Features","303","High-Speed Internet Available"
"ocp1ddchy6","Village Green","Unit Features","Unit Features","71","Outdoor Space"
"ocp1ddchy6","Village Green","Unit Features","Unit Features","6","Patio, Balcony, Porch or Deck"
"ocp1ddchy6","Village Green","Community Features","Community Features","265","Clubhouse"
"ocp1ddchy6","Village Green","Community Features","Community Features","45","Fitness Room"
"ocp1ddchy6","Village Green","Community Features","Community Features","43","International Student Friendly"
"ocp1ddchy6","Village Green","Community Features","Community Features","19","Near Bus Stop"
"ocp1ddchy6","Village Green","Community Features","Community Features","10","Pool"
"ocp1ddchy6","Village Green","Security","Security","95","Dead-Bolt Locks"
"ocp1ddchy6","Village Green","University Features","University Features","74","Private Shuttle to Campus"
"ocp1ddchy6","Village Green","Laundry","Laundry","9","Washer/Dryer in Unit"
"ocp1ddchy6","Village Green","Convenient For","Convenient For","981","Undergraduates"
"ocp1ddchy6","Village Green","Convenient For","Convenient For","982","Graduate Students"
"r66ecw0","Room in Duplex on Bragg St","Unit Features","Unit Features","1","Air Conditioning"
"r66ecw0","Room in Duplex on Bragg St","Unit Features","Unit Features","26","Dishwasher"
"r66ecw0","Room in Duplex on Bragg St","Laundry","Laundry","9","Washer/Dryer in Unit"
"r66ecw0","Room in Duplex on Bragg St","Convenient For","Convenient For","981","Undergraduates"
"r66ecw0","Room in Duplex on Bragg St","Convenient For","Convenient For","982","Graduate Students"
"r66ecw0","Room in Duplex on Bragg St","Convenient For","Convenient For","983","Faculty/Staff"
"ocpmf8tflk","St. Albans Lofts in North Hills","Lease Information","Lease Information","16","12 month lease"
"ocpmf8tflk","St. Albans Lofts in North Hills","Lease Information","Lease Information","76","Fall Sublet"
"ocpmf8tflk","St. Albans Lofts in North Hills","Lease Information","Lease Information","18","Flexible/Other lease"
"ocpmf8tflk","St. Albans Lofts in North Hills","Lease Information","Lease Information","63","Month-to-Month"
"ocpmf8tflk","St. Albans Lofts in North Hills","Unit Features","Unit Features","1","Air Conditioning"
"ocpmf8tflk","St. Albans Lofts in North Hills","Unit Features","Unit Features","26","Dishwasher"
"ocpmf8tflk","St. Albans Lofts in North Hills","Unit Features","Unit Features","80","Extra Storage"
"ocpmf8tflk","St. Albans Lofts in North Hills","Unit Features","Unit Features","82","Garbage Disposal"
"ocpmf8tflk","St. Albans Lofts in North Hills","Unit Features","Unit Features","21","Hardwood Floors"
"ocpmf8tflk","St. Albans Lofts in North Hills","Unit Features","Unit Features","303","High-Speed Internet Available"
"ocpmf8tflk","St. Albans Lofts in North Hills","Unit Features","Unit Features","468","Loft"
"ocpmf8tflk","St. Albans Lofts in North Hills","Unit Features","Unit Features","71","Outdoor Space"
"ocpmf8tflk","St. Albans Lofts in North Hills","Unit Features","Unit Features","41","Smoke-Free"
"ocpmf8tflk","St. Albans Lofts in North Hills","Community Features","Community Features","265","Clubhouse"
"ocpmf8tflk","St. Albans Lofts in North Hills","Community Features","Community Features","81","Elevator"
"ocpmf8tflk","St. Albans Lofts in North Hills","Community Features","Community Features","45","Fitness Room"
"ocpmf8tflk","St. Albans Lofts in North Hills","Community Features","Community Features","43","International Student Friendly"
"ocpmf8tflk","St. Albans Lofts in North Hills","Community Features","Community Features","19","Near Bus Stop"
"ocpmf8tflk","St. Albans Lofts in North Hills","Community Features","Community Features","10","Pool"
"ocpmf8tflk","St. Albans Lofts in North Hills","Security","Security","95","Dead-Bolt Locks"
"ocpmf8tflk","St. Albans Lofts in North Hills","Security","Security","99","Exterior Lighting"
"ocpmf8tflk","St. Albans Lofts in North Hills","Security","Security","25","Security System"
"ocpmf8tflk","St. Albans Lofts in North Hills","Security","Security","98","Video Surveillance"
"ocpmf8tflk","St. Albans Lofts in North Hills","Laundry","Laundry","9","Washer/Dryer in Unit"
"ocpmf8tflk","St. Albans Lofts in North Hills","Convenient For","Convenient For","981","Undergraduates"
"ocpmf8tflk","St. Albans Lofts in North Hills","Convenient For","Convenient For","982","Graduate Students"
"ocpmf8tflk","St. Albans Lofts in North Hills","Convenient For","Convenient For","983","Faculty/Staff"
"kf77vv8","Room in Condo on Collegiate Cir","Unit Features","Unit Features","1","Air Conditioning"
"kf77vv8","Room in Condo on Collegiate Cir","Unit Features","Unit Features","26","Dishwasher"
"kf77vv8","Room in Condo on Collegiate Cir","Laundry","Laundry","9","Washer/Dryer in Unit"
"kf77vv8","Room in Condo on Collegiate Cir","Convenient For","Convenient For","981","Undergraduates"
"kf77vv8","Room in Condo on Collegiate Cir","Convenient For","Convenient For","982","Graduate Students"
"kf77vv8","Room in Condo on Collegiate Cir","Convenient For","Convenient For","983","Faculty/Staff"
"ocphycq162","Cozy house 10 min walk to campus","Unit Features","Unit Features","1","Air Conditioning"
"ocphycq162","Cozy house 10 min walk to campus","Unit Features","Unit Features","26","Dishwasher"
"ocphycq162","Cozy house 10 min walk to campus","Unit Features","Unit Features","80","Extra Storage"
"ocphycq162","Cozy house 10 min walk to campus","Unit Features","Unit Features","7","Furnished"
"ocphycq162","Cozy house 10 min walk to campus","Unit Features","Unit Features","82","Garbage Disposal"
"ocphycq162","Cozy house 10 min walk to campus","Unit Features","Unit Features","83","Garden/Yard"
"ocphycq162","Cozy house 10 min walk to campus","Unit Features","Unit Features","21","Hardwood Floors"
"ocphycq162","Cozy house 10 min walk to campus","Unit Features","Unit Features","303","High-Speed Internet Available"
"ocphycq162","Cozy house 10 min walk to campus","Unit Features","Unit Features","71","Outdoor Space"
"ocphycq162","Cozy house 10 min walk to campus","Unit Features","Unit Features","6","Patio, Balcony, Porch or Deck"
"ocphycq162","Cozy house 10 min walk to campus","Unit Features","Unit Features","41","Smoke-Free"
"ocphycq162","Cozy house 10 min walk to campus","Security","Security","95","Dead-Bolt Locks"
"ocphycq162","Cozy house 10 min walk to campus","Community Features","Community Features","19","Near Bus Stop"
"ocphycq162","Cozy house 10 min walk to campus","Community Features","Community Features","103","Walk to campus"
"ocphycq162","Cozy house 10 min walk to campus","Laundry","Laundry","9","Washer/Dryer in Unit"
"ocphycq162","Cozy house 10 min walk to campus","Convenient For","Convenient For","982","Graduate Students"
"ocphycq162","Cozy house 10 min walk to campus","Convenient For","Convenient For","983","Faculty/Staff"
"hz5leg1","Room in Townhome on Ivory Run Way","Unit Features","Unit Features","1","Air Conditioning"
"hz5leg1","Room in Townhome on Ivory Run Way","Unit Features","Unit Features","26","Dishwasher"
"hz5leg1","Room in Townhome on Ivory Run Way","Laundry","Laundry","9","Washer/Dryer in Unit"
"hz5leg1","Room in Townhome on Ivory Run Way","Convenient For","Convenient For","981","Undergraduates"
"hz5leg1","Room in Townhome on Ivory Run Way","Convenient For","Convenient For","982","Graduate Students"
"hz5leg1","Room in Townhome on Ivory Run Way","Convenient For","Convenient For","983","Faculty/Staff"
"ocpszqbd35","Signature 1505 4X4 Apartment","Unit Features","Unit Features","1","Air Conditioning"
"ocpszqbd35","Signature 1505 4X4 Apartment","Unit Features","Unit Features","26","Dishwasher"
"ocpszqbd35","Signature 1505 4X4 Apartment","Unit Features","Unit Features","80","Extra Storage"
"ocpszqbd35","Signature 1505 4X4 Apartment","Unit Features","Unit Features","7","Furnished"
"ocpszqbd35","Signature 1505 4X4 Apartment","Unit Features","Unit Features","82","Garbage Disposal"
"ocpszqbd35","Signature 1505 4X4 Apartment","Unit Features","Unit Features","21","Hardwood Floors"
"ocpszqbd35","Signature 1505 4X4 Apartment","Unit Features","Unit Features","303","High-Speed Internet Available"
"ocpszqbd35","Signature 1505 4X4 Apartment","Unit Features","Unit Features","71","Outdoor Space"
"ocpszqbd35","Signature 1505 4X4 Apartment","Unit Features","Unit Features","41","Smoke-Free"
"ocpszqbd35","Signature 1505 4X4 Apartment","Community Features","Community Features","265","Clubhouse"
"ocpszqbd35","Signature 1505 4X4 Apartment","Community Features","Community Features","81","Elevator"
"ocpszqbd35","Signature 1505 4X4 Apartment","Community Features","Community Features","45","Fitness Room"
"ocpszqbd35","Signature 1505 4X4 Apartment","Community Features","Community Features","43","International Student Friendly"
"ocpszqbd35","Signature 1505 4X4 Apartment","Community Features","Community Features","19","Near Bus Stop"
"ocpszqbd35","Signature 1505 4X4 Apartment","Community Features","Community Features","10","Pool"
"ocpszqbd35","Signature 1505 4X4 Apartment","Community Features","Community Features","103","Walk to campus"
"ocpszqbd35","Signature 1505 4X4 Apartment","Security","Security","95","Dead-Bolt Locks"
"ocpszqbd35","Signature 1505 4X4 Apartment","Security","Security","99","Exterior Lighting"
"ocpszqbd35","Signature 1505 4X4 Apartment","Security","Security","96","Gated Community"
"ocpszqbd35","Signature 1505 4X4 Apartment","Laundry","Laundry","104","Laundry Access"
"ocpszqbd35","Signature 1505 4X4 Apartment","Laundry","Laundry","9","Washer/Dryer in Unit"
"ocpszqbd35","Signature 1505 4X4 Apartment","Convenient For","Convenient For","981","Undergraduates"
"ocpszqbd35","Signature 1505 4X4 Apartment","Convenient For","Convenient For","982","Graduate Students"
"ocpsq5c5s4","Lupton Flats- 2 Bedroom 1 Bathroom Flat Available Now! Pre Leasing for August 2026!","Lease Information","Lease Information","16","12 month lease"
"ocpsq5c5s4","Lupton Flats- 2 Bedroom 1 Bathroom Flat Available Now! Pre Leasing for August 2026!","Lease Information","Lease Information","88","2 Year"
"ocpsq5c5s4","Lupton Flats- 2 Bedroom 1 Bathroom Flat Available Now! Pre Leasing for August 2026!","Lease Information","Lease Information","17","9 month lease"
"ocpsq5c5s4","Lupton Flats- 2 Bedroom 1 Bathroom Flat Available Now! Pre Leasing for August 2026!","Lease Information","Lease Information","102","Academic Year"
"ocpsq5c5s4","Lupton Flats- 2 Bedroom 1 Bathroom Flat Available Now! Pre Leasing for August 2026!","Unit Features","Unit Features","1","Air Conditioning"
"ocpsq5c5s4","Lupton Flats- 2 Bedroom 1 Bathroom Flat Available Now! Pre Leasing for August 2026!","Unit Features","Unit Features","20","Carpet"
"ocpsq5c5s4","Lupton Flats- 2 Bedroom 1 Bathroom Flat Available Now! Pre Leasing for August 2026!","Unit Features","Unit Features","26","Dishwasher"
"ocpsq5c5s4","Lupton Flats- 2 Bedroom 1 Bathroom Flat Available Now! Pre Leasing for August 2026!","Unit Features","Unit Features","21","Hardwood Floors"
"ocpsq5c5s4","Lupton Flats- 2 Bedroom 1 Bathroom Flat Available Now! Pre Leasing for August 2026!","Unit Features","Unit Features","71","Outdoor Space"
"ocpsq5c5s4","Lupton Flats- 2 Bedroom 1 Bathroom Flat Available Now! Pre Leasing for August 2026!","Community Features","Community Features","43","International Student Friendly"
"ocpsq5c5s4","Lupton Flats- 2 Bedroom 1 Bathroom Flat Available Now! Pre Leasing for August 2026!","Laundry","Laundry","9","Washer/Dryer in Unit"
"ocpsq5c5s4","Lupton Flats- 2 Bedroom 1 Bathroom Flat Available Now! Pre Leasing for August 2026!","Convenient For","Convenient For","981","Undergraduates"
"ocpsq5c5s4","Lupton Flats- 2 Bedroom 1 Bathroom Flat Available Now! Pre Leasing for August 2026!","Convenient For","Convenient For","982","Graduate Students"
"ocpsq5c5s4","Lupton Flats- 2 Bedroom 1 Bathroom Flat Available Now! Pre Leasing for August 2026!","Convenient For","Convenient For","983","Faculty/Staff"
"ocpbnn75s8","912 Chaney Rd. #100","Unit Features","Unit Features","1","Air Conditioning"
"ocpbnn75s8","912 Chaney Rd. #100","Unit Features","Unit Features","26","Dishwasher"
"ocpbnn75s8","912 Chaney Rd. #100","Unit Features","Unit Features","82","Garbage Disposal"
"ocpbnn75s8","912 Chaney Rd. #100","Unit Features","Unit Features","21","Hardwood Floors"
"ocpbnn75s8","912 Chaney Rd. #100","Unit Features","Unit Features","6","Patio, Balcony, Porch or Deck"
"ocpbnn75s8","912 Chaney Rd. #100","Unit Features","Unit Features","41","Smoke-Free"
"ocpbnn75s8","912 Chaney Rd. #100","Laundry","Laundry","9","Washer/Dryer in Unit"
"ocpbnn75s8","912 Chaney Rd. #100","Convenient For","Convenient For","981","Undergraduates"
"ocpbnn75s8","912 Chaney Rd. #100","Convenient For","Convenient For","982","Graduate Students"
"ocpbnn75s8","912 Chaney Rd. #100","Convenient For","Convenient For","983","Faculty/Staff"
"jkg82q6","Room in House on Joyner Pl","Unit Features","Unit Features","1","Air Conditioning"
"jkg82q6","Room in House on Joyner Pl","Unit Features","Unit Features","26","Dishwasher"
"jkg82q6","Room in House on Joyner Pl","Laundry","Laundry","9","Washer/Dryer in Unit"
"jkg82q6","Room in House on Joyner Pl","Convenient For","Convenient For","981","Undergraduates"
"jkg82q6","Room in House on Joyner Pl","Convenient For","Convenient For","982","Graduate Students"
"jkg82q6","Room in House on Joyner Pl","Convenient For","Convenient For","983","Faculty/Staff"
"ocp2bnnl9c","Townhome at Hampton Place, Morrisville, 20 to 25 minutes from NCSU.","Unit Features","Unit Features","1","Air Conditioning"
"ocp2bnnl9c","Townhome at Hampton Place, Morrisville, 20 to 25 minutes from NCSU.","Unit Features","Unit Features","20","Carpet"
"ocp2bnnl9c","Townhome at Hampton Place, Morrisville, 20 to 25 minutes from NCSU.","Unit Features","Unit Features","26","Dishwasher"
"ocp2bnnl9c","Townhome at Hampton Place, Morrisville, 20 to 25 minutes from NCSU.","Unit Features","Unit Features","82","Garbage Disposal"
"ocp2bnnl9c","Townhome at Hampton Place, Morrisville, 20 to 25 minutes from NCSU.","Unit Features","Unit Features","83","Garden/Yard"
"ocp2bnnl9c","Townhome at Hampton Place, Morrisville, 20 to 25 minutes from NCSU.","Unit Features","Unit Features","303","High-Speed Internet Available"
"ocp2bnnl9c","Townhome at Hampton Place, Morrisville, 20 to 25 minutes from NCSU.","Unit Features","Unit Features","71","Outdoor Space"
"ocp2bnnl9c","Townhome at Hampton Place, Morrisville, 20 to 25 minutes from NCSU.","Unit Features","Unit Features","6","Patio, Balcony, Porch or Deck"
"ocp2bnnl9c","Townhome at Hampton Place, Morrisville, 20 to 25 minutes from NCSU.","Unit Features","Unit Features","41","Smoke-Free"
"ocp2bnnl9c","Townhome at Hampton Place, Morrisville, 20 to 25 minutes from NCSU.","Security","Security","95","Dead-Bolt Locks"
"ocp2bnnl9c","Townhome at Hampton Place, Morrisville, 20 to 25 minutes from NCSU.","Security","Security","99","Exterior Lighting"
"ocp2bnnl9c","Townhome at Hampton Place, Morrisville, 20 to 25 minutes from NCSU.","Community Features","Community Features","43","International Student Friendly"
"ocp2bnnl9c","Townhome at Hampton Place, Morrisville, 20 to 25 minutes from NCSU.","Laundry","Laundry","104","Laundry Access"
"ocp2bnnl9c","Townhome at Hampton Place, Morrisville, 20 to 25 minutes from NCSU.","Laundry","Laundry","9","Washer/Dryer in Unit"
"ocp2bnnl9c","Townhome at Hampton Place, Morrisville, 20 to 25 minutes from NCSU.","Convenient For","Convenient For","981","Undergraduates"
"ocp2bnnl9c","Townhome at Hampton Place, Morrisville, 20 to 25 minutes from NCSU.","Convenient For","Convenient For","982","Graduate Students"
"ocp2bnnl9c","Townhome at Hampton Place, Morrisville, 20 to 25 minutes from NCSU.","Convenient For","Convenient For","983","Faculty/Staff"
"gc0phpz","591 E Cabarrus St (Raleigh, NC)","Unit Features","Unit Features","26","Dishwasher"
"gc0phpz","591 E Cabarrus St (Raleigh, NC)","Unit Features","Unit Features","21","Hardwood Floors"
"gc0phpz","591 E Cabarrus St (Raleigh, NC)","Laundry","Laundry","9","Washer/Dryer in Unit"
"gc0phpz","591 E Cabarrus St (Raleigh, NC)","Convenient For","Convenient For","981","Undergraduates"
"gc0phpz","591 E Cabarrus St (Raleigh, NC)","Convenient For","Convenient For","982","Graduate Students"
"gc0phpz","591 E Cabarrus St (Raleigh, NC)","Convenient For","Convenient For","983","Faculty/Staff"
"ocp0gblz91","Great value in beautiful SW Raleigh","Unit Features","Unit Features","1","Air Conditioning"
"ocp0gblz91","Great value in beautiful SW Raleigh","Unit Features","Unit Features","20","Carpet"
"ocp0gblz91","Great value in beautiful SW Raleigh","Unit Features","Unit Features","26","Dishwasher"
"ocp0gblz91","Great value in beautiful SW Raleigh","Unit Features","Unit Features","8","Fireplace"
"ocp0gblz91","Great value in beautiful SW Raleigh","Unit Features","Unit Features","7","Furnished"
"ocp0gblz91","Great value in beautiful SW Raleigh","Unit Features","Unit Features","82","Garbage Disposal"
"ocp0gblz91","Great value in beautiful SW Raleigh","Unit Features","Unit Features","21","Hardwood Floors"
"ocp0gblz91","Great value in beautiful SW Raleigh","Unit Features","Unit Features","303","High-Speed Internet Available"
"ocp0gblz91","Great value in beautiful SW Raleigh","Unit Features","Unit Features","6","Patio, Balcony, Porch or Deck"
"ocp0gblz91","Great value in beautiful SW Raleigh","Unit Features","Unit Features","41","Smoke-Free"
"ocp0gblz91","Great value in beautiful SW Raleigh","Security","Security","99","Exterior Lighting"
"ocp0gblz91","Great value in beautiful SW Raleigh","Community Features","Community Features","10","Pool"
"ocp0gblz91","Great value in beautiful SW Raleigh","Laundry","Laundry","9","Washer/Dryer in Unit"
"ocp0gblz91","Great value in beautiful SW Raleigh","Convenient For","Convenient For","981","Undergraduates"
"ocp0gblz91","Great value in beautiful SW Raleigh","Convenient For","Convenient For","982","Graduate Students"
"ocplp7c98d","Collegeview Apartments","Unit Features","Unit Features","1","Air Conditioning"
"ocplp7c98d","Collegeview Apartments","Unit Features","Unit Features","26","Dishwasher"
"ocplp7c98d","Collegeview Apartments","Unit Features","Unit Features","8","Fireplace"
"ocplp7c98d","Collegeview Apartments","Unit Features","Unit Features","71","Outdoor Space"
"ocplp7c98d","Collegeview Apartments","Unit Features","Unit Features","6","Patio, Balcony, Porch or Deck"
"ocplp7c98d","Collegeview Apartments","Unit Features","Unit Features","41","Smoke-Free"
"ocplp7c98d","Collegeview Apartments","Community Features","Community Features","19","Near Bus Stop"
"ocplp7c98d","Collegeview Apartments","Community Features","Community Features","103","Walk to campus"
"ocplp7c98d","Collegeview Apartments","Laundry","Laundry","9","Washer/Dryer in Unit"
"ocplp7c98d","Collegeview Apartments","Convenient For","Convenient For","981","Undergraduates"
"ocplp7c98d","Collegeview Apartments","Convenient For","Convenient For","982","Graduate Students"
"ocplp7c98d","Collegeview Apartments","Convenient For","Convenient For","983","Faculty/Staff"
"ocpteqgjg8","Huge modern studio suite- private entrance and beth- near NCSU","Unit Features","Unit Features","1","Air Conditioning"
"ocpteqgjg8","Huge modern studio suite- private entrance and beth- near NCSU","Unit Features","Unit Features","26","Dishwasher"
"ocpteqgjg8","Huge modern studio suite- private entrance and beth- near NCSU","Unit Features","Unit Features","80","Extra Storage"
"ocpteqgjg8","Huge modern studio suite- private entrance and beth- near NCSU","Unit Features","Unit Features","83","Garden/Yard"
"ocpteqgjg8","Huge modern studio suite- private entrance and beth- near NCSU","Unit Features","Unit Features","21","Hardwood Floors"
"ocpteqgjg8","Huge modern studio suite- private entrance and beth- near NCSU","Unit Features","Unit Features","303","High-Speed Internet Available"
"ocpteqgjg8","Huge modern studio suite- private entrance and beth- near NCSU","Unit Features","Unit Features","468","Loft"
"ocpteqgjg8","Huge modern studio suite- private entrance and beth- near NCSU","Unit Features","Unit Features","71","Outdoor Space"
"ocpteqgjg8","Huge modern studio suite- private entrance and beth- near NCSU","Unit Features","Unit Features","6","Patio, Balcony, Porch or Deck"
"ocpteqgjg8","Huge modern studio suite- private entrance and beth- near NCSU","Unit Features","Unit Features","41","Smoke-Free"
"ocpteqgjg8","Huge modern studio suite- private entrance and beth- near NCSU","Security","Security","95","Dead-Bolt Locks"
"ocpteqgjg8","Huge modern studio suite- private entrance and beth- near NCSU","Security","Security","25","Security System"
"ocpteqgjg8","Huge modern studio suite- private entrance and beth- near NCSU","Community Features","Community Features","43","International Student Friendly"
"ocpteqgjg8","Huge modern studio suite- private entrance and beth- near NCSU","Laundry","Laundry","104","Laundry Access"
"ocpteqgjg8","Huge modern studio suite- private entrance and beth- near NCSU","Convenient For","Convenient For","981","Undergraduates"
"ocpteqgjg8","Huge modern studio suite- private entrance and beth- near NCSU","Convenient For","Convenient For","982","Graduate Students"
"ocpteqgjg8","Huge modern studio suite- private entrance and beth- near NCSU","Convenient For","Convenient For","983","Faculty/Staff"
"33f756e","University Village at 2505","Community Features","Community Features","265","Clubhouse"
"33f756e","University Village at 2505","Community Features","Community Features","45","Fitness Room"
"33f756e","University Village at 2505","Community Features","Community Features","10","Pool"
"33f756e","University Village at 2505","Convenient For","Convenient For","981","Undergraduates"
"33f756e","University Village at 2505","Convenient For","Convenient For","982","Graduate Students"
"33f756e","University Village at 2505","Convenient For","Convenient For","983","Faculty/Staff"
"33f756e","University Village at 2505","Unique Features","Unique Features","","Computer Lab"
"33f756e","University Village at 2505","Unique Features","Unique Features","","Private Bathrooms"
"33f756e","University Village at 2505","Unique Features","Unique Features","","Private Bedrooms"
"33f756e","University Village at 2505","Unique Features","Unique Features","","Study Area"
"ocphe602k0","Apartment close to campus","Lease Information","Lease Information","16","12 month lease"
"ocphe602k0","Apartment close to campus","Lease Information","Lease Information","102","Academic Year"
"ocphe602k0","Apartment close to campus","Lease Information","Lease Information","63","Month-to-Month"
"ocphe602k0","Apartment close to campus","Unit Features","Unit Features","1","Air Conditioning"
"ocphe602k0","Apartment close to campus","Unit Features","Unit Features","21","Hardwood Floors"
"ocphe602k0","Apartment close to campus","Laundry","Laundry","9","Washer/Dryer in Unit"
"ocphe602k0","Apartment close to campus","Convenient For","Convenient For","981","Undergraduates"
"ocphe602k0","Apartment close to campus","Convenient For","Convenient For","982","Graduate Students"
"zfenc9w","Room in Condo on Wolfmill Dr","Unit Features","Unit Features","1","Air Conditioning"
"zfenc9w","Room in Condo on Wolfmill Dr","Unit Features","Unit Features","26","Dishwasher"
"zfenc9w","Room in Condo on Wolfmill Dr","Laundry","Laundry","9","Washer/Dryer in Unit"
"zfenc9w","Room in Condo on Wolfmill Dr","Convenient For","Convenient For","981","Undergraduates"
"zfenc9w","Room in Condo on Wolfmill Dr","Convenient For","Convenient For","982","Graduate Students"
"zfenc9w","Room in Condo on Wolfmill Dr","Convenient For","Convenient For","983","Faculty/Staff"
"ocpvv9069d","912 Chaney Rd. #102","Unit Features","Unit Features","1","Air Conditioning"
"ocpvv9069d","912 Chaney Rd. #102","Unit Features","Unit Features","26","Dishwasher"
"ocpvv9069d","912 Chaney Rd. #102","Unit Features","Unit Features","82","Garbage Disposal"
"ocpvv9069d","912 Chaney Rd. #102","Unit Features","Unit Features","21","Hardwood Floors"
"ocpvv9069d","912 Chaney Rd. #102","Unit Features","Unit Features","6","Patio, Balcony, Porch or Deck"
"ocpvv9069d","912 Chaney Rd. #102","Laundry","Laundry","9","Washer/Dryer in Unit"
"ocpvv9069d","912 Chaney Rd. #102","Convenient For","Convenient For","981","Undergraduates"
"ocpvv9069d","912 Chaney Rd. #102","Convenient For","Convenient For","982","Graduate Students"
"ocpvv9069d","912 Chaney Rd. #102","Convenient For","Convenient For","983","Faculty/Staff"
"49jmmdh","Room in Townhome on Haskell Dr","Unit Features","Unit Features","1","Air Conditioning"
"49jmmdh","Room in Townhome on Haskell Dr","Unit Features","Unit Features","26","Dishwasher"
"49jmmdh","Room in Townhome on Haskell Dr","Laundry","Laundry","9","Washer/Dryer in Unit"
"49jmmdh","Room in Townhome on Haskell Dr","Convenient For","Convenient For","981","Undergraduates"
"49jmmdh","Room in Townhome on Haskell Dr","Convenient For","Convenient For","982","Graduate Students"
"49jmmdh","Room in Townhome on Haskell Dr","Convenient For","Convenient For","983","Faculty/Staff"
"ocpn54lxfn","3 bedroom home close to campus and downtown Raleigh(Utilities included)","Lease Information","Lease Information","16","12 month lease"
"ocpn54lxfn","3 bedroom home close to campus and downtown Raleigh(Utilities included)","Lease Information","Lease Information","88","2 Year"
"ocpn54lxfn","3 bedroom home close to campus and downtown Raleigh(Utilities included)","Lease Information","Lease Information","17","9 month lease"
"ocpn54lxfn","3 bedroom home close to campus and downtown Raleigh(Utilities included)","Lease Information","Lease Information","102","Academic Year"
"ocpn54lxfn","3 bedroom home close to campus and downtown Raleigh(Utilities included)","Lease Information","Lease Information","76","Fall Sublet"
"ocpn54lxfn","3 bedroom home close to campus and downtown Raleigh(Utilities included)","Lease Information","Lease Information","18","Flexible/Other lease"
"ocpn54lxfn","3 bedroom home close to campus and downtown Raleigh(Utilities included)","Lease Information","Lease Information","63","Month-to-Month"
"ocpn54lxfn","3 bedroom home close to campus and downtown Raleigh(Utilities included)","Lease Information","Lease Information","87","Semester"
"ocpn54lxfn","3 bedroom home close to campus and downtown Raleigh(Utilities included)","Lease Information","Lease Information","42","Short-Term lease"
"ocpn54lxfn","3 bedroom home close to campus and downtown Raleigh(Utilities included)","Lease Information","Lease Information","77","Spring Sublet"
"ocpn54lxfn","3 bedroom home close to campus and downtown Raleigh(Utilities included)","Lease Information","Lease Information","75","Summer Sublet"
"ocpn54lxfn","3 bedroom home close to campus and downtown Raleigh(Utilities included)","Lease Information","Lease Information","313","Winter Sublet"
"ocpn54lxfn","3 bedroom home close to campus and downtown Raleigh(Utilities included)","Unit Features","Unit Features","1","Air Conditioning"
"ocpn54lxfn","3 bedroom home close to campus and downtown Raleigh(Utilities included)","Unit Features","Unit Features","80","Extra Storage"
"ocpn54lxfn","3 bedroom home close to campus and downtown Raleigh(Utilities included)","Unit Features","Unit Features","83","Garden/Yard"
"ocpn54lxfn","3 bedroom home close to campus and downtown Raleigh(Utilities included)","Unit Features","Unit Features","71","Outdoor Space"
"ocpn54lxfn","3 bedroom home close to campus and downtown Raleigh(Utilities included)","Unit Features","Unit Features","6","Patio, Balcony, Porch or Deck"
"ocpn54lxfn","3 bedroom home close to campus and downtown Raleigh(Utilities included)","Unit Features","Unit Features","41","Smoke-Free"
"ocpn54lxfn","3 bedroom home close to campus and downtown Raleigh(Utilities included)","Security","Security","95","Dead-Bolt Locks"
"ocpn54lxfn","3 bedroom home close to campus and downtown Raleigh(Utilities included)","Security","Security","99","Exterior Lighting"
"ocpn54lxfn","3 bedroom home close to campus and downtown Raleigh(Utilities included)","Community Features","Community Features","43","International Student Friendly"
"ocpn54lxfn","3 bedroom home close to campus and downtown Raleigh(Utilities included)","Community Features","Community Features","19","Near Bus Stop"
"ocpn54lxfn","3 bedroom home close to campus and downtown Raleigh(Utilities included)","Laundry","Laundry","33","Washer/Dryer Hookups"
"ocpn54lxfn","3 bedroom home close to campus and downtown Raleigh(Utilities included)","Laundry","Laundry","9","Washer/Dryer in Unit"
"ocpn54lxfn","3 bedroom home close to campus and downtown Raleigh(Utilities included)","Convenient For","Convenient For","981","Undergraduates"
"ocpn54lxfn","3 bedroom home close to campus and downtown Raleigh(Utilities included)","Convenient For","Convenient For","982","Graduate Students"
"ocpn54lxfn","3 bedroom home close to campus and downtown Raleigh(Utilities included)","Convenient For","Convenient For","983","Faculty/Staff"
"wjt9dqk","Room in Condo on University Ct","Unit Features","Unit Features","1","Air Conditioning"
"wjt9dqk","Room in Condo on University Ct","Unit Features","Unit Features","26","Dishwasher"
"wjt9dqk","Room in Condo on University Ct","Laundry","Laundry","9","Washer/Dryer in Unit"
"wjt9dqk","Room in Condo on University Ct","Convenient For","Convenient For","981","Undergraduates"
"wjt9dqk","Room in Condo on University Ct","Convenient For","Convenient For","982","Graduate Students"
"wjt9dqk","Room in Condo on University Ct","Convenient For","Convenient For","983","Faculty/Staff"
"ocpg8zsjmz","Flex Stay | Lux Furnished | 3 Bed |  Pets OK | Utilities Incl. | International OK","Unit Features","Unit Features","1","Air Conditioning"
"ocpg8zsjmz","Flex Stay | Lux Furnished | 3 Bed |  Pets OK | Utilities Incl. | International OK","Unit Features","Unit Features","26","Dishwasher"
"ocpg8zsjmz","Flex Stay | Lux Furnished | 3 Bed |  Pets OK | Utilities Incl. | International OK","Unit Features","Unit Features","80","Extra Storage"
"ocpg8zsjmz","Flex Stay | Lux Furnished | 3 Bed |  Pets OK | Utilities Incl. | International OK","Unit Features","Unit Features","7","Furnished"
"ocpg8zsjmz","Flex Stay | Lux Furnished | 3 Bed |  Pets OK | Utilities Incl. | International OK","Unit Features","Unit Features","21","Hardwood Floors"
"ocpg8zsjmz","Flex Stay | Lux Furnished | 3 Bed |  Pets OK | Utilities Incl. | International OK","Unit Features","Unit Features","303","High-Speed Internet Available"
"ocpg8zsjmz","Flex Stay | Lux Furnished | 3 Bed |  Pets OK | Utilities Incl. | International OK","Unit Features","Unit Features","6","Patio, Balcony, Porch or Deck"
"ocpg8zsjmz","Flex Stay | Lux Furnished | 3 Bed |  Pets OK | Utilities Incl. | International OK","Unit Features","Unit Features","41","Smoke-Free"
"ocpg8zsjmz","Flex Stay | Lux Furnished | 3 Bed |  Pets OK | Utilities Incl. | International OK","Security","Security","95","Dead-Bolt Locks"
"ocpg8zsjmz","Flex Stay | Lux Furnished | 3 Bed |  Pets OK | Utilities Incl. | International OK","Security","Security","99","Exterior Lighting"
"ocpg8zsjmz","Flex Stay | Lux Furnished | 3 Bed |  Pets OK | Utilities Incl. | International OK","Security","Security","98","Video Surveillance"
"ocpg8zsjmz","Flex Stay | Lux Furnished | 3 Bed |  Pets OK | Utilities Incl. | International OK","Community Features","Community Features","44","Roommate Matching"
"ocpg8zsjmz","Flex Stay | Lux Furnished | 3 Bed |  Pets OK | Utilities Incl. | International OK","Laundry","Laundry","9","Washer/Dryer in Unit"
"ocpg8zsjmz","Flex Stay | Lux Furnished | 3 Bed |  Pets OK | Utilities Incl. | International OK","Convenient For","Convenient For","981","Undergraduates"
"ocpg8zsjmz","Flex Stay | Lux Furnished | 3 Bed |  Pets OK | Utilities Incl. | International OK","Convenient For","Convenient For","982","Graduate Students"
"ocpg8zsjmz","Flex Stay | Lux Furnished | 3 Bed |  Pets OK | Utilities Incl. | International OK","Convenient For","Convenient For","983","Faculty/Staff"
"bq6wzsb","Room in House on Quartz Ct","Unit Features","Unit Features","1","Air Conditioning"
"bq6wzsb","Room in House on Quartz Ct","Unit Features","Unit Features","26","Dishwasher"
"bq6wzsb","Room in House on Quartz Ct","Laundry","Laundry","9","Washer/Dryer in Unit"
"bq6wzsb","Room in House on Quartz Ct","Convenient For","Convenient For","981","Undergraduates"
"bq6wzsb","Room in House on Quartz Ct","Convenient For","Convenient For","982","Graduate Students"
"bq6wzsb","Room in House on Quartz Ct","Convenient For","Convenient For","983","Faculty/Staff"
"ocp4t7wmxk","University Oaks","Unit Features","Unit Features","1","Air Conditioning"
"ocp4t7wmxk","University Oaks","Unit Features","Unit Features","20","Carpet"
"ocp4t7wmxk","University Oaks","Unit Features","Unit Features","15","Disability Accessible"
"ocp4t7wmxk","University Oaks","Unit Features","Unit Features","26","Dishwasher"
"ocp4t7wmxk","University Oaks","Unit Features","Unit Features","80","Extra Storage"
"ocp4t7wmxk","University Oaks","Unit Features","Unit Features","7","Furnished"
"ocp4t7wmxk","University Oaks","Unit Features","Unit Features","82","Garbage Disposal"
"ocp4t7wmxk","University Oaks","Unit Features","Unit Features","21","Hardwood Floors"
"ocp4t7wmxk","University Oaks","Unit Features","Unit Features","303","High-Speed Internet Available"
"ocp4t7wmxk","University Oaks","Unit Features","Unit Features","6","Patio, Balcony, Porch or Deck"
"ocp4t7wmxk","University Oaks","Unit Features","Unit Features","41","Smoke-Free"
"ocp4t7wmxk","University Oaks","Security","Security","95","Dead-Bolt Locks"
"ocp4t7wmxk","University Oaks","Security","Security","99","Exterior Lighting"
"ocp4t7wmxk","University Oaks","Community Features","Community Features","43","International Student Friendly"
"ocp4t7wmxk","University Oaks","Community Features","Community Features","19","Near Bus Stop"
"ocp4t7wmxk","University Oaks","Community Features","Community Features","103","Walk to campus"
"ocp4t7wmxk","University Oaks","Laundry","Laundry","9","Washer/Dryer in Unit"
"ocp4t7wmxk","University Oaks","Convenient For","Convenient For","981","Undergraduates"
"ocp4t7wmxk","University Oaks","Convenient For","Convenient For","982","Graduate Students"
"z44390w","Lofts at Lineberry","Convenient For","Convenient For","981","Undergraduates"
"z44390w","Lofts at Lineberry","Convenient For","Convenient For","982","Graduate Students"
"z44390w","Lofts at Lineberry","Convenient For","Convenient For","983","Faculty/Staff"
"ocp90bdzb4","Brick Bungalow close to Campus","Lease Information","Lease Information","16","12 month lease"
"ocp90bdzb4","Brick Bungalow close to Campus","Lease Information","Lease Information","17","9 month lease"
"ocp90bdzb4","Brick Bungalow close to Campus","Lease Information","Lease Information","102","Academic Year"
"ocp90bdzb4","Brick Bungalow close to Campus","Lease Information","Lease Information","76","Fall Sublet"
"ocp90bdzb4","Brick Bungalow close to Campus","Lease Information","Lease Information","63","Month-to-Month"
"ocp90bdzb4","Brick Bungalow close to Campus","Lease Information","Lease Information","87","Semester"
"ocp90bdzb4","Brick Bungalow close to Campus","Lease Information","Lease Information","42","Short-Term lease"
"ocp90bdzb4","Brick Bungalow close to Campus","Unit Features","Unit Features","1","Air Conditioning"
"ocp90bdzb4","Brick Bungalow close to Campus","Unit Features","Unit Features","26","Dishwasher"
"ocp90bdzb4","Brick Bungalow close to Campus","Unit Features","Unit Features","7","Furnished"
"ocp90bdzb4","Brick Bungalow close to Campus","Unit Features","Unit Features","82","Garbage Disposal"
"ocp90bdzb4","Brick Bungalow close to Campus","Unit Features","Unit Features","83","Garden/Yard"
"ocp90bdzb4","Brick Bungalow close to Campus","Unit Features","Unit Features","21","Hardwood Floors"
"ocp90bdzb4","Brick Bungalow close to Campus","Unit Features","Unit Features","303","High-Speed Internet Available"
"ocp90bdzb4","Brick Bungalow close to Campus","Unit Features","Unit Features","71","Outdoor Space"
"ocp90bdzb4","Brick Bungalow close to Campus","Unit Features","Unit Features","6","Patio, Balcony, Porch or Deck"
"ocp90bdzb4","Brick Bungalow close to Campus","Unit Features","Unit Features","41","Smoke-Free"
"ocp90bdzb4","Brick Bungalow close to Campus","Community Features","Community Features","46","Individual Leases"
"ocp90bdzb4","Brick Bungalow close to Campus","Community Features","Community Features","19","Near Bus Stop"
"ocp90bdzb4","Brick Bungalow close to Campus","Laundry","Laundry","104","Laundry Access"
"ocp90bdzb4","Brick Bungalow close to Campus","Security","Security","25","Security System"
"ocp90bdzb4","Brick Bungalow close to Campus","Security","Security","98","Video Surveillance"
"ocp90bdzb4","Brick Bungalow close to Campus","Convenient For","Convenient For","981","Undergraduates"
"ocp90bdzb4","Brick Bungalow close to Campus","Convenient For","Convenient For","982","Graduate Students"
"ocp90bdzb4","Brick Bungalow close to Campus","Convenient For","Convenient For","983","Faculty/Staff"
"ocp9blcpd7","Studio, One and Two Bedrooms at Westgrove Towers","Lease Information","Lease Information","16","12 month lease"
"ocp9blcpd7","Studio, One and Two Bedrooms at Westgrove Towers","Lease Information","Lease Information","18","Flexible/Other lease"
"ocp9blcpd7","Studio, One and Two Bedrooms at Westgrove Towers","Unit Features","Unit Features","1","Air Conditioning"
"ocp9blcpd7","Studio, One and Two Bedrooms at Westgrove Towers","Unit Features","Unit Features","303","High-Speed Internet Available"
"ocp9blcpd7","Studio, One and Two Bedrooms at Westgrove Towers","Community Features","Community Features","81","Elevator"
"ocp9blcpd7","Studio, One and Two Bedrooms at Westgrove Towers","Community Features","Community Features","45","Fitness Room"
"ocp9blcpd7","Studio, One and Two Bedrooms at Westgrove Towers","Community Features","Community Features","43","International Student Friendly"
"ocp9blcpd7","Studio, One and Two Bedrooms at Westgrove Towers","Community Features","Community Features","19","Near Bus Stop"
"ocp9blcpd7","Studio, One and Two Bedrooms at Westgrove Towers","Laundry","Laundry","12","Laundry Room in Community"
"ocp9blcpd7","Studio, One and Two Bedrooms at Westgrove Towers","Convenient For","Convenient For","981","Undergraduates"
"ocp9blcpd7","Studio, One and Two Bedrooms at Westgrove Towers","Convenient For","Convenient For","982","Graduate Students"
"ocp9blcpd7","Studio, One and Two Bedrooms at Westgrove Towers","Convenient For","Convenient For","983","Faculty/Staff"
"ocpq99qjpx","Apartment close to NCSU","Lease Information","Lease Information","16","12 month lease"
"ocpq99qjpx","Apartment close to NCSU","Unit Features","Unit Features","1","Air Conditioning"
"ocpq99qjpx","Apartment close to NCSU","Unit Features","Unit Features","26","Dishwasher"
"ocpq99qjpx","Apartment close to NCSU","Unit Features","Unit Features","82","Garbage Disposal"
"ocpq99qjpx","Apartment close to NCSU","Unit Features","Unit Features","21","Hardwood Floors"
"ocpq99qjpx","Apartment close to NCSU","Unit Features","Unit Features","6","Patio, Balcony, Porch or Deck"
"ocpq99qjpx","Apartment close to NCSU","Unit Features","Unit Features","41","Smoke-Free"
"ocpq99qjpx","Apartment close to NCSU","Community Features","Community Features","46","Individual Leases"
"ocpq99qjpx","Apartment close to NCSU","Community Features","Community Features","10","Pool"
"ocpq99qjpx","Apartment close to NCSU","Laundry","Laundry","9","Washer/Dryer in Unit"
"ocpq99qjpx","Apartment close to NCSU","Convenient For","Convenient For","981","Undergraduates"
"ocpq99qjpx","Apartment close to NCSU","Convenient For","Convenient For","982","Graduate Students"
"ocpq99qjpx","Apartment close to NCSU","Convenient For","Convenient For","983","Faculty/Staff"
"gdtz0ww","3111 Kentish Town Ln (Raleigh, NC)","Convenient For","Convenient For","981","Undergraduates"
"gdtz0ww","3111 Kentish Town Ln (Raleigh, NC)","Convenient For","Convenient For","982","Graduate Students"
"gdtz0ww","3111 Kentish Town Ln (Raleigh, NC)","Convenient For","Convenient For","983","Faculty/Staff"
"ocps6ymwl7","University Woods","Lease Information","Lease Information","16","12 month lease"
"ocps6ymwl7","University Woods","Unit Features","Unit Features","1","Air Conditioning"
"ocps6ymwl7","University Woods","Unit Features","Unit Features","26","Dishwasher"
"ocps6ymwl7","University Woods","Unit Features","Unit Features","6","Patio, Balcony, Porch or Deck"
"ocps6ymwl7","University Woods","Security","Security","95","Dead-Bolt Locks"
"ocps6ymwl7","University Woods","Security","Security","99","Exterior Lighting"
"ocps6ymwl7","University Woods","Laundry","Laundry","9","Washer/Dryer in Unit"
"ocps6ymwl7","University Woods","Convenient For","Convenient For","981","Undergraduates"
"ocps6ymwl7","University Woods","Convenient For","Convenient For","982","Graduate Students"
"ocps6ymwl7","University Woods","Convenient For","Convenient For","983","Faculty/Staff"
"9m73sq5","Room in Townhome on Macedonia Lake Dr","Unit Features","Unit Features","1","Air Conditioning"
"9m73sq5","Room in Townhome on Macedonia Lake Dr","Unit Features","Unit Features","26","Dishwasher"
"9m73sq5","Room in Townhome on Macedonia Lake Dr","Laundry","Laundry","9","Washer/Dryer in Unit"
"9m73sq5","Room in Townhome on Macedonia Lake Dr","Convenient For","Convenient For","981","Undergraduates"
"9m73sq5","Room in Townhome on Macedonia Lake Dr","Convenient For","Convenient For","982","Graduate Students"
"9m73sq5","Room in Townhome on Macedonia Lake Dr","Convenient For","Convenient For","983","Faculty/Staff"
"ocpvgtpebg","Lake Park Condos- Room Rental with Utilities","Lease Information","Lease Information","16","12 month lease"
"ocpvgtpebg","Lake Park Condos- Room Rental with Utilities","Unit Features","Unit Features","1","Air Conditioning"
"ocpvgtpebg","Lake Park Condos- Room Rental with Utilities","Unit Features","Unit Features","26","Dishwasher"
"ocpvgtpebg","Lake Park Condos- Room Rental with Utilities","Unit Features","Unit Features","6","Patio, Balcony, Porch or Deck"
"ocpvgtpebg","Lake Park Condos- Room Rental with Utilities","Community Features","Community Features","46","Individual Leases"
"ocpvgtpebg","Lake Park Condos- Room Rental with Utilities","Community Features","Community Features","19","Near Bus Stop"
"ocpvgtpebg","Lake Park Condos- Room Rental with Utilities","Laundry","Laundry","9","Washer/Dryer in Unit"
"ocpvgtpebg","Lake Park Condos- Room Rental with Utilities","Convenient For","Convenient For","981","Undergraduates"
"ocpvgtpebg","Lake Park Condos- Room Rental with Utilities","Convenient For","Convenient For","982","Graduate Students"
"ocpvgtpebg","Lake Park Condos- Room Rental with Utilities","Convenient For","Convenient For","983","Faculty/Staff"
"5hme2mn","The Station Raleigh","Unit Features","Unit Features","1","Air Conditioning"
"5hme2mn","The Station Raleigh","Unit Features","Unit Features","20","Carpet"
"5hme2mn","The Station Raleigh","Unit Features","Unit Features","15","Disability Accessible"
"5hme2mn","The Station Raleigh","Unit Features","Unit Features","26","Dishwasher"
"5hme2mn","The Station Raleigh","Unit Features","Unit Features","80","Extra Storage"
"5hme2mn","The Station Raleigh","Unit Features","Unit Features","7","Furnished"
"5hme2mn","The Station Raleigh","Unit Features","Unit Features","82","Garbage Disposal"
"5hme2mn","The Station Raleigh","Unit Features","Unit Features","83","Garden/Yard"
"5hme2mn","The Station Raleigh","Unit Features","Unit Features","303","High-Speed Internet Available"
"5hme2mn","The Station Raleigh","Unit Features","Unit Features","6","Patio, Balcony, Porch or Deck"
"5hme2mn","The Station Raleigh","Unit Features","Unit Features","41","Smoke-Free"
"5hme2mn","The Station Raleigh","Community Features","Community Features","265","Clubhouse"
"5hme2mn","The Station Raleigh","Community Features","Community Features","81","Elevator"
"5hme2mn","The Station Raleigh","Community Features","Community Features","45","Fitness Room"
"5hme2mn","The Station Raleigh","Community Features","Community Features","46","Individual Leases"
"5hme2mn","The Station Raleigh","Community Features","Community Features","10","Pool"
"5hme2mn","The Station Raleigh","Community Features","Community Features","44","Roommate Matching"
"5hme2mn","The Station Raleigh","Lease Information","Lease Information","18","Flexible/Other lease"
"5hme2mn","The Station Raleigh","Security","Security","96","Gated Community"
"5hme2mn","The Station Raleigh","University Features","University Features","74","Private Shuttle to Campus"
"5hme2mn","The Station Raleigh","Laundry","Laundry","9","Washer/Dryer in Unit"
"5hme2mn","The Station Raleigh","Convenient For","Convenient For","981","Undergraduates"
"5hme2mn","The Station Raleigh","Convenient For","Convenient For","982","Graduate Students"
"5hme2mn","The Station Raleigh","Convenient For","Convenient For","983","Faculty/Staff"
"5hme2mn","The Station Raleigh","Unique Features","Unique Features","","Air Conditioner"
"5hme2mn","The Station Raleigh","Unique Features","Unique Features","","Basketball Court, Tanning Room"
"5hme2mn","The Station Raleigh","Unique Features","Unique Features","","Club House"
"5hme2mn","The Station Raleigh","Unique Features","Unique Features","","Dryer"
"5hme2mn","The Station Raleigh","Unique Features","Unique Features","","Gated Community"
"5hme2mn","The Station Raleigh","Unique Features","Unique Features","","Massive Retreat Style Pool"
"5hme2mn","The Station Raleigh","Unique Features","Unique Features","","Washer"
"ocp1kxjde4","Rent a WHOLE unit with water, electric, washer and dryer! 4 Bed 4 Bath! Lake Park Condos!","Lease Information","Lease Information","16","12 month lease"
"ocp1kxjde4","Rent a WHOLE unit with water, electric, washer and dryer! 4 Bed 4 Bath! Lake Park Condos!","Unit Features","Unit Features","1","Air Conditioning"
"ocp1kxjde4","Rent a WHOLE unit with water, electric, washer and dryer! 4 Bed 4 Bath! Lake Park Condos!","Unit Features","Unit Features","20","Carpet"
"ocp1kxjde4","Rent a WHOLE unit with water, electric, washer and dryer! 4 Bed 4 Bath! Lake Park Condos!","Unit Features","Unit Features","26","Dishwasher"
"ocp1kxjde4","Rent a WHOLE unit with water, electric, washer and dryer! 4 Bed 4 Bath! Lake Park Condos!","Unit Features","Unit Features","80","Extra Storage"
"ocp1kxjde4","Rent a WHOLE unit with water, electric, washer and dryer! 4 Bed 4 Bath! Lake Park Condos!","Unit Features","Unit Features","71","Outdoor Space"
"ocp1kxjde4","Rent a WHOLE unit with water, electric, washer and dryer! 4 Bed 4 Bath! Lake Park Condos!","Unit Features","Unit Features","6","Patio, Balcony, Porch or Deck"
"ocp1kxjde4","Rent a WHOLE unit with water, electric, washer and dryer! 4 Bed 4 Bath! Lake Park Condos!","Unit Features","Unit Features","41","Smoke-Free"
"ocp1kxjde4","Rent a WHOLE unit with water, electric, washer and dryer! 4 Bed 4 Bath! Lake Park Condos!","Security","Security","95","Dead-Bolt Locks"
"ocp1kxjde4","Rent a WHOLE unit with water, electric, washer and dryer! 4 Bed 4 Bath! Lake Park Condos!","Security","Security","99","Exterior Lighting"
"ocp1kxjde4","Rent a WHOLE unit with water, electric, washer and dryer! 4 Bed 4 Bath! Lake Park Condos!","Community Features","Community Features","10","Pool"
"ocp1kxjde4","Rent a WHOLE unit with water, electric, washer and dryer! 4 Bed 4 Bath! Lake Park Condos!","Laundry","Laundry","9","Washer/Dryer in Unit"
"ocp1kxjde4","Rent a WHOLE unit with water, electric, washer and dryer! 4 Bed 4 Bath! Lake Park Condos!","Convenient For","Convenient For","981","Undergraduates"
"ocp1kxjde4","Rent a WHOLE unit with water, electric, washer and dryer! 4 Bed 4 Bath! Lake Park Condos!","Convenient For","Convenient For","982","Graduate Students"
"ocp1kxjde4","Rent a WHOLE unit with water, electric, washer and dryer! 4 Bed 4 Bath! Lake Park Condos!","Convenient For","Convenient For","983","Faculty/Staff"
"lpl9fce","2850 Sanderford Rd (Raleigh, NC)","Laundry","Laundry","9","Washer/Dryer in Unit"
"lpl9fce","2850 Sanderford Rd (Raleigh, NC)","Convenient For","Convenient For","981","Undergraduates"
"lpl9fce","2850 Sanderford Rd (Raleigh, NC)","Convenient For","Convenient For","982","Graduate Students"
"lpl9fce","2850 Sanderford Rd (Raleigh, NC)","Convenient For","Convenient For","983","Faculty/Staff"
"ocp706k96x","Six Forks townhome","Unit Features","Unit Features","1","Air Conditioning"
"ocp706k96x","Six Forks townhome","Unit Features","Unit Features","20","Carpet"
"ocp706k96x","Six Forks townhome","Unit Features","Unit Features","26","Dishwasher"
"ocp706k96x","Six Forks townhome","Unit Features","Unit Features","8","Fireplace"
"ocp706k96x","Six Forks townhome","Unit Features","Unit Features","82","Garbage Disposal"
"ocp706k96x","Six Forks townhome","Unit Features","Unit Features","6","Patio, Balcony, Porch or Deck"
"ocp706k96x","Six Forks townhome","Community Features","Community Features","10","Pool"
"ocp706k96x","Six Forks townhome","Community Features","Community Features","11","Tennis Court"
"ocp706k96x","Six Forks townhome","Laundry","Laundry","9","Washer/Dryer in Unit"
"ocp706k96x","Six Forks townhome","Convenient For","Convenient For","982","Graduate Students"
"ocp706k96x","Six Forks townhome","Convenient For","Convenient For","983","Faculty/Staff"
"k8k3t7b","Room in House on Old Farm Rd","Unit Features","Unit Features","1","Air Conditioning"
"k8k3t7b","Room in House on Old Farm Rd","Unit Features","Unit Features","26","Dishwasher"
"k8k3t7b","Room in House on Old Farm Rd","Laundry","Laundry","9","Washer/Dryer in Unit"
"k8k3t7b","Room in House on Old Farm Rd","Convenient For","Convenient For","981","Undergraduates"
"k8k3t7b","Room in House on Old Farm Rd","Convenient For","Convenient For","982","Graduate Students"
"k8k3t7b","Room in House on Old Farm Rd","Convenient For","Convenient For","983","Faculty/Staff"
"ocpssgbbl7","Inona Place","Unit Features","Unit Features","1","Air Conditioning"
"ocpssgbbl7","Inona Place","Unit Features","Unit Features","20","Carpet"
"ocpssgbbl7","Inona Place","Unit Features","Unit Features","26","Dishwasher"
"ocpssgbbl7","Inona Place","Unit Features","Unit Features","80","Extra Storage"
"ocpssgbbl7","Inona Place","Unit Features","Unit Features","82","Garbage Disposal"
"ocpssgbbl7","Inona Place","Unit Features","Unit Features","83","Garden/Yard"
"ocpssgbbl7","Inona Place","Unit Features","Unit Features","71","Outdoor Space"
"ocpssgbbl7","Inona Place","Unit Features","Unit Features","6","Patio, Balcony, Porch or Deck"
"ocpssgbbl7","Inona Place","Laundry","Laundry","9","Washer/Dryer in Unit"
"ocpssgbbl7","Inona Place","Convenient For","Convenient For","981","Undergraduates"
"ocpssgbbl7","Inona Place","Convenient For","Convenient For","982","Graduate Students"
"ocpssgbbl7","Inona Place","Convenient For","Convenient For","983","Faculty/Staff"
"3zb9brd","Room in House on Slippery Elm Dr","Unit Features","Unit Features","1","Air Conditioning"
"3zb9brd","Room in House on Slippery Elm Dr","Unit Features","Unit Features","26","Dishwasher"
"3zb9brd","Room in House on Slippery Elm Dr","Laundry","Laundry","9","Washer/Dryer in Unit"
"3zb9brd","Room in House on Slippery Elm Dr","Convenient For","Convenient For","981","Undergraduates"
"3zb9brd","Room in House on Slippery Elm Dr","Convenient For","Convenient For","982","Graduate Students"
"3zb9brd","Room in House on Slippery Elm Dr","Convenient For","Convenient For","983","Faculty/Staff"
"ocpd9wnxdk","$3600 saving on 2*2 Sublet at Stanhope Apartment for NC STATE","Unit Features","Unit Features","1","Air Conditioning"
"ocpd9wnxdk","$3600 saving on 2*2 Sublet at Stanhope Apartment for NC STATE","Unit Features","Unit Features","20","Carpet"
"ocpd9wnxdk","$3600 saving on 2*2 Sublet at Stanhope Apartment for NC STATE","Unit Features","Unit Features","26","Dishwasher"
"ocpd9wnxdk","$3600 saving on 2*2 Sublet at Stanhope Apartment for NC STATE","Unit Features","Unit Features","303","High-Speed Internet Available"
"ocpd9wnxdk","$3600 saving on 2*2 Sublet at Stanhope Apartment for NC STATE","Community Features","Community Features","45","Fitness Room"
"ocpd9wnxdk","$3600 saving on 2*2 Sublet at Stanhope Apartment for NC STATE","Community Features","Community Features","19","Near Bus Stop"
"ocpd9wnxdk","$3600 saving on 2*2 Sublet at Stanhope Apartment for NC STATE","Community Features","Community Features","10","Pool"
"ocpd9wnxdk","$3600 saving on 2*2 Sublet at Stanhope Apartment for NC STATE","Laundry","Laundry","12","Laundry Room in Community"
"ocpd9wnxdk","$3600 saving on 2*2 Sublet at Stanhope Apartment for NC STATE","Laundry","Laundry","9","Washer/Dryer in Unit"
"ocpd9wnxdk","$3600 saving on 2*2 Sublet at Stanhope Apartment for NC STATE","Convenient For","Convenient For","981","Undergraduates"
"ocpd9wnxdk","$3600 saving on 2*2 Sublet at Stanhope Apartment for NC STATE","Convenient For","Convenient For","982","Graduate Students"
"ocpd9wnxdk","$3600 saving on 2*2 Sublet at Stanhope Apartment for NC STATE","Convenient For","Convenient For","983","Faculty/Staff"
"0nhgh82","Room in Condo on Carlton Ave","Unit Features","Unit Features","1","Air Conditioning"
"0nhgh82","Room in Condo on Carlton Ave","Unit Features","Unit Features","26","Dishwasher"
"0nhgh82","Room in Condo on Carlton Ave","Laundry","Laundry","9","Washer/Dryer in Unit"
"0nhgh82","Room in Condo on Carlton Ave","Convenient For","Convenient For","981","Undergraduates"
"0nhgh82","Room in Condo on Carlton Ave","Convenient For","Convenient For","982","Graduate Students"
"0nhgh82","Room in Condo on Carlton Ave","Convenient For","Convenient For","983","Faculty/Staff"
"ocp67ldb5s","The Wilde","Unit Features","Unit Features","1","Air Conditioning"
"ocp67ldb5s","The Wilde","Unit Features","Unit Features","20","Carpet"
"ocp67ldb5s","The Wilde","Unit Features","Unit Features","26","Dishwasher"
"ocp67ldb5s","The Wilde","Unit Features","Unit Features","80","Extra Storage"
"ocp67ldb5s","The Wilde","Unit Features","Unit Features","7","Furnished"
"ocp67ldb5s","The Wilde","Unit Features","Unit Features","82","Garbage Disposal"
"ocp67ldb5s","The Wilde","Unit Features","Unit Features","83","Garden/Yard"
"ocp67ldb5s","The Wilde","Unit Features","Unit Features","21","Hardwood Floors"
"ocp67ldb5s","The Wilde","Unit Features","Unit Features","303","High-Speed Internet Available"
"ocp67ldb5s","The Wilde","Unit Features","Unit Features","71","Outdoor Space"
"ocp67ldb5s","The Wilde","Unit Features","Unit Features","6","Patio, Balcony, Porch or Deck"
"ocp67ldb5s","The Wilde","Community Features","Community Features","265","Clubhouse"
"ocp67ldb5s","The Wilde","Community Features","Community Features","45","Fitness Room"
"ocp67ldb5s","The Wilde","Community Features","Community Features","46","Individual Leases"
"ocp67ldb5s","The Wilde","Community Features","Community Features","43","International Student Friendly"
"ocp67ldb5s","The Wilde","Community Features","Community Features","19","Near Bus Stop"
"ocp67ldb5s","The Wilde","Community Features","Community Features","10","Pool"
"ocp67ldb5s","The Wilde","Community Features","Community Features","11","Tennis Court"
"ocp67ldb5s","The Wilde","Security","Security","95","Dead-Bolt Locks"
"ocp67ldb5s","The Wilde","Security","Security","99","Exterior Lighting"
"ocp67ldb5s","The Wilde","Security","Security","25","Security System"
"ocp67ldb5s","The Wilde","Security","Security","98","Video Surveillance"
"ocp67ldb5s","The Wilde","Laundry","Laundry","104","Laundry Access"
"ocp67ldb5s","The Wilde","Laundry","Laundry","9","Washer/Dryer in Unit"
"ocp67ldb5s","The Wilde","University Features","University Features","74","Private Shuttle to Campus"
"ocp67ldb5s","The Wilde","Convenient For","Convenient For","981","Undergraduates"
"ocp67ldb5s","The Wilde","Convenient For","Convenient For","982","Graduate Students"
"ocp67ldb5s","The Wilde","Convenient For","Convenient For","983","Faculty/Staff"
"w6v7z0h","Room in Condo on University Ct","Unit Features","Unit Features","1","Air Conditioning"
"w6v7z0h","Room in Condo on University Ct","Unit Features","Unit Features","26","Dishwasher"
"w6v7z0h","Room in Condo on University Ct","Laundry","Laundry","9","Washer/Dryer in Unit"
"w6v7z0h","Room in Condo on University Ct","Convenient For","Convenient For","981","Undergraduates"
"w6v7z0h","Room in Condo on University Ct","Convenient For","Convenient For","982","Graduate Students"
"w6v7z0h","Room in Condo on University Ct","Convenient For","Convenient For","983","Faculty/Staff"
"ocp0psn632","An apartments with 3 bed and 3 bath for NC State Students www.ncstudentsliving.com","Unit Features","Unit Features","1","Air Conditioning"
"ocp0psn632","An apartments with 3 bed and 3 bath for NC State Students www.ncstudentsliving.com","Unit Features","Unit Features","20","Carpet"
"ocp0psn632","An apartments with 3 bed and 3 bath for NC State Students www.ncstudentsliving.com","Unit Features","Unit Features","26","Dishwasher"
"ocp0psn632","An apartments with 3 bed and 3 bath for NC State Students www.ncstudentsliving.com","Unit Features","Unit Features","82","Garbage Disposal"
"ocp0psn632","An apartments with 3 bed and 3 bath for NC State Students www.ncstudentsliving.com","Unit Features","Unit Features","71","Outdoor Space"
"ocp0psn632","An apartments with 3 bed and 3 bath for NC State Students www.ncstudentsliving.com","Security","Security","95","Dead-Bolt Locks"
"ocp0psn632","An apartments with 3 bed and 3 bath for NC State Students www.ncstudentsliving.com","Security","Security","99","Exterior Lighting"
"ocp0psn632","An apartments with 3 bed and 3 bath for NC State Students www.ncstudentsliving.com","Community Features","Community Features","19","Near Bus Stop"
"ocp0psn632","An apartments with 3 bed and 3 bath for NC State Students www.ncstudentsliving.com","Laundry","Laundry","9","Washer/Dryer in Unit"
"ocp0psn632","An apartments with 3 bed and 3 bath for NC State Students www.ncstudentsliving.com","Convenient For","Convenient For","981","Undergraduates"
"ocp0psn632","An apartments with 3 bed and 3 bath for NC State Students www.ncstudentsliving.com","Convenient For","Convenient For","982","Graduate Students"
"l1e6hxd","707 E Martin St (Raleigh, NC)","Unit Features","Unit Features","26","Dishwasher"
"l1e6hxd","707 E Martin St (Raleigh, NC)","Unit Features","Unit Features","82","Garbage Disposal"
"l1e6hxd","707 E Martin St (Raleigh, NC)","Laundry","Laundry","9","Washer/Dryer in Unit"
"l1e6hxd","707 E Martin St (Raleigh, NC)","Convenient For","Convenient For","981","Undergraduates"
"l1e6hxd","707 E Martin St (Raleigh, NC)","Convenient For","Convenient For","982","Graduate Students"
"l1e6hxd","707 E Martin St (Raleigh, NC)","Convenient For","Convenient For","983","Faculty/Staff"
"ocpsqjgls7","Cozy private apt","Unit Features","Unit Features","1","Air Conditioning"
"ocpsqjgls7","Cozy private apt","Unit Features","Unit Features","26","Dishwasher"
"ocpsqjgls7","Cozy private apt","Unit Features","Unit Features","83","Garden/Yard"
"ocpsqjgls7","Cozy private apt","Unit Features","Unit Features","21","Hardwood Floors"
"ocpsqjgls7","Cozy private apt","Unit Features","Unit Features","303","High-Speed Internet Available"
"ocpsqjgls7","Cozy private apt","Unit Features","Unit Features","6","Patio, Balcony, Porch or Deck"
"ocpsqjgls7","Cozy private apt","Unit Features","Unit Features","41","Smoke-Free"
"ocpsqjgls7","Cozy private apt","Security","Security","95","Dead-Bolt Locks"
"ocpsqjgls7","Cozy private apt","Security","Security","99","Exterior Lighting"
"ocpsqjgls7","Cozy private apt","Community Features","Community Features","46","Individual Leases"
"ocpsqjgls7","Cozy private apt","Community Features","Community Features","43","International Student Friendly"
"ocpsqjgls7","Cozy private apt","Community Features","Community Features","19","Near Bus Stop"
"ocpsqjgls7","Cozy private apt","Laundry","Laundry","9","Washer/Dryer in Unit"
"ocpsqjgls7","Cozy private apt","Convenient For","Convenient For","981","Undergraduates"
"ocpsqjgls7","Cozy private apt","Convenient For","Convenient For","982","Graduate Students"
"ocpsqjgls7","Cozy private apt","Convenient For","Convenient For","983","Faculty/Staff"
"y6ff3gt","Room in Condo on Trailwood Heights Ln","Unit Features","Unit Features","1","Air Conditioning"
"y6ff3gt","Room in Condo on Trailwood Heights Ln","Unit Features","Unit Features","26","Dishwasher"
"y6ff3gt","Room in Condo on Trailwood Heights Ln","Laundry","Laundry","9","Washer/Dryer in Unit"
"y6ff3gt","Room in Condo on Trailwood Heights Ln","Convenient For","Convenient For","981","Undergraduates"
"y6ff3gt","Room in Condo on Trailwood Heights Ln","Convenient For","Convenient For","982","Graduate Students"
"y6ff3gt","Room in Condo on Trailwood Heights Ln","Convenient For","Convenient For","983","Faculty/Staff"
"ocpk5yz73b","Stanhope Student Apartments","Unit Features","Unit Features","1","Air Conditioning"
"ocpk5yz73b","Stanhope Student Apartments","Unit Features","Unit Features","15","Disability Accessible"
"ocpk5yz73b","Stanhope Student Apartments","Unit Features","Unit Features","26","Dishwasher"
"ocpk5yz73b","Stanhope Student Apartments","Unit Features","Unit Features","80","Extra Storage"
"ocpk5yz73b","Stanhope Student Apartments","Unit Features","Unit Features","7","Furnished"
"ocpk5yz73b","Stanhope Student Apartments","Unit Features","Unit Features","82","Garbage Disposal"
"ocpk5yz73b","Stanhope Student Apartments","Unit Features","Unit Features","21","Hardwood Floors"
"ocpk5yz73b","Stanhope Student Apartments","Unit Features","Unit Features","303","High-Speed Internet Available"
"ocpk5yz73b","Stanhope Student Apartments","Unit Features","Unit Features","71","Outdoor Space"
"ocpk5yz73b","Stanhope Student Apartments","Unit Features","Unit Features","6","Patio, Balcony, Porch or Deck"
"ocpk5yz73b","Stanhope Student Apartments","Unit Features","Unit Features","41","Smoke-Free"
"ocpk5yz73b","Stanhope Student Apartments","Community Features","Community Features","265","Clubhouse"
"ocpk5yz73b","Stanhope Student Apartments","Community Features","Community Features","81","Elevator"
"ocpk5yz73b","Stanhope Student Apartments","Community Features","Community Features","45","Fitness Room"
"ocpk5yz73b","Stanhope Student Apartments","Community Features","Community Features","43","International Student Friendly"
"ocpk5yz73b","Stanhope Student Apartments","Community Features","Community Features","19","Near Bus Stop"
"ocpk5yz73b","Stanhope Student Apartments","Community Features","Community Features","10","Pool"
"ocpk5yz73b","Stanhope Student Apartments","Community Features","Community Features","103","Walk to campus"
"ocpk5yz73b","Stanhope Student Apartments","Security","Security","95","Dead-Bolt Locks"
"ocpk5yz73b","Stanhope Student Apartments","Security","Security","99","Exterior Lighting"
"ocpk5yz73b","Stanhope Student Apartments","Security","Security","97","Intercom"
"ocpk5yz73b","Stanhope Student Apartments","Security","Security","25","Security System"
"ocpk5yz73b","Stanhope Student Apartments","Security","Security","68","Video Intercom"
"ocpk5yz73b","Stanhope Student Apartments","Security","Security","98","Video Surveillance"
"ocpk5yz73b","Stanhope Student Apartments","Laundry","Laundry","9","Washer/Dryer in Unit"
"ocpk5yz73b","Stanhope Student Apartments","Convenient For","Convenient For","981","Undergraduates"
"ocpk5yz73b","Stanhope Student Apartments","Convenient For","Convenient For","982","Graduate Students"
"ocpk5yz73b","Stanhope Student Apartments","Convenient For","Convenient For","983","Faculty/Staff"
"hp3tns3","Room in House on Ravel St","Unit Features","Unit Features","1","Air Conditioning"
"hp3tns3","Room in House on Ravel St","Unit Features","Unit Features","26","Dishwasher"
"hp3tns3","Room in House on Ravel St","Laundry","Laundry","9","Washer/Dryer in Unit"
"hp3tns3","Room in House on Ravel St","Convenient For","Convenient For","981","Undergraduates"
"hp3tns3","Room in House on Ravel St","Convenient For","Convenient For","982","Graduate Students"
"hp3tns3","Room in House on Ravel St","Convenient For","Convenient For","983","Faculty/Staff"
"ocp5lwrmvq","Convenient Kaplan Dr property near NCSU buses, park, grocery, with parking space & private bathroom","Unit Features","Unit Features","1","Air Conditioning"
"ocp5lwrmvq","Convenient Kaplan Dr property near NCSU buses, park, grocery, with parking space & private bathroom","Unit Features","Unit Features","20","Carpet"
"ocp5lwrmvq","Convenient Kaplan Dr property near NCSU buses, park, grocery, with parking space & private bathroom","Unit Features","Unit Features","26","Dishwasher"
"ocp5lwrmvq","Convenient Kaplan Dr property near NCSU buses, park, grocery, with parking space & private bathroom","Unit Features","Unit Features","80","Extra Storage"
"ocp5lwrmvq","Convenient Kaplan Dr property near NCSU buses, park, grocery, with parking space & private bathroom","Unit Features","Unit Features","7","Furnished"
"ocp5lwrmvq","Convenient Kaplan Dr property near NCSU buses, park, grocery, with parking space & private bathroom","Unit Features","Unit Features","83","Garden/Yard"
"ocp5lwrmvq","Convenient Kaplan Dr property near NCSU buses, park, grocery, with parking space & private bathroom","Unit Features","Unit Features","303","High-Speed Internet Available"
"ocp5lwrmvq","Convenient Kaplan Dr property near NCSU buses, park, grocery, with parking space & private bathroom","Unit Features","Unit Features","71","Outdoor Space"
"ocp5lwrmvq","Convenient Kaplan Dr property near NCSU buses, park, grocery, with parking space & private bathroom","Unit Features","Unit Features","6","Patio, Balcony, Porch or Deck"
"ocp5lwrmvq","Convenient Kaplan Dr property near NCSU buses, park, grocery, with parking space & private bathroom","Community Features","Community Features","43","International Student Friendly"
"ocp5lwrmvq","Convenient Kaplan Dr property near NCSU buses, park, grocery, with parking space & private bathroom","Community Features","Community Features","19","Near Bus Stop"
"ocp5lwrmvq","Convenient Kaplan Dr property near NCSU buses, park, grocery, with parking space & private bathroom","Community Features","Community Features","103","Walk to campus"
"ocp5lwrmvq","Convenient Kaplan Dr property near NCSU buses, park, grocery, with parking space & private bathroom","Laundry","Laundry","9","Washer/Dryer in Unit"
"ocp5lwrmvq","Convenient Kaplan Dr property near NCSU buses, park, grocery, with parking space & private bathroom","Convenient For","Convenient For","981","Undergraduates"
"ocp5lwrmvq","Convenient Kaplan Dr property near NCSU buses, park, grocery, with parking space & private bathroom","Convenient For","Convenient For","982","Graduate Students"
"ocpf3gzfct","Champion Court Condo","Unit Features","Unit Features","1","Air Conditioning"
"ocpf3gzfct","Champion Court Condo","Unit Features","Unit Features","26","Dishwasher"
"ocpf3gzfct","Champion Court Condo","Unit Features","Unit Features","80","Extra Storage"
"ocpf3gzfct","Champion Court Condo","Unit Features","Unit Features","21","Hardwood Floors"
"ocpf3gzfct","Champion Court Condo","Unit Features","Unit Features","6","Patio, Balcony, Porch or Deck"
"ocpf3gzfct","Champion Court Condo","Security","Security","95","Dead-Bolt Locks"
"ocpf3gzfct","Champion Court Condo","Community Features","Community Features","19","Near Bus Stop"
"ocpf3gzfct","Champion Court Condo","Community Features","Community Features","103","Walk to campus"
"ocpf3gzfct","Champion Court Condo","Laundry","Laundry","9","Washer/Dryer in Unit"
"ocpf3gzfct","Champion Court Condo","Convenient For","Convenient For","981","Undergraduates"
"ocpf3gzfct","Champion Court Condo","Convenient For","Convenient For","982","Graduate Students"
"ocpf3gzfct","Champion Court Condo","Convenient For","Convenient For","983","Faculty/Staff"
"ocpvee4m9g","Furnished 4 bed 3 baths Ranch House, walk to NCSU, free parking","Unit Features","Unit Features","1","Air Conditioning"
"ocpvee4m9g","Furnished 4 bed 3 baths Ranch House, walk to NCSU, free parking","Unit Features","Unit Features","26","Dishwasher"
"ocpvee4m9g","Furnished 4 bed 3 baths Ranch House, walk to NCSU, free parking","Unit Features","Unit Features","80","Extra Storage"
"ocpvee4m9g","Furnished 4 bed 3 baths Ranch House, walk to NCSU, free parking","Unit Features","Unit Features","7","Furnished"
"ocpvee4m9g","Furnished 4 bed 3 baths Ranch House, walk to NCSU, free parking","Unit Features","Unit Features","82","Garbage Disposal"
"ocpvee4m9g","Furnished 4 bed 3 baths Ranch House, walk to NCSU, free parking","Unit Features","Unit Features","83","Garden/Yard"
"ocpvee4m9g","Furnished 4 bed 3 baths Ranch House, walk to NCSU, free parking","Unit Features","Unit Features","21","Hardwood Floors"
"ocpvee4m9g","Furnished 4 bed 3 baths Ranch House, walk to NCSU, free parking","Unit Features","Unit Features","71","Outdoor Space"
"ocpvee4m9g","Furnished 4 bed 3 baths Ranch House, walk to NCSU, free parking","Unit Features","Unit Features","6","Patio, Balcony, Porch or Deck"
"ocpvee4m9g","Furnished 4 bed 3 baths Ranch House, walk to NCSU, free parking","Unit Features","Unit Features","41","Smoke-Free"
"ocpvee4m9g","Furnished 4 bed 3 baths Ranch House, walk to NCSU, free parking","Security","Security","95","Dead-Bolt Locks"
"ocpvee4m9g","Furnished 4 bed 3 baths Ranch House, walk to NCSU, free parking","Security","Security","99","Exterior Lighting"
"ocpvee4m9g","Furnished 4 bed 3 baths Ranch House, walk to NCSU, free parking","Community Features","Community Features","43","International Student Friendly"
"ocpvee4m9g","Furnished 4 bed 3 baths Ranch House, walk to NCSU, free parking","Community Features","Community Features","103","Walk to campus"
"ocpvee4m9g","Furnished 4 bed 3 baths Ranch House, walk to NCSU, free parking","Laundry","Laundry","9","Washer/Dryer in Unit"
"ocpvee4m9g","Furnished 4 bed 3 baths Ranch House, walk to NCSU, free parking","Convenient For","Convenient For","981","Undergraduates"
"ocpvee4m9g","Furnished 4 bed 3 baths Ranch House, walk to NCSU, free parking","Convenient For","Convenient For","982","Graduate Students"
"ocpvee4m9g","Furnished 4 bed 3 baths Ranch House, walk to NCSU, free parking","Convenient For","Convenient For","983","Faculty/Staff"
"ocpkrnvkk8","The Hub Raleigh","Unit Features","Unit Features","1","Air Conditioning"
"ocpkrnvkk8","The Hub Raleigh","Unit Features","Unit Features","26","Dishwasher"
"ocpkrnvkk8","The Hub Raleigh","Unit Features","Unit Features","7","Furnished"
"ocpkrnvkk8","The Hub Raleigh","Unit Features","Unit Features","21","Hardwood Floors"
"ocpkrnvkk8","The Hub Raleigh","Unit Features","Unit Features","303","High-Speed Internet Available"
"ocpkrnvkk8","The Hub Raleigh","Community Features","Community Features","265","Clubhouse"
"ocpkrnvkk8","The Hub Raleigh","Community Features","Community Features","81","Elevator"
"ocpkrnvkk8","The Hub Raleigh","Community Features","Community Features","45","Fitness Room"
"ocpkrnvkk8","The Hub Raleigh","Community Features","Community Features","46","Individual Leases"
"ocpkrnvkk8","The Hub Raleigh","Community Features","Community Features","43","International Student Friendly"
"ocpkrnvkk8","The Hub Raleigh","Community Features","Community Features","19","Near Bus Stop"
"ocpkrnvkk8","The Hub Raleigh","Community Features","Community Features","10","Pool"
"ocpkrnvkk8","The Hub Raleigh","Community Features","Community Features","103","Walk to campus"
"ocpkrnvkk8","The Hub Raleigh","Security","Security","95","Dead-Bolt Locks"
"ocpkrnvkk8","The Hub Raleigh","Security","Security","96","Gated Community"
"ocpkrnvkk8","The Hub Raleigh","Security","Security","25","Security System"
"ocpkrnvkk8","The Hub Raleigh","Laundry","Laundry","9","Washer/Dryer in Unit"
"ocpkrnvkk8","The Hub Raleigh","Convenient For","Convenient For","981","Undergraduates"
"ocpkrnvkk8","The Hub Raleigh","Convenient For","Convenient For","982","Graduate Students"
"ocpkrnvkk8","The Hub Raleigh","Convenient For","Convenient For","983","Faculty/Staff"
"ocpq292qyw","1st Month FREE!","Lease Information","Lease Information","16","12 month lease"
"ocpq292qyw","1st Month FREE!","Lease Information","Lease Information","17","9 month lease"
"ocpq292qyw","1st Month FREE!","Lease Information","Lease Information","102","Academic Year"
"ocpq292qyw","1st Month FREE!","Lease Information","Lease Information","18","Flexible/Other lease"
"ocpq292qyw","1st Month FREE!","Lease Information","Lease Information","63","Month-to-Month"
"ocpq292qyw","1st Month FREE!","Lease Information","Lease Information","42","Short-Term lease"
"ocpq292qyw","1st Month FREE!","Lease Information","Lease Information","77","Spring Sublet"
"ocpq292qyw","1st Month FREE!","Unit Features","Unit Features","1","Air Conditioning"
"ocpq292qyw","1st Month FREE!","Unit Features","Unit Features","20","Carpet"
"ocpq292qyw","1st Month FREE!","Unit Features","Unit Features","26","Dishwasher"
"ocpq292qyw","1st Month FREE!","Unit Features","Unit Features","80","Extra Storage"
"ocpq292qyw","1st Month FREE!","Unit Features","Unit Features","7","Furnished"
"ocpq292qyw","1st Month FREE!","Unit Features","Unit Features","82","Garbage Disposal"
"ocpq292qyw","1st Month FREE!","Unit Features","Unit Features","21","Hardwood Floors"
"ocpq292qyw","1st Month FREE!","Unit Features","Unit Features","303","High-Speed Internet Available"
"ocpq292qyw","1st Month FREE!","Unit Features","Unit Features","41","Smoke-Free"
"ocpq292qyw","1st Month FREE!","Security","Security","95","Dead-Bolt Locks"
"ocpq292qyw","1st Month FREE!","Security","Security","99","Exterior Lighting"
"ocpq292qyw","1st Month FREE!","Community Features","Community Features","46","Individual Leases"
"ocpq292qyw","1st Month FREE!","Laundry","Laundry","9","Washer/Dryer in Unit"
"ocpq292qyw","1st Month FREE!","Convenient For","Convenient For","981","Undergraduates"
"ocpq292qyw","1st Month FREE!","Convenient For","Convenient For","982","Graduate Students"
"ocpqh8kxbz","Falcon Ridge subdivision","Unit Features","Unit Features","1","Air Conditioning"
"ocpqh8kxbz","Falcon Ridge subdivision","Unit Features","Unit Features","20","Carpet"
"ocpqh8kxbz","Falcon Ridge subdivision","Unit Features","Unit Features","8","Fireplace"
"ocpqh8kxbz","Falcon Ridge subdivision","Unit Features","Unit Features","82","Garbage Disposal"
"ocpqh8kxbz","Falcon Ridge subdivision","Unit Features","Unit Features","21","Hardwood Floors"
"ocpqh8kxbz","Falcon Ridge subdivision","Unit Features","Unit Features","303","High-Speed Internet Available"
"ocpqh8kxbz","Falcon Ridge subdivision","Unit Features","Unit Features","6","Patio, Balcony, Porch or Deck"
"ocpqh8kxbz","Falcon Ridge subdivision","Laundry","Laundry","104","Laundry Access"
"ocpqh8kxbz","Falcon Ridge subdivision","Laundry","Laundry","9","Washer/Dryer in Unit"
"ocpqh8kxbz","Falcon Ridge subdivision","Community Features","Community Features","19","Near Bus Stop"
"ocpqh8kxbz","Falcon Ridge subdivision","Convenient For","Convenient For","981","Undergraduates"
"ocpqfg7r3z","University Commons PRELEASING FOR 2026-2027","Unit Features","Unit Features","1","Air Conditioning"
"ocpqfg7r3z","University Commons PRELEASING FOR 2026-2027","Unit Features","Unit Features","20","Carpet"
"ocpqfg7r3z","University Commons PRELEASING FOR 2026-2027","Unit Features","Unit Features","15","Disability Accessible"
"ocpqfg7r3z","University Commons PRELEASING FOR 2026-2027","Unit Features","Unit Features","26","Dishwasher"
"ocpqfg7r3z","University Commons PRELEASING FOR 2026-2027","Unit Features","Unit Features","21","Hardwood Floors"
"ocpqfg7r3z","University Commons PRELEASING FOR 2026-2027","Unit Features","Unit Features","41","Smoke-Free"
"ocpqfg7r3z","University Commons PRELEASING FOR 2026-2027","Security","Security","95","Dead-Bolt Locks"
"ocpqfg7r3z","University Commons PRELEASING FOR 2026-2027","Security","Security","99","Exterior Lighting"
"ocpqfg7r3z","University Commons PRELEASING FOR 2026-2027","Community Features","Community Features","19","Near Bus Stop"
"ocpqfg7r3z","University Commons PRELEASING FOR 2026-2027","Laundry","Laundry","9","Washer/Dryer in Unit"
"ocpqfg7r3z","University Commons PRELEASING FOR 2026-2027","Convenient For","Convenient For","981","Undergraduates"
"ocpqfg7r3z","University Commons PRELEASING FOR 2026-2027","Convenient For","Convenient For","982","Graduate Students"
"ocpqfg7r3z","University Commons PRELEASING FOR 2026-2027","Convenient For","Convenient For","983","Faculty/Staff"
"ocpqsb7fkz","TWO BEDROOM TOWNHOUSE IN EXCELLENT CONDITION","Unit Features","Unit Features","1","Air Conditioning"
"ocpqsb7fkz","TWO BEDROOM TOWNHOUSE IN EXCELLENT CONDITION","Unit Features","Unit Features","26","Dishwasher"
"ocpqsb7fkz","TWO BEDROOM TOWNHOUSE IN EXCELLENT CONDITION","Unit Features","Unit Features","80","Extra Storage"
"ocpqsb7fkz","TWO BEDROOM TOWNHOUSE IN EXCELLENT CONDITION","Unit Features","Unit Features","8","Fireplace"
"ocpqsb7fkz","TWO BEDROOM TOWNHOUSE IN EXCELLENT CONDITION","Unit Features","Unit Features","82","Garbage Disposal"
"ocpqsb7fkz","TWO BEDROOM TOWNHOUSE IN EXCELLENT CONDITION","Unit Features","Unit Features","21","Hardwood Floors"
"ocpqsb7fkz","TWO BEDROOM TOWNHOUSE IN EXCELLENT CONDITION","Unit Features","Unit Features","6","Patio, Balcony, Porch or Deck"
"ocpqsb7fkz","TWO BEDROOM TOWNHOUSE IN EXCELLENT CONDITION","Unit Features","Unit Features","41","Smoke-Free"
"ocpqsb7fkz","TWO BEDROOM TOWNHOUSE IN EXCELLENT CONDITION","Security","Security","95","Dead-Bolt Locks"
"ocpqsb7fkz","TWO BEDROOM TOWNHOUSE IN EXCELLENT CONDITION","Security","Security","99","Exterior Lighting"
"ocpqsb7fkz","TWO BEDROOM TOWNHOUSE IN EXCELLENT CONDITION","Community Features","Community Features","19","Near Bus Stop"
"ocpqsb7fkz","TWO BEDROOM TOWNHOUSE IN EXCELLENT CONDITION","Community Features","Community Features","103","Walk to campus"
"ocpqsb7fkz","TWO BEDROOM TOWNHOUSE IN EXCELLENT CONDITION","Laundry","Laundry","9","Washer/Dryer in Unit"
"ocpqsb7fkz","TWO BEDROOM TOWNHOUSE IN EXCELLENT CONDITION","Convenient For","Convenient For","981","Undergraduates"
"ocpqsb7fkz","TWO BEDROOM TOWNHOUSE IN EXCELLENT CONDITION","Convenient For","Convenient For","982","Graduate Students"
"ocpqsb7fkz","TWO BEDROOM TOWNHOUSE IN EXCELLENT CONDITION","Convenient For","Convenient For","983","Faculty/Staff"
"ocp8d9cwv0","Bright 2 BR, 2 BA unit in vibrant Person St district","Unit Features","Unit Features","1","Air Conditioning"
"ocp8d9cwv0","Bright 2 BR, 2 BA unit in vibrant Person St district","Unit Features","Unit Features","20","Carpet"
"ocp8d9cwv0","Bright 2 BR, 2 BA unit in vibrant Person St district","Unit Features","Unit Features","26","Dishwasher"
"ocp8d9cwv0","Bright 2 BR, 2 BA unit in vibrant Person St district","Unit Features","Unit Features","82","Garbage Disposal"
"ocp8d9cwv0","Bright 2 BR, 2 BA unit in vibrant Person St district","Unit Features","Unit Features","6","Patio, Balcony, Porch or Deck"
"ocp8d9cwv0","Bright 2 BR, 2 BA unit in vibrant Person St district","Community Features","Community Features","19","Near Bus Stop"
"ocp8d9cwv0","Bright 2 BR, 2 BA unit in vibrant Person St district","Laundry","Laundry","9","Washer/Dryer in Unit"
"ocp8d9cwv0","Bright 2 BR, 2 BA unit in vibrant Person St district","Convenient For","Convenient For","981","Undergraduates"
"ocp8d9cwv0","Bright 2 BR, 2 BA unit in vibrant Person St district","Convenient For","Convenient For","982","Graduate Students"
"ocp8d9cwv0","Bright 2 BR, 2 BA unit in vibrant Person St district","Convenient For","Convenient For","983","Faculty/Staff"
"ocp9g1mkz6","Stylish Studio Condo on NC State University Campus","Unit Features","Unit Features","1","Air Conditioning"
"ocp9g1mkz6","Stylish Studio Condo on NC State University Campus","Unit Features","Unit Features","20","Carpet"
"ocp9g1mkz6","Stylish Studio Condo on NC State University Campus","Unit Features","Unit Features","26","Dishwasher"
"ocp9g1mkz6","Stylish Studio Condo on NC State University Campus","Unit Features","Unit Features","82","Garbage Disposal"
"ocp9g1mkz6","Stylish Studio Condo on NC State University Campus","Unit Features","Unit Features","83","Garden/Yard"
"ocp9g1mkz6","Stylish Studio Condo on NC State University Campus","Unit Features","Unit Features","21","Hardwood Floors"
"ocp9g1mkz6","Stylish Studio Condo on NC State University Campus","Unit Features","Unit Features","303","High-Speed Internet Available"
"ocp9g1mkz6","Stylish Studio Condo on NC State University Campus","Unit Features","Unit Features","71","Outdoor Space"
"ocp9g1mkz6","Stylish Studio Condo on NC State University Campus","Unit Features","Unit Features","6","Patio, Balcony, Porch or Deck"
"ocp9g1mkz6","Stylish Studio Condo on NC State University Campus","Security","Security","95","Dead-Bolt Locks"
"ocp9g1mkz6","Stylish Studio Condo on NC State University Campus","Community Features","Community Features","10","Pool"
"ocp9g1mkz6","Stylish Studio Condo on NC State University Campus","Community Features","Community Features","103","Walk to campus"
"ocp9g1mkz6","Stylish Studio Condo on NC State University Campus","Laundry","Laundry","9","Washer/Dryer in Unit"
"ocp9g1mkz6","Stylish Studio Condo on NC State University Campus","Convenient For","Convenient For","981","Undergraduates"
"ocp9g1mkz6","Stylish Studio Condo on NC State University Campus","Convenient For","Convenient For","982","Graduate Students"
"ocp9g1mkz6","Stylish Studio Condo on NC State University Campus","Convenient For","Convenient For","983","Faculty/Staff"
"ocpeg5yhcm","Avery Close","Lease Information","Lease Information","16","12 month lease"
"ocpeg5yhcm","Avery Close","Unit Features","Unit Features","1","Air Conditioning"
"ocpeg5yhcm","Avery Close","Unit Features","Unit Features","20","Carpet"
"ocpeg5yhcm","Avery Close","Unit Features","Unit Features","26","Dishwasher"
"ocpeg5yhcm","Avery Close","Unit Features","Unit Features","80","Extra Storage"
"ocpeg5yhcm","Avery Close","Unit Features","Unit Features","303","High-Speed Internet Available"
"ocpeg5yhcm","Avery Close","Unit Features","Unit Features","6","Patio, Balcony, Porch or Deck"
"ocpeg5yhcm","Avery Close","Unit Features","Unit Features","41","Smoke-Free"
"ocpeg5yhcm","Avery Close","Security","Security","99","Exterior Lighting"
"ocpeg5yhcm","Avery Close","Community Features","Community Features","43","International Student Friendly"
"ocpeg5yhcm","Avery Close","Community Features","Community Features","19","Near Bus Stop"
"ocpeg5yhcm","Avery Close","Community Features","Community Features","10","Pool"
"ocpeg5yhcm","Avery Close","Laundry","Laundry","104","Laundry Access"
"ocpeg5yhcm","Avery Close","Laundry","Laundry","12","Laundry Room in Community"
"ocpeg5yhcm","Avery Close","Laundry","Laundry","143","No Laundry in Unit"
"ocpeg5yhcm","Avery Close","Laundry","Laundry","9","Washer/Dryer in Unit"
"ocpeg5yhcm","Avery Close","Convenient For","Convenient For","981","Undergraduates"
"ocpeg5yhcm","Avery Close","Convenient For","Convenient For","982","Graduate Students"
"ocpeg5yhcm","Avery Close","Convenient For","Convenient For","983","Faculty/Staff"
"ocpsnmx4w4","""Avery Close "" condos room available across from Centennial Campus NCSU NC State Raleigh","Unit Features","Unit Features","1","Air Conditioning"
"ocpsnmx4w4","""Avery Close "" condos room available across from Centennial Campus NCSU NC State Raleigh","Unit Features","Unit Features","26","Dishwasher"
"ocpsnmx4w4","""Avery Close "" condos room available across from Centennial Campus NCSU NC State Raleigh","Unit Features","Unit Features","80","Extra Storage"
"ocpsnmx4w4","""Avery Close "" condos room available across from Centennial Campus NCSU NC State Raleigh","Unit Features","Unit Features","6","Patio, Balcony, Porch or Deck"
"ocpsnmx4w4","""Avery Close "" condos room available across from Centennial Campus NCSU NC State Raleigh","Unit Features","Unit Features","41","Smoke-Free"
"ocpsnmx4w4","""Avery Close "" condos room available across from Centennial Campus NCSU NC State Raleigh","Security","Security","95","Dead-Bolt Locks"
"ocpsnmx4w4","""Avery Close "" condos room available across from Centennial Campus NCSU NC State Raleigh","Security","Security","99","Exterior Lighting"
"ocpsnmx4w4","""Avery Close "" condos room available across from Centennial Campus NCSU NC State Raleigh","Community Features","Community Features","43","International Student Friendly"
"ocpsnmx4w4","""Avery Close "" condos room available across from Centennial Campus NCSU NC State Raleigh","Community Features","Community Features","19","Near Bus Stop"
"ocpsnmx4w4","""Avery Close "" condos room available across from Centennial Campus NCSU NC State Raleigh","Community Features","Community Features","10","Pool"
"ocpsnmx4w4","""Avery Close "" condos room available across from Centennial Campus NCSU NC State Raleigh","Community Features","Community Features","103","Walk to campus"
"ocpsnmx4w4","""Avery Close "" condos room available across from Centennial Campus NCSU NC State Raleigh","Laundry","Laundry","104","Laundry Access"
"ocpsnmx4w4","""Avery Close "" condos room available across from Centennial Campus NCSU NC State Raleigh","Laundry","Laundry","12","Laundry Room in Community"
"ocpsnmx4w4","""Avery Close "" condos room available across from Centennial Campus NCSU NC State Raleigh","Laundry","Laundry","9","Washer/Dryer in Unit"
"ocpsnmx4w4","""Avery Close "" condos room available across from Centennial Campus NCSU NC State Raleigh","Convenient For","Convenient For","981","Undergraduates"
"ocpsnmx4w4","""Avery Close "" condos room available across from Centennial Campus NCSU NC State Raleigh","Convenient For","Convenient For","982","Graduate Students"
"ocpsnmx4w4","""Avery Close "" condos room available across from Centennial Campus NCSU NC State Raleigh","Convenient For","Convenient For","983","Faculty/Staff"
"ocp2k6k5g8","Furnished Room for Rent (Between Central and Centennial Campus)","Unit Features","Unit Features","1","Air Conditioning"
"ocp2k6k5g8","Furnished Room for Rent (Between Central and Centennial Campus)","Unit Features","Unit Features","26","Dishwasher"
"ocp2k6k5g8","Furnished Room for Rent (Between Central and Centennial Campus)","Unit Features","Unit Features","7","Furnished"
"ocp2k6k5g8","Furnished Room for Rent (Between Central and Centennial Campus)","Unit Features","Unit Features","21","Hardwood Floors"
"ocp2k6k5g8","Furnished Room for Rent (Between Central and Centennial Campus)","Unit Features","Unit Features","6","Patio, Balcony, Porch or Deck"
"ocp2k6k5g8","Furnished Room for Rent (Between Central and Centennial Campus)","Unit Features","Unit Features","41","Smoke-Free"
"ocp2k6k5g8","Furnished Room for Rent (Between Central and Centennial Campus)","Security","Security","99","Exterior Lighting"
"ocp2k6k5g8","Furnished Room for Rent (Between Central and Centennial Campus)","Community Features","Community Features","19","Near Bus Stop"
"ocp2k6k5g8","Furnished Room for Rent (Between Central and Centennial Campus)","Community Features","Community Features","103","Walk to campus"
"ocp2k6k5g8","Furnished Room for Rent (Between Central and Centennial Campus)","Laundry","Laundry","9","Washer/Dryer in Unit"
"ocp2k6k5g8","Furnished Room for Rent (Between Central and Centennial Campus)","Convenient For","Convenient For","981","Undergraduates"
"ocp2k6k5g8","Furnished Room for Rent (Between Central and Centennial Campus)","Convenient For","Convenient For","982","Graduate Students"