{"type":"FeatureCollection","features":[{"type":"Feature","geometry":{"type":"Point","coordinates":[-78.94637,36.009311]},"properties":{"site_id":"kele8mc","ocp_id":957690,"apartments_listing_key":"1flvcm7","name":"Lofts at Lakeview","street_address":"2616 Erwin Rd","city":"Durham","state":"NC","zip":"27705","target_campus":"Main Campus","api_distance_to_campus_miles":24.29,"rent_low":1595,"rent_high":2995,"rent_display":"$1,595 - $2,995","beds_low":0,"beds_high":2,"beds_display":"Studio - 2 Beds","per_bed_pricing":false,"per_semester_pricing":false,"total_monthly_price":"$1,595 - $2,995","total_monthly_price_verified":null,"shared_space":false,"sublet":false,"lease_term":"12 Month Lease","hide_address":false,"hide_map_pin":false,"last_updated":"2026-09-02T07:18:32Z","property_type":"Apartment Community","total_units":351,"active":true,"image_count":2,"listing_url":"https://offcampus.dasa.ncsu.edu/housing/property/lofts-at-lakeview/kele8mc"}},{"type":"Feature","geometry":{"type":"Point","coordinates":[-78.666093,35.787311]},"properties":{"site_id":"ocpet5b7hm","ocp_id":1384716,"apartments_listing_key":"","name":"Modern/High Ceilings 2bed/2 bath","street_address":"2304 Hillsborough Street","city":"Raleigh","state":"NC","zip":"27607","target_campus":"Main Campus","api_distance_to_campus_miles":0.22,"rent_low":1250,"rent_high":1250,"rent_display":"$1,250","beds_low":2,"beds_high":2,"beds_display":"2 Beds","per_bed_pricing":true,"per_semester_pricing":false,"total_monthly_price":"$1,250 /Bedroom","total_monthly_price_verified":true,"shared_space":false,"sublet":false,"lease_term":"6 Month Lease","hide_address":false,"hide_map_pin":false,"last_updated":"2026-08-19T21:27:02Z","property_type":"Apartment Community","total_units":null,"active":true,"image_count":11,"listing_url":"https://offcampus.dasa.ncsu.edu/housing/property/modern-high-ceilings-2bed-2-bath/ocpet5b7hm"}},{"type":"Feature","geometry":{"type":"Point","coordinates":[-78.846917,35.894098]},"properties":{"site_id":"59xvx3n","ocp_id":1581418,"apartments_listing_key":"pbxey3s","name":"Aventura RTP","street_address":"200 Edinborough Dr","city":"Durham","state":"NC","zip":"27703","target_campus":"Main Campus","api_distance_to_campus_miles":12.73,"rent_low":1149,"rent_high":1946,"rent_display":"$1,149 - $1,946","beds_low":1,"beds_high":3,"beds_display":"1 - 3 Beds","per_bed_pricing":false,"per_semester_pricing":false,"total_monthly_price":"$1,149 - $1,946","total_monthly_price_verified":null,"shared_space":false,"sublet":false,"lease_term":"","hide_address":false,"hide_map_pin":false,"last_updated":"2026-09-07T07:45:06Z","property_type":"Apartment Community","total_units":330,"active":true,"image_count":2,"listing_url":"https://offcampus.dasa.ncsu.edu/housing/property/aventura-rtp/59xvx3n"}},{"type":"Feature","geometry":{"type":"Point","coordinates":[-78.703352,35.762584]},"properties":{"site_id":"ocpvcjy8we","ocp_id":885763,"apartments_listing_key":"","name":"Rare 4 bedroom 4 full bath only $2200. per month","street_address":"1351 Crab Orchard Drive 202","city":"Raleigh","state":"NC","zip":"27606","target_campus":"Main Campus","api_distance_to_campus_miles":1.8,"rent_low":2200,"rent_high":2200,"rent_display":"$2,200","beds_low":4,"beds_high":4,"beds_display":"4 Beds","per_bed_pricing":false,"per_semester_pricing":false,"total_monthly_price":"$2,200","total_monthly_price_verified":true,"shared_space":false,"sublet":false,"lease_term":"12 Month Lease","hide_address":false,"hide_map_pin":false,"last_updated":"2026-08-07T10:33:48Z","property_type":"Residential Condo Unit For Rent","total_units":null,"active":true,"image_count":13,"listing_url":"https://offcampus.dasa.ncsu.edu/housing/property/rare-4-bedroom-4-full-bath-only-2200-per-month/ocpvcjy8we"}},{"type":"Feature","geometry":{"type":"Point","coordinates":[-78.69065,35.745958]},"properties":{"site_id":"7e6kx1w","ocp_id":681217,"apartments_listing_key":"mf64y1h","name":"Centennial Ridge Student Housing","street_address":"2450 Centennial Ridge Way","city":"Raleigh","state":"NC","zip":"27603","target_campus":"Main Campus","api_distance_to_campus_miles":2.93,"rent_low":599,"rent_high":2157,"rent_display":"$599 - $2,157","beds_low":3,"beds_high":3,"beds_display":"3 Beds","per_bed_pricing":true,"per_semester_pricing":false,"total_monthly_price":"$599 - $2,157 /Bedroom","total_monthly_price_verified":null,"shared_space":false,"sublet":false,"lease_term":"11 Month Lease","hide_address":false,"hide_map_pin":false,"last_updated":"2026-08-14T07:28:17Z","property_type":"Apartment Community","total_units":60,"active":true,"image_count":2,"listing_url":"https://offcampus.dasa.ncsu.edu/housing/property/centennial-ridge-student-housing/7e6kx1w"}},{"type":"Feature","geometry":{"type":"Point","coordinates":[-78.740894,35.774826]},"properties":{"site_id":"ocpw46rjcl","ocp_id":2248845,"apartments_listing_key":"","name":"Brand New Luxury Furnished Townhome | 4 Bed /  3.5 Bath | 5 Min to NC State & 3 Mins to Fenton +shop","street_address":null,"city":"Raleigh","state":"NC","zip":"27606","target_campus":"Main Campus","api_distance_to_campus_miles":5.25,"rent_low":900,"rent_high":1050,"rent_display":"$900 - $1,050","beds_low":3,"beds_high":3,"beds_display":"3 Beds","per_bed_pricing":true,"per_semester_pricing":false,"total_monthly_price":"$900 - $1,050 /Bedroom","total_monthly_price_verified":true,"shared_space":true,"sublet":false,"lease_term":"12 Month Lease","hide_address":true,"hide_map_pin":false,"last_updated":"2026-07-08T00:53:37Z","property_type":"Townhome","total_units":null,"active":true,"image_count":13,"listing_url":"https://offcampus.dasa.ncsu.edu/housing/property/brand-new-luxury-furnished-townhome-4-bed-3-5-bath-5-min-to-nc-state-and-3-mins-to-fenton-shop/ocpw46rjcl"}},{"type":"Feature","geometry":{"type":"Point","coordinates":[-78.983303,35.950566]},"properties":{"site_id":"mc0h4yh","ocp_id":1097868,"apartments_listing_key":"78067yw","name":"The Reserve at Patterson Place","street_address":"1055 Stillwell Dr","city":"Durham","state":"NC","zip":"27707","target_campus":"Main Campus","api_distance_to_campus_miles":24.36,"rent_low":1288,"rent_high":2422,"rent_display":"$1,288 - $2,422","beds_low":1,"beds_high":3,"beds_display":"1 - 3 Beds","per_bed_pricing":false,"per_semester_pricing":false,"total_monthly_price":"$1,288 - $2,422","total_monthly_price_verified":null,"shared_space":false,"sublet":false,"lease_term":"","hide_address":false,"hide_map_pin":false,"last_updated":"2026-09-07T07:40:35Z","property_type":"Apartment Community","total_units":345,"active":true,"image_count":2,"listing_url":"https://offcampus.dasa.ncsu.edu/housing/property/the-reserve-at-patterson-place/mc0h4yh"}},{"type":"Feature","geometry":{"type":"Point","coordinates":[-78.69395,35.749382]},"properties":{"site_id":"ocpchygggd","ocp_id":1087411,"apartments_listing_key":"","name":"Hurry 2 Rooms Left! – 4BR/4BA Condo Near NC State  – All Utilities & Internet Included!","street_address":"2020 University Woods Road Apt 102","city":"Raleigh","state":"NC","zip":"27603","target_campus":"Main Campus","api_distance_to_campus_miles":2.22,"rent_low":695,"rent_high":695,"rent_display":"$695","beds_low":2,"beds_high":2,"beds_display":"2 Beds","per_bed_pricing":true,"per_semester_pricing":false,"total_monthly_price":"$695 /Bedroom","total_monthly_price_verified":true,"shared_space":true,"sublet":false,"lease_term":"12 Month Lease","hide_address":false,"hide_map_pin":false,"last_updated":"2026-02-16T16:42:25Z","property_type":"Residential Condo Unit For Rent","total_units":null,"active":true,"image_count":9,"listing_url":"https://offcampus.dasa.ncsu.edu/housing/property/hurry-2-rooms-left-4br-4ba-condo-near-nc-state-all-utilities-and-internet-included/ocpchygggd"}},{"type":"Feature","geometry":{"type":"Point","coordinates":[-78.678155,35.78944]},"properties":{"site_id":"es0855q","ocp_id":1022168,"apartments_listing_key":"yt0y65v","name":"Maxwell Raleigh","street_address":"3101 Hillsborough St","city":"Raleigh","state":"NC","zip":"27607","target_campus":"Main Campus","api_distance_to_campus_miles":0.18,"rent_low":799,"rent_high":1899,"rent_display":"$799 - $1,899","beds_low":0,"beds_high":4,"beds_display":"Studio - 4 Beds","per_bed_pricing":false,"per_semester_pricing":false,"total_monthly_price":"$799 - $1,899","total_monthly_price_verified":null,"shared_space":false,"sublet":false,"lease_term":"11 Month Lease","hide_address":false,"hide_map_pin":false,"last_updated":"2026-08-29T07:34:06Z","property_type":"Apartment Community","total_units":234,"active":true,"image_count":2,"listing_url":"https://offcampus.dasa.ncsu.edu/housing/property/maxwell-raleigh/es0855q"}},{"type":"Feature","geometry":{"type":"Point","coordinates":[-78.702658,35.763398]},"properties":{"site_id":"ocpesl9n3p","ocp_id":2212882,"apartments_listing_key":"","name":"maisonNC --- Fully Furnished minutes away from Wolfline and Shopping","street_address":"1251 University Court","city":"Raleigh","state":"NC","zip":"27606","target_campus":"Main Campus","api_distance_to_campus_miles":1.73,"rent_low":750,"rent_high":750,"rent_display":"$750","beds_low":4,"beds_high":4,"beds_display":"4 Beds","per_bed_pricing":true,"per_semester_pricing":false,"total_monthly_price":"$750 /Bedroom","total_monthly_price_verified":true,"shared_space":true,"sublet":false,"lease_term":"6 Month Lease","hide_address":false,"hide_map_pin":false,"last_updated":"2026-09-03T16:16:57Z","property_type":"Residential Condo Unit For Rent","total_units":null,"active":true,"image_count":2,"listing_url":"https://offcampus.dasa.ncsu.edu/housing/property/maisonnc-fully-furnished-minutes-away-from-wolfline-and-shopping/ocpesl9n3p"}},{"type":"Feature","geometry":{"type":"Point","coordinates":[-78.963096,35.973823]},"properties":{"site_id":"lvqgnje","ocp_id":2098340,"apartments_listing_key":"0rqspj1","name":"Trellis-University Hill","street_address":"3017 Pickett Rd","city":"Durham","state":"NC","zip":"27705","target_campus":"Main Campus","api_distance_to_campus_miles":26.39,"rent_low":1400,"rent_high":1625,"rent_display":"$1,400 - $1,625","beds_low":1,"beds_high":2,"beds_display":"1 - 2 Beds","per_bed_pricing":false,"per_semester_pricing":false,"total_monthly_price":"$1,400 - $1,625","total_monthly_price_verified":null,"shared_space":false,"sublet":false,"lease_term":"12 Month Lease","hide_address":false,"hide_map_pin":false,"last_updated":"2026-08-20T08:00:01Z","property_type":"Apartment Community","total_units":75,"active":true,"image_count":2,"listing_url":"https://offcampus.dasa.ncsu.edu/housing/property/trellis-university-hill/lvqgnje"}},{"type":"Feature","geometry":{"type":"Point","coordinates":[-78.701312,35.762694]},"properties":{"site_id":"ocpcm3jede","ocp_id":952545,"apartments_listing_key":"","name":"maisonNC --- Fully Furnished minutes away from Wolfline and Shopping","street_address":"1440 Collegiate Circle","city":"Raleigh","state":"NC","zip":"27606","target_campus":"Main Campus","api_distance_to_campus_miles":1.66,"rent_low":750,"rent_high":750,"rent_display":"$750","beds_low":4,"beds_high":4,"beds_display":"4 Beds","per_bed_pricing":true,"per_semester_pricing":false,"total_monthly_price":"$750 /Bedroom","total_monthly_price_verified":true,"shared_space":true,"sublet":false,"lease_term":"6 Month Lease","hide_address":false,"hide_map_pin":false,"last_updated":"2026-09-03T16:23:39Z","property_type":"Residential Condo Unit For Rent","total_units":null,"active":true,"image_count":16,"listing_url":"https://offcampus.dasa.ncsu.edu/housing/property/maisonnc-fully-furnished-minutes-away-from-wolfline-and-shopping/ocpcm3jede"}},{"type":"Feature","geometry":{"type":"Point","coordinates":[-78.741537,35.779833]},"properties":{"site_id":"seyb987","ocp_id":949937,"apartments_listing_key":"bfywb8c","name":"Wesley","street_address":"442 Jefferson Towne Dr","city":"Raleigh","state":"NC","zip":"27606","target_campus":"Main Campus","api_distance_to_campus_miles":4.29,"rent_low":1240,"rent_high":2160,"rent_display":"$1,240 - $2,160","beds_low":1,"beds_high":3,"beds_display":"1 - 3 Beds","per_bed_pricing":false,"per_semester_pricing":false,"total_monthly_price":"$1,240 - $2,160","total_monthly_price_verified":null,"shared_space":false,"sublet":false,"lease_term":"","hide_address":false,"hide_map_pin":false,"last_updated":"2026-09-03T07:38:50Z","property_type":"Apartment Community","total_units":354,"active":true,"image_count":2,"listing_url":"https://offcampus.dasa.ncsu.edu/housing/property/wesley/seyb987"}},{"type":"Feature","geometry":{"type":"Point","coordinates":[-78.666068,35.78754]},"properties":{"site_id":"ocpnx5c0kn","ocp_id":890238,"apartments_listing_key":"","name":"Modern & spacious 3BR/3BA Apartment w/View","street_address":"2304 Hillsborough Street","city":"Raleigh","state":"NC","zip":"27607","target_campus":"Main Campus","api_distance_to_campus_miles":0.26,"rent_low":1000,"rent_high":1000,"rent_display":"$1,000","beds_low":3,"beds_high":3,"beds_display":"3 Beds","per_bed_pricing":true,"per_semester_pricing":false,"total_monthly_price":"$1,000 /Bedroom","total_monthly_price_verified":true,"shared_space":false,"sublet":false,"lease_term":"12 Month Lease","hide_address":false,"hide_map_pin":false,"last_updated":"2026-09-03T12:50:45Z","property_type":"Apartment Community","total_units":null,"active":true,"image_count":13,"listing_url":"https://offcampus.dasa.ncsu.edu/housing/property/modern-and-spacious-3br-3ba-apartment-w-view/ocpnx5c0kn"}},{"type":"Feature","geometry":{"type":"Point","coordinates":[-78.688047,35.783346]},"properties":{"site_id":"ll5gb9f","ocp_id":2372474,"apartments_listing_key":"0h5s992","name":"Rhyne's Gate Apartments","street_address":"1110 McKimmon View Ct","city":"Raleigh","state":"NC","zip":"27606","target_campus":"Main Campus","api_distance_to_campus_miles":0.2,"rent_low":1150,"rent_high":1150,"rent_display":"$1,150","beds_low":2,"beds_high":2,"beds_display":"2 Beds","per_bed_pricing":false,"per_semester_pricing":false,"total_monthly_price":"$1,150","total_monthly_price_verified":null,"shared_space":false,"sublet":false,"lease_term":"","hide_address":false,"hide_map_pin":false,"last_updated":"2026-09-02T07:57:49Z","property_type":"Apartment Community","total_units":48,"active":true,"image_count":2,"listing_url":"https://offcampus.dasa.ncsu.edu/housing/property/rhynes-gate-apartments/ll5gb9f"}},{"type":"Feature","geometry":{"type":"Point","coordinates":[-78.720793,35.878112]},"properties":{"site_id":"ocp5ey2bmq","ocp_id":1898461,"apartments_listing_key":"","name":"Furnished Studio/ADU | Olde Raleigh | Parking | Fast Wi-Fi","street_address":null,"city":"Raleigh","state":"NC","zip":"27613","target_campus":"Main Campus","api_distance_to_campus_miles":9.08,"rent_low":1875,"rent_high":1875,"rent_display":"$1,875","beds_low":0,"beds_high":0,"beds_display":"Studio","per_bed_pricing":false,"per_semester_pricing":false,"total_monthly_price":"$1,875","total_monthly_price_verified":true,"shared_space":false,"sublet":false,"lease_term":"1 Month Lease","hide_address":true,"hide_map_pin":false,"last_updated":"2026-01-17T20:05:49Z","property_type":"Apartment Unit For Rent","total_units":null,"active":true,"image_count":17,"listing_url":"https://offcampus.dasa.ncsu.edu/housing/property/furnished-studio-adu-olde-raleigh-parking-fast-wi-fi/ocp5ey2bmq"}},{"type":"Feature","geometry":{"type":"Point","coordinates":[-78.731014,35.769074]},"properties":{"site_id":"70rqkwy","ocp_id":915262,"apartments_listing_key":"m3r1jwk","name":"Brook Hill Townhouse - Students Save Up to 10%","street_address":"5425 Dana Dr","city":"Raleigh","state":"NC","zip":"27606","target_campus":"Main Campus","api_distance_to_campus_miles":3.46,"rent_low":1350,"rent_high":1645,"rent_display":"$1,350 - $1,645","beds_low":1,"beds_high":3,"beds_display":"1 - 3 Beds","per_bed_pricing":false,"per_semester_pricing":false,"total_monthly_price":"$1,350 - $1,645","total_monthly_price_verified":null,"shared_space":false,"sublet":false,"lease_term":"1 Month Lease","hide_address":false,"hide_map_pin":false,"last_updated":"2026-09-07T07:33:54Z","property_type":"Apartment Community","total_units":100,"active":true,"image_count":2,"listing_url":"https://offcampus.dasa.ncsu.edu/housing/property/brook-hill-townhouse-students-save-up-to-10/70rqkwy"}},{"type":"Feature","geometry":{"type":"Point","coordinates":[-78.693908,35.749432]},"properties":{"site_id":"ocpjeweyz6","ocp_id":1299975,"apartments_listing_key":"","name":"All Girls Unit - Room with Private Bathroom at  University Woods at Centennial Condominiums","street_address":"2020 University Woods Rd","city":"Raleigh","state":"NC","zip":"27603","target_campus":"Main Campus","api_distance_to_campus_miles":2.22,"rent_low":645,"rent_high":645,"rent_display":"$645","beds_low":4,"beds_high":4,"beds_display":"4 Beds","per_bed_pricing":true,"per_semester_pricing":false,"total_monthly_price":"$645 /Bedroom","total_monthly_price_verified":true,"shared_space":true,"sublet":false,"lease_term":"12 Month Lease","hide_address":false,"hide_map_pin":false,"last_updated":"2026-08-09T22:03:13Z","property_type":"Residential Condo Unit For Rent","total_units":null,"active":true,"image_count":12,"listing_url":"https://offcampus.dasa.ncsu.edu/housing/property/all-girls-unit-room-with-private-bathroom-at-university-woods-at-centennial-condominiums/ocpjeweyz6"}},{"type":"Feature","geometry":{"type":"Point","coordinates":[-78.727869,35.785778]},"properties":{"site_id":"0smdl31","ocp_id":635486,"apartments_listing_key":"ltmth3e","name":"Paloma Raleigh","street_address":"5701 Hillsborough St","city":"Raleigh","state":"NC","zip":"27606","target_campus":"Main Campus","api_distance_to_campus_miles":2.28,"rent_low":749,"rent_high":1599,"rent_display":"$749 - $1,599","beds_low":1,"beds_high":5,"beds_display":"1 - 5 Beds","per_bed_pricing":true,"per_semester_pricing":false,"total_monthly_price":"$749 - $1,599 /Bedroom","total_monthly_price_verified":null,"shared_space":false,"sublet":false,"lease_term":"","hide_address":false,"hide_map_pin":false,"last_updated":"2026-05-31T07:23:07Z","property_type":"Apartment Community","total_units":180,"active":true,"image_count":2,"listing_url":"https://offcampus.dasa.ncsu.edu/housing/property/paloma-raleigh/0smdl31"}},{"type":"Feature","geometry":{"type":"Point","coordinates":[-78.685499,35.777665]},"properties":{"site_id":"ocppjxdd3r","ocp_id":893905,"apartments_listing_key":"","name":"Collegeview Duplex--Brand New Luxury Housing within walking distance to NCSU","street_address":"1505 Collegeview Avenue","city":"Raleigh","state":"NC","zip":"27606","target_campus":"Main Campus","api_distance_to_campus_miles":0.26,"rent_low":900,"rent_high":950,"rent_display":"$900 - $950","beds_low":4,"beds_high":4,"beds_display":"4 Beds","per_bed_pricing":true,"per_semester_pricing":false,"total_monthly_price":"$900 - $950 /Bedroom","total_monthly_price_verified":true,"shared_space":false,"sublet":false,"lease_term":"12 Month Lease","hide_address":false,"hide_map_pin":false,"last_updated":"2026-04-01T16:07:30Z","property_type":"Duplex","total_units":null,"active":true,"image_count":28,"listing_url":"https://offcampus.dasa.ncsu.edu/housing/property/collegeview-duplex-brand-new-luxury-housing-within-walking-distance-to-ncsu/ocppjxdd3r"}},{"type":"Feature","geometry":{"type":"Point","coordinates":[-78.898555,35.989797]},"properties":{"site_id":"hgdd8s0","ocp_id":1739564,"apartments_listing_key":"3ddtcsd","name":"Lantower Bullhouse","street_address":"504 E Pettigrew St","city":"Durham","state":"NC","zip":"27701","target_campus":"Main Campus","api_distance_to_campus_miles":21.13,"rent_low":1377,"rent_high":4346,"rent_display":"$1,377 - $4,346","beds_low":0,"beds_high":2,"beds_display":"Studio - 2 Beds","per_bed_pricing":false,"per_semester_pricing":false,"total_monthly_price":"$1,377 - $4,346","total_monthly_price_verified":true,"shared_space":false,"sublet":false,"lease_term":"","hide_address":false,"hide_map_pin":false,"last_updated":"2026-09-07T07:46:54Z","property_type":"Apartment Community","total_units":305,"active":true,"image_count":2,"listing_url":"https://offcampus.dasa.ncsu.edu/housing/property/lantower-bullhouse/hgdd8s0"}},{"type":"Feature","geometry":{"type":"Point","coordinates":[-78.686005,35.779182]},"properties":{"site_id":"ocpe1n95cm","ocp_id":1051859,"apartments_listing_key":"","name":"Big Promotion w/best price ever. Move in Immediately . MarcomTowns. Great location nice","street_address":"3601 Marcom Street Unit 101","city":"Raleigh","state":"NC","zip":"27606","target_campus":"Main Campus","api_distance_to_campus_miles":0.09,"rent_low":950,"rent_high":950,"rent_display":"$950","beds_low":4,"beds_high":4,"beds_display":"4 Beds","per_bed_pricing":true,"per_semester_pricing":false,"total_monthly_price":"$950 /Bedroom","total_monthly_price_verified":true,"shared_space":false,"sublet":false,"lease_term":"12 Month Lease","hide_address":false,"hide_map_pin":false,"last_updated":"2026-08-19T18:15:14Z","property_type":"Townhome","total_units":null,"active":true,"image_count":10,"listing_url":"https://offcampus.dasa.ncsu.edu/housing/property/big-promotion-w-best-price-ever-move-in-immediately-marcomtowns-great-location-nice/ocpe1n95cm"}},{"type":"Feature","geometry":{"type":"Point","coordinates":[-78.676931,35.788189]},"properties":{"site_id":"p8mlexs","ocp_id":958697,"apartments_listing_key":"5cm5fxn","name":"Valentine Commons","street_address":"3009 M E Valentine Dr","city":"Raleigh","state":"NC","zip":"27607","target_campus":"Main Campus","api_distance_to_campus_miles":0.01,"rent_low":1190,"rent_high":2238,"rent_display":"$1,190 - $2,238","beds_low":2,"beds_high":4,"beds_display":"2 - 4 Beds","per_bed_pricing":false,"per_semester_pricing":false,"total_monthly_price":"$1,190 - $2,238","total_monthly_price_verified":null,"shared_space":false,"sublet":false,"lease_term":"12 Month Lease","hide_address":false,"hide_map_pin":false,"last_updated":"2026-08-19T07:22:49Z","property_type":"Apartment Community","total_units":277,"active":true,"image_count":2,"listing_url":"https://offcampus.dasa.ncsu.edu/housing/property/valentine-commons/p8mlexs"}},{"type":"Feature","geometry":{"type":"Point","coordinates":[-78.688398,35.782805]},"properties":{"site_id":"ocp2evl6hb","ocp_id":1068891,"apartments_listing_key":"","name":"University Oaks -","street_address":"1120 Carlton Avenue","city":"Raleigh","state":"NC","zip":"27606","target_campus":"Main Campus","api_distance_to_campus_miles":0.24,"rent_low":725,"rent_high":725,"rent_display":"$725","beds_low":1,"beds_high":1,"beds_display":"1 Bed","per_bed_pricing":true,"per_semester_pricing":false,"total_monthly_price":"$725 /Bedroom","total_monthly_price_verified":true,"shared_space":true,"sublet":false,"lease_term":"12 Month Lease","hide_address":false,"hide_map_pin":false,"last_updated":"2026-06-02T04:46:13Z","property_type":"Residential Condo Unit For Rent","total_units":null,"active":true,"image_count":8,"listing_url":"https://offcampus.dasa.ncsu.edu/housing/property/university-oaks/ocp2evl6hb"}},{"type":"Feature","geometry":{"type":"Point","coordinates":[-78.676817,35.789503]},"properties":{"site_id":"fgrbwjv","ocp_id":632792,"apartments_listing_key":"xdrwzjq","name":"Stanhope","street_address":"3001 Hillsborough St","city":"Raleigh","state":"NC","zip":"27607","target_campus":"Main Campus","api_distance_to_campus_miles":0.05,"rent_low":845,"rent_high":1695,"rent_display":"$845 - $1,695","beds_low":0,"beds_high":4,"beds_display":"Studio - 4 Beds","per_bed_pricing":false,"per_semester_pricing":false,"total_monthly_price":"$845 - $1,695","total_monthly_price_verified":null,"shared_space":false,"sublet":false,"lease_term":"11 Month Lease","hide_address":false,"hide_map_pin":false,"last_updated":"2026-09-05T07:23:15Z","property_type":"Apartment Community","total_units":300,"active":true,"image_count":2,"listing_url":"https://offcampus.dasa.ncsu.edu/housing/property/stanhope/fgrbwjv"}},{"type":"Feature","geometry":{"type":"Point","coordinates":[-78.69476,35.785622]},"properties":{"site_id":"ocpvlydr3e","ocp_id":901410,"apartments_listing_key":"","name":"Reavis ---Brand New Luxury Housing within walking distance to NCSU","street_address":"4104 Reavis Rd","city":"Raleigh","state":"NC","zip":"27606","target_campus":"Main Campus","api_distance_to_campus_miles":0.32,"rent_low":925,"rent_high":975,"rent_display":"$925 - $975","beds_low":4,"beds_high":4,"beds_display":"4 Beds","per_bed_pricing":true,"per_semester_pricing":false,"total_monthly_price":"$925 - $975 /Bedroom","total_monthly_price_verified":true,"shared_space":true,"sublet":false,"lease_term":"12 Month Lease","hide_address":false,"hide_map_pin":false,"last_updated":"2026-04-01T16:11:07Z","property_type":"Duplex","total_units":null,"active":true,"image_count":11,"listing_url":"https://offcampus.dasa.ncsu.edu/housing/property/reavis-brand-new-luxury-housing-within-walking-distance-to-ncsu/ocpvlydr3e"}},{"type":"Feature","geometry":{"type":"Point","coordinates":[-78.674739,35.789556]},"properties":{"site_id":"86fjg60","ocp_id":2210773,"apartments_listing_key":"v5f7d6d","name":"HeyDay Raleigh","street_address":"2812 Hillsborough St","city":"Raleigh","state":"NC","zip":"27607","target_campus":"Main Campus","api_distance_to_campus_miles":0,"rent_low":1349,"rent_high":2269,"rent_display":"$1,349 - $2,269","beds_low":0,"beds_high":4,"beds_display":"Studio - 4 Beds","per_bed_pricing":false,"per_semester_pricing":false,"total_monthly_price":"$1,349 - $2,269","total_monthly_price_verified":null,"shared_space":false,"sublet":false,"lease_term":"11 Month Lease","hide_address":false,"hide_map_pin":false,"last_updated":"2026-08-26T07:59:40Z","property_type":"Apartment Community","total_units":138,"active":true,"image_count":2,"listing_url":"https://offcampus.dasa.ncsu.edu/housing/property/heyday-raleigh/86fjg60"}},{"type":"Feature","geometry":{"type":"Point","coordinates":[-78.690564,35.773343]},"properties":{"site_id":"ocpxdxd79p","ocp_id":1424343,"apartments_listing_key":"","name":"4BR/4BA Condo| On Wolfline | Preleasing 27-28 Special $850 Util/Parking Incld | Mile to Campus","street_address":"1511 Graduate Lane","city":"Raleigh","state":"NC","zip":"27606","target_campus":"Main Campus","api_distance_to_campus_miles":0.5,"rent_low":875,"rent_high":875,"rent_display":"$875","beds_low":4,"beds_high":4,"beds_display":"4 Beds","per_bed_pricing":true,"per_semester_pricing":false,"total_monthly_price":"$875 /Bedroom","total_monthly_price_verified":true,"shared_space":false,"sublet":false,"lease_term":"12 Month Lease","hide_address":false,"hide_map_pin":false,"last_updated":"2026-09-08T15:04:07Z","property_type":"Residential Condo Unit For Rent","total_units":null,"active":true,"image_count":32,"listing_url":"https://offcampus.dasa.ncsu.edu/housing/property/4br-4ba-condo-on-wolfline-preleasing-27-28-special-850-util-parking-incld-mile-to-campus/ocpxdxd79p"}},{"type":"Feature","geometry":{"type":"Point","coordinates":[-78.953214,35.924925]},"properties":{"site_id":"9de4we5","ocp_id":2291495,"apartments_listing_key":"tgekze9","name":"LYV Woodcroft at Southpoint","street_address":"4655 Hope Valley Rd","city":"Durham","state":"NC","zip":"27707","target_campus":"Main Campus","api_distance_to_campus_miles":19.38,"rent_low":1200,"rent_high":1400,"rent_display":"$1,200 - $1,400","beds_low":1,"beds_high":2,"beds_display":"1 - 2 Beds","per_bed_pricing":false,"per_semester_pricing":false,"total_monthly_price":"$1,200 - $1,400","total_monthly_price_verified":null,"shared_space":false,"sublet":false,"lease_term":"12 Month Lease","hide_address":false,"hide_map_pin":false,"last_updated":"2026-09-02T07:56:43Z","property_type":"Apartment Community","total_units":264,"active":true,"image_count":2,"listing_url":"https://offcampus.dasa.ncsu.edu/housing/property/lyv-woodcroft-at-southpoint/9de4we5"}},{"type":"Feature","geometry":{"type":"Point","coordinates":[-78.686075,35.776121]},"properties":{"site_id":"ocpm68s5sh","ocp_id":901422,"apartments_listing_key":"","name":"Burt Drive Townhouses---Brand New Luxury Housing within walking distance to NCSU","street_address":"3609 Burt Drive","city":"Raleigh","state":"NC","zip":"27606","target_campus":"Main Campus","api_distance_to_campus_miles":0.29,"rent_low":1050,"rent_high":1050,"rent_display":"$1,050","beds_low":4,"beds_high":4,"beds_display":"4 Beds","per_bed_pricing":true,"per_semester_pricing":false,"total_monthly_price":"$1,050 /Bedroom","total_monthly_price_verified":true,"shared_space":true,"sublet":false,"lease_term":"12 Month Lease","hide_address":false,"hide_map_pin":false,"last_updated":"2026-04-01T16:08:29Z","property_type":"Townhome","total_units":null,"active":true,"image_count":12,"listing_url":"https://offcampus.dasa.ncsu.edu/housing/property/burt-drive-townhouses-brand-new-luxury-housing-within-walking-distance-to-ncsu/ocpm68s5sh"}},{"type":"Feature","geometry":{"type":"Point","coordinates":[-78.923142,35.987772]},"properties":{"site_id":"gky0hgw","ocp_id":1097703,"apartments_listing_key":"wjyplgh","name":"Willow Bend Apartments","street_address":"1718 Palmer St","city":"Durham","state":"NC","zip":"27707","target_campus":"Main Campus","api_distance_to_campus_miles":22.93,"rent_low":1312,"rent_high":1357,"rent_display":"$1,312 - $1,357","beds_low":2,"beds_high":2,"beds_display":"2 Beds","per_bed_pricing":false,"per_semester_pricing":false,"total_monthly_price":"$1,312 - $1,357","total_monthly_price_verified":null,"shared_space":false,"sublet":false,"lease_term":"","hide_address":false,"hide_map_pin":false,"last_updated":"2026-09-03T07:45:15Z","property_type":"Apartment Community","total_units":44,"active":true,"image_count":2,"listing_url":"https://offcampus.dasa.ncsu.edu/housing/property/willow-bend-apartments/gky0hgw"}},{"type":"Feature","geometry":{"type":"Point","coordinates":[-78.689907,35.778062]},"properties":{"site_id":"ocpd8x87kh","ocp_id":949002,"apartments_listing_key":"","name":"New Construction: 4 Bed 4.5 Bath Townhomes","street_address":null,"city":"Raleigh","state":"NC","zip":"27606","target_campus":"Main Campus","api_distance_to_campus_miles":0.24,"rent_low":4000,"rent_high":4000,"rent_display":"$4,000","beds_low":4,"beds_high":4,"beds_display":"4 Beds","per_bed_pricing":false,"per_semester_pricing":false,"total_monthly_price":"$4,000","total_monthly_price_verified":null,"shared_space":false,"sublet":false,"lease_term":"12 Month Lease","hide_address":true,"hide_map_pin":false,"last_updated":"2026-06-10T19:11:44Z","property_type":"Townhome","total_units":null,"active":true,"image_count":11,"listing_url":"https://offcampus.dasa.ncsu.edu/housing/property/new-construction-4-bed-4-5-bath-townhomes/ocpd8x87kh"}},{"type":"Feature","geometry":{"type":"Point","coordinates":[-78.687069,35.771483]},"properties":{"site_id":"v534e5d","ocp_id":1289740,"apartments_listing_key":"863kf50","name":"Kensington Park","street_address":"2700 Brigadoon Dr","city":"Raleigh","state":"NC","zip":"27606","target_campus":"Main Campus","api_distance_to_campus_miles":0.48,"rent_low":1175,"rent_high":1945,"rent_display":"$1,175 - $1,945","beds_low":1,"beds_high":3,"beds_display":"1 - 3 Beds","per_bed_pricing":false,"per_semester_pricing":false,"total_monthly_price":"$1,175 - $1,945","total_monthly_price_verified":null,"shared_space":false,"sublet":false,"lease_term":"","hide_address":false,"hide_map_pin":false,"last_updated":"2026-08-19T07:42:13Z","property_type":"Apartment Community","total_units":335,"active":true,"image_count":2,"listing_url":"https://offcampus.dasa.ncsu.edu/housing/property/kensington-park/v534e5d"}},{"type":"Feature","geometry":{"type":"Point","coordinates":[-78.677347,35.791166]},"properties":{"site_id":"ocp913l1z6","ocp_id":987192,"apartments_listing_key":"","name":"** WAITLIST for 2026-2027 ** 4 Bedroom, 4.5 Bathroom Unit Near NCSU Campus and Cup A Joe","street_address":"3104 Douglas Street","city":"Raleigh","state":"NC","zip":"27607","target_campus":"Main Campus","api_distance_to_campus_miles":0.3,"rent_low":4400,"rent_high":4400,"rent_display":"$4,400","beds_low":4,"beds_high":4,"beds_display":"4 Beds","per_bed_pricing":false,"per_semester_pricing":false,"total_monthly_price":"$4,400","total_monthly_price_verified":null,"shared_space":false,"sublet":false,"lease_term":"","hide_address":false,"hide_map_pin":false,"last_updated":"2026-02-18T17:12:47Z","property_type":"Duplex","total_units":null,"active":true,"image_count":12,"listing_url":"https://offcampus.dasa.ncsu.edu/housing/property/waitlist-for-2026-2027-4-bedroom-4-5-bathroom-unit-near-ncsu-campus-and-cup-a-joe/ocp913l1z6"}},{"type":"Feature","geometry":{"type":"Point","coordinates":[-78.662003,35.792999]},"properties":{"site_id":"0zm5l03","ocp_id":1677875,"apartments_listing_key":"lwmlh0g","name":"616 at the Village","street_address":"616 Oberlin Rd","city":"Raleigh","state":"NC","zip":"27605","target_campus":"Main Campus","api_distance_to_campus_miles":0.67,"rent_low":1620,"rent_high":3430,"rent_display":"$1,620 - $3,430","beds_low":0,"beds_high":3,"beds_display":"Studio - 3 Beds","per_bed_pricing":false,"per_semester_pricing":false,"total_monthly_price":"$1,620 - $3,430","total_monthly_price_verified":null,"shared_space":false,"sublet":false,"lease_term":"","hide_address":false,"hide_map_pin":false,"last_updated":"2026-09-08T07:39:10Z","property_type":"Apartment Community","total_units":207,"active":true,"image_count":2,"listing_url":"https://offcampus.dasa.ncsu.edu/housing/property/616-at-the-village/0zm5l03"}},{"type":"Feature","geometry":{"type":"Point","coordinates":[-78.630411,35.737912]},"properties":{"site_id":"ocp2k0px98","ocp_id":2240527,"apartments_listing_key":"","name":"Liberty station male only townhome- 5 miles from Centennial","street_address":"567 Hacksaw Trail","city":"Raleigh","state":"NC","zip":"27610","target_campus":"Main Campus","api_distance_to_campus_miles":5.44,"rent_low":900,"rent_high":900,"rent_display":"$900","beds_low":1,"beds_high":1,"beds_display":"1 Bed","per_bed_pricing":true,"per_semester_pricing":false,"total_monthly_price":"$900 /Bedroom","total_monthly_price_verified":null,"shared_space":true,"sublet":false,"lease_term":"12 Month Lease","hide_address":false,"hide_map_pin":false,"last_updated":"2026-06-30T17:50:41Z","property_type":"Townhome","total_units":null,"active":true,"image_count":4,"listing_url":"https://offcampus.dasa.ncsu.edu/housing/property/liberty-station-male-only-townhome-5-miles-from-centennial/ocp2k0px98"}},{"type":"Feature","geometry":{"type":"Point","coordinates":[-78.687537,35.744806]},"properties":{"site_id":"z8cfdjw","ocp_id":702854,"apartments_listing_key":"dccrgjh","name":"Campus Crossings Raleigh","street_address":"3101 Compatible Way","city":"Raleigh","state":"NC","zip":"27603","target_campus":"Main Campus","api_distance_to_campus_miles":2.96,"rent_low":685,"rent_high":870,"rent_display":"$685 - $870","beds_low":2,"beds_high":4,"beds_display":"2 - 4 Beds","per_bed_pricing":true,"per_semester_pricing":false,"total_monthly_price":"$685 - $870 /Bedroom","total_monthly_price_verified":null,"shared_space":false,"sublet":false,"lease_term":"11 Month Lease","hide_address":false,"hide_map_pin":false,"last_updated":"2026-08-13T07:23:39Z","property_type":"Apartment Community","total_units":718,"active":true,"image_count":2,"listing_url":"https://offcampus.dasa.ncsu.edu/housing/property/campus-crossings-raleigh/z8cfdjw"}},{"type":"Feature","geometry":{"type":"Point","coordinates":[-78.695407,35.749776]},"properties":{"site_id":"ocp6mp93ms","ocp_id":1874562,"apartments_listing_key":"","name":"Newly Renovated - All Girls Unit Room with Private Bathroom","street_address":"2021 Wolftech Ln","city":"Raleigh","state":"NC","zip":"27603","target_campus":"Main Campus","api_distance_to_campus_miles":2.19,"rent_low":645,"rent_high":645,"rent_display":"$645","beds_low":4,"beds_high":4,"beds_display":"4 Beds","per_bed_pricing":true,"per_semester_pricing":false,"total_monthly_price":"$645 /Bedroom","total_monthly_price_verified":null,"shared_space":true,"sublet":false,"lease_term":"12 Month Lease","hide_address":false,"hide_map_pin":false,"last_updated":"2026-08-17T21:37:05Z","property_type":"Residential Condo Unit For Rent","total_units":null,"active":true,"image_count":16,"listing_url":"https://offcampus.dasa.ncsu.edu/housing/property/newly-renovated-all-girls-unit-room-with-private-bathroom/ocp6mp93ms"}},{"type":"Feature","geometry":{"type":"Point","coordinates":[-78.669806,35.788447]},"properties":{"site_id":"75medjw","ocp_id":2312026,"apartments_listing_key":"m6mvgjh","name":"Brickside","street_address":"2600 Hillsborough St","city":"Raleigh","state":"NC","zip":"27607","target_campus":"Main Campus","api_distance_to_campus_miles":0.38,"rent_low":999,"rent_high":1825,"rent_display":"$999 - $1,825","beds_low":0,"beds_high":4,"beds_display":"Studio - 4 Beds","per_bed_pricing":true,"per_semester_pricing":false,"total_monthly_price":"$999 - $1,825 /Bedroom","total_monthly_price_verified":null,"shared_space":false,"sublet":false,"lease_term":"12 Month Lease","hide_address":false,"hide_map_pin":false,"last_updated":"2026-09-02T07:57:23Z","property_type":"Apartment Community","total_units":110,"active":true,"image_count":2,"listing_url":"https://offcampus.dasa.ncsu.edu/housing/property/brickside/75medjw"}},{"type":"Feature","geometry":{"type":"Point","coordinates":[-78.709484,35.786652]},"properties":{"site_id":"ocp6wsb4yt","ocp_id":961876,"apartments_listing_key":"","name":"We have 1 bedroom open In a luxury 5 bed 5 full bath house 1/1/27-6/30/27","street_address":"5012 Western Boulevard","city":"Raleigh","state":"NC","zip":"27606","target_campus":"Main Campus","api_distance_to_campus_miles":1.3,"rent_low":1200,"rent_high":1200,"rent_display":"$1,200","beds_low":1,"beds_high":1,"beds_display":"1 Bed","per_bed_pricing":true,"per_semester_pricing":false,"total_monthly_price":"$1,200 /Bedroom","total_monthly_price_verified":null,"shared_space":true,"sublet":true,"lease_term":"6 Month Lease","hide_address":false,"hide_map_pin":false,"last_updated":"2026-08-07T10:46:34Z","property_type":"Single-Family Home","total_units":null,"active":true,"image_count":27,"listing_url":"https://offcampus.dasa.ncsu.edu/housing/property/we-have-1-bedroom-open-in-a-luxury-5-bed-5-full-bath-house-1-1-27-6-30-27/ocp6wsb4yt"}},{"type":"Feature","geometry":{"type":"Point","coordinates":[-78.693727,35.770408]},"properties":{"site_id":"tv2h1cb","ocp_id":1315350,"apartments_listing_key":"9r262c6","name":"Gorman Crossings","street_address":"2101 Gorman St","city":"Raleigh","state":"NC","zip":"27606","target_campus":"Main Campus","api_distance_to_campus_miles":0.78,"rent_low":1295,"rent_high":2145,"rent_display":"$1,295 - $2,145","beds_low":2,"beds_high":3,"beds_display":"2 - 3 Beds","per_bed_pricing":false,"per_semester_pricing":false,"total_monthly_price":"$1,295 - $2,145","total_monthly_price_verified":null,"shared_space":false,"sublet":false,"lease_term":"","hide_address":false,"hide_map_pin":false,"last_updated":"2026-06-04T07:50:12Z","property_type":"Apartment Community","total_units":336,"active":true,"image_count":2,"listing_url":"https://offcampus.dasa.ncsu.edu/housing/property/gorman-crossings/tv2h1cb"}},{"type":"Feature","geometry":{"type":"Point","coordinates":[-78.688856,35.804462]},"properties":{"site_id":"ocpbp1v5c9","ocp_id":1951612,"apartments_listing_key":"","name":"Prime ITB location one block off Ridge Road","street_address":"1003 Marilyn Drive","city":"Raleigh","state":"NC","zip":"27607","target_campus":"Main Campus","api_distance_to_campus_miles":1.14,"rent_low":2800,"rent_high":2800,"rent_display":"$2,800","beds_low":3,"beds_high":3,"beds_display":"3 Beds","per_bed_pricing":false,"per_semester_pricing":false,"total_monthly_price":"$2,800","total_monthly_price_verified":null,"shared_space":false,"sublet":false,"lease_term":"12 Month Lease","hide_address":false,"hide_map_pin":false,"last_updated":"2026-02-23T23:12:02Z","property_type":"Single-Family Home","total_units":null,"active":true,"image_count":21,"listing_url":"https://offcampus.dasa.ncsu.edu/housing/property/prime-itb-location-one-block-off-ridge-road/ocpbp1v5c9"}},{"type":"Feature","geometry":{"type":"Point","coordinates":[-78.729156,35.785793]},"properties":{"site_id":"5x5ph7m","ocp_id":659141,"apartments_listing_key":"py50l7r","name":"Redpoint Raleigh","street_address":"10 Oakdale Dr","city":"Raleigh","state":"NC","zip":"27606","target_campus":"Main Campus","api_distance_to_campus_miles":2.38,"rent_low":899,"rent_high":995,"rent_display":"$899 - $995","beds_low":3,"beds_high":4,"beds_display":"3 - 4 Beds","per_bed_pricing":true,"per_semester_pricing":false,"total_monthly_price":"$899 - $995 /Bedroom","total_monthly_price_verified":null,"shared_space":false,"sublet":false,"lease_term":"","hide_address":false,"hide_map_pin":false,"last_updated":"2026-09-04T07:24:44Z","property_type":"Apartment Community","total_units":149,"active":true,"image_count":2,"listing_url":"https://offcampus.dasa.ncsu.edu/housing/property/redpoint-raleigh/5x5ph7m"}},{"type":"Feature","geometry":{"type":"Point","coordinates":[-78.696867,35.773756]},"properties":{"site_id":"ocp5z7c91m","ocp_id":2097027,"apartments_listing_key":"","name":"$300 off 1st month's rent! Spacious 3BD/2.5BA Townhome Rental available near NCSU for fall semester!","street_address":"608 Brent Road","city":"Raleigh","state":"NC","zip":"27606","target_campus":"Main Campus","api_distance_to_campus_miles":0.87,"rent_low":1800,"rent_high":1800,"rent_display":"$1,800","beds_low":3,"beds_high":3,"beds_display":"3 Beds","per_bed_pricing":false,"per_semester_pricing":false,"total_monthly_price":"$1,800","total_monthly_price_verified":null,"shared_space":false,"sublet":false,"lease_term":"12 Month Lease","hide_address":false,"hide_map_pin":false,"last_updated":"2026-06-06T21:53:46Z","property_type":"Duplex","total_units":null,"active":true,"image_count":14,"listing_url":"https://offcampus.dasa.ncsu.edu/housing/property/300-off-1st-months-rent-spacious-3bd-2-5ba-townhome-rental-available-near-ncsu-for-fall-semester/ocp5z7c91m"}},{"type":"Feature","geometry":{"type":"Point","coordinates":[-78.691361,35.751208]},"properties":{"site_id":"syvz9l4","ocp_id":633153,"apartments_listing_key":"bxv9bl8","name":"The Wilde","street_address":"3333 Melrose Club Blvd","city":"Raleigh","state":"NC","zip":"27603","target_campus":"Main Campus","api_distance_to_campus_miles":2.25,"rent_low":599,"rent_high":920,"rent_display":"$599 - $920","beds_low":2,"beds_high":4,"beds_display":"2 - 4 Beds","per_bed_pricing":true,"per_semester_pricing":false,"total_monthly_price":"$599 - $920 /Bedroom","total_monthly_price_verified":null,"shared_space":false,"sublet":false,"lease_term":"11 Month Lease","hide_address":false,"hide_map_pin":false,"last_updated":"2026-08-14T07:25:32Z","property_type":"Apartment Community","total_units":210,"active":true,"image_count":2,"listing_url":"https://offcampus.dasa.ncsu.edu/housing/property/the-wilde/syvz9l4"}},{"type":"Feature","geometry":{"type":"Point","coordinates":[-78.688396,35.782901]},"properties":{"site_id":"ocph8n0fc0","ocp_id":2268744,"apartments_listing_key":"","name":"Affordable Student Housing 1 Block from Campus on Wolf Line","street_address":null,"city":"Raleigh","state":"NC","zip":"27606","target_campus":"Main Campus","api_distance_to_campus_miles":0.24,"rent_low":640,"rent_high":640,"rent_display":"$640","beds_low":4,"beds_high":4,"beds_display":"4 Beds","per_bed_pricing":true,"per_semester_pricing":false,"total_monthly_price":"$640 /Bedroom","total_monthly_price_verified":null,"shared_space":true,"sublet":false,"lease_term":"11 Month Lease","hide_address":true,"hide_map_pin":false,"last_updated":"2026-07-13T20:37:22Z","property_type":"Residential Condo Unit For Rent","total_units":null,"active":true,"image_count":6,"listing_url":"https://offcampus.dasa.ncsu.edu/housing/property/affordable-student-housing-1-block-from-campus-on-wolf-line/ocph8n0fc0"}},{"type":"Feature","geometry":{"type":"Point","coordinates":[-78.660298,35.784382]},"properties":{"site_id":"61y0ywr","ocp_id":1512903,"apartments_listing_key":"n2ypxwm","name":"Hub Raleigh","street_address":"111 Cox Ave","city":"Raleigh","state":"NC","zip":"27605","target_campus":"Main Campus","api_distance_to_campus_miles":0.24,"rent_low":799,"rent_high":1599,"rent_display":"$799 - $1,599","beds_low":0,"beds_high":4,"beds_display":"Studio - 4 Beds","per_bed_pricing":false,"per_semester_pricing":false,"total_monthly_price":"$799 - $1,599","total_monthly_price_verified":null,"shared_space":false,"sublet":false,"lease_term":"11 Month Lease","hide_address":false,"hide_map_pin":false,"last_updated":"2026-08-28T07:49:27Z","property_type":"Apartment Community","total_units":665,"active":true,"image_count":2,"listing_url":"https://offcampus.dasa.ncsu.edu/housing/property/hub-raleigh/61y0ywr"}},{"type":"Feature","geometry":{"type":"Point","coordinates":[-78.66418,35.7886]},"properties":{"site_id":"ocp1tnqde5","ocp_id":1754373,"apartments_listing_key":"","name":"2 blocks from central campus, 2 blocks from Village District!","street_address":"2208 Garden Place","city":"Raleigh","state":"NC","zip":"27607","target_campus":"Main Campus","api_distance_to_campus_miles":0.24,"rent_low":3900,"rent_high":3900,"rent_display":"$3,900","beds_low":4,"beds_high":4,"beds_display":"4 Beds","per_bed_pricing":false,"per_semester_pricing":false,"total_monthly_price":"$3,900","total_monthly_price_verified":null,"shared_space":false,"sublet":false,"lease_term":"12 Month Lease","hide_address":false,"hide_map_pin":false,"last_updated":"2025-11-05T16:36:23Z","property_type":"Apartment Community","total_units":null,"active":true,"image_count":4,"listing_url":"https://offcampus.dasa.ncsu.edu/housing/property/2-blocks-from-central-campus-2-blocks-from-village-district/ocp1tnqde5"}},{"type":"Feature","geometry":{"type":"Point","coordinates":[-78.697608,35.754317]},"properties":{"site_id":"dw0f7sh","ocp_id":982126,"apartments_listing_key":"zz0r4sw","name":"Campus Edge","street_address":"3551 Cum Laude Ct","city":"Raleigh","state":"NC","zip":"27606","target_campus":"Main Campus","api_distance_to_campus_miles":2.11,"rent_low":955,"rent_high":980,"rent_display":"$955 - $980","beds_low":3,"beds_high":3,"beds_display":"3 Beds","per_bed_pricing":true,"per_semester_pricing":false,"total_monthly_price":"$955 - $980 /Bedroom","total_monthly_price_verified":null,"shared_space":false,"sublet":false,"lease_term":"11 Month Lease","hide_address":false,"hide_map_pin":false,"last_updated":"2026-08-19T07:22:47Z","property_type":"Apartment Community","total_units":546,"active":true,"image_count":2,"listing_url":"https://offcampus.dasa.ncsu.edu/housing/property/campus-edge/dw0f7sh"}},{"type":"Feature","geometry":{"type":"Point","coordinates":[-78.6963,35.785424]},"properties":{"site_id":"ocp85fz0j3","ocp_id":1622605,"apartments_listing_key":"","name":"Brand-New 4BR Townhomes - Eight at State","street_address":"4204 Reavis Road","city":"Raleigh","state":"NC","zip":"27606","target_campus":"Main Campus","api_distance_to_campus_miles":0.36,"rent_low":4000,"rent_high":4000,"rent_display":"$4,000","beds_low":4,"beds_high":4,"beds_display":"4 Beds","per_bed_pricing":false,"per_semester_pricing":false,"total_monthly_price":"$4,000","total_monthly_price_verified":null,"shared_space":false,"sublet":false,"lease_term":"12 Month Lease","hide_address":false,"hide_map_pin":false,"last_updated":"2025-10-03T19:40:36Z","property_type":"Townhome","total_units":null,"active":true,"image_count":9,"listing_url":"https://offcampus.dasa.ncsu.edu/housing/property/brand-new-4br-townhomes-eight-at-state/ocp85fz0j3"}},{"type":"Feature","geometry":{"type":"Point","coordinates":[-78.665382,35.788293]},"properties":{"site_id":"zfcjzqy","ocp_id":694234,"apartments_listing_key":"dec7wqk","name":"Yugo Raleigh Logan","street_address":"102 Logan Ct","city":"Raleigh","state":"NC","zip":"27607","target_campus":"Main Campus","api_distance_to_campus_miles":0.27,"rent_low":999,"rent_high":1879,"rent_display":"$999 - $1,879","beds_low":1,"beds_high":4,"beds_display":"1 - 4 Beds","per_bed_pricing":false,"per_semester_pricing":false,"total_monthly_price":"$999 - $1,879","total_monthly_price_verified":null,"shared_space":false,"sublet":false,"lease_term":"11 Month Lease","hide_address":false,"hide_map_pin":false,"last_updated":"2026-08-28T07:25:24Z","property_type":"Apartment Community","total_units":121,"active":true,"image_count":2,"listing_url":"https://offcampus.dasa.ncsu.edu/housing/property/yugo-raleigh-logan/zfcjzqy"}},{"type":"Feature","geometry":{"type":"Point","coordinates":[-78.724642,35.784785]},"properties":{"site_id":"ocpx3vt61n","ocp_id":2257450,"apartments_listing_key":"","name":"FURNISHED NCSU STUDENT HOUSING – TOWNHOME ROOM RENTAL WITH PRIVATE BATHROOM ($850/room)","street_address":"37 Red Lane","city":"Raleigh","state":"NC","zip":"27606","target_campus":"Main Campus","api_distance_to_campus_miles":2.1,"rent_low":850,"rent_high":850,"rent_display":"$850","beds_low":3,"beds_high":3,"beds_display":"3 Beds","per_bed_pricing":true,"per_semester_pricing":false,"total_monthly_price":"$850 /Bedroom","total_monthly_price_verified":null,"shared_space":false,"sublet":false,"lease_term":"12 Month Lease","hide_address":false,"hide_map_pin":false,"last_updated":"2026-08-11T01:34:37Z","property_type":"Townhome","total_units":null,"active":true,"image_count":11,"listing_url":"https://offcampus.dasa.ncsu.edu/housing/property/furnished-ncsu-student-housing-townhome-room-rental-with-private-bathroom-850-room/ocpx3vt61n"}},{"type":"Feature","geometry":{"type":"Point","coordinates":[-78.735625,35.798105]},"properties":{"site_id":"9rxe6j6","ocp_id":654063,"apartments_listing_key":"tvxv5jb","name":"The Dakota","street_address":"1201 Pine Haven Dr","city":"Raleigh","state":"NC","zip":"27607","target_campus":"Main Campus","api_distance_to_campus_miles":3.15,"rent_low":1316,"rent_high":2017,"rent_display":"$1,316 - $2,017","beds_low":1,"beds_high":3,"beds_display":"1 - 3 Beds","per_bed_pricing":false,"per_semester_pricing":false,"total_monthly_price":"$1,316 - $2,017","total_monthly_price_verified":null,"shared_space":false,"sublet":false,"lease_term":"","hide_address":false,"hide_map_pin":false,"last_updated":"2026-09-08T07:22:28Z","property_type":"Apartment Community","total_units":314,"active":true,"image_count":2,"listing_url":"https://offcampus.dasa.ncsu.edu/housing/property/the-dakota/9rxe6j6"}},{"type":"Feature","geometry":{"type":"Point","coordinates":[-78.69826,35.86681]},"properties":{"site_id":"ocp5km4x4p","ocp_id":1644490,"apartments_listing_key":"","name":"Private Townhome in North Raleigh","street_address":"7301-A Leesville Road","city":"Raleigh","state":"NC","zip":"27613","target_campus":"Main Campus","api_distance_to_campus_miles":7.22,"rent_low":1495,"rent_high":1495,"rent_display":"$1,495","beds_low":2,"beds_high":2,"beds_display":"2 Beds","per_bed_pricing":false,"per_semester_pricing":false,"total_monthly_price":"$1,495","total_monthly_price_verified":null,"shared_space":false,"sublet":false,"lease_term":"12 Month Lease","hide_address":false,"hide_map_pin":false,"last_updated":"2026-08-14T17:52:44Z","property_type":"Townhome","total_units":null,"active":true,"image_count":7,"listing_url":"https://offcampus.dasa.ncsu.edu/housing/property/private-townhome-in-north-raleigh/ocp5km4x4p"}},{"type":"Feature","geometry":{"type":"Point","coordinates":[-78.682627,35.773534]},"properties":{"site_id":"xr4rsmq","ocp_id":2375281,"apartments_listing_key":"fv4ftmv","name":"Pine Knoll Apartments","street_address":"2435-2509 Avent Ferry Rd","city":"Raleigh","state":"NC","zip":"27606","target_campus":"Main Campus","api_distance_to_campus_miles":0.17,"rent_low":1095,"rent_high":1095,"rent_display":"$1,095","beds_low":1,"beds_high":1,"beds_display":"1 Bed","per_bed_pricing":false,"per_semester_pricing":false,"total_monthly_price":"$1,095","total_monthly_price_verified":null,"shared_space":false,"sublet":false,"lease_term":"","hide_address":false,"hide_map_pin":false,"last_updated":"2026-09-02T07:57:50Z","property_type":"Apartment Community","total_units":72,"active":true,"image_count":2,"listing_url":"https://offcampus.dasa.ncsu.edu/housing/property/pine-knoll-apartments/xr4rsmq"}},{"type":"Feature","geometry":{"type":"Point","coordinates":[-78.628621,35.739252]},"properties":{"site_id":"ocpwwwe8yh","ocp_id":2253444,"apartments_listing_key":"","name":"FURNISHED TOWNHOME RENTAL – 10 Mins to NCSU - 3 Bedroom - starting $750 per room","street_address":"727 Maypearl Lane","city":"Raleigh","state":"NC","zip":"27610","target_campus":"Main Campus","api_distance_to_campus_miles":4.37,"rent_low":750,"rent_high":750,"rent_display":"$750","beds_low":4,"beds_high":4,"beds_display":"4 Beds","per_bed_pricing":true,"per_semester_pricing":false,"total_monthly_price":"$750 /Bedroom","total_monthly_price_verified":null,"shared_space":true,"sublet":false,"lease_term":"12 Month Lease","hide_address":false,"hide_map_pin":false,"last_updated":"2026-08-11T01:37:48Z","property_type":"Townhome","total_units":null,"active":true,"image_count":17,"listing_url":"https://offcampus.dasa.ncsu.edu/housing/property/furnished-townhome-rental-10-mins-to-ncsu-3-bedroom-starting-750-per-room/ocpwwwe8yh"}},{"type":"Feature","geometry":{"type":"Point","coordinates":[-78.658382,35.78383]},"properties":{"site_id":"5je4q3n","ocp_id":1920646,"apartments_listing_key":"pkekm3s","name":"Signature 1505","street_address":"1505 Hillsborough St","city":"Raleigh","state":"NC","zip":"27605","target_campus":"Main Campus","api_distance_to_campus_miles":0.34,"rent_low":650,"rent_high":1305,"rent_display":"$650 - $1,305","beds_low":2,"beds_high":4,"beds_display":"2 - 4 Beds","per_bed_pricing":true,"per_semester_pricing":false,"total_monthly_price":"$650 - $1,305 /Bedroom","total_monthly_price_verified":null,"shared_space":false,"sublet":false,"lease_term":"11 Month Lease","hide_address":false,"hide_map_pin":false,"last_updated":"2026-08-13T07:23:02Z","property_type":"Apartment Community","total_units":150,"active":true,"image_count":2,"listing_url":"https://offcampus.dasa.ncsu.edu/housing/property/signature-1505/5je4q3n"}},{"type":"Feature","geometry":{"type":"Point","coordinates":[-78.688225,35.7814]},"properties":{"site_id":"ocptf3fhqb","ocp_id":2097039,"apartments_listing_key":"","name":"Spacious 2BD/1BA apartment available 08/01/26- 1 block from the NCSU McKimmon Center!","street_address":"1225 Carlton Avenue","city":"Raleigh","state":"NC","zip":"27606","target_campus":"Main Campus","api_distance_to_campus_miles":0.21,"rent_low":1200,"rent_high":1200,"rent_display":"$1,200","beds_low":2,"beds_high":2,"beds_display":"2 Beds","per_bed_pricing":false,"per_semester_pricing":false,"total_monthly_price":"$1,200","total_monthly_price_verified":null,"shared_space":false,"sublet":false,"lease_term":"12 Month Lease","hide_address":false,"hide_map_pin":false,"last_updated":"2026-07-08T17:07:13Z","property_type":"Apartment Community","total_units":null,"active":true,"image_count":10,"listing_url":"https://offcampus.dasa.ncsu.edu/housing/property/spacious-2bd-1ba-apartment-available-08-01-26-1-block-from-the-ncsu-mckimmon-center/ocptf3fhqb"}},{"type":"Feature","geometry":{"type":"Point","coordinates":[-78.688022,35.785828]},"properties":{"site_id":"h2l8mh2","ocp_id":2056030,"apartments_listing_key":"31lyqhf","name":"Redfield Villages","street_address":"3707 Lexington Dr","city":"Raleigh","state":"NC","zip":"27606","target_campus":"Main Campus","api_distance_to_campus_miles":0.06,"rent_low":799,"rent_high":899,"rent_display":"$799 - $899","beds_low":2,"beds_high":5,"beds_display":"2 - 5 Beds","per_bed_pricing":true,"per_semester_pricing":false,"total_monthly_price":"$799 - $899 /Bedroom","total_monthly_price_verified":null,"shared_space":false,"sublet":false,"lease_term":"11 Month Lease","hide_address":false,"hide_map_pin":false,"last_updated":"2026-08-10T07:49:53Z","property_type":"Apartment Community","total_units":50,"active":true,"image_count":2,"listing_url":"https://offcampus.dasa.ncsu.edu/housing/property/redfield-villages/h2l8mh2"}},{"type":"Feature","geometry":{"type":"Point","coordinates":[-78.687882,35.777786]},"properties":{"site_id":"ocpthnbmc9","ocp_id":994678,"apartments_listing_key":"","name":"Luxury 4 Bedroom 4 Full Bath w free parking, 1 gig internet included. 2027-2028 School yea","street_address":"1508 Gorman Street Unit 204","city":"Raleigh","state":"NC","zip":"27606","target_campus":"Main Campus","api_distance_to_campus_miles":0.13,"rent_low":4000,"rent_high":4000,"rent_display":"$4,000","beds_low":4,"beds_high":4,"beds_display":"4 Beds","per_bed_pricing":false,"per_semester_pricing":false,"total_monthly_price":"$4,000","total_monthly_price_verified":null,"shared_space":false,"sublet":false,"lease_term":"12 Month Lease","hide_address":false,"hide_map_pin":false,"last_updated":"2026-07-10T09:01:58Z","property_type":"Residential Condo Unit For Rent","total_units":null,"active":true,"image_count":30,"listing_url":"https://offcampus.dasa.ncsu.edu/housing/property/luxury-4-bedroom-4-full-bath-w-free-parking-1-gig-internet-included-2027-2028-school-yea/ocpthnbmc9"}},{"type":"Feature","geometry":{"type":"Point","coordinates":[-78.683032,35.778885]},"properties":{"site_id":"vw4rv9e","ocp_id":2328879,"apartments_listing_key":"8z4fr91","name":"Signature at Varsity","street_address":"1400 Crest Rd","city":"Raleigh","state":"NC","zip":"27606","target_campus":"Main Campus","api_distance_to_campus_miles":0.1,"rent_low":1249,"rent_high":2222,"rent_display":"$1,249 - $2,222","beds_low":0,"beds_high":5,"beds_display":"Studio - 5 Beds","per_bed_pricing":false,"per_semester_pricing":false,"total_monthly_price":"$1,249 - $2,222","total_monthly_price_verified":null,"shared_space":false,"sublet":false,"lease_term":"","hide_address":false,"hide_map_pin":false,"last_updated":"2026-09-04T07:56:13Z","property_type":"Apartment Community","total_units":221,"active":true,"image_count":2,"listing_url":"https://offcampus.dasa.ncsu.edu/housing/property/signature-at-varsity/vw4rv9e"}},{"type":"Feature","geometry":{"type":"Point","coordinates":[-78.707047,35.766646]},"properties":{"site_id":"ocp8c26c92","ocp_id":2104103,"apartments_listing_key":"","name":"Fully Furnished 3BR Townhome Steps from Lake Johnson","street_address":"1020 High Lake Court","city":"Raleigh","state":"NC","zip":"27606","target_campus":"Main Campus","api_distance_to_campus_miles":1.88,"rent_low":2500,"rent_high":2500,"rent_display":"$2,500","beds_low":3,"beds_high":3,"beds_display":"3 Beds","per_bed_pricing":false,"per_semester_pricing":false,"total_monthly_price":"$2,500","total_monthly_price_verified":null,"shared_space":false,"sublet":false,"lease_term":"12 Month Lease","hide_address":false,"hide_map_pin":false,"last_updated":"2026-05-22T06:25:10Z","property_type":"Townhome","total_units":null,"active":true,"image_count":20,"listing_url":"https://offcampus.dasa.ncsu.edu/housing/property/fully-furnished-3br-townhome-steps-from-lake-johnson/ocp8c26c92"}},{"type":"Feature","geometry":{"type":"Point","coordinates":[-78.719274,35.783971]},"properties":{"site_id":"rf696l2","ocp_id":1425906,"apartments_listing_key":"ce6z5lf","name":"Madison Hunters Glen","street_address":"100-D-150 Hunt Club Ln","city":"Raleigh","state":"NC","zip":"27606","target_campus":"Main Campus","api_distance_to_campus_miles":1.91,"rent_low":1081,"rent_high":1534,"rent_display":"$1,081 - $1,534","beds_low":1,"beds_high":2,"beds_display":"1 - 2 Beds","per_bed_pricing":false,"per_semester_pricing":false,"total_monthly_price":"$1,081 - $1,534","total_monthly_price_verified":null,"shared_space":false,"sublet":false,"lease_term":"","hide_address":false,"hide_map_pin":false,"last_updated":"2026-09-08T07:37:45Z","property_type":"Apartment Community","total_units":180,"active":true,"image_count":2,"listing_url":"https://offcampus.dasa.ncsu.edu/housing/property/madison-hunters-glen/rf696l2"}},{"type":"Feature","geometry":{"type":"Point","coordinates":[-78.69008,35.775635]},"properties":{"site_id":"ocpszex2v4","ocp_id":2060359,"apartments_listing_key":"","name":"Spacious bedroom with private bath in 2BR townhome – 5 minutes to NC State","street_address":"4105 Iver Johnson Drive","city":"Raleigh","state":"NC","zip":"27606","target_campus":"Main Campus","api_distance_to_campus_miles":0.93,"rent_low":800,"rent_high":800,"rent_display":"$800","beds_low":2,"beds_high":2,"beds_display":"2 Beds","per_bed_pricing":true,"per_semester_pricing":false,"total_monthly_price":"$800 /Bedroom","total_monthly_price_verified":null,"shared_space":true,"sublet":false,"lease_term":"12 Month Lease","hide_address":false,"hide_map_pin":false,"last_updated":"2026-08-24T20:41:53Z","property_type":"Townhome","total_units":null,"active":true,"image_count":20,"listing_url":"https://offcampus.dasa.ncsu.edu/housing/property/spacious-bedroom-with-private-bath-in-2br-townhome-5-minutes-to-nc-state/ocpszex2v4"}},{"type":"Feature","geometry":{"type":"Point","coordinates":[-78.674783,35.788966]},"properties":{"site_id":"6mnn0qr","ocp_id":632826,"apartments_listing_key":"nqn33qm","name":"Live on Hillsborough","street_address":"2811 Hillsborough St","city":"Raleigh","state":"NC","zip":"27607","target_campus":"Main Campus","api_distance_to_campus_miles":0.09,"rent_low":979,"rent_high":1435,"rent_display":"$979 - $1,435","beds_low":1,"beds_high":3,"beds_display":"1 - 3 Beds","per_bed_pricing":false,"per_semester_pricing":false,"total_monthly_price":"$979 - $1,435","total_monthly_price_verified":null,"shared_space":false,"sublet":false,"lease_term":"11 Month Lease","hide_address":false,"hide_map_pin":false,"last_updated":"2026-08-14T07:25:30Z","property_type":"Apartment Community","total_units":204,"active":true,"image_count":2,"listing_url":"https://offcampus.dasa.ncsu.edu/housing/property/live-on-hillsborough/6mnn0qr"}},{"type":"Feature","geometry":{"type":"Point","coordinates":[-78.685876,35.836233]},"properties":{"site_id":"ocp74dcp6w","ocp_id":1538869,"apartments_listing_key":"","name":"Crabtree Woods Townhome West Raleigh","street_address":"4705-A Fargo Court","city":"Raleigh","state":"NC","zip":"27612","target_campus":"Main Campus","api_distance_to_campus_miles":5.41,"rent_low":1595,"rent_high":1595,"rent_display":"$1,595","beds_low":2,"beds_high":2,"beds_display":"2 Beds","per_bed_pricing":false,"per_semester_pricing":false,"total_monthly_price":"$1,595","total_monthly_price_verified":null,"shared_space":false,"sublet":false,"lease_term":"12 Month Lease","hide_address":false,"hide_map_pin":false,"last_updated":"2026-08-14T17:10:50Z","property_type":"Townhome","total_units":null,"active":true,"image_count":5,"listing_url":"https://offcampus.dasa.ncsu.edu/housing/property/crabtree-woods-townhome-west-raleigh/ocp74dcp6w"}},{"type":"Feature","geometry":{"type":"Point","coordinates":[-78.922841,35.991864]},"properties":{"site_id":"nhblm0q","ocp_id":1922208,"apartments_listing_key":"6lb5q0v","name":"Viceroy Apartments","street_address":"1700 Chapel Hill Rd","city":"Durham","state":"NC","zip":"27707","target_campus":"Main Campus","api_distance_to_campus_miles":22.48,"rent_low":1099,"rent_high":1099,"rent_display":"$1,099","beds_low":2,"beds_high":2,"beds_display":"2 Beds","per_bed_pricing":false,"per_semester_pricing":false,"total_monthly_price":"$1,099","total_monthly_price_verified":null,"shared_space":false,"sublet":false,"lease_term":"","hide_address":false,"hide_map_pin":false,"last_updated":"2026-09-05T07:49:18Z","property_type":"Apartment Community","total_units":50,"active":true,"image_count":2,"listing_url":"https://offcampus.dasa.ncsu.edu/housing/property/viceroy-apartments/nhblm0q"}},{"type":"Feature","geometry":{"type":"Point","coordinates":[-78.682992,35.770311]},"properties":{"site_id":"ocpkb0kbhb","ocp_id":2142493,"apartments_listing_key":"","name":"Great Location - Connected to Centennial Campus","street_address":"733 Chappell Drive","city":"Raleigh","state":"NC","zip":"27606","target_campus":"Main Campus","api_distance_to_campus_miles":0.48,"rent_low":1240,"rent_high":1240,"rent_display":"$1,240","beds_low":2,"beds_high":2,"beds_display":"2 Beds","per_bed_pricing":false,"per_semester_pricing":false,"total_monthly_price":"$1,240","total_monthly_price_verified":null,"shared_space":false,"sublet":false,"lease_term":"12 Month Lease","hide_address":false,"hide_map_pin":false,"last_updated":"2026-07-16T22:25:17Z","property_type":"Duplex","total_units":null,"active":true,"image_count":25,"listing_url":"https://offcampus.dasa.ncsu.edu/housing/property/great-location-connected-to-centennial-campus/ocpkb0kbhb"}},{"type":"Feature","geometry":{"type":"Point","coordinates":[-78.667439,35.754039]},"properties":{"site_id":"jjs8f07","ocp_id":761543,"apartments_listing_key":"2ksye0c","name":"Village Green Student Housing","street_address":"2000 Village Bluff Pl","city":"Raleigh","state":"NC","zip":"27603","target_campus":"Main Campus","api_distance_to_campus_miles":2.49,"rent_low":649,"rent_high":839,"rent_display":"$649 - $839","beds_low":3,"beds_high":4,"beds_display":"3 - 4 Beds","per_bed_pricing":true,"per_semester_pricing":false,"total_monthly_price":"$649 - $839 /Bedroom","total_monthly_price_verified":null,"shared_space":false,"sublet":false,"lease_term":"11 Month Lease","hide_address":false,"hide_map_pin":false,"last_updated":"2026-08-14T07:32:55Z","property_type":"Apartment Community","total_units":156,"active":true,"image_count":2,"listing_url":"https://offcampus.dasa.ncsu.edu/housing/property/village-green-student-housing/jjs8f07"}},{"type":"Feature","geometry":{"type":"Point","coordinates":[-78.690643,35.776319]},"properties":{"site_id":"ocpjh4j574","ocp_id":1994966,"apartments_listing_key":"","name":"4BD/3.5BA townhome near NCSU & Downtown Raleigh available August 2026!","street_address":"1806 Sara Lane","city":"Raleigh","state":"NC","zip":"27606","target_campus":"Main Campus","api_distance_to_campus_miles":0.86,"rent_low":2200,"rent_high":2200,"rent_display":"$2,200","beds_low":4,"beds_high":4,"beds_display":"4 Beds","per_bed_pricing":false,"per_semester_pricing":false,"total_monthly_price":"$2,200","total_monthly_price_verified":null,"shared_space":false,"sublet":false,"lease_term":"12 Month Lease","hide_address":false,"hide_map_pin":false,"last_updated":"2026-06-06T21:49:27Z","property_type":"Townhome","total_units":null,"active":true,"image_count":10,"listing_url":"https://offcampus.dasa.ncsu.edu/housing/property/4bd-3-5ba-townhome-near-ncsu-and-downtown-raleigh-available-august-2026/ocpjh4j574"}},{"type":"Feature","geometry":{"type":"Point","coordinates":[-78.66618,35.78758]},"properties":{"site_id":"8gchf40","ocp_id":1604721,"apartments_listing_key":"vdc6e4d","name":"The Hillsborough","street_address":"2304 Hillsborough St","city":"Raleigh","state":"NC","zip":"27607","target_campus":"Main Campus","api_distance_to_campus_miles":0.21,"rent_low":1000,"rent_high":1350,"rent_display":"$1,000 - $1,350","beds_low":2,"beds_high":3,"beds_display":"2 - 3 Beds","per_bed_pricing":true,"per_semester_pricing":false,"total_monthly_price":"$1,000 - $1,350 /Bedroom","total_monthly_price_verified":null,"shared_space":false,"sublet":false,"lease_term":"","hide_address":false,"hide_map_pin":false,"last_updated":"2026-08-07T07:49:37Z","property_type":"Apartment Community","total_units":12,"active":true,"image_count":2,"listing_url":"https://offcampus.dasa.ncsu.edu/housing/property/the-hillsborough/8gchf40"}},{"type":"Feature","geometry":{"type":"Point","coordinates":[-78.709465,35.786652]},"properties":{"site_id":"ocp032vj21","ocp_id":751464,"apartments_listing_key":"","name":"5 bedroom 5 full Bath luxury house with 1Gig AT&T Fiber and 1 free parking space per bedroom","street_address":"5010 Western Boulevard","city":"Raleigh","state":"NC","zip":"27606","target_campus":"Main Campus","api_distance_to_campus_miles":1.21,"rent_low":6000,"rent_high":6000,"rent_display":"$6,000","beds_low":5,"beds_high":5,"beds_display":"5 Beds","per_bed_pricing":false,"per_semester_pricing":false,"total_monthly_price":"$6,000","total_monthly_price_verified":null,"shared_space":false,"sublet":false,"lease_term":"12 Month Lease","hide_address":false,"hide_map_pin":false,"last_updated":"2026-07-10T08:58:21Z","property_type":"Single-Family Home","total_units":null,"active":true,"image_count":34,"listing_url":"https://offcampus.dasa.ncsu.edu/housing/property/5-bedroom-5-full-bath-luxury-house-with-1gig-at-and-t-fiber-and-1-free-parking-space-per-bedroom/ocp032vj21"}},{"type":"Feature","geometry":{"type":"Point","coordinates":[-78.717104,35.749441]},"properties":{"site_id":"0pm7tt3","ocp_id":1870508,"apartments_listing_key":"lnmjstg","name":"Campus West at Tryon","street_address":"5521 Avent Ferry Rd","city":"Raleigh","state":"NC","zip":"27606","target_campus":"Main Campus","api_distance_to_campus_miles":2.8,"rent_low":699,"rent_high":699,"rent_display":"$699","beds_low":3,"beds_high":3,"beds_display":"3 Beds","per_bed_pricing":true,"per_semester_pricing":false,"total_monthly_price":"$699 /Bedroom","total_monthly_price_verified":null,"shared_space":false,"sublet":false,"lease_term":"11 Month Lease","hide_address":false,"hide_map_pin":false,"last_updated":"2026-08-10T07:47:02Z","property_type":"Apartment Community","total_units":54,"active":true,"image_count":2,"listing_url":"https://offcampus.dasa.ncsu.edu/housing/property/campus-west-at-tryon/0pm7tt3"}},{"type":"Feature","geometry":{"type":"Point","coordinates":[-78.676327,35.75259]},"properties":{"site_id":"ocpbhbkvy9","ocp_id":963221,"apartments_listing_key":"","name":"Voyager House","street_address":"2413 Voyager Circle","city":"Raleigh","state":"NC","zip":"27603","target_campus":"Main Campus","api_distance_to_campus_miles":3.14,"rent_low":800,"rent_high":800,"rent_display":"$800","beds_low":1,"beds_high":1,"beds_display":"1 Bed","per_bed_pricing":true,"per_semester_pricing":false,"total_monthly_price":"$800 /Bedroom","total_monthly_price_verified":true,"shared_space":true,"sublet":false,"lease_term":"9 Month Lease","hide_address":false,"hide_map_pin":false,"last_updated":"2026-05-31T04:46:34Z","property_type":"Single-Family Home","total_units":null,"active":true,"image_count":11,"listing_url":"https://offcampus.dasa.ncsu.edu/housing/property/voyager-house/ocpbhbkvy9"}},{"type":"Feature","geometry":{"type":"Point","coordinates":[-78.693507,35.747754]},"properties":{"site_id":"e13mz5m","ocp_id":644145,"apartments_listing_key":"y232w5r","name":"University Suites Student Housing","street_address":"2190 Ocean Reef Pl","city":"Raleigh","state":"NC","zip":"27603","target_campus":"Main Campus","api_distance_to_campus_miles":2.37,"rent_low":699,"rent_high":799,"rent_display":"$699 - $799","beds_low":3,"beds_high":4,"beds_display":"3 - 4 Beds","per_bed_pricing":true,"per_semester_pricing":false,"total_monthly_price":"$699 - $799 /Bedroom","total_monthly_price_verified":null,"shared_space":false,"sublet":false,"lease_term":"11 Month Lease","hide_address":false,"hide_map_pin":false,"last_updated":"2026-09-01T07:24:41Z","property_type":"Apartment Community","total_units":136,"active":true,"image_count":2,"listing_url":"https://offcampus.dasa.ncsu.edu/housing/property/university-suites-student-housing/e13mz5m"}},{"type":"Feature","geometry":{"type":"Point","coordinates":[-78.669348,35.755208]},"properties":{"site_id":"ocpepvxvln","ocp_id":2295274,"apartments_listing_key":"","name":"Village Green Student Living","street_address":"2000 Village Bluff Place","city":"Raleigh","state":"NC","zip":"27603","target_campus":"Main Campus","api_distance_to_campus_miles":2.28,"rent_low":831,"rent_high":831,"rent_display":"$831","beds_low":1,"beds_high":1,"beds_display":"1 Bed","per_bed_pricing":true,"per_semester_pricing":false,"total_monthly_price":"$831 /Bedroom","total_monthly_price_verified":true,"shared_space":true,"sublet":true,"lease_term":"12 Month Lease","hide_address":false,"hide_map_pin":false,"last_updated":"2026-08-11T03:30:44Z","property_type":"Apartment Community","total_units":null,"active":true,"image_count":1,"listing_url":"https://offcampus.dasa.ncsu.edu/housing/property/village-green-student-living/ocpepvxvln"}},{"type":"Feature","geometry":{"type":"Point","coordinates":[-78.688002,35.77603]},"properties":{"site_id":"ocpjpg1817","ocp_id":781955,"apartments_listing_key":"","name":"Gorman Street Village PRE-LEASING for 2026! 3Bed 3Bath w/ Utilities! Upgraded Units Available!","street_address":"1613 Gorman Street","city":"Raleigh","state":"NC","zip":"27606","target_campus":"Main Campus","api_distance_to_campus_miles":0.23,"rent_low":2295,"rent_high":2295,"rent_display":"$2,295","beds_low":3,"beds_high":3,"beds_display":"3 Beds","per_bed_pricing":false,"per_semester_pricing":false,"total_monthly_price":"$2,410","total_monthly_price_verified":true,"shared_space":false,"sublet":false,"lease_term":"12 Month Lease","hide_address":false,"hide_map_pin":false,"last_updated":"2026-06-04T04:58:12Z","property_type":"Apartment Community","total_units":null,"active":true,"image_count":6,"listing_url":"https://offcampus.dasa.ncsu.edu/housing/property/gorman-street-village-pre-leasing-for-2026-3bed-3bath-w-utilities-upgraded-units-available/ocpjpg1817"}},{"type":"Feature","geometry":{"type":"Point","coordinates":[-78.654559,35.78692]},"properties":{"site_id":"ocpgxr290w","ocp_id":1768965,"apartments_listing_key":"","name":"Spacious Forest Park Two-Room Suite + Private Bath - Walk to Campus (Includes Utilities)","street_address":"204 E. Park Dr.","city":"Raleigh","state":"NC","zip":"27605","target_campus":"Main Campus","api_distance_to_campus_miles":0.59,"rent_low":1225,"rent_high":1225,"rent_display":"$1,225","beds_low":2,"beds_high":2,"beds_display":"2 Beds","per_bed_pricing":false,"per_semester_pricing":false,"total_monthly_price":"$1,225","total_monthly_price_verified":true,"shared_space":false,"sublet":false,"lease_term":"6 Month Lease","hide_address":false,"hide_map_pin":false,"last_updated":"2026-08-25T00:43:05Z","property_type":"Single-Family Home","total_units":null,"active":true,"image_count":20,"listing_url":"https://offcampus.dasa.ncsu.edu/housing/property/spacious-forest-park-two-room-suite-private-bath-walk-to-campus-includes-utilities/ocpgxr290w"}},{"type":"Feature","geometry":{"type":"Point","coordinates":[-78.689547,35.779168]},"properties":{"site_id":"ocpb48f058","ocp_id":850643,"apartments_listing_key":"","name":"Now Pre-Leasing for August 2026! 1 and 3 Bedrooms with Utilities! Marcom St Apartments!","street_address":"1401 Stovall Drive","city":"Raleigh","state":"NC","zip":"27606","target_campus":"Main Campus","api_distance_to_campus_miles":0.15,"rent_low":1545,"rent_high":2045,"rent_display":"$1,545 - $2,045","beds_low":2,"beds_high":3,"beds_display":"2 - 3 Beds","per_bed_pricing":false,"per_semester_pricing":false,"total_monthly_price":"$1,620 - $2,160","total_monthly_price_verified":true,"shared_space":false,"sublet":false,"lease_term":"12 Month Lease","hide_address":false,"hide_map_pin":false,"last_updated":"2026-07-09T15:49:50Z","property_type":"Apartment Community","total_units":null,"active":true,"image_count":16,"listing_url":"https://offcampus.dasa.ncsu.edu/housing/property/now-pre-leasing-for-august-2026-1-and-3-bedrooms-with-utilities-marcom-st-apartments/ocpb48f058"}},{"type":"Feature","geometry":{"type":"Point","coordinates":[-78.713718,35.749844]},"properties":{"site_id":"ocpsd8dpj6","ocp_id":1006656,"apartments_listing_key":"","name":"Spacious En-suite with private patio and garage parking in Crescent Ridge Townhome Community","street_address":"4503 Pale Moss Drive","city":"Raleigh","state":"NC","zip":"27606","target_campus":"Main Campus","api_distance_to_campus_miles":2.93,"rent_low":900,"rent_high":900,"rent_display":"$900","beds_low":1,"beds_high":1,"beds_display":"1 Bed","per_bed_pricing":true,"per_semester_pricing":false,"total_monthly_price":"$900 /Bedroom","total_monthly_price_verified":true,"shared_space":true,"sublet":false,"lease_term":"12 Month Lease","hide_address":false,"hide_map_pin":false,"last_updated":"2026-08-25T19:58:03Z","property_type":"Townhome","total_units":null,"active":true,"image_count":11,"listing_url":"https://offcampus.dasa.ncsu.edu/housing/property/spacious-en-suite-with-private-patio-and-garage-parking-in-crescent-ridge-townhome-community/ocpsd8dpj6"}},{"type":"Feature","geometry":{"type":"Point","coordinates":[-78.686435,35.743632]},"properties":{"site_id":"xcp87fm","ocp_id":1992324,"apartments_listing_key":"f8py4fr","name":"Tryon Flats Apartments","street_address":"3116 Tryon Rd","city":"Raleigh","state":"NC","zip":"27603","target_campus":"Main Campus","api_distance_to_campus_miles":3.48,"rent_low":750,"rent_high":750,"rent_display":"$750","beds_low":4,"beds_high":4,"beds_display":"4 Beds","per_bed_pricing":true,"per_semester_pricing":false,"total_monthly_price":"$750 /Bedroom","total_monthly_price_verified":true,"shared_space":false,"sublet":false,"lease_term":"12 Month Lease","hide_address":false,"hide_map_pin":false,"last_updated":"2026-08-11T07:52:39Z","property_type":"Apartment Community","total_units":16,"active":true,"image_count":2,"listing_url":"https://offcampus.dasa.ncsu.edu/housing/property/tryon-flats-apartments/xcp87fm"}},{"type":"Feature","geometry":{"type":"Point","coordinates":[-78.70112,35.762747]},"properties":{"site_id":"ocpsq86tm4","ocp_id":1627638,"apartments_listing_key":"","name":"4bed 4bath Apartment Near Centennial Campus","street_address":"1441 Collegiate Circle","city":"RALEIGH","state":"NC","zip":"27606","target_campus":"Main Campus","api_distance_to_campus_miles":1.65,"rent_low":725,"rent_high":725,"rent_display":"$725","beds_low":4,"beds_high":4,"beds_display":"4 Beds","per_bed_pricing":true,"per_semester_pricing":false,"total_monthly_price":"$725 /Bedroom","total_monthly_price_verified":true,"shared_space":true,"sublet":false,"lease_term":"12 Month Lease","hide_address":false,"hide_map_pin":false,"last_updated":"2026-06-04T20:13:06Z","property_type":"Residential Condo Unit For Rent","total_units":null,"active":true,"image_count":14,"listing_url":"https://offcampus.dasa.ncsu.edu/housing/property/4bed-4bath-apartment-near-centennial-campus/ocpsq86tm4"}},{"type":"Feature","geometry":{"type":"Point","coordinates":[-78.622703,35.770543]},"properties":{"site_id":"35cz5ed","ocp_id":2201766,"apartments_listing_key":"h6c96e0","name":"644 Coleman St (Raleigh, NC)","street_address":"644 Coleman St","city":"Raleigh","state":"NC","zip":"27610","target_campus":"Main Campus","api_distance_to_campus_miles":2.96,"rent_low":2150,"rent_high":2150,"rent_display":"$2,150","beds_low":3,"beds_high":3,"beds_display":"3 Beds","per_bed_pricing":false,"per_semester_pricing":false,"total_monthly_price":"$2,150","total_monthly_price_verified":null,"shared_space":false,"sublet":false,"lease_term":"","hide_address":false,"hide_map_pin":false,"last_updated":"2026-09-04T12:00:13Z","property_type":"Apartment Unit For Rent","total_units":1,"active":true,"image_count":2,"listing_url":"https://offcampus.dasa.ncsu.edu/housing/property/644-coleman-st-raleigh-nc/35cz5ed"}},{"type":"Feature","geometry":{"type":"Point","coordinates":[-78.711756,35.798893]},"properties":{"site_id":"ocp2gxtxqc","ocp_id":2063730,"apartments_listing_key":"","name":"The Station","street_address":"1310 Oglethorpe Avenue","city":"Raleigh","state":"NC","zip":"27607","target_campus":"Main Campus","api_distance_to_campus_miles":2,"rent_low":969,"rent_high":969,"rent_display":"$969","beds_low":1,"beds_high":1,"beds_display":"1 Bed","per_bed_pricing":true,"per_semester_pricing":false,"total_monthly_price":"$969 /Bedroom","total_monthly_price_verified":true,"shared_space":true,"sublet":false,"lease_term":"7 Month Lease","hide_address":false,"hide_map_pin":false,"last_updated":"2026-08-24T20:36:44Z","property_type":"Apartment Community","total_units":null,"active":true,"image_count":1,"listing_url":"https://offcampus.dasa.ncsu.edu/housing/property/the-station/ocp2gxtxqc"}},{"type":"Feature","geometry":{"type":"Point","coordinates":[-78.70263,35.76253]},"properties":{"site_id":"pxc3rhs","ocp_id":1138012,"apartments_listing_key":"5ycnvhn","name":"Room in Condo on Crab Orchard Dr","street_address":"1331 Crab Orchard Dr","city":"Raleigh","state":"NC","zip":"27606","target_campus":"Main Campus","api_distance_to_campus_miles":1.75,"rent_low":675,"rent_high":675,"rent_display":"$675","beds_low":1,"beds_high":1,"beds_display":"1 Bed","per_bed_pricing":false,"per_semester_pricing":false,"total_monthly_price":"$675","total_monthly_price_verified":null,"shared_space":false,"sublet":false,"lease_term":"","hide_address":false,"hide_map_pin":false,"last_updated":"2026-06-11T14:12:37Z","property_type":"Duplex","total_units":1,"active":true,"image_count":2,"listing_url":"https://offcampus.dasa.ncsu.edu/housing/property/room-in-condo-on-crab-orchard-dr/pxc3rhs"}},{"type":"Feature","geometry":{"type":"Point","coordinates":[-78.684625,35.745216]},"properties":{"site_id":"ocppbmmgnt","ocp_id":750953,"apartments_listing_key":"","name":"5 bedroom townhome available near NC State","street_address":"2820 Barrymore Street Apt 102","city":"Raleigh","state":"NC","zip":"27603","target_campus":"Main Campus","api_distance_to_campus_miles":3.05,"rent_low":650,"rent_high":650,"rent_display":"$650","beds_low":2,"beds_high":2,"beds_display":"2 Beds","per_bed_pricing":true,"per_semester_pricing":false,"total_monthly_price":"$650 /Bedroom","total_monthly_price_verified":true,"shared_space":true,"sublet":false,"lease_term":"12 Month Lease","hide_address":false,"hide_map_pin":false,"last_updated":"2026-02-15T13:42:41Z","property_type":"Townhome","total_units":null,"active":true,"image_count":13,"listing_url":"https://offcampus.dasa.ncsu.edu/housing/property/5-bedroom-townhome-available-near-nc-state/ocppbmmgnt"}},{"type":"Feature","geometry":{"type":"Point","coordinates":[-78.689938,35.789836]},"properties":{"site_id":"tqbb2mb","ocp_id":1137998,"apartments_listing_key":"9mbw1m6","name":"Room in House on Okelly St","street_address":"2923 Okelly St","city":"Raleigh","state":"NC","zip":"27607","target_campus":"Main Campus","api_distance_to_campus_miles":0.26,"rent_low":725,"rent_high":725,"rent_display":"$725","beds_low":1,"beds_high":1,"beds_display":"1 Bed","per_bed_pricing":false,"per_semester_pricing":false,"total_monthly_price":"$725","total_monthly_price_verified":null,"shared_space":false,"sublet":false,"lease_term":"","hide_address":false,"hide_map_pin":false,"last_updated":"2026-08-05T11:43:58Z","property_type":"Single-Family Home","total_units":1,"active":true,"image_count":2,"listing_url":"https://offcampus.dasa.ncsu.edu/housing/property/room-in-house-on-okelly-st/tqbb2mb"}},{"type":"Feature","geometry":{"type":"Point","coordinates":[-78.68826,35.745552]},"properties":{"site_id":"ocp176ghy4","ocp_id":2325172,"apartments_listing_key":"","name":"Campus Crossings Raleigh","street_address":"3101 Versatile Road","city":"Raleigh","state":"NC","zip":"27603","target_campus":"Main Campus","api_distance_to_campus_miles":200,"rent_low":865,"rent_high":865,"rent_display":"$865","beds_low":1,"beds_high":1,"beds_display":"1 Bed","per_bed_pricing":true,"per_semester_pricing":false,"total_monthly_price":"$865 /Bedroom","total_monthly_price_verified":true,"shared_space":true,"sublet":false,"lease_term":"11 Month Lease","hide_address":false,"hide_map_pin":false,"last_updated":"2026-08-10T02:28:25Z","property_type":"Apartment Community","total_units":null,"active":true,"image_count":4,"listing_url":"https://offcampus.dasa.ncsu.edu/housing/property/campus-crossings-raleigh/ocp176ghy4"}},{"type":"Feature","geometry":{"type":"Point","coordinates":[-78.69981,35.76218]},"properties":{"site_id":"qcvpeqz","ocp_id":2319992,"apartments_listing_key":"48v0fql","name":"1431 Collegiate Cir (Raleigh, NC)","street_address":"1431 Collegiate Cir","city":"Raleigh","state":"NC","zip":"27606","target_campus":"Main Campus","api_distance_to_campus_miles":1.75,"rent_low":750,"rent_high":750,"rent_display":"$750","beds_low":1,"beds_high":1,"beds_display":"1 Bed","per_bed_pricing":false,"per_semester_pricing":false,"total_monthly_price":"$750","total_monthly_price_verified":null,"shared_space":false,"sublet":false,"lease_term":"","hide_address":false,"hide_map_pin":false,"last_updated":"2026-08-07T18:03:42Z","property_type":"Duplex","total_units":1,"active":true,"image_count":2,"listing_url":"https://offcampus.dasa.ncsu.edu/housing/property/1431-collegiate-cir-raleigh-nc/qcvpeqz"}},{"type":"Feature","geometry":{"type":"Point","coordinates":[-78.690657,35.77348]},"properties":{"site_id":"ocpqe84m5z","ocp_id":956250,"apartments_listing_key":"","name":"University Commons, close to Wolfline Stops","street_address":"1501 Graduate Lane #201","city":"Raleigh","state":"NC","zip":"27606","target_campus":"Main Campus","api_distance_to_campus_miles":0.48,"rent_low":2500,"rent_high":2500,"rent_display":"$2,500","beds_low":4,"beds_high":4,"beds_display":"4 Beds","per_bed_pricing":false,"per_semester_pricing":false,"total_monthly_price":"$2,500","total_monthly_price_verified":true,"shared_space":false,"sublet":false,"lease_term":"12 Month Lease","hide_address":false,"hide_map_pin":false,"last_updated":"2026-06-26T11:52:34Z","property_type":"Apartment Community","total_units":null,"active":true,"image_count":11,"listing_url":"https://offcampus.dasa.ncsu.edu/housing/property/university-commons-close-to-wolfline-stops/ocpqe84m5z"}},{"type":"Feature","geometry":{"type":"Point","coordinates":[-78.672966,35.750496]},"properties":{"site_id":"c1v4mzd","ocp_id":1138018,"apartments_listing_key":"r2vkqz0","name":"Room in House on Henslowe Dr","street_address":"2824 Henslowe Dr","city":"Raleigh","state":"NC","zip":"27603","target_campus":"Main Campus","api_distance_to_campus_miles":2.77,"rent_low":650,"rent_high":650,"rent_display":"$650","beds_low":1,"beds_high":1,"beds_display":"1 Bed","per_bed_pricing":false,"per_semester_pricing":false,"total_monthly_price":"$650","total_monthly_price_verified":null,"shared_space":false,"sublet":false,"lease_term":"","hide_address":false,"hide_map_pin":false,"last_updated":"2026-05-02T12:23:31Z","property_type":"Single-Family Home","total_units":1,"active":true,"image_count":2,"listing_url":"https://offcampus.dasa.ncsu.edu/housing/property/room-in-house-on-henslowe-dr/c1v4mzd"}},{"type":"Feature","geometry":{"type":"Point","coordinates":[-78.702984,35.763552]},"properties":{"site_id":"ocpx51p4tm","ocp_id":2003220,"apartments_listing_key":"","name":"Condo near NCSU","street_address":"1220 University Court Apt #202","city":"Raleigh","state":"NC","zip":"27606","target_campus":"Main Campus","api_distance_to_campus_miles":1.77,"rent_low":800,"rent_high":800,"rent_display":"$800","beds_low":4,"beds_high":4,"beds_display":"4 Beds","per_bed_pricing":true,"per_semester_pricing":false,"total_monthly_price":"$800 /Bedroom","total_monthly_price_verified":true,"shared_space":true,"sublet":false,"lease_term":"12 Month Lease","hide_address":false,"hide_map_pin":false,"last_updated":"2026-03-14T20:58:45Z","property_type":"Residential Condo Unit For Rent","total_units":null,"active":true,"image_count":13,"listing_url":"https://offcampus.dasa.ncsu.edu/housing/property/condo-near-ncsu/ocpx51p4tm"}},{"type":"Feature","geometry":{"type":"Point","coordinates":[-78.709617,35.788639]},"properties":{"site_id":"x5wd0zn","ocp_id":1586021,"apartments_listing_key":"f6wt3zs","name":"Room in House on Pineland Cir","street_address":"129 Pineland Cir","city":"Raleigh","state":"NC","zip":"27606","target_campus":"Main Campus","api_distance_to_campus_miles":1.44,"rent_low":700,"rent_high":700,"rent_display":"$700","beds_low":1,"beds_high":1,"beds_display":"1 Bed","per_bed_pricing":false,"per_semester_pricing":false,"total_monthly_price":"$700","total_monthly_price_verified":null,"shared_space":false,"sublet":false,"lease_term":"","hide_address":false,"hide_map_pin":false,"last_updated":"2026-08-03T11:24:23Z","property_type":"Single-Family Home","total_units":1,"active":true,"image_count":2,"listing_url":"https://offcampus.dasa.ncsu.edu/housing/property/room-in-house-on-pineland-cir/x5wd0zn"}},{"type":"Feature","geometry":{"type":"Point","coordinates":[-78.675884,35.789041]},"properties":{"site_id":"ocphdtdgk2","ocp_id":951728,"apartments_listing_key":"","name":"105 Friendly Drive! Furnished Room Rentals with Utilities!","street_address":"105 Friendly Drive","city":"Raleigh","state":"NC","zip":"27607","target_campus":"Main Campus","api_distance_to_campus_miles":0.05,"rent_low":775,"rent_high":1050,"rent_display":"$775 - $1,050","beds_low":2,"beds_high":4,"beds_display":"2 - 4 Beds","per_bed_pricing":true,"per_semester_pricing":false,"total_monthly_price":"$778 - $1,055 /Bedroom","total_monthly_price_verified":true,"shared_space":true,"sublet":false,"lease_term":"12 Month Lease","hide_address":false,"hide_map_pin":false,"last_updated":"2026-07-09T15:06:28Z","property_type":"Apartment Community","total_units":null,"active":true,"image_count":8,"listing_url":"https://offcampus.dasa.ncsu.edu/housing/property/105-friendly-drive-furnished-room-rentals-with-utilities/ocphdtdgk2"}},{"type":"Feature","geometry":{"type":"Point","coordinates":[-78.653331,35.847296]},"properties":{"site_id":"51px18q","ocp_id":2372539,"apartments_listing_key":"p2pc28v","name":"1101 Gunnison Pl (Raleigh, NC)","street_address":"1101 Gunnison Pl","city":"Raleigh","state":"NC","zip":"27609","target_campus":"Main Campus","api_distance_to_campus_miles":6.57,"rent_low":3200,"rent_high":3200,"rent_display":"$3,200","beds_low":3,"beds_high":3,"beds_display":"3 Beds","per_bed_pricing":false,"per_semester_pricing":false,"total_monthly_price":"$3,200","total_monthly_price_verified":null,"shared_space":false,"sublet":false,"lease_term":"","hide_address":false,"hide_map_pin":false,"last_updated":"2026-08-19T13:47:08Z","property_type":"Single-Family Home","total_units":1,"active":true,"image_count":2,"listing_url":"https://offcampus.dasa.ncsu.edu/housing/property/1101-gunnison-pl-raleigh-nc/51px18q"}},{"type":"Feature","geometry":{"type":"Point","coordinates":[-78.656268,35.869337]},"properties":{"site_id":"ocpjxe9lb5","ocp_id":2289806,"apartments_listing_key":"","name":"Private House room listing","street_address":"6508 Keystone Drive","city":"Raleigh","state":"NC","zip":"27612","target_campus":"Main Campus","api_distance_to_campus_miles":8.04,"rent_low":1000,"rent_high":1000,"rent_display":"$1,000","beds_low":1,"beds_high":1,"beds_display":"1 Bed","per_bed_pricing":true,"per_semester_pricing":false,"total_monthly_price":"$1,000 /Bedroom","total_monthly_price_verified":true,"shared_space":true,"sublet":false,"lease_term":"6 Month Lease","hide_address":false,"hide_map_pin":false,"last_updated":"2026-07-23T19:26:10Z","property_type":"Single-Family Home","total_units":null,"active":true,"image_count":1,"listing_url":"https://offcampus.dasa.ncsu.edu/housing/property/private-house-room-listing/ocpjxe9lb5"}},{"type":"Feature","geometry":{"type":"Point","coordinates":[-78.684513,35.751168]},"properties":{"site_id":"6lbm6br","ocp_id":2044985,"apartments_listing_key":"nhb25bm","name":"2810 Crestscene Trail (Raleigh, NC)","street_address":"2810 Crestscene Trail","city":"Raleigh","state":"NC","zip":"27603","target_campus":"Main Campus","api_distance_to_campus_miles":2.74,"rent_low":2500,"rent_high":2500,"rent_display":"$2,500","beds_low":3,"beds_high":3,"beds_display":"3 Beds","per_bed_pricing":false,"per_semester_pricing":false,"total_monthly_price":"$2,500","total_monthly_price_verified":null,"shared_space":false,"sublet":false,"lease_term":"","hide_address":false,"hide_map_pin":false,"last_updated":"2026-09-03T13:09:13Z","property_type":"Townhome","total_units":1,"active":true,"image_count":2,"listing_url":"https://offcampus.dasa.ncsu.edu/housing/property/2810-crestscene-trail-raleigh-nc/6lbm6br"}},{"type":"Feature","geometry":{"type":"Point","coordinates":[-78.66049,35.785129]},"properties":{"site_id":"ocp4lh373j","ocp_id":2370853,"apartments_listing_key":"","name":"Hub Raleigh – 4x2 Lease Takeover, Available Now","street_address":"111 Cox Avenue","city":"Raleigh","state":"NC","zip":"27605","target_campus":"Main Campus","api_distance_to_campus_miles":0.16,"rent_low":1199,"rent_high":1199,"rent_display":"$1,199","beds_low":1,"beds_high":1,"beds_display":"1 Bed","per_bed_pricing":true,"per_semester_pricing":false,"total_monthly_price":"$1,199 /Bedroom","total_monthly_price_verified":true,"shared_space":true,"sublet":true,"lease_term":"5 Month Lease","hide_address":false,"hide_map_pin":false,"last_updated":"2026-08-19T20:54:34Z","property_type":"Apartment Community","total_units":null,"active":true,"image_count":4,"listing_url":"https://offcampus.dasa.ncsu.edu/housing/property/hub-raleigh-4x2-lease-takeover-available-now/ocp4lh373j"}},{"type":"Feature","geometry":{"type":"Point","coordinates":[-78.682772,35.74314]},"properties":{"site_id":"dnbdmqk","ocp_id":1150921,"apartments_listing_key":"zpbtqqy","name":"2626 Wolf Cub Ct (Raleigh, NC)","street_address":"2626 Wolf Cub Ct","city":"Raleigh","state":"NC","zip":"27603","target_campus":"Main Campus","api_distance_to_campus_miles":3.17,"rent_low":1895,"rent_high":1895,"rent_display":"$1,895","beds_low":3,"beds_high":3,"beds_display":"3 Beds","per_bed_pricing":false,"per_semester_pricing":false,"total_monthly_price":"$1,895","total_monthly_price_verified":null,"shared_space":false,"sublet":false,"lease_term":"","hide_address":false,"hide_map_pin":false,"last_updated":"2026-08-18T16:28:34Z","property_type":"Townhome","total_units":1,"active":true,"image_count":2,"listing_url":"https://offcampus.dasa.ncsu.edu/housing/property/2626-wolf-cub-ct-raleigh-nc/dnbdmqk"}},{"type":"Feature","geometry":{"type":"Point","coordinates":[-78.677424,35.788043]},"properties":{"site_id":"ocp5cx5drn","ocp_id":2381109,"apartments_listing_key":"","name":"Valentine Commons","street_address":"3009 ME Valentine Drive","city":"Raleigh","state":"NC","zip":"27607","target_campus":"Main Campus","api_distance_to_campus_miles":200,"rent_low":1000,"rent_high":1300,"rent_display":"$1,000 - $1,300","beds_low":4,"beds_high":4,"beds_display":"4 Beds","per_bed_pricing":true,"per_semester_pricing":false,"total_monthly_price":"$1,023 - $1,322 /Bedroom","total_monthly_price_verified":true,"shared_space":true,"sublet":false,"lease_term":"12 Month Lease","hide_address":false,"hide_map_pin":false,"last_updated":"2026-08-23T20:43:02Z","property_type":"Apartment Community","total_units":null,"active":true,"image_count":11,"listing_url":"https://offcampus.dasa.ncsu.edu/housing/property/valentine-commons/ocp5cx5drn"}},{"type":"Feature","geometry":{"type":"Point","coordinates":[-78.637201,35.765117]},"properties":{"site_id":"teq7kh8","ocp_id":2319996,"apartments_listing_key":"9fqjjh4","name":"1233 S Blount St (Raleigh, NC)","street_address":"1233 S Blount St","city":"Raleigh","state":"NC","zip":"27601","target_campus":"Main Campus","api_distance_to_campus_miles":2.25,"rent_low":3800,"rent_high":3800,"rent_display":"$3,800","beds_low":3,"beds_high":3,"beds_display":"3 Beds","per_bed_pricing":false,"per_semester_pricing":false,"total_monthly_price":"$3,800","total_monthly_price_verified":null,"shared_space":false,"sublet":false,"lease_term":"","hide_address":false,"hide_map_pin":false,"last_updated":"2026-08-07T18:03:58Z","property_type":"Duplex","total_units":1,"active":true,"image_count":2,"listing_url":"https://offcampus.dasa.ncsu.edu/housing/property/1233-s-blount-st-raleigh-nc/teq7kh8"}},{"type":"Feature","geometry":{"type":"Point","coordinates":[-78.600953,35.799947]},"properties":{"site_id":"ocpsgy1zk5","ocp_id":2168502,"apartments_listing_key":"","name":"Family Neighborhood with Greenway Access","street_address":"1424 Crabtree Boulevard","city":"Raleigh","state":"NC","zip":"27610","target_campus":"Main Campus","api_distance_to_campus_miles":5.14,"rent_low":3000,"rent_high":3500,"rent_display":"$3,000 - $3,500","beds_low":3,"beds_high":3,"beds_display":"3 Beds","per_bed_pricing":false,"per_semester_pricing":false,"total_monthly_price":"$3,100 - $3,640","total_monthly_price_verified":true,"shared_space":false,"sublet":false,"lease_term":"12 Month Lease","hide_address":false,"hide_map_pin":false,"last_updated":"2026-06-06T02:48:44Z","property_type":"Single-Family Home","total_units":null,"active":true,"image_count":22,"listing_url":"https://offcampus.dasa.ncsu.edu/housing/property/family-neighborhood-with-greenway-access/ocpsgy1zk5"}},{"type":"Feature","geometry":{"type":"Point","coordinates":[-78.677473,35.780547]},"properties":{"site_id":"se736e5","ocp_id":660524,"apartments_listing_key":"bf7n5e9","name":"College Inn","street_address":"2717 Western Blvd","city":"Raleigh","state":"NC","zip":"27606","target_campus":"Main Campus","api_distance_to_campus_miles":0.12,"rent_low":859,"rent_high":1275,"rent_display":"$859 - $1,275","beds_low":2,"beds_high":4,"beds_display":"2 - 4 Beds","per_bed_pricing":true,"per_semester_pricing":false,"total_monthly_price":"$859 - $1,275 /Bedroom","total_monthly_price_verified":null,"shared_space":false,"sublet":false,"lease_term":"11 Month Lease","hide_address":false,"hide_map_pin":false,"last_updated":"2026-08-12T07:22:29Z","property_type":"Apartment Community","total_units":121,"active":true,"image_count":2,"listing_url":"https://offcampus.dasa.ncsu.edu/housing/property/college-inn/se736e5"}},{"type":"Feature","geometry":{"type":"Point","coordinates":[-78.784612,35.80786]},"properties":{"site_id":"ocp0gch9g2","ocp_id":2268782,"apartments_listing_key":"","name":"Quiet Furnished Room in Cary – Private Bath, Storage, Driveway Access, Near Bus 3","street_address":"359 Roberts Ridge Drive","city":"Cary","state":"NC","zip":"27513","target_campus":"Main Campus","api_distance_to_campus_miles":6.37,"rent_low":950,"rent_high":950,"rent_display":"$950","beds_low":1,"beds_high":1,"beds_display":"1 Bed","per_bed_pricing":true,"per_semester_pricing":false,"total_monthly_price":"$950 /Bedroom","total_monthly_price_verified":true,"shared_space":true,"sublet":false,"lease_term":"1 Month Lease","hide_address":false,"hide_map_pin":false,"last_updated":"2026-07-13T21:32:31Z","property_type":"Townhome","total_units":null,"active":true,"image_count":2,"listing_url":"https://offcampus.dasa.ncsu.edu/housing/property/quiet-furnished-room-in-cary-private-bath-storage-driveway-access-near-bus-3/ocp0gch9g2"}},{"type":"Feature","geometry":{"type":"Point","coordinates":[-78.597471,35.782077]},"properties":{"site_id":"r2tht53","ocp_id":1705127,"apartments_listing_key":"c1t6s5g","name":"Room in House on Tall Rock Ct","street_address":"105 Tall Rock Ct","city":"Raleigh","state":"NC","zip":"27610","target_campus":"Main Campus","api_distance_to_campus_miles":6.92,"rent_low":900,"rent_high":900,"rent_display":"$900","beds_low":1,"beds_high":1,"beds_display":"1 Bed","per_bed_pricing":false,"per_semester_pricing":false,"total_monthly_price":"$900","total_monthly_price_verified":null,"shared_space":false,"sublet":false,"lease_term":"","hide_address":false,"hide_map_pin":false,"last_updated":"2026-08-14T15:54:40Z","property_type":"Single-Family Home","total_units":1,"active":true,"image_count":2,"listing_url":"https://offcampus.dasa.ncsu.edu/housing/property/room-in-house-on-tall-rock-ct/r2tht53"}},{"type":"Feature","geometry":{"type":"Point","coordinates":[-78.66687,35.75371]},"properties":{"site_id":"ocp1ddchy6","ocp_id":1976712,"apartments_listing_key":"","name":"Village Green","street_address":"2000 Village Bluff Place","city":"Raleigh","state":"NC","zip":"27603","target_campus":"Main Campus","api_distance_to_campus_miles":2.28,"rent_low":930,"rent_high":930,"rent_display":"$930","beds_low":1,"beds_high":1,"beds_display":"1 Bed","per_bed_pricing":true,"per_semester_pricing":false,"total_monthly_price":"$930 /Bedroom","total_monthly_price_verified":true,"shared_space":true,"sublet":true,"lease_term":"7 Month Lease","hide_address":false,"hide_map_pin":false,"last_updated":"2026-08-19T01:06:20Z","property_type":"Apartment Community","total_units":null,"active":true,"image_count":15,"listing_url":"https://offcampus.dasa.ncsu.edu/housing/property/village-green/ocp1ddchy6"}},{"type":"Feature","geometry":{"type":"Point","coordinates":[-78.623853,35.765736]},"properties":{"site_id":"r66ecw0","ocp_id":1138019,"apartments_listing_key":"c56v8wd","name":"Room in Duplex on Bragg St","street_address":"909 Bragg St","city":"Raleigh","state":"NC","zip":"27610","target_campus":"Main Campus","api_distance_to_campus_miles":3.1,"rent_low":640,"rent_high":640,"rent_display":"$640","beds_low":1,"beds_high":1,"beds_display":"1 Bed","per_bed_pricing":false,"per_semester_pricing":false,"total_monthly_price":"$640","total_monthly_price_verified":null,"shared_space":false,"sublet":false,"lease_term":"","hide_address":false,"hide_map_pin":false,"last_updated":"2026-07-31T11:44:36Z","property_type":"Townhome","total_units":1,"active":true,"image_count":2,"listing_url":"https://offcampus.dasa.ncsu.edu/housing/property/room-in-duplex-on-bragg-st/r66ecw0"}},{"type":"Feature","geometry":{"type":"Point","coordinates":[-78.627217,35.833976]},"properties":{"site_id":"ocpmf8tflk","ocp_id":2240283,"apartments_listing_key":"","name":"St. Albans Lofts in North Hills","street_address":"600 Saint Albans Drive","city":"Raleigh","state":"NC","zip":"27609","target_campus":"Main Campus","api_distance_to_campus_miles":5.4,"rent_low":1330,"rent_high":1330,"rent_display":"$1,330","beds_low":0,"beds_high":0,"beds_display":"Studio","per_bed_pricing":false,"per_semester_pricing":false,"total_monthly_price":"$1,445","total_monthly_price_verified":true,"shared_space":false,"sublet":true,"lease_term":"5 Month Lease","hide_address":false,"hide_map_pin":false,"last_updated":"2026-08-20T16:16:17Z","property_type":"Apartment Community","total_units":null,"active":true,"image_count":9,"listing_url":"https://offcampus.dasa.ncsu.edu/housing/property/st-albans-lofts-in-north-hills/ocpmf8tflk"}},{"type":"Feature","geometry":{"type":"Point","coordinates":[-78.700809,35.761733]},"properties":{"site_id":"kf77vv8","ocp_id":1138013,"apartments_listing_key":"1e7jrv4","name":"Room in Condo on Collegiate Cir","street_address":"1430 Collegiate Cir","city":"Raleigh","state":"NC","zip":"27606","target_campus":"Main Campus","api_distance_to_campus_miles":1.74,"rent_low":675,"rent_high":675,"rent_display":"$675","beds_low":1,"beds_high":1,"beds_display":"1 Bed","per_bed_pricing":false,"per_semester_pricing":false,"total_monthly_price":"$675","total_monthly_price_verified":null,"shared_space":false,"sublet":false,"lease_term":"","hide_address":false,"hide_map_pin":false,"last_updated":"2026-08-15T13:53:44Z","property_type":"Duplex","total_units":1,"active":true,"image_count":2,"listing_url":"https://offcampus.dasa.ncsu.edu/housing/property/room-in-condo-on-collegiate-cir/kf77vv8"}},{"type":"Feature","geometry":{"type":"Point","coordinates":[-78.666357,35.792829]},"properties":{"site_id":"ocphycq162","ocp_id":2098190,"apartments_listing_key":"","name":"Cozy house 10 min walk to campus","street_address":null,"city":"Raleigh","state":"NC","zip":"27607","target_campus":"Main Campus","api_distance_to_campus_miles":0.64,"rent_low":1500,"rent_high":1500,"rent_display":"$1,500","beds_low":1,"beds_high":1,"beds_display":"1 Bed","per_bed_pricing":true,"per_semester_pricing":false,"total_monthly_price":"$1,500 /Bedroom","total_monthly_price_verified":true,"shared_space":true,"sublet":false,"lease_term":"12 Month Lease","hide_address":true,"hide_map_pin":false,"last_updated":"2026-09-01T13:31:19Z","property_type":"Single-Family Home","total_units":null,"active":true,"image_count":4,"listing_url":"https://offcampus.dasa.ncsu.edu/housing/property/cozy-house-10-min-walk-to-campus/ocphycq162"}},{"type":"Feature","geometry":{"type":"Point","coordinates":[-78.68458,35.744672]},"properties":{"site_id":"hz5leg1","ocp_id":1502073,"apartments_listing_key":"3w55fge","name":"Room in Townhome on Ivory Run Way","street_address":"2610 Ivory Run Way","city":"Raleigh","state":"NC","zip":"27603","target_campus":"Main Campus","api_distance_to_campus_miles":3.06,"rent_low":690,"rent_high":690,"rent_display":"$690","beds_low":1,"beds_high":1,"beds_display":"1 Bed","per_bed_pricing":false,"per_semester_pricing":false,"total_monthly_price":"$690","total_monthly_price_verified":null,"shared_space":false,"sublet":false,"lease_term":"","hide_address":false,"hide_map_pin":false,"last_updated":"2026-08-18T17:40:43Z","property_type":"Townhome","total_units":1,"active":true,"image_count":2,"listing_url":"https://offcampus.dasa.ncsu.edu/housing/property/room-in-townhome-on-ivory-run-way/hz5leg1"}},{"type":"Feature","geometry":{"type":"Point","coordinates":[-78.658911,35.783773]},"properties":{"site_id":"ocpszqbd35","ocp_id":2399399,"apartments_listing_key":"","name":"Signature 1505 4X4 Apartment","street_address":"1505 Hillsborough Street","city":"Raleigh","state":"NC","zip":"27605","target_campus":"Main Campus","api_distance_to_campus_miles":0.34,"rent_low":1230,"rent_high":1230,"rent_display":"$1,230","beds_low":1,"beds_high":1,"beds_display":"1 Bed","per_bed_pricing":true,"per_semester_pricing":false,"total_monthly_price":"$1,255 /Bedroom","total_monthly_price_verified":true,"shared_space":true,"sublet":true,"lease_term":"7 Month Lease","hide_address":false,"hide_map_pin":false,"last_updated":"2026-08-31T18:27:04Z","property_type":"Apartment Community","total_units":null,"active":true,"image_count":6,"listing_url":"https://offcampus.dasa.ncsu.edu/housing/property/signature-1505-4x4-apartment/ocpszqbd35"}},{"type":"Feature","geometry":{"type":"Point","coordinates":[-78.689472,35.776319]},"properties":{"site_id":"ocpsq5c5s4","ocp_id":951520,"apartments_listing_key":"","name":"Lupton Flats- 2 Bedroom 1 Bathroom Flat Available Now! Pre Leasing for August 2026!","street_address":"3818 Lupton Circle","city":"Raleigh","state":"NC","zip":"27606","target_campus":"Main Campus","api_distance_to_campus_miles":0.26,"rent_low":1295,"rent_high":1295,"rent_display":"$1,295","beds_low":2,"beds_high":2,"beds_display":"2 Beds","per_bed_pricing":false,"per_semester_pricing":false,"total_monthly_price":"$1,295","total_monthly_price_verified":null,"shared_space":false,"sublet":false,"lease_term":"12 Month Lease","hide_address":false,"hide_map_pin":false,"last_updated":"2026-07-09T17:03:53Z","property_type":"Apartment Community","total_units":null,"active":true,"image_count":17,"listing_url":"https://offcampus.dasa.ncsu.edu/housing/property/lupton-flats-2-bedroom-1-bathroom-flat-available-now-pre-leasing-for-august-2026/ocpsq5c5s4"}},{"type":"Feature","geometry":{"type":"Point","coordinates":[-78.69549,35.786705]},"properties":{"site_id":"ocpbnn75s8","ocp_id":1790476,"apartments_listing_key":"","name":"912 Chaney Rd. #100","street_address":"912 Chaney Road #100","city":"Raleigh","state":"NC","zip":"27606","target_campus":"Main Campus","api_distance_to_campus_miles":0.48,"rent_low":2600,"rent_high":2600,"rent_display":"$2,600","beds_low":4,"beds_high":4,"beds_display":"4 Beds","per_bed_pricing":false,"per_semester_pricing":false,"total_monthly_price":"$2,650","total_monthly_price_verified":true,"shared_space":false,"sublet":false,"lease_term":"12 Month Lease","hide_address":false,"hide_map_pin":false,"last_updated":"2025-12-19T17:12:45Z","property_type":"Duplex","total_units":null,"active":true,"image_count":8,"listing_url":"https://offcampus.dasa.ncsu.edu/housing/property/912-chaney-rd-100/ocpbnn75s8"}},{"type":"Feature","geometry":{"type":"Point","coordinates":[-78.681951,35.844878]},"properties":{"site_id":"jkg82q6","ocp_id":1206858,"apartments_listing_key":"2jgy1qb","name":"Room in House on Joyner Pl","street_address":"4600 Joyner Pl","city":"Raleigh","state":"NC","zip":"27612","target_campus":"Main Campus","api_distance_to_campus_miles":5.58,"rent_low":700,"rent_high":700,"rent_display":"$700","beds_low":1,"beds_high":1,"beds_display":"1 Bed","per_bed_pricing":false,"per_semester_pricing":false,"total_monthly_price":"$700","total_monthly_price_verified":null,"shared_space":false,"sublet":false,"lease_term":"","hide_address":false,"hide_map_pin":false,"last_updated":"2026-08-05T11:44:02Z","property_type":"Single-Family Home","total_units":1,"active":true,"image_count":2,"listing_url":"https://offcampus.dasa.ncsu.edu/housing/property/room-in-house-on-joyner-pl/jkg82q6"}},{"type":"Feature","geometry":{"type":"Point","coordinates":[-78.830401,35.831552]},"properties":{"site_id":"ocp2bnnl9c","ocp_id":2312147,"apartments_listing_key":"","name":"Townhome at Hampton Place, Morrisville, 20 to 25 minutes from NCSU.","street_address":"1204 Grenshaw Drive","city":"Morrisville","state":"NC","zip":"27560","target_campus":"Main Campus","api_distance_to_campus_miles":12.66,"rent_low":733,"rent_high":733,"rent_display":"$733","beds_low":1,"beds_high":1,"beds_display":"1 Bed","per_bed_pricing":true,"per_semester_pricing":false,"total_monthly_price":"$833 - $853 /Bedroom","total_monthly_price_verified":true,"shared_space":true,"sublet":false,"lease_term":"9 Month Lease","hide_address":false,"hide_map_pin":false,"last_updated":"2026-08-10T19:09:08Z","property_type":"Townhome","total_units":null,"active":true,"image_count":1,"listing_url":"https://offcampus.dasa.ncsu.edu/housing/property/townhome-at-hampton-place-morrisville-20-to-25-minutes-from-ncsu/ocp2bnnl9c"}},{"type":"Feature","geometry":{"type":"Point","coordinates":[-78.62852,35.77414]},"properties":{"site_id":"gc0phpz","ocp_id":2405454,"apartments_listing_key":"w800lpl","name":"591 E Cabarrus St (Raleigh, NC)","street_address":"591 E Cabarrus St","city":"Raleigh","state":"NC","zip":"27601","target_campus":"Main Campus","api_distance_to_campus_miles":2.34,"rent_low":2600,"rent_high":2600,"rent_display":"$2,600","beds_low":3,"beds_high":3,"beds_display":"3 Beds","per_bed_pricing":false,"per_semester_pricing":false,"total_monthly_price":"$2,600","total_monthly_price_verified":null,"shared_space":false,"sublet":false,"lease_term":"","hide_address":false,"hide_map_pin":false,"last_updated":"2026-09-03T13:08:48Z","property_type":"Single-Family Home","total_units":1,"active":true,"image_count":2,"listing_url":"https://offcampus.dasa.ncsu.edu/housing/property/591-e-cabarrus-st-raleigh-nc/gc0phpz"}},{"type":"Feature","geometry":{"type":"Point","coordinates":[-78.729736,35.747295]},"properties":{"site_id":"ocp0gblz91","ocp_id":1903110,"apartments_listing_key":"","name":"Great value in beautiful SW Raleigh","street_address":null,"city":"Raleigh","state":"NC","zip":"27606","target_campus":"Main Campus","api_distance_to_campus_miles":3.84,"rent_low":850,"rent_high":850,"rent_display":"$850","beds_low":1,"beds_high":1,"beds_display":"1 Bed","per_bed_pricing":true,"per_semester_pricing":false,"total_monthly_price":"$850 /Bedroom","total_monthly_price_verified":true,"shared_space":true,"sublet":false,"lease_term":"1 Month Lease","hide_address":true,"hide_map_pin":false,"last_updated":"2026-01-21T19:53:42Z","property_type":"Townhome","total_units":null,"active":true,"image_count":5,"listing_url":"https://offcampus.dasa.ncsu.edu/housing/property/great-value-in-beautiful-sw-raleigh/ocp0gblz91"}},{"type":"Feature","geometry":{"type":"Point","coordinates":[-78.68629,35.775174]},"properties":{"site_id":"ocplp7c98d","ocp_id":969717,"apartments_listing_key":"","name":"Collegeview Apartments","street_address":"1615 Collegeview Avenue","city":"Raleigh","state":"NC","zip":"27606","target_campus":"Main Campus","api_distance_to_campus_miles":0.34,"rent_low":1445,"rent_high":1545,"rent_display":"$1,445 - $1,545","beds_low":2,"beds_high":2,"beds_display":"2 Beds","per_bed_pricing":false,"per_semester_pricing":false,"total_monthly_price":"$1,445 - $1,545","total_monthly_price_verified":null,"shared_space":false,"sublet":false,"lease_term":"12 Month Lease","hide_address":false,"hide_map_pin":false,"last_updated":"2026-07-09T16:36:56Z","property_type":"Apartment Community","total_units":null,"active":true,"image_count":6,"listing_url":"https://offcampus.dasa.ncsu.edu/housing/property/collegeview-apartments/ocplp7c98d"}},{"type":"Feature","geometry":{"type":"Point","coordinates":[-78.680244,35.822478]},"properties":{"site_id":"ocpteqgjg8","ocp_id":2042940,"apartments_listing_key":"","name":"Huge modern studio suite- private entrance and beth- near NCSU","street_address":"1201 Granada Drive","city":"Raleigh","state":"NC","zip":"27612","target_campus":"Main Campus","api_distance_to_campus_miles":2.75,"rent_low":1150,"rent_high":1150,"rent_display":"$1,150","beds_low":1,"beds_high":1,"beds_display":"1 Bed","per_bed_pricing":false,"per_semester_pricing":false,"total_monthly_price":"$1,150","total_monthly_price_verified":true,"shared_space":false,"sublet":false,"lease_term":"1 Month Lease","hide_address":false,"hide_map_pin":false,"last_updated":"2026-09-08T13:54:40Z","property_type":"Single-Family Home","total_units":null,"active":true,"image_count":5,"listing_url":"https://offcampus.dasa.ncsu.edu/housing/property/huge-modern-studio-suite-private-entrance-and-beth-near-ncsu/ocpteqgjg8"}},{"type":"Feature","geometry":{"type":"Point","coordinates":[-78.677292,35.747318]},"properties":{"site_id":"33f756e","ocp_id":662317,"apartments_listing_key":"h0fj661","name":"University Village at 2505","street_address":"2505 Red Lodge Pl","city":"Raleigh","state":"NC","zip":"27603","target_campus":"Main Campus","api_distance_to_campus_miles":3.21,"rent_low":799,"rent_high":799,"rent_display":"$799","beds_low":4,"beds_high":4,"beds_display":"4 Beds","per_bed_pricing":true,"per_semester_pricing":false,"total_monthly_price":"$799 /Bedroom","total_monthly_price_verified":null,"shared_space":false,"sublet":false,"lease_term":"11 Month Lease","hide_address":false,"hide_map_pin":false,"last_updated":"2026-08-12T07:23:16Z","property_type":"Apartment Community","total_units":72,"active":true,"image_count":2,"listing_url":"https://offcampus.dasa.ncsu.edu/housing/property/university-village-at-2505/33f756e"}},{"type":"Feature","geometry":{"type":"Point","coordinates":[-78.69618,35.748959]},"properties":{"site_id":"ocphe602k0","ocp_id":2020864,"apartments_listing_key":"","name":"Apartment close to campus","street_address":"2031 Wolfmill Drive 202","city":"Raleigh","state":"NC","zip":"27603","target_campus":"Main Campus","api_distance_to_campus_miles":2.24,"rent_low":1800,"rent_high":1800,"rent_display":"$1,800","beds_low":3,"beds_high":3,"beds_display":"3 Beds","per_bed_pricing":false,"per_semester_pricing":false,"total_monthly_price":"$1,800","total_monthly_price_verified":true,"shared_space":true,"sublet":false,"lease_term":"12 Month Lease","hide_address":false,"hide_map_pin":false,"last_updated":"2026-06-06T23:11:20Z","property_type":"Apartment Community","total_units":null,"active":true,"image_count":14,"listing_url":"https://offcampus.dasa.ncsu.edu/housing/property/apartment-close-to-campus/ocphe602k0"}},{"type":"Feature","geometry":{"type":"Point","coordinates":[-78.696527,35.749406]},"properties":{"site_id":"zfenc9w","ocp_id":1137996,"apartments_listing_key":"dee389h","name":"Room in Condo on Wolfmill Dr","street_address":"2010 Wolfmill Dr","city":"Raleigh","state":"NC","zip":"27603","target_campus":"Main Campus","api_distance_to_campus_miles":2.23,"rent_low":720,"rent_high":720,"rent_display":"$720","beds_low":1,"beds_high":1,"beds_display":"1 Bed","per_bed_pricing":false,"per_semester_pricing":false,"total_monthly_price":"$720","total_monthly_price_verified":null,"shared_space":false,"sublet":false,"lease_term":"","hide_address":false,"hide_map_pin":false,"last_updated":"2026-07-29T12:19:03Z","property_type":"Duplex","total_units":1,"active":true,"image_count":2,"listing_url":"https://offcampus.dasa.ncsu.edu/housing/property/room-in-condo-on-wolfmill-dr/zfenc9w"}},{"type":"Feature","geometry":{"type":"Point","coordinates":[-78.69549,35.786705]},"properties":{"site_id":"ocpvv9069d","ocp_id":1797595,"apartments_listing_key":"","name":"912 Chaney Rd. #102","street_address":"912 Chaney Road #102","city":"Raleigh","state":"NC","zip":"27606","target_campus":"Main Campus","api_distance_to_campus_miles":0.48,"rent_low":2600,"rent_high":2600,"rent_display":"$2,600","beds_low":4,"beds_high":4,"beds_display":"4 Beds","per_bed_pricing":false,"per_semester_pricing":false,"total_monthly_price":"$2,650","total_monthly_price_verified":true,"shared_space":false,"sublet":false,"lease_term":"12 Month Lease","hide_address":false,"hide_map_pin":false,"last_updated":"2025-12-19T17:13:09Z","property_type":"Duplex","total_units":null,"active":true,"image_count":8,"listing_url":"https://offcampus.dasa.ncsu.edu/housing/property/912-chaney-rd-102/ocpvv9069d"}},{"type":"Feature","geometry":{"type":"Point","coordinates":[-78.629227,35.738846]},"properties":{"site_id":"49jmmdh","ocp_id":1138006,"apartments_listing_key":"qbj2qdw","name":"Room in Townhome on Haskell Dr","street_address":"3016 Haskell Dr","city":"Raleigh","state":"NC","zip":"27610","target_campus":"Main Campus","api_distance_to_campus_miles":4.36,"rent_low":563,"rent_high":563,"rent_display":"$563","beds_low":1,"beds_high":1,"beds_display":"1 Bed","per_bed_pricing":false,"per_semester_pricing":false,"total_monthly_price":"$563","total_monthly_price_verified":null,"shared_space":false,"sublet":false,"lease_term":"","hide_address":false,"hide_map_pin":false,"last_updated":"2026-08-15T13:53:47Z","property_type":"Townhome","total_units":1,"active":true,"image_count":2,"listing_url":"https://offcampus.dasa.ncsu.edu/housing/property/room-in-townhome-on-haskell-dr/49jmmdh"}},{"type":"Feature","geometry":{"type":"Point","coordinates":[-78.616584,35.748395]},"properties":{"site_id":"ocpn54lxfn","ocp_id":2053807,"apartments_listing_key":"","name":"3 bedroom home close to campus and downtown Raleigh(Utilities included)","street_address":"2308 Keith Drive","city":"Raleigh","state":"NC","zip":"27610","target_campus":"Main Campus","api_distance_to_campus_miles":5.02,"rent_low":2000,"rent_high":2000,"rent_display":"$2,000","beds_low":3,"beds_high":3,"beds_display":"3 Beds","per_bed_pricing":false,"per_semester_pricing":false,"total_monthly_price":"$2,000","total_monthly_price_verified":true,"shared_space":false,"sublet":false,"lease_term":"12 Month Lease","hide_address":false,"hide_map_pin":false,"last_updated":"2026-04-06T17:58:40Z","property_type":"Duplex","total_units":null,"active":true,"image_count":11,"listing_url":"https://offcampus.dasa.ncsu.edu/housing/property/3-bedroom-home-close-to-campus-and-downtown-raleigh-utilities-included/ocpn54lxfn"}},{"type":"Feature","geometry":{"type":"Point","coordinates":[-78.70304,35.763601]},"properties":{"site_id":"wjt9dqk","ocp_id":1138017,"apartments_listing_key":"gktzgqy","name":"Room in Condo on University Ct","street_address":"1241 University Ct","city":"Raleigh","state":"NC","zip":"27606","target_campus":"Main Campus","api_distance_to_campus_miles":1.77,"rent_low":650,"rent_high":650,"rent_display":"$650","beds_low":1,"beds_high":1,"beds_display":"1 Bed","per_bed_pricing":false,"per_semester_pricing":false,"total_monthly_price":"$650","total_monthly_price_verified":null,"shared_space":false,"sublet":false,"lease_term":"","hide_address":false,"hide_map_pin":false,"last_updated":"2026-07-21T14:13:02Z","property_type":"Duplex","total_units":1,"active":true,"image_count":2,"listing_url":"https://offcampus.dasa.ncsu.edu/housing/property/room-in-condo-on-university-ct/wjt9dqk"}},{"type":"Feature","geometry":{"type":"Point","coordinates":[-78.694331,35.773384]},"properties":{"site_id":"ocpg8zsjmz","ocp_id":995434,"apartments_listing_key":"","name":"Flex Stay | Lux Furnished | 3 Bed |  Pets OK | Utilities Incl. | International OK","street_address":"532 Brent Road","city":"Raleigh","state":"NC","zip":"27606","target_campus":"Main Campus","api_distance_to_campus_miles":0.76,"rent_low":2800,"rent_high":2800,"rent_display":"$2,800","beds_low":3,"beds_high":3,"beds_display":"3 Beds","per_bed_pricing":false,"per_semester_pricing":false,"total_monthly_price":"$2,800","total_monthly_price_verified":true,"shared_space":false,"sublet":false,"lease_term":"1 Month Lease","hide_address":false,"hide_map_pin":false,"last_updated":"2026-04-30T13:49:28Z","property_type":"Duplex","total_units":null,"active":true,"image_count":22,"listing_url":"https://offcampus.dasa.ncsu.edu/housing/property/flex-stay-lux-furnished-3-bed-pets-ok-utilities-incl-international-ok/ocpg8zsjmz"}},{"type":"Feature","geometry":{"type":"Point","coordinates":[-78.607758,35.746499]},"properties":{"site_id":"bq6wzsb","ocp_id":2405669,"apartments_listing_key":"sm6bws6","name":"Room in House on Quartz Ct","street_address":"2325 Quartz Ct","city":"Raleigh","state":"NC","zip":"27610","target_campus":"Main Campus","api_distance_to_campus_miles":5.55,"rent_low":685,"rent_high":685,"rent_display":"$685","beds_low":1,"beds_high":1,"beds_display":"1 Bed","per_bed_pricing":false,"per_semester_pricing":false,"total_monthly_price":"$685","total_monthly_price_verified":null,"shared_space":false,"sublet":false,"lease_term":"","hide_address":false,"hide_map_pin":false,"last_updated":"2026-09-03T14:03:46Z","property_type":"Single-Family Home","total_units":1,"active":true,"image_count":2,"listing_url":"https://offcampus.dasa.ncsu.edu/housing/property/room-in-house-on-quartz-ct/bq6wzsb"}},{"type":"Feature","geometry":{"type":"Point","coordinates":[-78.689174,35.782112]},"properties":{"site_id":"ocp4t7wmxk","ocp_id":2382679,"apartments_listing_key":"","name":"University Oaks","street_address":"1130 Carlton Avenue #303","city":"Raleigh","state":"NC","zip":"27606","target_campus":"Main Campus","api_distance_to_campus_miles":0.33,"rent_low":725,"rent_high":725,"rent_display":"$725","beds_low":3,"beds_high":3,"beds_display":"3 Beds","per_bed_pricing":true,"per_semester_pricing":false,"total_monthly_price":"$725 /Bedroom","total_monthly_price_verified":true,"shared_space":true,"sublet":false,"lease_term":"12 Month Lease","hide_address":false,"hide_map_pin":false,"last_updated":"2026-08-23T17:12:28Z","property_type":"Apartment Community","total_units":null,"active":true,"image_count":4,"listing_url":"https://offcampus.dasa.ncsu.edu/housing/property/university-oaks/ocp4t7wmxk"}},{"type":"Feature","geometry":{"type":"Point","coordinates":[-78.679092,35.74926]},"properties":{"site_id":"z44390w","ocp_id":2008318,"apartments_listing_key":"d74nb0h","name":"Lofts at Lineberry","street_address":"2531 Lineberry Dr","city":"Raleigh","state":"NC","zip":"27607","target_campus":"Main Campus","api_distance_to_campus_miles":122.47,"rent_low":0,"rent_high":null,"rent_display":"Call for Pricing","beds_low":1,"beds_high":4,"beds_display":"1 - 4 Beds","per_bed_pricing":false,"per_semester_pricing":false,"total_monthly_price":"Call for Rent","total_monthly_price_verified":null,"shared_space":false,"sublet":false,"lease_term":"","hide_address":false,"hide_map_pin":false,"last_updated":"2026-06-25T07:56:33Z","property_type":"Apartment Community","total_units":6,"active":true,"image_count":2,"listing_url":"https://offcampus.dasa.ncsu.edu/housing/property/lofts-at-lineberry/z44390w"}},{"type":"Feature","geometry":{"type":"Point","coordinates":[-78.627592,35.80608]},"properties":{"site_id":"ocp90bdzb4","ocp_id":1889317,"apartments_listing_key":"","name":"Brick Bungalow close to Campus","street_address":"724 New Road","city":"Raleigh","state":"NC","zip":"27608","target_campus":"Main Campus","api_distance_to_campus_miles":2.81,"rent_low":1050,"rent_high":1050,"rent_display":"$1,050","beds_low":1,"beds_high":1,"beds_display":"1 Bed","per_bed_pricing":true,"per_semester_pricing":false,"total_monthly_price":"$1,050 /Bedroom","total_monthly_price_verified":null,"shared_space":true,"sublet":false,"lease_term":"1 Month Lease","hide_address":false,"hide_map_pin":false,"last_updated":"2026-06-10T18:30:52Z","property_type":"Single-Family Home","total_units":null,"active":true,"image_count":14,"listing_url":"https://offcampus.dasa.ncsu.edu/housing/property/brick-bungalow-close-to-campus/ocp90bdzb4"}},{"type":"Feature","geometry":{"type":"Point","coordinates":[-78.700346,35.787608]},"properties":{"site_id":"ocp9blcpd7","ocp_id":975190,"apartments_listing_key":"","name":"Studio, One and Two Bedrooms at Westgrove Towers","street_address":"4700 Westgrove Street","city":"Raleigh","state":"NC","zip":"27606","target_campus":"Main Campus","api_distance_to_campus_miles":1.06,"rent_low":805,"rent_high":1050,"rent_display":"$805 - $1,050","beds_low":1,"beds_high":1,"beds_display":"1 Bed","per_bed_pricing":false,"per_semester_pricing":false,"total_monthly_price":"$805 - $1,050","total_monthly_price_verified":null,"shared_space":false,"sublet":false,"lease_term":"12 Month Lease","hide_address":false,"hide_map_pin":false,"last_updated":"2026-07-09T17:28:26Z","property_type":"Apartment Community","total_units":null,"active":true,"image_count":5,"listing_url":"https://offcampus.dasa.ncsu.edu/housing/property/studio-one-and-two-bedrooms-at-westgrove-towers/ocp9blcpd7"}},{"type":"Feature","geometry":{"type":"Point","coordinates":[-78.702305,35.762406]},"properties":{"site_id":"ocpq99qjpx","ocp_id":1252096,"apartments_listing_key":"","name":"Apartment close to NCSU","street_address":"1321 Crab Orchard Drive 201","city":"Raleigh","state":"NC","zip":"27606","target_campus":"Main Campus","api_distance_to_campus_miles":1.72,"rent_low":645,"rent_high":645,"rent_display":"$645","beds_low":1,"beds_high":1,"beds_display":"1 Bed","per_bed_pricing":true,"per_semester_pricing":false,"total_monthly_price":"$645 /Bedroom","total_monthly_price_verified":null,"shared_space":true,"sublet":false,"lease_term":"","hide_address":false,"hide_map_pin":false,"last_updated":"2026-04-14T09:09:11Z","property_type":"Apartment Community","total_units":null,"active":true,"image_count":11,"listing_url":"https://offcampus.dasa.ncsu.edu/housing/property/apartment-close-to-ncsu/ocpq99qjpx"}},{"type":"Feature","geometry":{"type":"Point","coordinates":[-78.702069,35.825827]},"properties":{"site_id":"gdtz0ww","ocp_id":2405455,"apartments_listing_key":"wgt93wh","name":"3111 Kentish Town Ln (Raleigh, NC)","street_address":"3111 Kentish Town Ln","city":"Raleigh","state":"NC","zip":"27612","target_campus":"Main Campus","api_distance_to_campus_miles":3.79,"rent_low":2700,"rent_high":2700,"rent_display":"$2,700","beds_low":3,"beds_high":3,"beds_display":"3 Beds","per_bed_pricing":false,"per_semester_pricing":false,"total_monthly_price":"$2,700","total_monthly_price_verified":null,"shared_space":false,"sublet":false,"lease_term":"","hide_address":false,"hide_map_pin":false,"last_updated":"2026-09-03T13:08:51Z","property_type":"Townhome","total_units":1,"active":true,"image_count":2,"listing_url":"https://offcampus.dasa.ncsu.edu/housing/property/3111-kentish-town-ln-raleigh-nc/gdtz0ww"}},{"type":"Feature","geometry":{"type":"Point","coordinates":[-78.695304,35.750831]},"properties":{"site_id":"ocps6ymwl7","ocp_id":852305,"apartments_listing_key":"","name":"University Woods","street_address":"1911 Wolf Tech Lane","city":"Raleigh","state":"NC","zip":"27603","target_campus":"Main Campus","api_distance_to_campus_miles":2.18,"rent_low":600,"rent_high":600,"rent_display":"$600","beds_low":1,"beds_high":1,"beds_display":"1 Bed","per_bed_pricing":true,"per_semester_pricing":false,"total_monthly_price":"$600 /Bedroom","total_monthly_price_verified":null,"shared_space":false,"sublet":false,"lease_term":"","hide_address":false,"hide_map_pin":false,"last_updated":"2024-04-17T19:13:38Z","property_type":"Residential Condo Unit For Rent","total_units":null,"active":true,"image_count":5,"listing_url":"https://offcampus.dasa.ncsu.edu/housing/property/university-woods/ocps6ymwl7"}},{"type":"Feature","geometry":{"type":"Point","coordinates":[-78.742572,35.748332]},"properties":{"site_id":"9m73sq5","ocp_id":1138004,"apartments_listing_key":"tq7ntq9","name":"Room in Townhome on Macedonia Lake Dr","street_address":"8627 Macedonia Lake Dr","city":"Cary","state":"NC","zip":"27518","target_campus":"Main Campus","api_distance_to_campus_miles":4.73,"rent_low":800,"rent_high":800,"rent_display":"$800","beds_low":1,"beds_high":1,"beds_display":"1 Bed","per_bed_pricing":false,"per_semester_pricing":false,"total_monthly_price":"$800","total_monthly_price_verified":null,"shared_space":false,"sublet":false,"lease_term":"","hide_address":false,"hide_map_pin":false,"last_updated":"2026-07-08T13:43:09Z","property_type":"Townhome","total_units":1,"active":true,"image_count":2,"listing_url":"https://offcampus.dasa.ncsu.edu/housing/property/room-in-townhome-on-macedonia-lake-dr/9m73sq5"}},{"type":"Feature","geometry":{"type":"Point","coordinates":[-78.701515,35.762115]},"properties":{"site_id":"ocpvgtpebg","ocp_id":852240,"apartments_listing_key":"","name":"Lake Park Condos- Room Rental with Utilities","street_address":"1410 Collegiate Circle","city":"Raleigh","state":"NC","zip":"27606","target_campus":"Main Campus","api_distance_to_campus_miles":1.72,"rent_low":500,"rent_high":600,"rent_display":"$500 - $600","beds_low":1,"beds_high":1,"beds_display":"1 Bed","per_bed_pricing":true,"per_semester_pricing":false,"total_monthly_price":"$500 - $600 /Bedroom","total_monthly_price_verified":null,"shared_space":true,"sublet":false,"lease_term":"12 Month Lease","hide_address":false,"hide_map_pin":false,"last_updated":"2026-02-15T22:07:36Z","property_type":"Residential Condo Unit For Rent","total_units":null,"active":true,"image_count":15,"listing_url":"https://offcampus.dasa.ncsu.edu/housing/property/lake-park-condos-room-rental-with-utilities/ocpvgtpebg"}},{"type":"Feature","geometry":{"type":"Point","coordinates":[-78.711159,35.799954]},"properties":{"site_id":"5hme2mn","ocp_id":839821,"apartments_listing_key":"plmv1ms","name":"The Station Raleigh","street_address":"4200 Trinity Rd","city":"Raleigh","state":"NC","zip":"27607","target_campus":"Main Campus","api_distance_to_campus_miles":2.13,"rent_low":749,"rent_high":1930,"rent_display":"$749 - $1,930","beds_low":1,"beds_high":4,"beds_display":"1 - 4 Beds","per_bed_pricing":true,"per_semester_pricing":false,"total_monthly_price":"$749 - $1,930 /Bedroom","total_monthly_price_verified":null,"shared_space":false,"sublet":false,"lease_term":"11 Month Lease","hide_address":false,"hide_map_pin":false,"last_updated":"2026-08-18T07:31:17Z","property_type":"Apartment Community","total_units":174,"active":true,"image_count":2,"listing_url":"https://offcampus.dasa.ncsu.edu/housing/property/the-station-raleigh/5hme2mn"}},{"type":"Feature","geometry":{"type":"Point","coordinates":[-78.701515,35.762115]},"properties":{"site_id":"ocp1kxjde4","ocp_id":781958,"apartments_listing_key":"","name":"Rent a WHOLE unit with water, electric, washer and dryer! 4 Bed 4 Bath! Lake Park Condos!","street_address":"1410 Collegiate Circle","city":"Raleigh","state":"NC","zip":"27606","target_campus":"Main Campus","api_distance_to_campus_miles":1.72,"rent_low":2000,"rent_high":2000,"rent_display":"$2,000","beds_low":4,"beds_high":4,"beds_display":"4 Beds","per_bed_pricing":false,"per_semester_pricing":false,"total_monthly_price":"$2,000","total_monthly_price_verified":null,"shared_space":false,"sublet":false,"lease_term":"12 Month Lease","hide_address":false,"hide_map_pin":false,"last_updated":"2026-02-15T22:14:10Z","property_type":"Residential Condo Unit For Rent","total_units":null,"active":true,"image_count":17,"listing_url":"https://offcampus.dasa.ncsu.edu/housing/property/rent-a-whole-unit-with-water-electric-washer-and-dryer-4-bed-4-bath-lake-park-condos/ocp1kxjde4"}},{"type":"Feature","geometry":{"type":"Point","coordinates":[-78.61236,35.739414]},"properties":{"site_id":"lpl9fce","ocp_id":2405456,"apartments_listing_key":"0nlzec1","name":"2850 Sanderford Rd (Raleigh, NC)","street_address":"2850 Sanderford Rd","city":"Raleigh","state":"NC","zip":"27610","target_campus":"Main Campus","api_distance_to_campus_miles":5.86,"rent_low":650,"rent_high":650,"rent_display":"$650","beds_low":1,"beds_high":1,"beds_display":"1 Bed","per_bed_pricing":false,"per_semester_pricing":false,"total_monthly_price":"$650","total_monthly_price_verified":null,"shared_space":false,"sublet":false,"lease_term":"","hide_address":false,"hide_map_pin":false,"last_updated":"2026-09-03T13:09:36Z","property_type":"Single-Family Home","total_units":1,"active":true,"image_count":2,"listing_url":"https://offcampus.dasa.ncsu.edu/housing/property/2850-sanderford-rd-raleigh-nc/lpl9fce"}},{"type":"Feature","geometry":{"type":"Point","coordinates":[-78.646275,35.872656]},"properties":{"site_id":"ocp706k96x","ocp_id":2240209,"apartments_listing_key":"","name":"Six Forks townhome","street_address":null,"city":"Raleigh","state":"NC","zip":"27615","target_campus":"Main Campus","api_distance_to_campus_miles":9.72,"rent_low":900,"rent_high":900,"rent_display":"$900","beds_low":1,"beds_high":1,"beds_display":"1 Bed","per_bed_pricing":true,"per_semester_pricing":false,"total_monthly_price":"$900 /Bedroom","total_monthly_price_verified":null,"shared_space":true,"sublet":false,"lease_term":"12 Month Lease","hide_address":true,"hide_map_pin":false,"last_updated":"2026-08-25T13:49:46Z","property_type":"Townhome","total_units":null,"active":true,"image_count":2,"listing_url":"https://offcampus.dasa.ncsu.edu/housing/property/six-forks-townhome/ocp706k96x"}},{"type":"Feature","geometry":{"type":"Point","coordinates":[-78.735782,35.774776]},"properties":{"site_id":"k8k3t7b","ocp_id":1326913,"apartments_listing_key":"1ckns76","name":"Room in House on Old Farm Rd","street_address":"612 Old Farm Rd","city":"Raleigh","state":"NC","zip":"27606","target_campus":"Main Campus","api_distance_to_campus_miles":3.06,"rent_low":650,"rent_high":650,"rent_display":"$650","beds_low":1,"beds_high":1,"beds_display":"1 Bed","per_bed_pricing":false,"per_semester_pricing":false,"total_monthly_price":"$650","total_monthly_price_verified":null,"shared_space":false,"sublet":false,"lease_term":"","hide_address":false,"hide_map_pin":false,"last_updated":"2026-08-12T17:59:56Z","property_type":"Single-Family Home","total_units":1,"active":true,"image_count":2,"listing_url":"https://offcampus.dasa.ncsu.edu/housing/property/room-in-house-on-old-farm-rd/k8k3t7b"}},{"type":"Feature","geometry":{"type":"Point","coordinates":[-78.739121,35.786004]},"properties":{"site_id":"ocpssgbbl7","ocp_id":2399437,"apartments_listing_key":"","name":"Inona Place","street_address":"228 Spark Street","city":"Raleigh","state":"NC","zip":"27606","target_campus":"Main Campus","api_distance_to_campus_miles":3.55,"rent_low":1800,"rent_high":1800,"rent_display":"$1,800","beds_low":3,"beds_high":3,"beds_display":"3 Beds","per_bed_pricing":false,"per_semester_pricing":false,"total_monthly_price":"$1,800","total_monthly_price_verified":null,"shared_space":false,"sublet":false,"lease_term":"10 Month Lease","hide_address":false,"hide_map_pin":false,"last_updated":"2026-08-31T23:42:16Z","property_type":"Townhome","total_units":null,"active":true,"image_count":11,"listing_url":"https://offcampus.dasa.ncsu.edu/housing/property/inona-place/ocpssgbbl7"}},{"type":"Feature","geometry":{"type":"Point","coordinates":[-78.598298,35.739297]},"properties":{"site_id":"3zb9brd","ocp_id":1138000,"apartments_listing_key":"hwbz9r0","name":"Room in House on Slippery Elm Dr","street_address":"3320 Slippery Elm Dr","city":"Raleigh","state":"NC","zip":"27610","target_campus":"Main Campus","api_distance_to_campus_miles":6.38,"rent_low":720,"rent_high":720,"rent_display":"$720","beds_low":1,"beds_high":1,"beds_display":"1 Bed","per_bed_pricing":false,"per_semester_pricing":false,"total_monthly_price":"$720","total_monthly_price_verified":null,"shared_space":false,"sublet":false,"lease_term":"","hide_address":false,"hide_map_pin":false,"last_updated":"2026-08-12T17:59:50Z","property_type":"Single-Family Home","total_units":1,"active":true,"image_count":2,"listing_url":"https://offcampus.dasa.ncsu.edu/housing/property/room-in-house-on-slippery-elm-dr/3zb9brd"}},{"type":"Feature","geometry":{"type":"Point","coordinates":[-78.677661,35.78914]},"properties":{"site_id":"ocpd9wnxdk","ocp_id":2311576,"apartments_listing_key":"","name":"$3600 saving on 2*2 Sublet at Stanhope Apartment for NC STATE","street_address":"3001 Hillsborough St","city":"Raleigh","state":"NC","zip":"27607","target_campus":"Main Campus","api_distance_to_campus_miles":0.15,"rent_low":550,"rent_high":550,"rent_display":"$550","beds_low":1,"beds_high":1,"beds_display":"1 Bed","per_bed_pricing":true,"per_semester_pricing":false,"total_monthly_price":"$550 /Bedroom","total_monthly_price_verified":null,"shared_space":true,"sublet":false,"lease_term":"12 Month Lease","hide_address":false,"hide_map_pin":false,"last_updated":"2026-08-14T14:08:41Z","property_type":"Apartment Community","total_units":null,"active":true,"image_count":0,"listing_url":"https://offcampus.dasa.ncsu.edu/housing/property/3600-saving-on-2-2-sublet-at-stanhope-apartment-for-nc-state/ocpd9wnxdk"}},{"type":"Feature","geometry":{"type":"Point","coordinates":[-78.688449,35.783494]},"properties":{"site_id":"0nhgh82","ocp_id":2389165,"apartments_listing_key":"lphsl8f","name":"Room in Condo on Carlton Ave","street_address":"1120 Carlton Ave","city":"Raleigh","state":"NC","zip":"27606","target_campus":"Main Campus","api_distance_to_campus_miles":0.19,"rent_low":635,"rent_high":635,"rent_display":"$635","beds_low":1,"beds_high":1,"beds_display":"1 Bed","per_bed_pricing":false,"per_semester_pricing":false,"total_monthly_price":"$635","total_monthly_price_verified":null,"shared_space":false,"sublet":false,"lease_term":"","hide_address":false,"hide_map_pin":false,"last_updated":"2026-08-27T14:08:15Z","property_type":"Duplex","total_units":1,"active":true,"image_count":2,"listing_url":"https://offcampus.dasa.ncsu.edu/housing/property/room-in-condo-on-carlton-ave/0nhgh82"}},{"type":"Feature","geometry":{"type":"Point","coordinates":[-78.692771,35.751416]},"properties":{"site_id":"ocp67ldb5s","ocp_id":2370264,"apartments_listing_key":"","name":"The Wilde","street_address":"3333 Melrose Club Boulevard","city":"Raleigh","state":"NC","zip":"27603","target_campus":"Main Campus","api_distance_to_campus_miles":2.26,"rent_low":860,"rent_high":860,"rent_display":"$860","beds_low":1,"beds_high":1,"beds_display":"1 Bed","per_bed_pricing":true,"per_semester_pricing":false,"total_monthly_price":"$860 /Bedroom","total_monthly_price_verified":null,"shared_space":true,"sublet":true,"lease_term":"12 Month Lease","hide_address":false,"hide_map_pin":false,"last_updated":"2026-08-18T18:18:00Z","property_type":"Apartment Community","total_units":null,"active":true,"image_count":5,"listing_url":"https://offcampus.dasa.ncsu.edu/housing/property/the-wilde/ocp67ldb5s"}},{"type":"Feature","geometry":{"type":"Point","coordinates":[-78.703185,35.763461]},"properties":{"site_id":"w6v7z0h","ocp_id":1336169,"apartments_listing_key":"g5vjw0w","name":"Room in Condo on University Ct","street_address":"1220 University Ct","city":"Raleigh","state":"NC","zip":"27606","target_campus":"Main Campus","api_distance_to_campus_miles":1.75,"rent_low":650,"rent_high":650,"rent_display":"$650","beds_low":1,"beds_high":1,"beds_display":"1 Bed","per_bed_pricing":false,"per_semester_pricing":false,"total_monthly_price":"$650","total_monthly_price_verified":null,"shared_space":false,"sublet":false,"lease_term":"","hide_address":false,"hide_map_pin":false,"last_updated":"2026-07-15T14:43:45Z","property_type":"Duplex","total_units":1,"active":true,"image_count":2,"listing_url":"https://offcampus.dasa.ncsu.edu/housing/property/room-in-condo-on-university-ct/w6v7z0h"}},{"type":"Feature","geometry":{"type":"Point","coordinates":[-78.69618,35.748959]},"properties":{"site_id":"ocp0psn632","ocp_id":810251,"apartments_listing_key":"","name":"An apartments with 3 bed and 3 bath for NC State Students www.ncstudentsliving.com","street_address":"2031 Wolfmill Drive Unit 204","city":"Raleigh","state":"NC","zip":"27603","target_campus":"Main Campus","api_distance_to_campus_miles":2.24,"rent_low":650,"rent_high":650,"rent_display":"$650","beds_low":3,"beds_high":3,"beds_display":"3 Beds","per_bed_pricing":true,"per_semester_pricing":false,"total_monthly_price":"$650 /Bedroom","total_monthly_price_verified":null,"shared_space":false,"sublet":false,"lease_term":"12 Month Lease","hide_address":false,"hide_map_pin":false,"last_updated":"2025-10-29T02:33:12Z","property_type":"Residential Condo Unit For Rent","total_units":null,"active":true,"image_count":6,"listing_url":"https://offcampus.dasa.ncsu.edu/housing/property/an-apartments-with-3-bed-and-3-bath-for-nc-state-students-www-ncstudentsliving-com/ocp0psn632"}},{"type":"Feature","geometry":{"type":"Point","coordinates":[-78.62745,35.776606]},"properties":{"site_id":"l1e6hxd","ocp_id":1564080,"apartments_listing_key":"02ehlx0","name":"707 E Martin St (Raleigh, NC)","street_address":"707 E Martin St","city":"Raleigh","state":"NC","zip":"27601","target_campus":"Main Campus","api_distance_to_campus_miles":2.35,"rent_low":2650,"rent_high":2650,"rent_display":"$2,650","beds_low":3,"beds_high":3,"beds_display":"3 Beds","per_bed_pricing":false,"per_semester_pricing":false,"total_monthly_price":"$2,650","total_monthly_price_verified":null,"shared_space":false,"sublet":false,"lease_term":"","hide_address":false,"hide_map_pin":false,"last_updated":"2026-08-22T13:30:37Z","property_type":"Single-Family Home","total_units":1,"active":true,"image_count":2,"listing_url":"https://offcampus.dasa.ncsu.edu/housing/property/707-e-martin-st-raleigh-nc/l1e6hxd"}},{"type":"Feature","geometry":{"type":"Point","coordinates":[-78.620987,35.793768]},"properties":{"site_id":"ocpsqjgls7","ocp_id":1739235,"apartments_listing_key":"","name":"Cozy private apt","street_address":"808 Edmund Street","city":"Raleigh","state":"NC","zip":"27604","target_campus":"Main Campus","api_distance_to_campus_miles":2.87,"rent_low":1595,"rent_high":1595,"rent_display":"$1,595","beds_low":1,"beds_high":1,"beds_display":"1 Bed","per_bed_pricing":false,"per_semester_pricing":false,"total_monthly_price":"$1,595","total_monthly_price_verified":null,"shared_space":false,"sublet":false,"lease_term":"12 Month Lease","hide_address":false,"hide_map_pin":false,"last_updated":"2025-10-29T13:51:41Z","property_type":"Apartment Community","total_units":null,"active":true,"image_count":3,"listing_url":"https://offcampus.dasa.ncsu.edu/housing/property/cozy-private-apt/ocpsqjgls7"}},{"type":"Feature","geometry":{"type":"Point","coordinates":[-78.68598,35.75105]},"properties":{"site_id":"y6ff3gt","ocp_id":1138001,"apartments_listing_key":"e5fr0gp","name":"Room in Condo on Trailwood Heights Ln","street_address":"1901 Trailwood Heights Ln","city":"Raleigh","state":"NC","zip":"27603","target_campus":"Main Campus","api_distance_to_campus_miles":2.65,"rent_low":875,"rent_high":875,"rent_display":"$875","beds_low":1,"beds_high":1,"beds_display":"1 Bed","per_bed_pricing":false,"per_semester_pricing":false,"total_monthly_price":"$875","total_monthly_price_verified":null,"shared_space":false,"sublet":false,"lease_term":"","hide_address":false,"hide_map_pin":false,"last_updated":"2026-08-12T17:59:50Z","property_type":"Duplex","total_units":1,"active":true,"image_count":2,"listing_url":"https://offcampus.dasa.ncsu.edu/housing/property/room-in-condo-on-trailwood-heights-ln/y6ff3gt"}},{"type":"Feature","geometry":{"type":"Point","coordinates":[-78.677661,35.78914]},"properties":{"site_id":"ocpk5yz73b","ocp_id":1735560,"apartments_listing_key":"","name":"Stanhope Student Apartments","street_address":"3001 Hillsborough Street","city":"Raleigh","state":"NC","zip":"27607","target_campus":"Main Campus","api_distance_to_campus_miles":0.15,"rent_low":1300,"rent_high":1300,"rent_display":"$1,300","beds_low":1,"beds_high":1,"beds_display":"1 Bed","per_bed_pricing":true,"per_semester_pricing":false,"total_monthly_price":"$1,300 /Bedroom","total_monthly_price_verified":null,"shared_space":true,"sublet":false,"lease_term":"6 Month Lease","hide_address":false,"hide_map_pin":false,"last_updated":"2025-10-26T18:46:46Z","property_type":"Apartment Community","total_units":null,"active":true,"image_count":2,"listing_url":"https://offcampus.dasa.ncsu.edu/housing/property/stanhope-student-apartments/ocpk5yz73b"}},{"type":"Feature","geometry":{"type":"Point","coordinates":[-78.709713,35.772749]},"properties":{"site_id":"hp3tns3","ocp_id":2370236,"apartments_listing_key":"3n3dpsg","name":"Room in House on Ravel St","street_address":"729 Ravel St","city":"Raleigh","state":"NC","zip":"27606","target_campus":"Main Campus","api_distance_to_campus_miles":1.82,"rent_low":600,"rent_high":600,"rent_display":"$600","beds_low":1,"beds_high":1,"beds_display":"1 Bed","per_bed_pricing":false,"per_semester_pricing":false,"total_monthly_price":"$600","total_monthly_price_verified":null,"shared_space":false,"sublet":false,"lease_term":"","hide_address":false,"hide_map_pin":false,"last_updated":"2026-08-18T17:40:52Z","property_type":"Single-Family Home","total_units":1,"active":true,"image_count":2,"listing_url":"https://offcampus.dasa.ncsu.edu/housing/property/room-in-house-on-ravel-st/hp3tns3"}},{"type":"Feature","geometry":{"type":"Point","coordinates":[-78.693057,35.774772]},"properties":{"site_id":"ocp5lwrmvq","ocp_id":2397794,"apartments_listing_key":"","name":"Convenient Kaplan Dr property near NCSU buses, park, grocery, with parking space & private bathroom","street_address":"2012 Trexler Court","city":"Raleigh","state":"NC","zip":"27606","target_campus":"Main Campus","api_distance_to_campus_miles":0.7,"rent_low":675,"rent_high":675,"rent_display":"$675","beds_low":1,"beds_high":1,"beds_display":"1 Bed","per_bed_pricing":true,"per_semester_pricing":false,"total_monthly_price":"$675 /Bedroom","total_monthly_price_verified":null,"shared_space":true,"sublet":true,"lease_term":"12 Month Lease","hide_address":false,"hide_map_pin":false,"last_updated":"2026-08-31T14:32:06Z","property_type":"Townhome","total_units":null,"active":true,"image_count":8,"listing_url":"https://offcampus.dasa.ncsu.edu/housing/property/convenient-kaplan-dr-property-near-ncsu-buses-park-grocery-with-parking-space-and-private-bathroom/ocp5lwrmvq"}},{"type":"Feature","geometry":{"type":"Point","coordinates":[-78.679261,35.778144]},"properties":{"site_id":"ocpf3gzfct","ocp_id":2309658,"apartments_listing_key":"","name":"Champion Court Condo","street_address":"2375 Champion Court","city":"Raleigh","state":"NC","zip":"27606","target_campus":"Main Campus","api_distance_to_campus_miles":0,"rent_low":1500,"rent_high":1500,"rent_display":"$1,500","beds_low":2,"beds_high":2,"beds_display":"2 Beds","per_bed_pricing":false,"per_semester_pricing":false,"total_monthly_price":"$1,500","total_monthly_price_verified":null,"shared_space":false,"sublet":false,"lease_term":"12 Month Lease","hide_address":false,"hide_map_pin":false,"last_updated":"2026-08-04T19:59:43Z","property_type":"Residential Condo Unit For Rent","total_units":null,"active":true,"image_count":12,"listing_url":"https://offcampus.dasa.ncsu.edu/housing/property/champion-court-condo/ocpf3gzfct"}},{"type":"Feature","geometry":{"type":"Point","coordinates":[-78.68822,35.781248]},"properties":{"site_id":"ocpvee4m9g","ocp_id":952740,"apartments_listing_key":"","name":"Furnished 4 bed 3 baths Ranch House, walk to NCSU, free parking","street_address":null,"city":"Raleigh","state":"NC","zip":"27606","target_campus":"Main Campus","api_distance_to_campus_miles":0.2,"rent_low":2495,"rent_high":2495,"rent_display":"$2,495","beds_low":4,"beds_high":4,"beds_display":"4 Beds","per_bed_pricing":false,"per_semester_pricing":false,"total_monthly_price":"$2,495","total_monthly_price_verified":null,"shared_space":false,"sublet":false,"lease_term":"12 Month Lease","hide_address":true,"hide_map_pin":false,"last_updated":"2026-05-07T19:01:04Z","property_type":"Single-Family Home","total_units":null,"active":true,"image_count":13,"listing_url":"https://offcampus.dasa.ncsu.edu/housing/property/furnished-4-bed-3-baths-ranch-house-walk-to-ncsu-free-parking/ocpvee4m9g"}},{"type":"Feature","geometry":{"type":"Point","coordinates":[-78.66049,35.785129]},"properties":{"site_id":"ocpkrnvkk8","ocp_id":2384265,"apartments_listing_key":"","name":"The Hub Raleigh","street_address":"111 Cox Avenue","city":"Raleigh","state":"NC","zip":"27605","target_campus":"Main Campus","api_distance_to_campus_miles":0.16,"rent_low":1500,"rent_high":1500,"rent_display":"$1,500","beds_low":0,"beds_high":0,"beds_display":"Studio","per_bed_pricing":false,"per_semester_pricing":false,"total_monthly_price":"$1,500","total_monthly_price_verified":null,"shared_space":false,"sublet":false,"lease_term":"12 Month Lease","hide_address":false,"hide_map_pin":false,"last_updated":"2026-08-24T20:35:25Z","property_type":"Apartment Community","total_units":null,"active":true,"image_count":1,"listing_url":"https://offcampus.dasa.ncsu.edu/housing/property/the-hub-raleigh/ocpkrnvkk8"}},{"type":"Feature","geometry":{"type":"Point","coordinates":[-78.693983,35.749033]},"properties":{"site_id":"ocpq292qyw","ocp_id":1785441,"apartments_listing_key":"","name":"1st Month FREE!","street_address":"3000 Centennial Woods Drive Unit D","city":"Raleigh","state":"NC","zip":"27603","target_campus":"Main Campus","api_distance_to_campus_miles":2.26,"rent_low":625,"rent_high":625,"rent_display":"$625","beds_low":1,"beds_high":1,"beds_display":"1 Bed","per_bed_pricing":true,"per_semester_pricing":false,"total_monthly_price":"$625 /Bedroom","total_monthly_price_verified":null,"shared_space":true,"sublet":false,"lease_term":"6 Month Lease","hide_address":false,"hide_map_pin":false,"last_updated":"2025-11-18T17:47:35Z","property_type":"Apartment Community","total_units":null,"active":true,"image_count":12,"listing_url":"https://offcampus.dasa.ncsu.edu/housing/property/1st-month-free/ocpq292qyw"}},{"type":"Feature","geometry":{"type":"Point","coordinates":[-78.693388,35.775196]},"properties":{"site_id":"ocpqh8kxbz","ocp_id":2377874,"apartments_listing_key":"","name":"Falcon Ridge subdivision","street_address":"2027 Trexler Court","city":"Raleigh","state":"NC","zip":"27606","target_campus":"Main Campus","api_distance_to_campus_miles":0.71,"rent_low":650,"rent_high":650,"rent_display":"$650","beds_low":1,"beds_high":1,"beds_display":"1 Bed","per_bed_pricing":true,"per_semester_pricing":false,"total_monthly_price":"$650 /Bedroom","total_monthly_price_verified":null,"shared_space":true,"sublet":true,"lease_term":"11 Month Lease","hide_address":false,"hide_map_pin":false,"last_updated":"2026-08-21T22:56:31Z","property_type":"Townhome","total_units":null,"active":true,"image_count":3,"listing_url":"https://offcampus.dasa.ncsu.edu/housing/property/falcon-ridge-subdivision/ocpqh8kxbz"}},{"type":"Feature","geometry":{"type":"Point","coordinates":[-78.69035,35.772759]},"properties":{"site_id":"ocpqfg7r3z","ocp_id":781956,"apartments_listing_key":"","name":"University Commons PRELEASING FOR 2026-2027","street_address":"1521 Graduate Lane","city":"Raleigh","state":"NC","zip":"27606","target_campus":"Main Campus","api_distance_to_campus_miles":0.54,"rent_low":2200,"rent_high":2700,"rent_display":"$2,200 - $2,700","beds_low":4,"beds_high":4,"beds_display":"4 Beds","per_bed_pricing":false,"per_semester_pricing":false,"total_monthly_price":"$2,200 - $2,700","total_monthly_price_verified":null,"shared_space":false,"sublet":false,"lease_term":"12 Month Lease","hide_address":false,"hide_map_pin":false,"last_updated":"2026-06-04T05:02:16Z","property_type":"Residential Condo Unit For Rent","total_units":null,"active":true,"image_count":6,"listing_url":"https://offcampus.dasa.ncsu.edu/housing/property/university-commons-preleasing-for-2026-2027/ocpqfg7r3z"}},{"type":"Feature","geometry":{"type":"Point","coordinates":[-78.693428,35.774959]},"properties":{"site_id":"ocpqsb7fkz","ocp_id":2091142,"apartments_listing_key":"","name":"TWO BEDROOM TOWNHOUSE IN EXCELLENT CONDITION","street_address":"2051 Trexler Court","city":"Raleigh","state":"NC","zip":"27606","target_campus":"Main Campus","api_distance_to_campus_miles":0.71,"rent_low":1550,"rent_high":1550,"rent_display":"$1,550","beds_low":2,"beds_high":2,"beds_display":"2 Beds","per_bed_pricing":false,"per_semester_pricing":false,"total_monthly_price":"$1,550","total_monthly_price_verified":null,"shared_space":false,"sublet":false,"lease_term":"12 Month Lease","hide_address":false,"hide_map_pin":false,"last_updated":"2026-05-05T19:20:02Z","property_type":"Townhome","total_units":null,"active":true,"image_count":6,"listing_url":"https://offcampus.dasa.ncsu.edu/housing/property/two-bedroom-townhouse-in-excellent-condition/ocpqsb7fkz"}},{"type":"Feature","geometry":{"type":"Point","coordinates":[-78.634239,35.789176]},"properties":{"site_id":"ocp8d9cwv0","ocp_id":1930889,"apartments_listing_key":"","name":"Bright 2 BR, 2 BA unit in vibrant Person St district","street_address":"710 North Person Street #202","city":"Raleigh","state":"NC","zip":"27604","target_campus":"Main Campus","api_distance_to_campus_miles":1.84,"rent_low":1950,"rent_high":1950,"rent_display":"$1,950","beds_low":2,"beds_high":2,"beds_display":"2 Beds","per_bed_pricing":false,"per_semester_pricing":false,"total_monthly_price":"$1,950","total_monthly_price_verified":null,"shared_space":false,"sublet":false,"lease_term":"12 Month Lease","hide_address":false,"hide_map_pin":false,"last_updated":"2026-02-24T16:25:02Z","property_type":"Residential Condo Unit For Rent","total_units":null,"active":true,"image_count":23,"listing_url":"https://offcampus.dasa.ncsu.edu/housing/property/bright-2-br-2-ba-unit-in-vibrant-person-st-district/ocp8d9cwv0"}},{"type":"Feature","geometry":{"type":"Point","coordinates":[-78.682798,35.773862]},"properties":{"site_id":"ocp9g1mkz6","ocp_id":2270352,"apartments_listing_key":"","name":"Stylish Studio Condo on NC State University Campus","street_address":"2504 Avent Ferry Road APT 204","city":"Raleigh","state":"NC","zip":"27606","target_campus":"Main Campus","api_distance_to_campus_miles":0.18,"rent_low":1630,"rent_high":1630,"rent_display":"$1,630","beds_low":2,"beds_high":2,"beds_display":"2 Beds","per_bed_pricing":false,"per_semester_pricing":false,"total_monthly_price":"$1,630","total_monthly_price_verified":null,"shared_space":false,"sublet":false,"lease_term":"12 Month Lease","hide_address":false,"hide_map_pin":false,"last_updated":"2026-07-14T14:07:03Z","property_type":"Residential Condo Unit For Rent","total_units":null,"active":true,"image_count":15,"listing_url":"https://offcampus.dasa.ncsu.edu/housing/property/stylish-studio-condo-on-nc-state-university-campus/ocp9g1mkz6"}},{"type":"Feature","geometry":{"type":"Point","coordinates":[-78.683011,35.774037]},"properties":{"site_id":"ocpeg5yhcm","ocp_id":1113658,"apartments_listing_key":"","name":"Avery Close","street_address":"2508 Avent Ferry Road","city":"Raleigh","state":"NC","zip":"27606","target_campus":"Main Campus","api_distance_to_campus_miles":0.19,"rent_low":1295,"rent_high":1650,"rent_display":"$1,295 - $1,650","beds_low":2,"beds_high":2,"beds_display":"2 Beds","per_bed_pricing":false,"per_semester_pricing":false,"total_monthly_price":"$1,295 - $1,650","total_monthly_price_verified":null,"shared_space":false,"sublet":false,"lease_term":"12 Month Lease","hide_address":false,"hide_map_pin":false,"last_updated":"2026-07-09T16:49:36Z","property_type":"Residential Condo Unit For Rent","total_units":null,"active":true,"image_count":6,"listing_url":"https://offcampus.dasa.ncsu.edu/housing/property/avery-close/ocpeg5yhcm"}},{"type":"Feature","geometry":{"type":"Point","coordinates":[-78.682645,35.774124]},"properties":{"site_id":"ocpsnmx4w4","ocp_id":2233761,"apartments_listing_key":"","name":"\"Avery Close \" condos room available across from Centennial Campus NCSU NC State Raleigh","street_address":"2522 Avent Ferry Road Unit 201","city":"Raleigh","state":"NC","zip":"27606","target_campus":"Main Campus","api_distance_to_campus_miles":0.2,"rent_low":750,"rent_high":750,"rent_display":"$750","beds_low":1,"beds_high":1,"beds_display":"1 Bed","per_bed_pricing":true,"per_semester_pricing":false,"total_monthly_price":"$750 /Bedroom","total_monthly_price_verified":null,"shared_space":true,"sublet":false,"lease_term":"12 Month Lease","hide_address":false,"hide_map_pin":false,"last_updated":"2026-07-08T21:32:23Z","property_type":"Residential Condo Unit For Rent","total_units":null,"active":true,"image_count":15,"listing_url":"https://offcampus.dasa.ncsu.edu/housing/property/avery-close-condos-room-available-across-from-centennial-campus-ncsu-nc-state-raleigh/ocpsnmx4w4"}},{"type":"Feature","geometry":{"type":"Point","coordinates":[-78.67903,35.777321]},"properties":{"site_id":"ocp2k6k5g8","ocp_id":874531,"apartments_listing_key":"","name":"Furnished Room for Rent (Between Central and Centennial Campus)","street_address":"2327 Champion Court","city":"Raleigh","state":"NC","zip":"27606","target_campus":"Main Campus","api_distance_to_campus_miles":0.22,"rent_low":600,"rent_high":600,"rent_display":"$600","beds_low":1,"beds_high":1,"beds_display":"1 Bed","per_bed_pricing":true,"per_semester_pricing":false,"total_monthly_price":"$600 /Bedroom","total_monthly_price_verified":null,"shared_space":true,"sublet":false,"lease_term":"9 Month Lease","hide_address":false,"hide_map_pin":false,"last_updated":"2026-08-16T04:15:57Z","property_type":"Residential Condo Unit For Rent","total_units":null,"active":true,"image_count":6,"listing_url":"https://offcampus.dasa.ncsu.edu/housing/property/furnished-room-for-rent-between-central-and-centennial-campus/ocp2k6k5g8"}}]}