site_id,name,address,city,state,zip,lat,lon,rent_low,rent_high,rent_display,original_pricing_type,pricing_type,beds_low,beds_high,beds_display,property_type,shared_space,sublet,lease_term,last_updated,listing_url,eligible_price,review_status,exclusion_reason,review_note,review_date,flags,floorplan_count,floorplan_low,floorplan_high,earliest_date,latest_date,all_2027_or_later,all_in_differs,distance_main,band_main,boundary_feet_main,distance_centennial,band_centennial,boundary_feet_centennial,distance_vet,band_vet,boundary_feet_vet,in_union
kele8mc,Lofts at Lakeview,2616 Erwin Rd,Durham,NC,27705,36.009311,-78.94637,1595,2995,"$1,595 - $2,995",Whole unit,Whole unit,0,2,Studio - 2 Beds,Apartment Community,False,False,12 Month Lease,2026-09-02T07:18:32Z,https://offcampus.dasa.ncsu.edu/housing/property/lofts-at-lakeview/kele8mc,True,Included in rent means,,Source pricing flag retained; automated consistency checks passed. This is not independent landlord verification.,2026-09-13,floorplan_all_in_differs,23,1595,2995,2023-05-31,2026-08-28,False,True,21.716273750140108,Outside 5 mi,88261.92540073977,22.42522403224381,Outside 5 mi,92005.18289024732,19.902017808482075,Outside 5 mi,78682.65402878536,False
ocpet5b7hm,Modern/High Ceilings 2bed/2 bath,2304 Hillsborough Street,Raleigh,NC,27607,35.787311,-78.666093,1250,1250,"$1,250",Per bedroom,Per bedroom,2,2,2 Beds,Apartment Community,False,False,6 Month Lease,2026-08-19T21:27:02Z,https://offcampus.dasa.ncsu.edu/housing/property/modern-high-ceilings-2bed-2-bath/ocpet5b7hm,True,Included in rent means,,Source pricing flag retained; automated consistency checks passed. This is not independent landlord verification.,2026-09-13,,1,1250,1250,2026-07-07,2026-07-07,False,False,1.0265520051795092,>1–3 mi,140.19458734780844,1.4361006961396345,>1–3 mi,2302.6116756172705,2.26426412281224,>1–3 mi,3884.6854315513715,True
59xvx3n,Aventura RTP,200 Edinborough Dr,Durham,NC,27703,35.894098,-78.846917,1149,1946,"$1,149 - $1,946",Whole unit,Whole unit,1,3,1 - 3 Beds,Apartment Community,False,False,,2026-09-07T07:45:06Z,https://offcampus.dasa.ncsu.edu/housing/property/aventura-rtp/59xvx3n,True,Included in rent means,,Source pricing flag retained; automated consistency checks passed. This is not independent landlord verification.,2026-09-13,lease_term_missing; floorplan_all_in_differs,9,1149,1946,2026-05-18,2026-09-14,False,True,12.179761335574153,Outside 5 mi,37909.139851831525,12.850384956527858,Outside 5 mi,41450.03257046709,10.375583168760146,Outside 5 mi,28383.07913105357,False
ocpvcjy8we,Rare 4 bedroom 4 full bath only $2200. per month,1351 Crab Orchard Drive 202,Raleigh,NC,27606,35.762584,-78.703352,2200,2200,"$2,200",Whole unit,Whole unit,4,4,4 Beds,Residential Condo Unit For Rent,False,False,12 Month Lease,2026-08-07T10:33:48Z,https://offcampus.dasa.ncsu.edu/housing/property/rare-4-bedroom-4-full-bath-only-2200-per-month/ocpvcjy8we,True,Included in rent means,,Source pricing flag retained; automated consistency checks passed. This is not independent landlord verification.,2026-09-13,all_floorplans_2027_or_later,1,2200,2200,2027-08-05,2027-08-05,True,False,1.6863306662969657,>1–3 mi,3623.825918047979,1.5096980382589997,>1–3 mi,2691.2056420075187,2.4798222005848114,>1–3 mi,2746.5387809121958,True
7e6kx1w,Centennial Ridge Student Housing,2450 Centennial Ridge Way,Raleigh,NC,27603,35.745958,-78.69065,599,2157,"$599 - $2,157",Per bedroom,Per bedroom,3,3,3 Beds,Apartment Community,False,False,11 Month Lease,2026-08-14T07:28:17Z,https://offcampus.dasa.ncsu.edu/housing/property/centennial-ridge-student-housing/7e6kx1w,True,Included in rent means,,"Portal explicitly labels the entire $599–$2,157 range per bedroom (reviewed September 13). Retained as reported, but the high endpoint needs landlord confirmation. Sensitivity results also omit this listing; no assumed division by three.",2026-09-13,floorplan_all_in_differs; high_endpoint_review,1,599,2157,2026-08-14,2026-08-14,False,True,2.3721447191090372,>1–3 mi,3315.0758831042835,1.7357078099887413,>1–3 mi,3884.537236740554,3.7055217119201496,>3–5 mi,3725.15463893839,True
ocpw46rjcl,Brand New Luxury Furnished Townhome | 4 Bed /  3.5 Bath | 5 Min to NC State & 3 Mins to Fenton +shop,,Raleigh,NC,27606,35.774826,-78.740894,900,1050,"$900 - $1,050",Per bedroom,Per bedroom,3,3,3 Beds,Townhome,True,False,12 Month Lease,2026-07-08T00:53:37Z,https://offcampus.dasa.ncsu.edu/housing/property/brand-new-luxury-furnished-townhome-4-bed-3-5-bath-5-min-to-nc-state-and-3-mins-to-fenton-shop/ocpw46rjcl,True,Included in rent means,,Source pricing flag retained; automated consistency checks passed. This is not independent landlord verification.,2026-09-13,,1,900,1050,2026-08-01,2026-08-01,False,False,3.3349970297971607,>3–5 mi,1768.7843173290087,3.5789267017412856,>3–5 mi,3056.732985193988,2.6317869022084666,>1–3 mi,1944.1651563392966,True
mc0h4yh,The Reserve at Patterson Place,1055 Stillwell Dr,Durham,NC,27707,35.950566,-78.983303,1288,2422,"$1,288 - $2,422",Whole unit,Whole unit,1,3,1 - 3 Beds,Apartment Community,False,False,,2026-09-07T07:40:35Z,https://offcampus.dasa.ncsu.edu/housing/property/the-reserve-at-patterson-place/mc0h4yh,False,Excluded from rent means,Search/detail price mismatch,"Source pricing flag retained; automated consistency checks passed. This is not independent landlord verification. Search summary: $1288–$2422; saved floor-plan envelope: $1238–$2422. Difference may reflect fees, timing or scope; unresolved snapshot price excluded.",2026-09-13,price_mismatch; lease_term_missing,21,1238,2422,2026-06-19,2026-12-06,False,False,20.613532105118523,Outside 5 mi,82439.4495150258,21.23984356529508,Outside 5 mi,85746.37402475801,18.836598312449112,Outside 5 mi,73057.23908973132,False
ocpchygggd,Hurry 2 Rooms Left! – 4BR/4BA Condo Near NC State  – All Utilities & Internet Included!,2020 University Woods Road Apt 102,Raleigh,NC,27603,35.749382,-78.69395,695,695,$695,Per bedroom,Per bedroom,2,2,2 Beds,Residential Condo Unit For Rent,True,False,12 Month Lease,2026-02-16T16:42:25Z,https://offcampus.dasa.ncsu.edu/housing/property/hurry-2-rooms-left-4br-4ba-condo-near-nc-state-all-utilities-and-internet-included/ocpchygggd,True,Included in rent means,,Source pricing flag retained; automated consistency checks passed. This is not independent landlord verification.,2026-09-13,,1,695,695,1970-01-01,1970-01-01,False,False,2.1923662982834173,>1–3 mi,4264.3059450635565,1.622412333916784,>1–3 mi,3286.337123080619,3.43886765110602,>3–5 mi,2317.221197839785,True
es0855q,Maxwell Raleigh,3101 Hillsborough St,Raleigh,NC,27607,35.78944,-78.678155,799,1899,"$799 - $1,899",Whole unit,Review,0,4,Studio - 4 Beds,Apartment Community,False,False,11 Month Lease,2026-08-29T07:34:06Z,https://offcampus.dasa.ncsu.edu/housing/property/maxwell-raleigh/es0855q,False,Excluded from rent means,Unresolved pricing basis,Saved floor plans contain both per-bedroom and whole-unit flags. A single property range cannot be assigned a reliable common pricing basis; no division by bedroom count or price substitution.,2026-09-13,pricing_basis_review,36,799,1899,2027-08-13,2027-08-13,False,False,0.7139793622917193,0–1 mi,1510.188967099722,1.4334677806269027,>1–3 mi,2288.7098817100464,1.5812217815477279,>1–3 mi,3068.851006572003,True
ocpesl9n3p,maisonNC --- Fully Furnished minutes away from Wolfline and Shopping,1251 University Court,Raleigh,NC,27606,35.763398,-78.702658,750,750,$750,Per bedroom,Per bedroom,4,4,4 Beds,Residential Condo Unit For Rent,True,False,6 Month Lease,2026-09-03T16:16:57Z,https://offcampus.dasa.ncsu.edu/housing/property/maisonnc-fully-furnished-minutes-away-from-wolfline-and-shopping/ocpesl9n3p,True,Included in rent means,,Source pricing flag retained; automated consistency checks passed. This is not independent landlord verification.,2026-09-13,,1,750,750,1970-01-01,1970-01-01,False,False,1.6193493622807462,>1–3 mi,3270.16463284234,1.4572333778854396,>1–3 mi,2414.192235235121,2.4245549187538913,>1–3 mi,3038.350028979454,True
lvqgnje,Trellis-University Hill,3017 Pickett Rd,Durham,NC,27705,35.973823,-78.963096,1400,1625,"$1,400 - $1,625",Whole unit,Whole unit,1,2,1 - 2 Beds,Apartment Community,False,False,12 Month Lease,2026-08-20T08:00:01Z,https://offcampus.dasa.ncsu.edu/housing/property/trellis-university-hill/lvqgnje,True,Included in rent means,,Source pricing flag retained; automated consistency checks passed. This is not independent landlord verification.,2026-09-13,,2,1400,1625,2026-08-25,2026-08-25,False,False,20.699582448645288,Outside 5 mi,82893.79532884712,21.36701740449956,Outside 5 mi,86417.85189575767,18.894969219826667,Outside 5 mi,73365.4374806848,False
ocpcm3jede,maisonNC --- Fully Furnished minutes away from Wolfline and Shopping,1440 Collegiate Circle,Raleigh,NC,27606,35.762694,-78.701312,750,750,$750,Per bedroom,Per bedroom,4,4,4 Beds,Residential Condo Unit For Rent,True,False,6 Month Lease,2026-09-03T16:23:39Z,https://offcampus.dasa.ncsu.edu/housing/property/maisonnc-fully-furnished-minutes-away-from-wolfline-and-shopping/ocpcm3jede,True,Included in rent means,,Source pricing flag retained; automated consistency checks passed. This is not independent landlord verification.,2026-09-13,,1,750,750,2026-09-01,2026-09-01,False,False,1.6003712180034149,>1–3 mi,3169.9600310580304,1.3979906391999604,>1–3 mi,2101.3905749757905,2.4767507024032347,>1–3 mi,2762.756291310921,True
seyb987,Wesley,442 Jefferson Towne Dr,Raleigh,NC,27606,35.779833,-78.741537,1240,2160,"$1,240 - $2,160",Whole unit,Whole unit,1,3,1 - 3 Beds,Apartment Community,False,False,,2026-09-03T07:38:50Z,https://offcampus.dasa.ncsu.edu/housing/property/wesley/seyb987,True,Included in rent means,,Source pricing flag retained; automated consistency checks passed. This is not independent landlord verification.,2026-09-13,lease_term_missing; floorplan_all_in_differs,6,1240,2160,2026-07-09,2026-08-28,False,True,3.3552690309201325,>3–5 mi,1875.8204832582996,3.671232195629428,>3–5 mi,3544.10599292338,2.4628050958690744,>1–3 mi,2836.3890938112872,True
ocpnx5c0kn,Modern & spacious 3BR/3BA Apartment w/View,2304 Hillsborough Street,Raleigh,NC,27607,35.78754,-78.666068,1000,1000,"$1,000",Per bedroom,Per bedroom,3,3,3 Beds,Apartment Community,False,False,12 Month Lease,2026-09-03T12:50:45Z,https://offcampus.dasa.ncsu.edu/housing/property/modern-and-spacious-3br-3ba-apartment-w-view/ocpnx5c0kn,True,Included in rent means,,Source pricing flag retained; automated consistency checks passed. This is not independent landlord verification.,2026-09-13,,1,1000,1000,1970-01-01,1970-01-01,False,False,1.0361293730630046,>1–3 mi,190.7630897726641,1.4509033067970813,>1–3 mi,2380.7694598885896,2.2602430091870453,>1–3 mi,3905.9169114924007,True
ll5gb9f,Rhyne's Gate Apartments,1110 McKimmon View Ct,Raleigh,NC,27606,35.783346,-78.688047,1150,1150,"$1,150",Whole unit,Whole unit,2,2,2 Beds,Apartment Community,False,False,,2026-09-02T07:57:49Z,https://offcampus.dasa.ncsu.edu/housing/property/rhynes-gate-apartments/ll5gb9f,True,Included in rent means,,Source pricing flag retained; automated consistency checks passed. This is not independent landlord verification.,2026-09-13,lease_term_missing,1,1150,1150,,,False,False,0.44453820202020616,0–1 mi,2932.838293333311,1.1719949868380046,>1–3 mi,908.1335305046645,1.3781886305018407,>1–3 mi,1996.8359690497189,True
ocp5ey2bmq,Furnished Studio/ADU | Olde Raleigh | Parking | Fast Wi-Fi,,Raleigh,NC,27613,35.878112,-78.720793,1875,1875,"$1,875",Whole unit,Whole unit,0,0,Studio,Apartment Unit For Rent,False,False,1 Month Lease,2026-01-17T20:05:49Z,https://offcampus.dasa.ncsu.edu/housing/property/furnished-studio-adu-olde-raleigh-parking-fast-wi-fi/ocp5ey2bmq,True,Included in rent means,,Source pricing flag retained; automated consistency checks passed. This is not independent landlord verification.,2026-09-13,,1,1875,1875,1970-01-01,1970-01-01,False,False,7.156417788019122,Outside 5 mi,11385.885920740966,7.939194036949858,Outside 5 mi,15518.94451509525,5.5817978550886735,Outside 5 mi,3071.892674868196,False
70rqkwy,Brook Hill Townhouse - Students Save Up to 10%,5425 Dana Dr,Raleigh,NC,27606,35.769074,-78.731014,1350,1645,"$1,350 - $1,645",Whole unit,Whole unit,1,3,1 - 3 Beds,Apartment Community,False,False,1 Month Lease,2026-09-07T07:33:54Z,https://offcampus.dasa.ncsu.edu/housing/property/brook-hill-townhouse-students-save-up-to-10/70rqkwy,True,Included in rent means,,Source pricing flag retained; automated consistency checks passed. This is not independent landlord verification.,2026-09-13,floorplan_all_in_differs,3,1350,1645,2026-09-08,2026-09-08,False,True,2.8579865097279136,>1–3 mi,749.8312286366163,3.0001655595010033,>3–5 mi,0.8741541652972984,2.530679993312797,>1–3 mi,2478.009635308432,True
ocpjeweyz6,All Girls Unit - Room with Private Bathroom at  University Woods at Centennial Condominiums,2020 University Woods Rd,Raleigh,NC,27603,35.749432,-78.693908,645,645,$645,Per bedroom,Per bedroom,4,4,4 Beds,Residential Condo Unit For Rent,True,False,12 Month Lease,2026-08-09T22:03:13Z,https://offcampus.dasa.ncsu.edu/housing/property/all-girls-unit-room-with-private-bathroom-at-university-woods-at-centennial-condominiums/ocpjeweyz6,True,Included in rent means,,Source pricing flag retained; automated consistency checks passed. This is not independent landlord verification.,2026-09-13,,1,645,645,1970-01-01,1970-01-01,False,False,2.1883474884008582,>1–3 mi,4285.525261243469,1.618231332601906,>1–3 mi,3264.261436138064,3.435850381722893,>3–5 mi,2301.2900154968756,True
0smdl31,Paloma Raleigh,5701 Hillsborough St,Raleigh,NC,27606,35.785778,-78.727869,749,1599,"$749 - $1,599",Per bedroom,Per bedroom,1,5,1 - 5 Beds,Apartment Community,False,False,,2026-05-31T07:23:07Z,https://offcampus.dasa.ncsu.edu/housing/property/paloma-raleigh/0smdl31,True,Included in rent means,,Source pricing flag retained; automated consistency checks passed. This is not independent landlord verification.,2026-09-13,lease_term_missing,9,749,1599,2025-05-01,2025-08-15,False,False,2.624931081246668,>1–3 mi,1980.3638910175919,3.0600965945081824,>3–5 mi,317.310019003203,1.595795391308405,>1–3 mi,3145.799666108379,True
ocppjxdd3r,Collegeview Duplex--Brand New Luxury Housing within walking distance to NCSU,1505 Collegeview Avenue,Raleigh,NC,27606,35.777665,-78.685499,900,950,$900 - $950,Per bedroom,Per bedroom,4,4,4 Beds,Duplex,False,False,12 Month Lease,2026-04-01T16:07:30Z,https://offcampus.dasa.ncsu.edu/housing/property/collegeview-duplex-brand-new-luxury-housing-within-walking-distance-to-ncsu/ocppjxdd3r,True,Included in rent means,,Source pricing flag retained; automated consistency checks passed. This is not independent landlord verification.,2026-09-13,,1,900,950,1970-01-01,1970-01-01,False,False,0.24915253272800988,0–1 mi,3964.474627196108,0.7646924310117169,0–1 mi,1242.4239642581347,1.7750857731660346,>1–3 mi,4092.4528823166625,True
hgdd8s0,Lantower Bullhouse,504 E Pettigrew St,Durham,NC,27701,35.989797,-78.898555,1377,4346,"$1,377 - $4,346",Whole unit,Whole unit,0,2,Studio - 2 Beds,Apartment Community,False,False,,2026-09-07T07:46:54Z,https://offcampus.dasa.ncsu.edu/housing/property/lantower-bullhouse/hgdd8s0,True,Included in rent means,,Source pricing flag retained; automated consistency checks passed. This is not independent landlord verification.,2026-09-13,lease_term_missing,18,1377,4346,2026-09-08,2026-11-09,False,False,18.93401366770017,Outside 5 mi,73571.5921654569,19.660010792239486,Outside 5 mi,77404.85698302448,17.12433105426111,Outside 5 mi,64016.467966498654,False
ocpe1n95cm,Big Promotion w/best price ever. Move in Immediately . MarcomTowns. Great location nice,3601 Marcom Street Unit 101,Raleigh,NC,27606,35.779182,-78.686005,950,950,$950,Per bedroom,Per bedroom,4,4,4 Beds,Townhome,False,False,12 Month Lease,2026-08-19T18:15:14Z,https://offcampus.dasa.ncsu.edu/housing/property/big-promotion-w-best-price-ever-move-in-immediately-marcomtowns-great-location-nice/ocpe1n95cm,True,Included in rent means,,Source pricing flag retained; automated consistency checks passed. This is not independent landlord verification.,2026-09-13,,1,950,950,1970-01-01,1970-01-01,False,False,0.24348936768421728,0–1 mi,3994.3761386273327,0.8670805356545912,0–1 mi,701.8147717437585,1.674004450243779,>1–3 mi,3558.743497287153,True
p8mlexs,Valentine Commons,3009 M E Valentine Dr,Raleigh,NC,27607,35.788189,-78.676931,1190,2238,"$1,190 - $2,238",Whole unit,Review,2,4,2 - 4 Beds,Apartment Community,False,False,12 Month Lease,2026-08-19T07:22:49Z,https://offcampus.dasa.ncsu.edu/housing/property/valentine-commons/p8mlexs,False,Excluded from rent means,Unresolved pricing basis,Saved floor plans contain both per-bedroom and whole-unit flags. A single property range cannot be assigned a reliable common pricing basis; no division by bedroom count or price substitution.,2026-09-13,pricing_basis_review; floorplan_all_in_differs,12,1190,2238,2026-08-12,2026-08-12,False,True,0.6560855439562342,0–1 mi,1815.8683279110835,1.3469393247025134,>1–3 mi,1831.839634429271,1.6791860340166964,>1–3 mi,3586.102259608157,True
ocp2evl6hb,University Oaks -,1120 Carlton Avenue,Raleigh,NC,27606,35.782805,-78.688398,725,725,$725,Per bedroom,Per bedroom,1,1,1 Bed,Residential Condo Unit For Rent,True,False,12 Month Lease,2026-06-02T04:46:13Z,https://offcampus.dasa.ncsu.edu/housing/property/university-oaks/ocp2evl6hb,True,Included in rent means,,Source pricing flag retained; automated consistency checks passed. This is not independent landlord verification.,2026-09-13,,1,725,725,2026-06-01,2026-06-01,False,False,0.4400319491563999,0–1 mi,2956.631308454208,1.1502055190268028,>1–3 mi,793.0851404615188,1.3942598754989117,>1–3 mi,2081.6921426342537,True
fgrbwjv,Stanhope,3001 Hillsborough St,Raleigh,NC,27607,35.789503,-78.676817,845,1695,"$845 - $1,695",Whole unit,Review,0,4,Studio - 4 Beds,Apartment Community,False,False,11 Month Lease,2026-09-05T07:23:15Z,https://offcampus.dasa.ncsu.edu/housing/property/stanhope/fgrbwjv,False,Excluded from rent means,Unresolved pricing basis,Saved floor plans contain both per-bedroom and whole-unit flags. A single property range cannot be assigned a reliable common pricing basis; no division by bedroom count or price substitution.,2026-09-13,pricing_basis_review; floorplan_all_in_differs,10,845,1695,2026-08-13,2026-08-13,False,True,0.7423053532171615,0–1 mi,1360.627735013387,1.437860176067697,>1–3 mi,2311.90172963744,1.6487477843855305,>1–3 mi,3425.388301555601,True
ocpvlydr3e,Reavis ---Brand New Luxury Housing within walking distance to NCSU,4104 Reavis Rd,Raleigh,NC,27606,35.785622,-78.69476,925,975,$925 - $975,Per bedroom,Per bedroom,4,4,4 Beds,Duplex,True,False,12 Month Lease,2026-04-01T16:11:07Z,https://offcampus.dasa.ncsu.edu/housing/property/reavis-brand-new-luxury-housing-within-walking-distance-to-ncsu/ocpvlydr3e,True,Included in rent means,,Source pricing flag retained; automated consistency checks passed. This is not independent landlord verification.,2026-09-13,,1,925,975,1970-01-01,1970-01-01,False,False,0.8460792131088813,0–1 mi,812.7017547851065,1.5175998970520148,>1–3 mi,2732.9274564346383,1.029985127024234,>1–3 mi,158.32147068795524,True
86fjg60,HeyDay Raleigh,2812 Hillsborough St,Raleigh,NC,27607,35.789556,-78.674739,1349,2269,"$1,349 - $2,269",Whole unit,Whole unit,0,4,Studio - 4 Beds,Apartment Community,False,False,11 Month Lease,2026-08-26T07:59:40Z,https://offcampus.dasa.ncsu.edu/housing/property/heyday-raleigh/86fjg60,True,Included in rent means,,Source pricing flag retained; automated consistency checks passed. This is not independent landlord verification.,2026-09-13,all_floorplans_2027_or_later,24,1349,2269,2027-08-14,2027-08-14,True,False,0.7957053942636249,0–1 mi,1078.6755182880609,1.4492993905711162,>1–3 mi,2372.3007822154937,1.755927527141885,>1–3 mi,3991.297343309153,True
ocpxdxd79p,4BR/4BA Condo| On Wolfline | Preleasing 27-28 Special $850 Util/Parking Incld | Mile to Campus,1511 Graduate Lane,Raleigh,NC,27606,35.773343,-78.690564,875,875,$875,Per bedroom,Per bedroom,4,4,4 Beds,Residential Condo Unit For Rent,False,False,12 Month Lease,2026-09-08T15:04:07Z,https://offcampus.dasa.ncsu.edu/housing/property/4br-4ba-condo-on-wolfline-preleasing-27-28-special-850-util-parking-incld-mile-to-campus/ocpxdxd79p,True,Included in rent means,,Source pricing flag retained; automated consistency checks passed. This is not independent landlord verification.,2026-09-13,all_floorplans_2027_or_later,1,875,875,2027-08-01,2027-08-01,True,False,0.6554114366280899,0–1 mi,1819.4276146036855,0.799542520937184,0–1 mi,1058.4154894516682,1.894195326652115,>1–3 mi,4721.351324723167,True
9de4we5,LYV Woodcroft at Southpoint,4655 Hope Valley Rd,Durham,NC,27707,35.924925,-78.953214,1200,1400,"$1,200 - $1,400",Whole unit,Whole unit,1,2,1 - 2 Beds,Apartment Community,False,False,12 Month Lease,2026-09-02T07:56:43Z,https://offcampus.dasa.ncsu.edu/housing/property/lyv-woodcroft-at-southpoint/9de4we5,True,Included in rent means,,Source pricing flag retained; automated consistency checks passed. This is not independent landlord verification.,2026-09-13,,8,1200,1400,2026-08-28,2026-11-05,False,False,18.225937091813755,Outside 5 mi,69832.94784477663,18.840323551528297,Outside 5 mi,73076.90835206941,16.460634994661405,Outside 5 mi,60512.152771812216,False
ocpm68s5sh,Burt Drive Townhouses---Brand New Luxury Housing within walking distance to NCSU,3609 Burt Drive,Raleigh,NC,27606,35.776121,-78.686075,1050,1050,"$1,050",Per bedroom,Per bedroom,4,4,4 Beds,Townhome,True,False,12 Month Lease,2026-04-01T16:08:29Z,https://offcampus.dasa.ncsu.edu/housing/property/burt-drive-townhouses-brand-new-luxury-housing-within-walking-distance-to-ncsu/ocpm68s5sh,True,Included in rent means,,Source pricing flag retained; automated consistency checks passed. This is not independent landlord verification.,2026-09-13,,1,1050,1050,1970-01-01,1970-01-01,False,False,0.33988745736587095,0–1 mi,3485.394225108201,0.7028369244133079,0–1 mi,1569.0210390977343,1.844677270208866,>1–3 mi,4459.8959867028125,True
gky0hgw,Willow Bend Apartments,1718 Palmer St,Durham,NC,27707,35.987772,-78.923142,1312,1357,"$1,312 - $1,357",Whole unit,Whole unit,2,2,2 Beds,Apartment Community,False,False,,2026-09-03T07:45:15Z,https://offcampus.dasa.ncsu.edu/housing/property/willow-bend-apartments/gky0hgw,True,Included in rent means,,Source pricing flag retained; automated consistency checks passed. This is not independent landlord verification.,2026-09-13,lease_term_missing,1,1312,1357,2026-10-02,2026-10-02,False,False,19.74257437150038,Outside 5 mi,77840.792681522,20.450637378488697,Outside 5 mi,81579.36535842031,17.92823147173258,Outside 5 mi,68261.06217074803,False
ocpd8x87kh,New Construction: 4 Bed 4.5 Bath Townhomes,,Raleigh,NC,27606,35.778062,-78.689907,4000,4000,"$4,000",Whole unit,Whole unit,4,4,4 Beds,Townhome,False,False,12 Month Lease,2026-06-10T19:11:44Z,https://offcampus.dasa.ncsu.edu/housing/property/new-construction-4-bed-4-5-bath-townhomes/ocpd8x87kh,True,Included in rent means,,Source pricing flag retained; automated consistency checks passed. This is not independent landlord verification.,2026-09-13,,1,4000,4000,2026-06-01,2026-06-01,False,False,0.4718851119191234,0–1 mi,2788.4466090670285,0.9498177114969797,0–1 mi,264.96248329594727,1.6184169797293575,>1–3 mi,3265.2416529710076,True
v534e5d,Kensington Park,2700 Brigadoon Dr,Raleigh,NC,27606,35.771483,-78.687069,1175,1945,"$1,175 - $1,945",Whole unit,Whole unit,1,3,1 - 3 Beds,Apartment Community,False,False,,2026-08-19T07:42:13Z,https://offcampus.dasa.ncsu.edu/housing/property/kensington-park/v534e5d,True,Included in rent means,,Source pricing flag retained; automated consistency checks passed. This is not independent landlord verification.,2026-09-13,lease_term_missing,15,1175,1945,2026-08-01,2026-08-01,False,False,0.6315478861409123,0–1 mi,1945.4271611759832,0.5698621364092784,0–1 mi,2271.12791975901,2.094257366737951,>1–3 mi,4782.321103623619,True
ocp913l1z6,"** WAITLIST for 2026-2027 ** 4 Bedroom, 4.5 Bathroom Unit Near NCSU Campus and Cup A Joe",3104 Douglas Street,Raleigh,NC,27607,35.791166,-78.677347,4400,4400,"$4,400",Whole unit,Whole unit,4,4,4 Beds,Duplex,False,False,,2026-02-18T17:12:47Z,https://offcampus.dasa.ncsu.edu/housing/property/waitlist-for-2026-2027-4-bedroom-4-5-bathroom-unit-near-ncsu-campus-and-cup-a-joe/ocp913l1z6,True,Included in rent means,,Source pricing flag retained; automated consistency checks passed. This is not independent landlord verification.,2026-09-13,waitlist_mentioned; lease_term_missing,1,4400,4400,2026-06-07,2026-06-07,False,False,0.8411750668295339,0–1 mi,838.5956471400609,1.552276442280794,>1–3 mi,2916.0196152425924,1.5809054351096687,>1–3 mi,3067.180697379051,True
0zm5l03,616 at the Village,616 Oberlin Rd,Raleigh,NC,27605,35.792999,-78.662003,1620,3430,"$1,620 - $3,430",Whole unit,Whole unit,0,3,Studio - 3 Beds,Apartment Community,False,False,,2026-09-08T07:39:10Z,https://offcampus.dasa.ncsu.edu/housing/property/616-at-the-village/0zm5l03,False,Excluded from rent means,Search/detail price mismatch,"Source pricing flag retained; automated consistency checks passed. This is not independent landlord verification. Search summary: $1620–$3430; saved floor-plan envelope: $1600–$3430. Difference may reflect fees, timing or scope; unresolved snapshot price excluded.",2026-09-13,price_mismatch; lease_term_missing; floorplan_all_in_differs,22,1600,3430,2026-08-25,2026-11-04,False,True,1.443937726216499,>1–3 mi,2343.9911944231144,1.8903064445475253,>1–3 mi,4700.818027210934,2.3881928589230563,>1–3 mi,3230.3417048862625,True
ocp2k0px98,Liberty station male only townhome- 5 miles from Centennial,567 Hacksaw Trail,Raleigh,NC,27610,35.737912,-78.630411,900,900,$900,Per bedroom,Per bedroom,1,1,1 Bed,Townhome,True,False,12 Month Lease,2026-06-30T17:50:41Z,https://offcampus.dasa.ncsu.edu/housing/property/liberty-station-male-only-townhome-5-miles-from-centennial/ocp2k0px98,True,Included in rent means,,Source pricing flag retained; automated consistency checks passed. This is not independent landlord verification.,2026-09-13,,1,900,900,2026-08-01,2026-08-01,False,False,4.064953715116921,>3–5 mi,4937.044384182655,3.3906908032116676,>3–5 mi,2062.847440957605,5.8791242242907495,Outside 5 mi,4641.775904255158,True
z8cfdjw,Campus Crossings Raleigh,3101 Compatible Way,Raleigh,NC,27603,35.744806,-78.687537,685,870,$685 - $870,Per bedroom,Per bedroom,2,4,2 - 4 Beds,Apartment Community,False,False,11 Month Lease,2026-08-13T07:23:39Z,https://offcampus.dasa.ncsu.edu/housing/property/campus-crossings-raleigh/z8cfdjw,True,Included in rent means,,Source pricing flag retained; automated consistency checks passed. This is not independent landlord verification.,2026-09-13,,3,685,870,2026-08-13,2026-08-13,False,False,2.4201989857816337,>1–3 mi,3061.349355072974,1.7442024447173925,>1–3 mi,3929.3889081078323,3.8220470845359884,>3–5 mi,4340.408606350019,True
ocp6mp93ms,Newly Renovated - All Girls Unit Room with Private Bathroom,2021 Wolftech Ln,Raleigh,NC,27603,35.749776,-78.695407,645,645,$645,Per bedroom,Per bedroom,4,4,4 Beds,Residential Condo Unit For Rent,True,False,12 Month Lease,2026-08-17T21:37:05Z,https://offcampus.dasa.ncsu.edu/housing/property/newly-renovated-all-girls-unit-room-with-private-bathroom/ocp6mp93ms,True,Included in rent means,,Source pricing flag retained; automated consistency checks passed. This is not independent landlord verification.,2026-09-13,,1,645,645,1970-01-01,1970-01-01,False,False,2.193838766953507,>1–3 mi,4256.531310485484,1.6485299143932284,>1–3 mi,3424.237947996246,3.399382192288023,>3–5 mi,2108.737975280761,True
75medjw,Brickside,2600 Hillsborough St,Raleigh,NC,27607,35.788447,-78.669806,999,1825,"$999 - $1,825",Per bedroom,Per bedroom,0,4,Studio - 4 Beds,Apartment Community,False,False,12 Month Lease,2026-09-02T07:57:23Z,https://offcampus.dasa.ncsu.edu/housing/property/brickside/75medjw,True,Included in rent means,,Source pricing flag retained; automated consistency checks passed. This is not independent landlord verification.,2026-09-13,floorplan_all_in_differs,19,999,1825,,,False,True,0.9078761874286304,0–1 mi,486.41373037683144,1.4309289904583318,>1–3 mi,2275.3050696199916,2.041869975567159,>1–3 mi,5058.926529005399,True
ocp6wsb4yt,We have 1 bedroom open In a luxury 5 bed 5 full bath house 1/1/27-6/30/27,5012 Western Boulevard,Raleigh,NC,27606,35.786652,-78.709484,1200,1200,"$1,200",Per bedroom,Per bedroom,1,1,1 Bed,Single-Family Home,True,True,6 Month Lease,2026-08-07T10:46:34Z,https://offcampus.dasa.ncsu.edu/housing/property/we-have-1-bedroom-open-in-a-luxury-5-bed-5-full-bath-house-1-1-27-6-30-27/ocp6wsb4yt,True,Included in rent means,,Source pricing flag retained; automated consistency checks passed. This is not independent landlord verification.,2026-09-13,all_floorplans_2027_or_later,1,1200,1200,2027-01-01,2027-01-01,True,False,1.6347043830432333,>1–3 mi,3351.239142468272,2.18010409239071,>1–3 mi,4329.050392177052,0.8709041502422058,0–1 mi,681.6260867211533,True
tv2h1cb,Gorman Crossings,2101 Gorman St,Raleigh,NC,27606,35.770408,-78.693727,1295,2145,"$1,295 - $2,145",Whole unit,Whole unit,2,3,2 - 3 Beds,Apartment Community,False,False,,2026-06-04T07:50:12Z,https://offcampus.dasa.ncsu.edu/housing/property/gorman-crossings/tv2h1cb,True,Included in rent means,,Source pricing flag retained; automated consistency checks passed. This is not independent landlord verification.,2026-09-13,lease_term_missing,9,1295,2145,2026-02-05,2026-02-05,False,False,0.9227963253733449,0–1 mi,407.635402028739,0.9173186911369099,0–1 mi,436.55731079711575,2.0238736489555,>1–3 mi,5153.94713351496,True
ocpbp1v5c9,Prime ITB location one block off Ridge Road,1003 Marilyn Drive,Raleigh,NC,27607,35.804462,-78.688856,2800,2800,"$2,800",Whole unit,Whole unit,3,3,3 Beds,Single-Family Home,False,False,12 Month Lease,2026-02-23T23:12:02Z,https://offcampus.dasa.ncsu.edu/housing/property/prime-itb-location-one-block-off-ridge-road/ocpbp1v5c9,True,Included in rent means,,Source pricing flag retained; automated consistency checks passed. This is not independent landlord verification.,2026-09-13,,1,2800,2800,1970-01-01,1970-01-01,False,False,1.7703074155972849,>1–3 mi,4067.223154353664,2.551579374701777,>1–3 mi,2367.6609015746176,0.9482742409645978,0–1 mi,273.1120077069237,True
5x5ph7m,Redpoint Raleigh,10 Oakdale Dr,Raleigh,NC,27606,35.785793,-78.729156,899,995,$899 - $995,Per bedroom,Per bedroom,3,4,3 - 4 Beds,Apartment Community,False,False,,2026-09-04T07:24:44Z,https://offcampus.dasa.ncsu.edu/housing/property/redpoint-raleigh/5x5ph7m,True,Included in rent means,,Source pricing flag retained; automated consistency checks passed. This is not independent landlord verification.,2026-09-13,lease_term_missing,3,899,995,,,False,False,2.696273350307905,>1–3 mi,1603.6767103742613,3.1271752737397382,>3–5 mi,671.485445345818,1.6559836321097074,>1–3 mi,3463.5935775392554,True
ocp5z7c91m,$300 off 1st month's rent! Spacious 3BD/2.5BA Townhome Rental available near NCSU for fall semester!,608 Brent Road,Raleigh,NC,27606,35.773756,-78.696867,1800,1800,"$1,800",Whole unit,Whole unit,3,3,3 Beds,Duplex,False,False,12 Month Lease,2026-06-06T21:53:46Z,https://offcampus.dasa.ncsu.edu/housing/property/300-off-1st-months-rent-spacious-3bd-2-5ba-townhome-rental-available-near-ncsu-for-fall-semester/ocp5z7c91m,True,Included in rent means,,Source pricing flag retained; automated consistency checks passed. This is not independent landlord verification.,2026-09-13,,1,1800,1800,2026-08-13,2026-08-13,False,False,0.939573137924042,0–1 mi,319.05383176105846,1.1405209924105983,>1–3 mi,741.9508399279592,1.7547805643250989,>1–3 mi,3985.241379636522,True
syvz9l4,The Wilde,3333 Melrose Club Blvd,Raleigh,NC,27603,35.751208,-78.691361,599,920,$599 - $920,Per bedroom,Per bedroom,2,4,2 - 4 Beds,Apartment Community,False,False,11 Month Lease,2026-08-14T07:25:32Z,https://offcampus.dasa.ncsu.edu/housing/property/the-wilde/syvz9l4,True,Included in rent means,,Source pricing flag retained; automated consistency checks passed. This is not independent landlord verification.,2026-09-13,,5,599,920,2026-08-14,2026-08-14,False,False,2.0294060750000367,>1–3 mi,5124.735923999807,1.4368831827133604,>1–3 mi,2306.7432047265424,3.34242386821401,>3–5 mi,1807.9980241699736,True
ocph8n0fc0,Affordable Student Housing 1 Block from Campus on Wolf Line,,Raleigh,NC,27606,35.782901,-78.688396,640,640,$640,Per bedroom,Per bedroom,4,4,4 Beds,Residential Condo Unit For Rent,True,False,11 Month Lease,2026-07-13T20:37:22Z,https://offcampus.dasa.ncsu.edu/housing/property/affordable-student-housing-1-block-from-campus-on-wolf-line/ocph8n0fc0,True,Included in rent means,,Source pricing flag retained; automated consistency checks passed. This is not independent landlord verification.,2026-09-13,,1,640,640,2026-08-14,2026-08-14,False,False,0.4434046525051278,0–1 mi,2938.823434772925,1.1557715178516463,>1–3 mi,822.4736142566926,1.389187657426951,>1–3 mi,2054.9108312143017,True
61y0ywr,Hub Raleigh,111 Cox Ave,Raleigh,NC,27605,35.784382,-78.660298,799,1599,"$799 - $1,599",Whole unit,Review,0,4,Studio - 4 Beds,Apartment Community,False,False,11 Month Lease,2026-08-28T07:49:27Z,https://offcampus.dasa.ncsu.edu/housing/property/hub-raleigh/61y0ywr,False,Excluded from rent means,Unresolved pricing basis,"Hub Raleigh advertises individual leases, studios and multi-bedroom plans, but saved flags mark every plan as whole-unit. Cannot reliably allocate the single $799–$1,599 property range between personal and dwelling prices. Excluded pending plan-level pricing confirmation.",2026-09-13,pricing_basis_review,29,799,1599,2026-08-05,2026-08-05,False,False,1.2448782128748292,>1–3 mi,1292.9569639790984,1.4504618269297693,>1–3 mi,2378.438446189182,2.6397879266374575,>1–3 mi,1901.9197473542242,True
ocp1tnqde5,"2 blocks from central campus, 2 blocks from Village District!",2208 Garden Place,Raleigh,NC,27607,35.7886,-78.66418,3900,3900,"$3,900",Whole unit,Whole unit,4,4,4 Beds,Apartment Community,False,False,12 Month Lease,2025-11-05T16:36:23Z,https://offcampus.dasa.ncsu.edu/housing/property/2-blocks-from-central-campus-2-blocks-from-village-district/ocp1tnqde5,True,Included in rent means,,Source pricing flag retained; automated consistency checks passed. This is not independent landlord verification.,2026-09-13,,1,3900,3900,2026-07-01,2026-07-01,False,False,1.1647267629947813,>1–3 mi,869.7573086124452,1.5646044565116413,>1–3 mi,2981.111530381466,2.337820052761109,>1–3 mi,3496.3101214213443,True
dw0f7sh,Campus Edge,3551 Cum Laude Ct,Raleigh,NC,27606,35.754317,-78.697608,955,980,$955 - $980,Per bedroom,Review,3,3,3 Beds,Apartment Community,False,False,11 Month Lease,2026-08-19T07:22:47Z,https://offcampus.dasa.ncsu.edu/housing/property/campus-edge/dw0f7sh,False,Excluded from rent means,Unresolved pricing basis; Search/detail price mismatch,"Saved floor plans contain both per-bedroom and whole-unit flags. A single property range cannot be assigned a reliable common pricing basis; no division by bedroom count or price substitution. Search summary: $955–$980; saved floor-plan envelope: $905–$1895. Difference may reflect fees, timing or scope; unresolved snapshot price excluded.",2026-09-13,pricing_basis_review; price_mismatch,5,905,1895,2026-08-14,2026-08-14,False,False,1.956353150263076,>1–3 mi,5049.544633389041,1.502853580987278,>1–3 mi,2655.0669076128283,3.0721780457335357,>3–5 mi,381.1000814730685,True
ocp85fz0j3,Brand-New 4BR Townhomes - Eight at State,4204 Reavis Road,Raleigh,NC,27606,35.785424,-78.6963,4000,4000,"$4,000",Whole unit,Whole unit,4,4,4 Beds,Townhome,False,False,12 Month Lease,2025-10-03T19:40:36Z,https://offcampus.dasa.ncsu.edu/housing/property/brand-new-4br-townhomes-eight-at-state/ocp85fz0j3,True,Included in rent means,,Source pricing flag retained; automated consistency checks passed. This is not independent landlord verification.,2026-09-13,,1,4000,4000,2026-08-01,2026-08-01,False,False,0.9156996456954375,0–1 mi,445.10587072809005,1.5639061709034383,>1–3 mi,2977.4245823701544,1.0013141980365896,>1–3 mi,6.938965633193135,True
zfcjzqy,Yugo Raleigh Logan,102 Logan Ct,Raleigh,NC,27607,35.788293,-78.665382,999,1879,"$999 - $1,879",Whole unit,Review,1,4,1 - 4 Beds,Apartment Community,False,False,11 Month Lease,2026-08-28T07:25:24Z,https://offcampus.dasa.ncsu.edu/housing/property/yugo-raleigh-logan/zfcjzqy,False,Excluded from rent means,Unresolved pricing basis,Saved floor plans contain both per-bedroom and whole-unit flags. A single property range cannot be assigned a reliable common pricing basis; no division by bedroom count or price substitution.,2026-09-13,pricing_basis_review,15,999,1879,2026-08-16,2027-08-13,False,False,1.0967073868060377,>1–3 mi,510.6150023358793,1.5146071489287602,>1–3 mi,2717.125746343854,2.2799266502878948,>1–3 mi,3801.987286479916,True
ocpx3vt61n,FURNISHED NCSU STUDENT HOUSING – TOWNHOME ROOM RENTAL WITH PRIVATE BATHROOM ($850/room),37 Red Lane,Raleigh,NC,27606,35.784785,-78.724642,850,850,$850,Per bedroom,Per bedroom,3,3,3 Beds,Townhome,False,False,12 Month Lease,2026-08-11T01:34:37Z,https://offcampus.dasa.ncsu.edu/housing/property/furnished-ncsu-student-housing-townhome-room-rental-with-private-bathroom-850-room/ocpx3vt61n,True,Included in rent means,,Source pricing flag retained; automated consistency checks passed. This is not independent landlord verification.,2026-09-13,,1,850,850,1970-01-01,1970-01-01,False,False,2.435520930724833,>1–3 mi,2980.449485772881,2.8667618974628963,>1–3 mi,703.4971813959073,1.4906627951074676,>1–3 mi,2590.6995581674287,True
9rxe6j6,The Dakota,1201 Pine Haven Dr,Raleigh,NC,27607,35.798105,-78.735625,1316,2017,"$1,316 - $2,017",Whole unit,Whole unit,1,3,1 - 3 Beds,Apartment Community,False,False,,2026-09-08T07:22:28Z,https://offcampus.dasa.ncsu.edu/housing/property/the-dakota/9rxe6j6,False,Excluded from rent means,Search/detail price mismatch,"Source pricing flag retained; automated consistency checks passed. This is not independent landlord verification. Search summary: $1316–$2017; saved floor-plan envelope: $1330–$2017. Difference may reflect fees, timing or scope; unresolved snapshot price excluded.",2026-09-13,price_mismatch; lease_term_missing; floorplan_all_in_differs,19,1330,2017,2026-07-21,2026-12-05,False,True,3.2851171503793877,>3–5 mi,1505.418554003167,3.8395386482803575,>3–5 mi,4432.764062920288,1.7679736642540913,>1–3 mi,4054.900947261602,True
ocp5km4x4p,Private Townhome in North Raleigh,7301-A Leesville Road,Raleigh,NC,27613,35.86681,-78.69826,1495,1495,"$1,495",Whole unit,Whole unit,2,2,2 Beds,Townhome,False,False,12 Month Lease,2026-08-14T17:52:44Z,https://offcampus.dasa.ncsu.edu/housing/property/private-townhome-in-north-raleigh/ocp5km4x4p,True,Included in rent means,,Source pricing flag retained; automated consistency checks passed. This is not independent landlord verification.,2026-09-13,,1,1495,1495,1970-01-01,1970-01-01,False,False,6.1029548777110705,Outside 5 mi,5823.601754314452,6.8778161699776,Outside 5 mi,9914.86937748173,4.733085484404196,>3–5 mi,1409.3086423458458,True
xr4rsmq,Pine Knoll Apartments,2435-2509 Avent Ferry Rd,Raleigh,NC,27606,35.773534,-78.682627,1095,1095,"$1,095",Whole unit,Whole unit,1,1,1 Bed,Apartment Community,False,False,,2026-09-02T07:57:50Z,https://offcampus.dasa.ncsu.edu/housing/property/pine-knoll-apartments/xr4rsmq,True,Included in rent means,,Source pricing flag retained; automated consistency checks passed. This is not independent landlord verification.,2026-09-13,lease_term_missing,1,1095,1095,,,False,False,0.41630070799871915,0–1 mi,3081.932261766763,0.4406393861130139,0–1 mi,2953.4240413232865,2.1010104924435486,>1–3 mi,4746.664599898063,True
ocpwwwe8yh,FURNISHED TOWNHOME RENTAL – 10 Mins to NCSU - 3 Bedroom - starting $750 per room,727 Maypearl Lane,Raleigh,NC,27610,35.739252,-78.628621,750,750,$750,Per bedroom,Per bedroom,4,4,4 Beds,Townhome,True,False,12 Month Lease,2026-08-11T01:37:48Z,https://offcampus.dasa.ncsu.edu/housing/property/furnished-townhome-rental-10-mins-to-ncsu-3-bedroom-starting-750-per-room/ocpwwwe8yh,True,Included in rent means,,Source pricing flag retained; automated consistency checks passed. This is not independent landlord verification.,2026-09-13,,1,750,750,2026-08-01,2026-08-01,False,False,4.072730365283987,>3–5 mi,4895.983671300549,3.413418351720542,>3–5 mi,2182.8488970844624,5.885282795596326,Outside 5 mi,4674.293160748601,True
5je4q3n,Signature 1505,1505 Hillsborough St,Raleigh,NC,27605,35.78383,-78.658382,650,1305,"$650 - $1,305",Per bedroom,Per bedroom,2,4,2 - 4 Beds,Apartment Community,False,False,11 Month Lease,2026-08-13T07:23:02Z,https://offcampus.dasa.ncsu.edu/housing/property/signature-1505/5je4q3n,True,Included in rent means,,Source pricing flag retained; automated consistency checks passed. This is not independent landlord verification.,2026-09-13,floorplan_all_in_differs,7,650,1305,2025-08-13,2026-08-13,False,True,1.3395790301762913,>1–3 mi,1792.9772793308182,1.4971031542604365,>1–3 mi,2624.7046544951045,2.7536785730770776,>1–3 mi,1300.57713415303,True
ocptf3fhqb,Spacious 2BD/1BA apartment available 08/01/26- 1 block from the NCSU McKimmon Center!,1225 Carlton Avenue,Raleigh,NC,27606,35.7814,-78.688225,1200,1200,"$1,200",Whole unit,Whole unit,2,2,2 Beds,Apartment Community,False,False,12 Month Lease,2026-07-08T17:07:13Z,https://offcampus.dasa.ncsu.edu/housing/property/spacious-2bd-1ba-apartment-available-08-01-26-1-block-from-the-ncsu-mckimmon-center/ocptf3fhqb,True,Included in rent means,,Source pricing flag retained; automated consistency checks passed. This is not independent landlord verification.,2026-09-13,,1,1200,1200,2026-08-01,2026-08-01,False,False,0.38941488259107293,0–1 mi,3223.889419919135,1.06368908294829,>1–3 mi,336.27835796697065,1.4767114488044966,>1–3 mi,2517.036449687742,True
h2l8mh2,Redfield Villages,3707 Lexington Dr,Raleigh,NC,27606,35.785828,-78.688022,799,899,$799 - $899,Per bedroom,Per bedroom,2,5,2 - 5 Beds,Apartment Community,False,False,11 Month Lease,2026-08-10T07:49:53Z,https://offcampus.dasa.ncsu.edu/housing/property/redfield-villages/h2l8mh2,True,Included in rent means,,Source pricing flag retained; automated consistency checks passed. This is not independent landlord verification.,2026-09-13,,3,799,899,2026-08-10,2026-08-10,False,False,0.5629608787051384,0–1 mi,2307.566560436869,1.3222672618367657,>1–3 mi,1701.5711424981228,1.2541548036330126,>1–3 mi,1341.9373631823064,True
ocpthnbmc9,"Luxury 4 Bedroom 4 Full Bath w free parking, 1 gig internet included. 2027-2028 School yea",1508 Gorman Street Unit 204,Raleigh,NC,27606,35.777786,-78.687882,4000,4000,"$4,000",Whole unit,Whole unit,4,4,4 Beds,Residential Condo Unit For Rent,False,False,12 Month Lease,2026-07-10T09:01:58Z,https://offcampus.dasa.ncsu.edu/housing/property/luxury-4-bedroom-4-full-bath-w-free-parking-1-gig-internet-included-2027-2028-school-yea/ocpthnbmc9,True,Included in rent means,,Source pricing flag retained; automated consistency checks passed. This is not independent landlord verification.,2026-09-13,all_floorplans_2027_or_later,1,4000,4000,2027-07-07,2027-07-07,True,False,0.3674890989063181,0–1 mi,3339.6575577746403,0.856054284021541,0–1 mi,760.0333803662633,1.693107799577496,>1–3 mi,3659.6091817691786,True
vw4rv9e,Signature at Varsity,1400 Crest Rd,Raleigh,NC,27606,35.778885,-78.683032,1249,2222,"$1,249 - $2,222",Whole unit,Review,0,5,Studio - 5 Beds,Apartment Community,False,False,,2026-09-04T07:56:13Z,https://offcampus.dasa.ncsu.edu/housing/property/signature-at-varsity/vw4rv9e,False,Excluded from rent means,Unresolved pricing basis,"Signature at Varsity's saved studio/one-bedroom prices exceed its four/five-bedroom prices; all flags nevertheless say whole-unit. This is a pricing-basis review flag, not proof of an error. Excluded pending confirmation of plan-level basis; no inferred correction.",2026-09-13,pricing_basis_review; all_floorplans_2027_or_later; lease_term_missing; floorplan_all_in_differs,16,1249,2222,2027-08-01,2027-08-01,True,True,0.08722465314823728,0–1 mi,4819.453831377307,0.7690160380200414,0–1 mi,1219.5953192541815,1.7952108219949146,>1–3 mi,4198.713140133149,True
ocp8c26c92,Fully Furnished 3BR Townhome Steps from Lake Johnson,1020 High Lake Court,Raleigh,NC,27606,35.766646,-78.707047,2500,2500,"$2,500",Whole unit,Whole unit,3,3,3 Beds,Townhome,False,False,12 Month Lease,2026-05-22T06:25:10Z,https://offcampus.dasa.ncsu.edu/housing/property/fully-furnished-3br-townhome-steps-from-lake-johnson/ocp8c26c92,True,Included in rent means,,Source pricing flag retained; automated consistency checks passed. This is not independent landlord verification.,2026-09-13,,1,2500,2500,2026-06-01,2026-06-01,False,False,1.6769491636460405,>1–3 mi,3574.291584051094,1.6625312416437574,>1–3 mi,3498.164955879039,2.205109085592942,>1–3 mi,4197.024028069267,True
rf696l2,Madison Hunters Glen,100-D-150 Hunt Club Ln,Raleigh,NC,27606,35.783971,-78.719274,1081,1534,"$1,081 - $1,534",Whole unit,Whole unit,1,2,1 - 2 Beds,Apartment Community,False,False,,2026-09-08T07:37:45Z,https://offcampus.dasa.ncsu.edu/housing/property/madison-hunters-glen/rf696l2,True,Included in rent means,,Source pricing flag retained; automated consistency checks passed. This is not independent landlord verification.,2026-09-13,lease_term_missing,6,1081,1534,2026-06-23,2026-10-10,False,False,2.129643720078626,>1–3 mi,4595.481157984856,2.568412635968355,>1–3 mi,2278.7812820870868,1.314806873451743,>1–3 mi,1662.1802918252035,True
ocpszex2v4,Spacious bedroom with private bath in 2BR townhome – 5 minutes to NC State,4105 Iver Johnson Drive,Raleigh,NC,27606,35.775635,-78.69008,800,800,$800,Per bedroom,Per bedroom,2,2,2 Beds,Townhome,True,False,12 Month Lease,2026-08-24T20:41:53Z,https://offcampus.dasa.ncsu.edu/housing/property/spacious-bedroom-with-private-bath-in-2br-townhome-5-minutes-to-nc-state/ocpszex2v4,True,Included in rent means,,Source pricing flag retained; automated consistency checks passed. This is not independent landlord verification.,2026-09-13,,1,800,800,1970-01-01,1970-01-01,False,False,0.541658593294487,0–1 mi,2420.0426274051088,0.8526029879895402,0–1 mi,778.256223415228,1.7621027949733343,>1–3 mi,4023.902757459205,True
6mnn0qr,Live on Hillsborough,2811 Hillsborough St,Raleigh,NC,27607,35.788966,-78.674783,979,1435,"$979 - $1,435",Whole unit,Review,1,3,1 - 3 Beds,Apartment Community,False,False,11 Month Lease,2026-08-14T07:25:30Z,https://offcampus.dasa.ncsu.edu/housing/property/live-on-hillsborough/6mnn0qr,False,Excluded from rent means,Unresolved pricing basis,September 13 portal shows one-bedroom whole-unit prices and two/three-bedroom per-bedroom prices. The saved property range mixes these bases. Excluded rather than treating all floor plans as independent listings or assigning the whole range to one group.,2026-09-13,pricing_basis_review; floorplan_all_in_differs,17,979,1435,2026-08-13,2026-08-13,False,True,0.7591481973351238,0–1 mi,1271.697518070546,1.4085053369476226,>1–3 mi,2156.908179083447,1.768353473841175,>1–3 mi,4056.906341881404,True
ocp74dcp6w,Crabtree Woods Townhome West Raleigh,4705-A Fargo Court,Raleigh,NC,27612,35.836233,-78.685876,1595,1595,"$1,595",Whole unit,Whole unit,2,2,2 Beds,Townhome,False,False,12 Month Lease,2026-08-14T17:10:50Z,https://offcampus.dasa.ncsu.edu/housing/property/crabtree-woods-townhome-west-raleigh/ocp74dcp6w,True,Included in rent means,,Source pricing flag retained; automated consistency checks passed. This is not independent landlord verification.,2026-09-13,,1,1595,1595,1970-01-01,1970-01-01,False,False,3.926232158930219,>3–5 mi,4890.505799151556,4.689633779601415,>3–5 mi,1638.733643704528,2.8014314159510025,>1–3 mi,1048.4421237787067,True
nhblm0q,Viceroy Apartments,1700 Chapel Hill Rd,Durham,NC,27707,35.991864,-78.922841,1099,1099,"$1,099",Whole unit,Whole unit,2,2,2 Beds,Apartment Community,False,False,,2026-09-05T07:49:18Z,https://offcampus.dasa.ncsu.edu/housing/property/viceroy-apartments/nhblm0q,True,Included in rent means,,Source pricing flag retained; automated consistency checks passed. This is not independent landlord verification.,2026-09-13,lease_term_missing,1,1099,1099,2026-09-05,2026-09-05,False,False,19.937934080980845,Outside 5 mi,78872.29194757887,20.64932456505629,Outside 5 mi,82628.43370349721,18.123926886691205,Outside 5 mi,69294.33396172956,False
ocpkb0kbhb,Great Location - Connected to Centennial Campus,733 Chappell Drive,Raleigh,NC,27606,35.770311,-78.682992,1240,1240,"$1,240",Whole unit,Whole unit,2,2,2 Beds,Duplex,False,False,12 Month Lease,2026-07-16T22:25:17Z,https://offcampus.dasa.ncsu.edu/housing/property/great-location-connected-to-centennial-campus/ocpkb0kbhb,True,Included in rent means,,Source pricing flag retained; automated consistency checks passed. This is not independent landlord verification.,2026-09-13,,1,1240,1240,2026-08-01,2026-08-01,False,False,0.6398313923957692,0–1 mi,1901.6902481503384,0.3273883296481666,0–1 mi,3551.3896194576805,2.276501016563943,>1–3 mi,3820.0746325423797,True
jjs8f07,Village Green Student Housing,2000 Village Bluff Pl,Raleigh,NC,27603,35.754039,-78.667439,649,839,$649 - $839,Per bedroom,Per bedroom,3,4,3 - 4 Beds,Apartment Community,False,False,11 Month Lease,2026-08-14T07:32:55Z,https://offcampus.dasa.ncsu.edu/housing/property/village-green-student-housing/jjs8f07,True,Included in rent means,,Source pricing flag retained; automated consistency checks passed. This is not independent landlord verification.,2026-09-13,floorplan_all_in_differs,3,649,839,2026-08-14,2026-08-14,False,True,1.932509975086741,>1–3 mi,4923.652668457992,1.15944667707491,>1–3 mi,841.8784549555243,3.693631240134469,>3–5 mi,3662.3729479099966,True
ocpjh4j574,4BD/3.5BA townhome near NCSU & Downtown Raleigh available August 2026!,1806 Sara Lane,Raleigh,NC,27606,35.776319,-78.690643,2200,2200,"$2,200",Whole unit,Whole unit,4,4,4 Beds,Townhome,False,False,12 Month Lease,2026-06-06T21:49:27Z,https://offcampus.dasa.ncsu.edu/housing/property/4bd-3-5ba-townhome-near-ncsu-and-downtown-raleigh-available-august-2026/ocpjh4j574,True,Included in rent means,,Source pricing flag retained; automated consistency checks passed. This is not independent landlord verification.,2026-09-13,,1,2200,2200,2026-08-13,2026-08-13,False,False,0.548666293545309,0–1 mi,2383.0419700807684,0.9055176346315669,0–1 mi,498.8668891453269,1.7057493787965823,>1–3 mi,3726.3567200459543,True
8gchf40,The Hillsborough,2304 Hillsborough St,Raleigh,NC,27607,35.78758,-78.66618,1000,1350,"$1,000 - $1,350",Per bedroom,Per bedroom,2,3,2 - 3 Beds,Apartment Community,False,False,,2026-08-07T07:49:37Z,https://offcampus.dasa.ncsu.edu/housing/property/the-hillsborough/8gchf40,False,Excluded from rent means,Search/detail price mismatch,"Source pricing flag retained; automated consistency checks passed. This is not independent landlord verification. Search summary: $1000–$1350; saved floor-plan envelope: $1100–$1350. Difference may reflect fees, timing or scope; unresolved snapshot price excluded.",2026-09-13,price_mismatch; lease_term_missing,3,1100,1350,2025-08-01,2025-08-01,False,False,1.032322976884995,>1–3 mi,170.66531795277402,1.4506261554086104,>1–3 mi,2379.3061005574627,2.2534029356612737,>1–3 mi,3942.032499708475,True
ocp032vj21,5 bedroom 5 full Bath luxury house with 1Gig AT&T Fiber and 1 free parking space per bedroom,5010 Western Boulevard,Raleigh,NC,27606,35.786652,-78.709465,6000,6000,"$6,000",Whole unit,Whole unit,5,5,5 Beds,Single-Family Home,False,False,12 Month Lease,2026-07-10T08:58:21Z,https://offcampus.dasa.ncsu.edu/housing/property/5-bedroom-5-full-bath-luxury-house-with-1gig-at-and-t-fiber-and-1-free-parking-space-per-bedroom/ocp032vj21,True,Included in rent means,,Source pricing flag retained; automated consistency checks passed. This is not independent landlord verification.,2026-09-13,all_floorplans_2027_or_later,1,6000,6000,2027-07-07,2027-07-07,True,False,1.6336891249336947,>1–3 mi,3345.878579649908,2.1792283129207264,>1–3 mi,4333.6745077785645,0.8705344145477303,0–1 mi,683.5782911879841,True
0pm7tt3,Campus West at Tryon,5521 Avent Ferry Rd,Raleigh,NC,27606,35.749441,-78.717104,699,699,$699,Per bedroom,Per bedroom,3,3,3 Beds,Apartment Community,False,False,11 Month Lease,2026-08-10T07:47:02Z,https://offcampus.dasa.ncsu.edu/housing/property/campus-west-at-tryon/0pm7tt3,True,Included in rent means,,Source pricing flag retained; automated consistency checks passed. This is not independent landlord verification.,2026-09-13,floorplan_all_in_differs,1,699,699,2026-08-10,2026-08-10,False,True,2.8741204175119903,>1–3 mi,664.6441955366911,2.5887031877735907,>1–3 mi,2171.6471685554416,3.465363316235042,>3–5 mi,2457.1183097210223,True
ocpbhbkvy9,Voyager House,2413 Voyager Circle,Raleigh,NC,27603,35.75259,-78.676327,800,800,$800,Per bedroom,Per bedroom,1,1,1 Bed,Single-Family Home,True,False,9 Month Lease,2026-05-31T04:46:34Z,https://offcampus.dasa.ncsu.edu/housing/property/voyager-house/ocpbhbkvy9,True,Included in rent means,,Source pricing flag retained; automated consistency checks passed. This is not independent landlord verification.,2026-09-13,,1,800,800,2026-06-15,2026-06-15,False,False,1.8840499749385984,>1–3 mi,4667.783867675799,1.1150361726415758,>1–3 mi,607.3909915475205,3.5311820332060333,>3–5 mi,2804.641135327856,True
e13mz5m,University Suites Student Housing,2190 Ocean Reef Pl,Raleigh,NC,27603,35.747754,-78.693507,699,799,$699 - $799,Per bedroom,Per bedroom,3,4,3 - 4 Beds,Apartment Community,False,False,11 Month Lease,2026-09-01T07:24:41Z,https://offcampus.dasa.ncsu.edu/housing/property/university-suites-student-housing/e13mz5m,True,Included in rent means,,Source pricing flag retained; automated consistency checks passed. This is not independent landlord verification.,2026-09-13,,2,699,799,2026-08-14,2026-08-14,False,False,2.292134879809194,>1–3 mi,3737.5278346074565,1.7029286455178234,>1–3 mi,3711.4632483341074,3.5539142331720144,>3–5 mi,2924.667151148236,True
ocpepvxvln,Village Green Student Living,2000 Village Bluff Place,Raleigh,NC,27603,35.755208,-78.669348,831,831,$831,Per bedroom,Per bedroom,1,1,1 Bed,Apartment Community,True,True,12 Month Lease,2026-08-11T03:30:44Z,https://offcampus.dasa.ncsu.edu/housing/property/village-green-student-living/ocpepvxvln,True,Included in rent means,,Source pricing flag retained; automated consistency checks passed. This is not independent landlord verification.,2026-09-13,,1,831,831,2026-08-14,2026-08-14,False,False,1.8158694045428092,>1–3 mi,4307.790455986033,1.0382231119131542,>1–3 mi,201.81803090145416,3.567258278007665,>3–5 mi,2995.123707880472,True
ocpjpg1817,Gorman Street Village PRE-LEASING for 2026! 3Bed 3Bath w/ Utilities! Upgraded Units Available!,1613 Gorman Street,Raleigh,NC,27606,35.77603,-78.688002,2295,2295,"$2,295",Whole unit,Whole unit,3,3,3 Beds,Apartment Community,False,False,12 Month Lease,2026-06-04T04:58:12Z,https://offcampus.dasa.ncsu.edu/housing/property/gorman-street-village-pre-leasing-for-2026-3bed-3bath-w-utilities-upgraded-units-available/ocpjpg1817,True,Included in rent means,,Source pricing flag retained; automated consistency checks passed. This is not independent landlord verification.,2026-09-13,floorplan_all_in_differs,1,2295,2295,1970-01-01,1970-01-01,False,True,0.4282501000770045,0–1 mi,3018.8394715934164,0.7765932864220707,0–1 mi,1179.5874476914667,1.793313244150261,>1–3 mi,4188.6939291133785,True
ocpgxr290w,Spacious Forest Park Two-Room Suite + Private Bath - Walk to Campus (Includes Utilities),204 E. Park Dr.,Raleigh,NC,27605,35.78692,-78.654559,1225,1225,"$1,225",Whole unit,Per bedroom,2,2,2 Beds,Single-Family Home,False,False,6 Month Lease,2026-08-25T00:43:05Z,https://offcampus.dasa.ncsu.edu/housing/property/spacious-forest-park-two-room-suite-private-bath-walk-to-campus-includes-utilities/ocpgxr290w,True,Included in rent means,,"September 13 source describes one housemate renting a bedroom plus office and private bath, with shared common spaces. Classified as a per-person room/suite, not an entire dwelling; September 9 price retained.",2026-09-13,description_override,1,1225,1225,2026-10-01,2026-10-01,False,False,1.604060635545072,>1–3 mi,3189.44015567798,1.799572412975274,>1–3 mi,4221.742340509446,2.8878251800470243,>1–3 mi,592.2830493517118,True
ocpb48f058,Now Pre-Leasing for August 2026! 1 and 3 Bedrooms with Utilities! Marcom St Apartments!,1401 Stovall Drive,Raleigh,NC,27606,35.779168,-78.689547,1545,2045,"$1,545 - $2,045",Whole unit,Whole unit,2,3,2 - 3 Beds,Apartment Community,False,False,12 Month Lease,2026-07-09T15:49:50Z,https://offcampus.dasa.ncsu.edu/housing/property/now-pre-leasing-for-august-2026-1-and-3-bedrooms-with-utilities-marcom-st-apartments/ocpb48f058,True,Included in rent means,,Source pricing flag retained; automated consistency checks passed. This is not independent landlord verification.,2026-09-13,floorplan_all_in_differs,3,1545,2045,1970-01-01,2026-08-01,False,True,0.44160745605557283,0–1 mi,2948.3126320265756,0.989537105933055,0–1 mi,55.244080673469625,1.562709498233408,>1–3 mi,2971.106150672394,True
ocpsd8dpj6,Spacious En-suite with private patio and garage parking in Crescent Ridge Townhome Community,4503 Pale Moss Drive,Raleigh,NC,27606,35.749844,-78.713718,900,900,$900,Per bedroom,Per bedroom,1,1,1 Bed,Townhome,True,False,12 Month Lease,2026-08-25T19:58:03Z,https://offcampus.dasa.ncsu.edu/housing/property/spacious-en-suite-with-private-patio-and-garage-parking-in-crescent-ridge-townhome-community/ocpsd8dpj6,True,Included in rent means,,Source pricing flag retained; automated consistency checks passed. This is not independent landlord verification.,2026-09-13,,1,900,900,1970-01-01,1970-01-01,False,False,2.7253696776342378,>1–3 mi,1450.0481020912246,2.4126669187690926,>1–3 mi,3101.118668899191,3.40290077430641,>3–5 mi,2127.316088337844,True
xcp87fm,Tryon Flats Apartments,3116 Tryon Rd,Raleigh,NC,27603,35.743632,-78.686435,750,750,$750,Per bedroom,Per bedroom,4,4,4 Beds,Apartment Community,False,False,12 Month Lease,2026-08-11T07:52:39Z,https://offcampus.dasa.ncsu.edu/housing/property/tryon-flats-apartments/xcp87fm,True,Included in rent means,,Source pricing flag retained; automated consistency checks passed. This is not independent landlord verification.,2026-09-13,,1,750,750,2026-06-19,2026-06-19,False,False,2.4932278604760785,>1–3 mi,2675.7568966863055,1.803033076423747,>1–3 mi,4240.014643517384,3.915937101691906,>3–5 mi,4836.147896933264,True
ocpsq86tm4,4bed 4bath Apartment Near Centennial Campus,1441 Collegiate Circle,RALEIGH,NC,27606,35.762747,-78.70112,725,725,$725,Per bedroom,Per bedroom,4,4,4 Beds,Residential Condo Unit For Rent,True,False,12 Month Lease,2026-06-04T20:13:06Z,https://offcampus.dasa.ncsu.edu/housing/property/4bed-4bath-apartment-near-centennial-campus/ocpsq86tm4,True,Included in rent means,,Source pricing flag retained; automated consistency checks passed. This is not independent landlord verification.,2026-09-13,,1,725,725,1970-01-01,1970-01-01,False,False,1.5903192808739508,>1–3 mi,3116.88580301446,1.3866242439060978,>1–3 mi,2041.3760078241967,2.4737944523679305,>1–3 mi,2778.365291497327,True
35cz5ed,"644 Coleman St (Raleigh, NC)",644 Coleman St,Raleigh,NC,27610,35.770543,-78.622703,2150,2150,"$2,150",Whole unit,Whole unit,3,3,3 Beds,Apartment Unit For Rent,False,False,,2026-09-04T12:00:13Z,https://offcampus.dasa.ncsu.edu/housing/property/644-coleman-st-raleigh-nc/35cz5ed,True,Included in rent means,,Source pricing flag retained; automated consistency checks passed. This is not independent landlord verification.,2026-09-13,lease_term_missing,1,2150,2150,2026-09-03,2026-09-03,False,False,3.3636132091524464,>3–5 mi,1919.877744324917,3.0745904150408183,>3–5 mi,393.8373914155207,4.952543796756586,>3–5 mi,250.5687531252238,True
ocp2gxtxqc,The Station,1310 Oglethorpe Avenue,Raleigh,NC,27607,35.798893,-78.711756,969,969,$969,Per bedroom,Per bedroom,1,1,1 Bed,Apartment Community,True,False,7 Month Lease,2026-08-24T20:36:44Z,https://offcampus.dasa.ncsu.edu/housing/property/the-station/ocp2gxtxqc,True,Included in rent means,,Source pricing flag retained; automated consistency checks passed. This is not independent landlord verification.,2026-09-13,all_floorplans_2027_or_later,1,969,969,2027-01-02,2027-01-02,True,False,2.1529092184352425,>1–3 mi,4472.63932666192,2.8352488705725625,>1–3 mi,869.8859633768701,0.4311555472408258,0–1 mi,3003.4987105684404,True
pxc3rhs,Room in Condo on Crab Orchard Dr,1331 Crab Orchard Dr,Raleigh,NC,27606,35.76253,-78.70263,675,675,$675,Whole unit,Per bedroom,1,1,1 Bed,Duplex,False,False,,2026-06-11T14:12:37Z,https://offcampus.dasa.ncsu.edu/housing/property/room-in-condo-on-crab-orchard-dr/pxc3rhs,True,Included in rent means,,Saved September 9 title explicitly offers a room. Reclassified from whole unit to room/per-bedroom; snapshot price unchanged.,2026-09-13,room_title_override; lease_term_missing,1,675,675,2026-09-09,2026-09-09,False,False,1.660043019294766,>1–3 mi,3485.027141876364,1.4719586202578878,>1–3 mi,2491.9415149616475,2.4845472329401206,>1–3 mi,2721.590610076163,True
ocppbmmgnt,5 bedroom townhome available near NC State,2820 Barrymore Street Apt 102,Raleigh,NC,27603,35.745216,-78.684625,650,650,$650,Per bedroom,Per bedroom,2,2,2 Beds,Townhome,True,False,12 Month Lease,2026-02-15T13:42:41Z,https://offcampus.dasa.ncsu.edu/housing/property/5-bedroom-townhome-available-near-nc-state/ocppbmmgnt,True,Included in rent means,,Source pricing flag retained; automated consistency checks passed. This is not independent landlord verification.,2026-09-13,,1,650,650,2026-08-01,2026-08-01,False,False,2.375235558770843,>1–3 mi,3298.7562496899495,1.6710458791978517,>1–3 mi,3543.122242164657,3.837733337830058,>3–5 mi,4423.2320237427075,True
tqbb2mb,Room in House on Okelly St,2923 Okelly St,Raleigh,NC,27607,35.789836,-78.689938,725,725,$725,Whole unit,Per bedroom,1,1,1 Bed,Single-Family Home,False,False,,2026-08-05T11:43:58Z,https://offcampus.dasa.ncsu.edu/housing/property/room-in-house-on-okelly-st/tqbb2mb,False,Excluded from rent means,Search/detail price mismatch,"Saved September 9 title explicitly offers a room. Reclassified from whole unit to room/per-bedroom; snapshot price unchanged. Search summary: $725–$725; saved floor-plan envelope: $700–$700. Difference may reflect fees, timing or scope; unresolved snapshot price excluded.",2026-09-13,room_title_override; price_mismatch; lease_term_missing,1,700,700,2026-09-09,2026-09-09,False,False,0.850448887888596,0–1 mi,789.6298719482133,1.6182492731717752,>1–3 mi,3264.356162346973,0.9919844473431102,0–1 mi,42.322118028378156,True
ocp176ghy4,Campus Crossings Raleigh,3101 Versatile Road,Raleigh,NC,27603,35.745552,-78.68826,865,865,$865,Per bedroom,Per bedroom,1,1,1 Bed,Apartment Community,True,False,11 Month Lease,2026-08-10T02:28:25Z,https://offcampus.dasa.ncsu.edu/housing/property/campus-crossings-raleigh/ocp176ghy4,True,Included in rent means,,Source pricing flag retained; automated consistency checks passed. This is not independent landlord verification.,2026-09-13,,1,865,865,1970-01-01,1970-01-01,False,False,2.3750997756421475,>1–3 mi,3299.4731846094614,1.7093793281807328,>1–3 mi,3745.522852794269,3.7623038443185077,>3–5 mi,4024.9642980017206,True
qcvpeqz,"1431 Collegiate Cir (Raleigh, NC)",1431 Collegiate Cir,Raleigh,NC,27606,35.76218,-78.69981,750,750,$750,Whole unit,Whole unit,1,1,1 Bed,Duplex,False,False,,2026-08-07T18:03:42Z,https://offcampus.dasa.ncsu.edu/housing/property/1431-collegiate-cir-raleigh-nc/qcvpeqz,False,Excluded from rent means,Search/detail price mismatch,"Source pricing flag retained; automated consistency checks passed. This is not independent landlord verification. Search summary: $750–$750; saved floor-plan envelope: $725–$725. Difference may reflect fees, timing or scope; unresolved snapshot price excluded.",2026-09-13,price_mismatch; lease_term_missing,1,725,725,2026-09-07,2026-09-07,False,False,1.5705839269927997,>1–3 mi,3012.6831345219825,1.329430331881691,>1–3 mi,1739.392152335328,2.518797805786408,>1–3 mi,2540.7475854477657,True
ocpqe84m5z,"University Commons, close to Wolfline Stops",1501 Graduate Lane #201,Raleigh,NC,27606,35.77348,-78.690657,2500,2500,"$2,500",Whole unit,Whole unit,4,4,4 Beds,Apartment Community,False,False,12 Month Lease,2026-06-26T11:52:34Z,https://offcampus.dasa.ncsu.edu/housing/property/university-commons-close-to-wolfline-stops/ocpqe84m5z,True,Included in rent means,,Source pricing flag retained; automated consistency checks passed. This is not independent landlord verification.,2026-09-13,,1,2500,2500,2026-08-01,2026-08-01,False,False,0.653303979881748,0–1 mi,1830.5549862243704,0.8081421705052763,0–1 mi,1013.0093397321414,1.883434821983558,>1–3 mi,4664.535860073186,True
c1v4mzd,Room in House on Henslowe Dr,2824 Henslowe Dr,Raleigh,NC,27603,35.750496,-78.672966,650,650,$650,Whole unit,Per bedroom,1,1,1 Bed,Single-Family Home,False,False,,2026-05-02T12:23:31Z,https://offcampus.dasa.ncsu.edu/housing/property/room-in-house-on-henslowe-dr/c1v4mzd,False,Excluded from rent means,Search/detail price mismatch,"Saved September 9 title explicitly offers a room. Reclassified from whole unit to room/per-bedroom; snapshot price unchanged. Search summary: $650–$650; saved floor-plan envelope: $670–$670. Difference may reflect fees, timing or scope; unresolved snapshot price excluded.",2026-09-13,room_title_override; price_mismatch; lease_term_missing,1,670,670,2026-09-09,2026-09-09,False,False,2.063346648487505,>1–3 mi,4945.5296959859725,1.2832089009843866,>1–3 mi,1495.342997197561,3.745565031340688,>3–5 mi,3936.583365478832,True
ocpx51p4tm,Condo near NCSU,1220 University Court Apt #202,Raleigh,NC,27606,35.763552,-78.702984,800,800,$800,Per bedroom,Per bedroom,4,4,4 Beds,Residential Condo Unit For Rent,True,False,12 Month Lease,2026-03-14T20:58:45Z,https://offcampus.dasa.ncsu.edu/housing/property/condo-near-ncsu/ocpx51p4tm,True,Included in rent means,,Source pricing flag retained; automated consistency checks passed. This is not independent landlord verification.,2026-09-13,,1,800,800,1970-01-01,1970-01-01,False,False,1.6254323607288876,>1–3 mi,3302.282864648527,1.4723221211687463,>1–3 mi,2493.8607997709805,2.413386038111517,>1–3 mi,3097.32171877119,True
x5wd0zn,Room in House on Pineland Cir,129 Pineland Cir,Raleigh,NC,27606,35.788639,-78.709617,700,700,$700,Whole unit,Per bedroom,1,1,1 Bed,Single-Family Home,False,False,,2026-08-03T11:24:23Z,https://offcampus.dasa.ncsu.edu/housing/property/room-in-house-on-pineland-cir/x5wd0zn,True,Included in rent means,,Saved September 9 title explicitly offers a room. Reclassified from whole unit to room/per-bedroom; snapshot price unchanged.,2026-09-13,room_title_override; lease_term_missing,1,700,700,2026-09-09,2026-09-09,False,False,1.6881442351649352,>1–3 mi,3633.4015616708575,2.2669330040428433,>1–3 mi,3870.5937386537876,0.7467833953582881,0–1 mi,1336.983672508239,True
ocphdtdgk2,105 Friendly Drive! Furnished Room Rentals with Utilities!,105 Friendly Drive,Raleigh,NC,27607,35.789041,-78.675884,775,1050,"$775 - $1,050",Per bedroom,Per bedroom,2,4,2 - 4 Beds,Apartment Community,True,False,12 Month Lease,2026-07-09T15:06:28Z,https://offcampus.dasa.ncsu.edu/housing/property/105-friendly-drive-furnished-room-rentals-with-utilities/ocphdtdgk2,True,Included in rent means,,Source pricing flag retained; automated consistency checks passed. This is not independent landlord verification.,2026-09-13,floorplan_all_in_differs,3,775,1050,1970-01-01,2026-08-13,False,True,0.7343021957287743,0–1 mi,1402.8844065520716,1.408345371418267,>1–3 mi,2156.0635610884497,1.7092324114524768,>1–3 mi,3744.7471324690778,True
51px18q,"1101 Gunnison Pl (Raleigh, NC)",1101 Gunnison Pl,Raleigh,NC,27609,35.847296,-78.653331,3200,3200,"$3,200",Whole unit,Whole unit,3,3,3 Beds,Single-Family Home,False,False,,2026-08-19T13:47:08Z,https://offcampus.dasa.ncsu.edu/housing/property/1101-gunnison-pl-raleigh-nc/51px18q,True,Included in rent means,,Source pricing flag retained; automated consistency checks passed. This is not independent landlord verification.,2026-09-13,lease_term_missing,1,3200,3200,2026-08-21,2026-08-21,False,False,4.945580432611675,>3–5 mi,287.33531581035595,5.5967868668553065,Outside 5 mi,3151.034656996018,4.411820794044477,>3–5 mi,3105.586207445162,True
ocpjxe9lb5,Private House room listing,6508 Keystone Drive,Raleigh,NC,27612,35.869337,-78.656268,1000,1000,"$1,000",Per bedroom,Per bedroom,1,1,1 Bed,Single-Family Home,True,False,6 Month Lease,2026-07-23T19:26:10Z,https://offcampus.dasa.ncsu.edu/housing/property/private-house-room-listing/ocpjxe9lb5,True,Included in rent means,,Source pricing flag retained; automated consistency checks passed. This is not independent landlord verification.,2026-09-13,,1,1000,1000,1970-01-01,1970-01-01,False,False,6.367636762860208,Outside 5 mi,7221.122107901898,7.054370213806101,Outside 5 mi,10847.074728896216,5.581031733486191,Outside 5 mi,3067.8475528070894,False
6lbm6br,"2810 Crestscene Trail (Raleigh, NC)",2810 Crestscene Trail,Raleigh,NC,27603,35.751168,-78.684513,2500,2500,"$2,500",Whole unit,Whole unit,3,3,3 Beds,Townhome,False,False,,2026-09-03T13:09:13Z,https://offcampus.dasa.ncsu.edu/housing/property/2810-crestscene-trail-raleigh-nc/6lbm6br,True,Included in rent means,,Source pricing flag retained; automated consistency checks passed. This is not independent landlord verification.,2026-09-13,all_floorplans_2027_or_later; lease_term_missing,1,2500,2500,2027-06-01,2027-06-01,True,False,1.9646761938366177,>1–3 mi,5093.490303457342,1.2735641270991989,>1–3 mi,1444.41859108377,3.4474074191269626,>3–5 mi,2362.3111729903626,True
ocp4lh373j,"Hub Raleigh – 4x2 Lease Takeover, Available Now",111 Cox Avenue,Raleigh,NC,27605,35.785129,-78.66049,1199,1199,"$1,199",Per bedroom,Per bedroom,1,1,1 Bed,Apartment Community,True,True,5 Month Lease,2026-08-19T20:54:34Z,https://offcampus.dasa.ncsu.edu/housing/property/hub-raleigh-4x2-lease-takeover-available-now/ocp4lh373j,True,Included in rent means,,Source pricing flag retained; automated consistency checks passed. This is not independent landlord verification.,2026-09-13,,1,1199,1199,2026-08-20,2026-08-20,False,False,1.2495758683530125,>1–3 mi,1317.760584903906,1.48246472439382,>1–3 mi,2547.41374479937,2.611114095902443,>1–3 mi,2053.317573635101,True
dnbdmqk,"2626 Wolf Cub Ct (Raleigh, NC)",2626 Wolf Cub Ct,Raleigh,NC,27603,35.74314,-78.682772,1895,1895,"$1,895",Whole unit,Whole unit,3,3,3 Beds,Townhome,False,False,,2026-08-18T16:28:34Z,https://offcampus.dasa.ncsu.edu/housing/property/2626-wolf-cub-ct-raleigh-nc/dnbdmqk,True,Included in rent means,,Source pricing flag retained; automated consistency checks passed. This is not independent landlord verification.,2026-09-13,lease_term_missing,1,1895,1895,2026-08-17,2026-08-17,False,False,2.5136733702413596,>1–3 mi,2567.804605125621,1.7905962422036172,>1–3 mi,4174.348158835099,4.005214425143685,>3–5 mi,5252.467835241342,True
ocp5cx5drn,Valentine Commons,3009 ME Valentine Drive,Raleigh,NC,27607,35.788043,-78.677424,1000,1300,"$1,000 - $1,300",Per bedroom,Per bedroom,4,4,4 Beds,Apartment Community,True,False,12 Month Lease,2026-08-23T20:43:02Z,https://offcampus.dasa.ncsu.edu/housing/property/valentine-commons/ocp5cx5drn,True,Included in rent means,,Source pricing flag retained; automated consistency checks passed. This is not independent landlord verification.,2026-09-13,all_floorplans_2027_or_later; floorplan_all_in_differs,1,1000,1300,2027-08-11,2027-08-11,True,True,0.6360066417040893,0–1 mi,1921.8849318024086,1.3364807932120384,>1–3 mi,1776.6185881595627,1.658549841899539,>1–3 mi,3477.143165229566,True
teq7kh8,"1233 S Blount St (Raleigh, NC)",1233 S Blount St,Raleigh,NC,27601,35.765117,-78.637201,3800,3800,"$3,800",Whole unit,Whole unit,3,3,3 Beds,Duplex,False,False,,2026-08-07T18:03:58Z,https://offcampus.dasa.ncsu.edu/housing/property/1233-s-blount-st-raleigh-nc/teq7kh8,False,Excluded from rent means,Search/detail price mismatch,"Source pricing flag retained; automated consistency checks passed. This is not independent landlord verification. Search summary: $3800–$3800; saved floor-plan envelope: $3000–$3000. Difference may reflect fees, timing or scope; unresolved snapshot price excluded.",2026-09-13,price_mismatch; lease_term_missing,1,3000,3000,2026-09-01,2026-09-01,False,False,2.684431117480504,>1–3 mi,1666.2036997029388,2.2727858855904257,>1–3 mi,3839.690524082552,4.40038226198793,>3–5 mi,3165.981656703732,True
ocpsgy1zk5,Family Neighborhood with Greenway Access,1424 Crabtree Boulevard,Raleigh,NC,27610,35.799947,-78.600953,3000,3500,"$3,000 - $3,500",Whole unit,Whole unit,3,3,3 Beds,Single-Family Home,False,False,12 Month Lease,2026-06-06T02:48:44Z,https://offcampus.dasa.ncsu.edu/housing/property/family-neighborhood-with-greenway-access/ocpsgy1zk5,True,Included in rent means,,Source pricing flag retained; automated consistency checks passed. This is not independent landlord verification.,2026-09-13,floorplan_all_in_differs,1,3000,3500,1970-01-01,1970-01-01,False,True,4.739688608025742,>3–5 mi,1374.444149624083,4.803051798362211,>3–5 mi,1039.8865046475262,5.780109982379279,Outside 5 mi,4118.980706962592,True
se736e5,College Inn,2717 Western Blvd,Raleigh,NC,27606,35.780547,-78.677473,859,1275,"$859 - $1,275",Per bedroom,Per bedroom,2,4,2 - 4 Beds,Apartment Community,False,False,11 Month Lease,2026-08-12T07:22:29Z,https://offcampus.dasa.ncsu.edu/housing/property/college-inn/se736e5,True,Included in rent means,,Source pricing flag retained; automated consistency checks passed. This is not independent landlord verification.,2026-09-13,floorplan_all_in_differs,4,859,1275,2026-08-12,2026-08-12,False,True,0.2464607774894674,0–1 mi,3978.6870948556125,0.8185511340280208,0–1 mi,958.0500123320501,1.9383779540199106,>1–3 mi,4954.635597225129,True
ocp0gch9g2,"Quiet Furnished Room in Cary – Private Bath, Storage, Driveway Access, Near Bus 3",359 Roberts Ridge Drive,Cary,NC,27513,35.80786,-78.784612,950,950,$950,Per bedroom,Per bedroom,1,1,1 Bed,Townhome,True,False,1 Month Lease,2026-07-13T21:32:31Z,https://offcampus.dasa.ncsu.edu/housing/property/quiet-furnished-room-in-cary-private-bath-storage-driveway-access-near-bus-3/ocp0gch9g2,True,Included in rent means,,Source pricing flag retained; automated consistency checks passed. This is not independent landlord verification.,2026-09-13,,1,950,950,2026-09-01,2026-09-01,False,False,6.0921740837866425,Outside 5 mi,5766.679162393472,6.584910478124828,Outside 5 mi,8368.327324499094,4.559165266396114,>3–5 mi,2327.607393428517,True
r2tht53,Room in House on Tall Rock Ct,105 Tall Rock Ct,Raleigh,NC,27610,35.782077,-78.597471,900,900,$900,Whole unit,Per bedroom,1,1,1 Bed,Single-Family Home,False,False,,2026-08-14T15:54:40Z,https://offcampus.dasa.ncsu.edu/housing/property/room-in-house-on-tall-rock-ct/r2tht53,False,Excluded from rent means,Search/detail price mismatch,"Saved September 9 title explicitly offers a room. Reclassified from whole unit to room/per-bedroom; snapshot price unchanged. Search summary: $900–$900; saved floor-plan envelope: $825–$825. Difference may reflect fees, timing or scope; unresolved snapshot price excluded.",2026-09-13,room_title_override; price_mismatch; lease_term_missing,1,825,825,2026-09-09,2026-09-09,False,False,4.723474232803725,>3–5 mi,1460.0560507963312,4.580369312855128,>3–5 mi,2215.6500281249255,6.081418466849784,Outside 5 mi,5709.889504966859,True
ocp1ddchy6,Village Green,2000 Village Bluff Place,Raleigh,NC,27603,35.75371,-78.66687,930,930,$930,Per bedroom,Per bedroom,1,1,1 Bed,Apartment Community,True,True,7 Month Lease,2026-08-19T01:06:20Z,https://offcampus.dasa.ncsu.edu/housing/property/village-green/ocp1ddchy6,True,Included in rent means,,Source pricing flag retained; automated consistency checks passed. This is not independent landlord verification.,2026-09-13,all_floorplans_2027_or_later,1,930,930,2027-01-08,2027-01-08,True,False,1.966488918292135,>1–3 mi,5103.0614885824725,1.1949462867652942,>1–3 mi,1029.3163941207536,3.730289013560026,>3–5 mi,3855.925991596937,True
r66ecw0,Room in Duplex on Bragg St,909 Bragg St,Raleigh,NC,27610,35.765736,-78.623853,640,640,$640,Whole unit,Per bedroom,1,1,1 Bed,Townhome,False,False,,2026-07-31T11:44:36Z,https://offcampus.dasa.ncsu.edu/housing/property/room-in-duplex-on-bragg-st/r66ecw0,False,Excluded from rent means,Search/detail price mismatch,"Saved September 9 title explicitly offers a room. Reclassified from whole unit to room/per-bedroom; snapshot price unchanged. Search summary: $640–$640; saved floor-plan envelope: $630–$630. Difference may reflect fees, timing or scope; unresolved snapshot price excluded.",2026-09-13,room_title_override; price_mismatch; lease_term_missing,1,630,630,2026-09-09,2026-09-09,False,False,3.3785049961729006,>3–5 mi,1998.506379792915,3.0145378651111296,>3–5 mi,76.75992778676452,5.033598888775747,Outside 5 mi,177.40213273594307,True
ocpmf8tflk,St. Albans Lofts in North Hills,600 Saint Albans Drive,Raleigh,NC,27609,35.833976,-78.627217,1330,1330,"$1,330",Whole unit,Whole unit,0,0,Studio,Apartment Community,False,True,5 Month Lease,2026-08-20T16:16:17Z,https://offcampus.dasa.ncsu.edu/housing/property/st-albans-lofts-in-north-hills/ocpmf8tflk,True,Included in rent means,,Source pricing flag retained; automated consistency checks passed. This is not independent landlord verification.,2026-09-13,floorplan_all_in_differs,1,1330,1330,2026-07-15,2026-07-15,False,True,4.845150891999651,>3–5 mi,817.603290241841,5.318007876116427,Outside 5 mi,1679.081585894735,4.956201137305496,>3–5 mi,231.25799502698143,True
kf77vv8,Room in Condo on Collegiate Cir,1430 Collegiate Cir,Raleigh,NC,27606,35.761733,-78.700809,675,675,$675,Whole unit,Per bedroom,1,1,1 Bed,Duplex,False,False,,2026-08-15T13:53:44Z,https://offcampus.dasa.ncsu.edu/housing/property/room-in-condo-on-collegiate-cir/kf77vv8,True,Included in rent means,,Saved September 9 title explicitly offers a room. Reclassified from whole unit to room/per-bedroom; snapshot price unchanged.,2026-09-13,room_title_override; lease_term_missing,1,675,675,2026-09-09,2026-09-09,False,False,1.6305314648216807,>1–3 mi,3329.206134258474,1.3926297413244253,>1–3 mi,2073.0850341929654,2.544898354511679,>1–3 mi,2402.936688178335,True
ocphycq162,Cozy house 10 min walk to campus,,Raleigh,NC,27607,35.792829,-78.666357,1500,1500,"$1,500",Per bedroom,Per bedroom,1,1,1 Bed,Single-Family Home,True,False,12 Month Lease,2026-09-01T13:31:19Z,https://offcampus.dasa.ncsu.edu/housing/property/cozy-house-10-min-walk-to-campus/ocphycq162,True,Included in rent means,,Source pricing flag retained; automated consistency checks passed. This is not independent landlord verification.,2026-09-13,,1,1500,1500,2026-06-01,2026-06-01,False,False,1.2587580836061008,>1–3 mi,1366.242681440212,1.7803162279586886,>1–3 mi,4120.069683621876,2.1497092966597298,>1–3 mi,4489.534913636627,True
hz5leg1,Room in Townhome on Ivory Run Way,2610 Ivory Run Way,Raleigh,NC,27603,35.744672,-78.68458,690,690,$690,Whole unit,Per bedroom,1,1,1 Bed,Townhome,False,False,,2026-08-18T17:40:43Z,https://offcampus.dasa.ncsu.edu/housing/property/room-in-townhome-on-ivory-run-way/hz5leg1,True,Included in rent means,,Saved September 9 title explicitly offers a room. Reclassified from whole unit to room/per-bedroom; snapshot price unchanged.,2026-09-13,room_title_override; lease_term_missing,1,690,690,2026-09-09,2026-09-09,False,False,2.412561562395391,>1–3 mi,3101.674950552336,1.7069781990443456,>1–3 mi,3732.8448909541444,3.874497194868233,>3–5 mi,4617.34518890427,True
ocpszqbd35,Signature 1505 4X4 Apartment,1505 Hillsborough Street,Raleigh,NC,27605,35.783773,-78.658911,1230,1230,"$1,230",Per bedroom,Per bedroom,1,1,1 Bed,Apartment Community,True,True,7 Month Lease,2026-08-31T18:27:04Z,https://offcampus.dasa.ncsu.edu/housing/property/signature-1505-4x4-apartment/ocpszqbd35,True,Included in rent means,,Source pricing flag retained; automated consistency checks passed. This is not independent landlord verification.,2026-09-13,all_floorplans_2027_or_later; floorplan_all_in_differs,1,1230,1230,2027-01-01,2027-01-01,True,True,1.3097987510118945,>1–3 mi,1635.7374053428027,1.473234962501602,>1–3 mi,2498.680602008458,2.727589665990617,>1–3 mi,1438.3265635695427,True
ocpsq5c5s4,Lupton Flats- 2 Bedroom 1 Bathroom Flat Available Now! Pre Leasing for August 2026!,3818 Lupton Circle,Raleigh,NC,27606,35.776319,-78.689472,1295,1295,"$1,295",Whole unit,Whole unit,2,2,2 Beds,Apartment Community,False,False,12 Month Lease,2026-07-09T17:03:53Z,https://offcampus.dasa.ncsu.edu/housing/property/lupton-flats-2-bedroom-1-bathroom-flat-available-now-pre-leasing-for-august-2026/ocpsq5c5s4,True,Included in rent means,,Source pricing flag retained; automated consistency checks passed. This is not independent landlord verification.,2026-09-13,,2,1295,1295,2026-06-15,2026-08-10,False,False,0.4892705683905449,0–1 mi,2696.6513988979227,0.8529598434794067,0–1 mi,776.3720264287327,1.7357264236974133,>1–3 mi,3884.635517122342,True
ocpbnn75s8,912 Chaney Rd. #100,912 Chaney Road #100,Raleigh,NC,27606,35.786705,-78.69549,2600,2600,"$2,600",Whole unit,Whole unit,4,4,4 Beds,Duplex,False,False,12 Month Lease,2025-12-19T17:12:45Z,https://offcampus.dasa.ncsu.edu/housing/property/912-chaney-rd-100/ocpbnn75s8,True,Included in rent means,,Source pricing flag retained; automated consistency checks passed. This is not independent landlord verification.,2026-09-13,floorplan_all_in_differs,1,2600,2600,1970-01-01,1970-01-01,False,True,0.919952603184647,0–1 mi,422.6502551850638,1.6014148073989853,>1–3 mi,3175.4701830666427,0.9447470993510061,0–1 mi,291.73531542668786,True
jkg82q6,Room in House on Joyner Pl,4600 Joyner Pl,Raleigh,NC,27612,35.844878,-78.681951,700,700,$700,Whole unit,Per bedroom,1,1,1 Bed,Single-Family Home,False,False,,2026-08-05T11:44:02Z,https://offcampus.dasa.ncsu.edu/housing/property/room-in-house-on-joyner-pl/jkg82q6,True,Included in rent means,,Saved September 9 title explicitly offers a room. Reclassified from whole unit to room/per-bedroom; snapshot price unchanged.,2026-09-13,room_title_override; lease_term_missing,1,700,700,2026-09-09,2026-09-09,False,False,4.5165241366394975,>3–5 mi,2552.7525585434532,5.269304348245323,Outside 5 mi,1421.9269587353067,3.437811400500744,>3–5 mi,2311.6441946439286,True
ocp2bnnl9c,"Townhome at Hampton Place, Morrisville, 20 to 25 minutes from NCSU.",1204 Grenshaw Drive,Morrisville,NC,27560,35.831552,-78.830401,733,733,$733,Per bedroom,Per bedroom,1,1,1 Bed,Townhome,True,False,9 Month Lease,2026-08-10T19:09:08Z,https://offcampus.dasa.ncsu.edu/housing/property/townhome-at-hampton-place-morrisville-20-to-25-minutes-from-ncsu/ocp2bnnl9c,True,Included in rent means,,Source pricing flag retained; automated consistency checks passed. This is not independent landlord verification.,2026-09-13,floorplan_all_in_differs,1,733,733,1970-01-01,1970-01-01,False,True,9.07627174643319,Outside 5 mi,21522.71482116724,9.606075339096252,Outside 5 mi,24320.07779042821,7.437530875362879,Outside 5 mi,12870.163021916,False
gc0phpz,"591 E Cabarrus St (Raleigh, NC)",591 E Cabarrus St,Raleigh,NC,27601,35.77414,-78.62852,2600,2600,"$2,600",Whole unit,Whole unit,3,3,3 Beds,Single-Family Home,False,False,,2026-09-03T13:08:48Z,https://offcampus.dasa.ncsu.edu/housing/property/591-e-cabarrus-st-raleigh-nc/gc0phpz,True,Included in rent means,,Source pricing flag retained; automated consistency checks passed. This is not independent landlord verification.,2026-09-13,lease_term_missing,1,2600,2600,2026-10-01,2026-10-01,False,False,3.002921081928304,>3–5 mi,15.423312581444435,2.771392476844203,>1–3 mi,1207.0477222626089,4.556484327913657,>3–5 mi,2341.7627486158894,True
ocp0gblz91,Great value in beautiful SW Raleigh,,Raleigh,NC,27606,35.747295,-78.729736,850,850,$850,Per bedroom,Per bedroom,1,1,1 Bed,Townhome,True,False,1 Month Lease,2026-01-21T19:53:42Z,https://offcampus.dasa.ncsu.edu/housing/property/great-value-in-beautiful-sw-raleigh/ocp0gblz91,True,Included in rent means,,Source pricing flag retained; automated consistency checks passed. This is not independent landlord verification.,2026-09-13,,1,850,850,1970-01-01,1970-01-01,False,False,3.494769247784064,>3–5 mi,2612.3816282998587,3.281036351668997,>3–5 mi,1483.8719368123036,3.8171698224991957,>3–5 mi,4314.656662795753,True
ocplp7c98d,Collegeview Apartments,1615 Collegeview Avenue,Raleigh,NC,27606,35.775174,-78.68629,1445,1545,"$1,445 - $1,545",Whole unit,Whole unit,2,2,2 Beds,Apartment Community,False,False,12 Month Lease,2026-07-09T16:36:56Z,https://offcampus.dasa.ncsu.edu/housing/property/collegeview-apartments/ocplp7c98d,True,Included in rent means,,Source pricing flag retained; automated consistency checks passed. This is not independent landlord verification.,2026-09-13,,2,1445,1545,1970-01-01,1970-01-01,False,False,0.39564065777599405,0–1 mi,3191.017326942751,0.6655055662947001,0–1 mi,1766.1306099639833,1.893416459943923,>1–3 mi,4717.238908503913,True
ocpteqgjg8,Huge modern studio suite- private entrance and beth- near NCSU,1201 Granada Drive,Raleigh,NC,27612,35.822478,-78.680244,1150,1150,"$1,150",Whole unit,Per bedroom,1,1,1 Bed,Single-Family Home,False,False,1 Month Lease,2026-09-08T13:54:40Z,https://offcampus.dasa.ncsu.edu/housing/property/huge-modern-studio-suite-private-entrance-and-beth-near-ncsu/ocpteqgjg8,True,Included in rent means,,"September 13 source describes a single-occupancy private suite with shared kitchen and laundry. Classified as a per-person room/suite, not a self-contained whole dwelling; September 9 price retained.",2026-09-13,description_override,1,1150,1150,1970-01-01,1970-01-01,False,False,2.9698964369461227,>1–3 mi,158.9468129244721,3.7188867319157692,>3–5 mi,3795.7219445152614,2.1296377401629423,>1–3 mi,4595.512731939665,True
33f756e,University Village at 2505,2505 Red Lodge Pl,Raleigh,NC,27603,35.747318,-78.677292,799,799,$799,Per bedroom,Per bedroom,4,4,4 Beds,Apartment Community,False,False,11 Month Lease,2026-08-12T07:23:16Z,https://offcampus.dasa.ncsu.edu/housing/property/university-village-at-2505/33f756e,True,Included in rent means,,Source pricing flag retained; automated consistency checks passed. This is not independent landlord verification.,2026-09-13,floorplan_all_in_differs,1,799,799,2026-08-12,2026-08-12,False,True,2.237819087455833,>1–3 mi,4024.315218233203,1.477401515394216,>1–3 mi,2520.68000128146,3.8400665076154703,>3–5 mi,4435.551160209683,True
ocphe602k0,Apartment close to campus,2031 Wolfmill Drive 202,Raleigh,NC,27603,35.748959,-78.69618,1800,1800,"$1,800",Whole unit,Whole unit,3,3,3 Beds,Apartment Community,True,False,12 Month Lease,2026-06-06T23:11:20Z,https://offcampus.dasa.ncsu.edu/housing/property/apartment-close-to-campus/ocphe602k0,True,Included in rent means,,Source pricing flag retained; automated consistency checks passed. This is not independent landlord verification.,2026-09-13,,1,1800,1800,2026-07-20,2026-07-20,False,False,2.2620004650064023,>1–3 mi,3896.637544766196,1.7197014724700992,>1–3 mi,3800.0237746421235,3.449430457882558,>3–5 mi,2372.992817619907,True
zfenc9w,Room in Condo on Wolfmill Dr,2010 Wolfmill Dr,Raleigh,NC,27603,35.749406,-78.696527,720,720,$720,Whole unit,Per bedroom,1,1,1 Bed,Duplex,False,False,,2026-07-29T12:19:03Z,https://offcampus.dasa.ncsu.edu/housing/property/room-in-condo-on-wolfmill-dr/zfenc9w,True,Included in rent means,,Saved September 9 title explicitly offers a room. Reclassified from whole unit to room/per-bedroom; snapshot price unchanged.,2026-09-13,room_title_override; lease_term_missing,1,720,720,2026-09-09,2026-09-09,False,False,2.2403609359134684,>1–3 mi,4010.8942583768867,1.7073960067860656,>1–3 mi,3735.0509158304267,3.416338167344828,>3–5 mi,2198.265523580691,True
ocpvv9069d,912 Chaney Rd. #102,912 Chaney Road #102,Raleigh,NC,27606,35.786705,-78.69549,2600,2600,"$2,600",Whole unit,Whole unit,4,4,4 Beds,Duplex,False,False,12 Month Lease,2025-12-19T17:13:09Z,https://offcampus.dasa.ncsu.edu/housing/property/912-chaney-rd-102/ocpvv9069d,True,Included in rent means,,Source pricing flag retained; automated consistency checks passed. This is not independent landlord verification.,2026-09-13,floorplan_all_in_differs,1,2600,2600,1970-01-01,1970-01-01,False,True,0.919952603184647,0–1 mi,422.6502551850638,1.6014148073989853,>1–3 mi,3175.4701830666427,0.9447470993510061,0–1 mi,291.73531542668786,True
49jmmdh,Room in Townhome on Haskell Dr,3016 Haskell Dr,Raleigh,NC,27610,35.738846,-78.629227,563,563,$563,Whole unit,Per bedroom,1,1,1 Bed,Townhome,False,False,,2026-08-15T13:53:47Z,https://offcampus.dasa.ncsu.edu/housing/property/room-in-townhome-on-haskell-dr/49jmmdh,True,Included in rent means,,Saved September 9 title explicitly offers a room. Reclassified from whole unit to room/per-bedroom; snapshot price unchanged.,2026-09-13,room_title_override; lease_term_missing,1,563,563,2026-09-09,2026-09-09,False,False,4.0673108422140105,>3–5 mi,4924.5987531100245,3.4031308835036627,>3–5 mi,2128.531064899339,5.8805360465994605,Outside 5 mi,4649.230326045152,True
ocpn54lxfn,3 bedroom home close to campus and downtown Raleigh(Utilities included),2308 Keith Drive,Raleigh,NC,27610,35.748395,-78.616584,2000,2000,"$2,000",Whole unit,Whole unit,3,3,3 Beds,Duplex,False,False,12 Month Lease,2026-04-06T17:58:40Z,https://offcampus.dasa.ncsu.edu/housing/property/3-bedroom-home-close-to-campus-and-downtown-raleigh-utilities-included/ocpn54lxfn,True,Included in rent means,,Source pricing flag retained; automated consistency checks passed. This is not independent landlord verification.,2026-09-13,,1,2000,2000,1970-01-01,1970-01-01,False,False,4.235711981467582,>3–5 mi,4035.4407378511664,3.6923745324209656,>3–5 mi,3655.737531182698,6.002337733914227,Outside 5 mi,5292.343235067118,True
wjt9dqk,Room in Condo on University Ct,1241 University Ct,Raleigh,NC,27606,35.763601,-78.70304,650,650,$650,Whole unit,Per bedroom,1,1,1 Bed,Duplex,False,False,,2026-07-21T14:13:02Z,https://offcampus.dasa.ncsu.edu/housing/property/room-in-condo-on-university-ct/wjt9dqk,False,Excluded from rent means,Search/detail price mismatch,"Saved September 9 title explicitly offers a room. Reclassified from whole unit to room/per-bedroom; snapshot price unchanged. Search summary: $650–$650; saved floor-plan envelope: $625–$625. Difference may reflect fees, timing or scope; unresolved snapshot price excluded.",2026-09-13,room_title_override; price_mismatch; lease_term_missing,1,625,625,2026-09-09,2026-09-09,False,False,1.6254486933253598,>1–3 mi,3302.3691007578996,1.474555864518148,>1–3 mi,2505.6549646558215,2.4099235865272277,>1–3 mi,3115.6034631362377,True
ocpg8zsjmz,Flex Stay | Lux Furnished | 3 Bed |  Pets OK | Utilities Incl. | International OK,532 Brent Road,Raleigh,NC,27606,35.773384,-78.694331,2800,2800,"$2,800",Whole unit,Whole unit,3,3,3 Beds,Duplex,False,False,1 Month Lease,2026-04-30T13:49:28Z,https://offcampus.dasa.ncsu.edu/housing/property/flex-stay-lux-furnished-3-bed-pets-ok-utilities-incl-international-ok/ocpg8zsjmz,True,Included in rent means,,Source pricing flag retained; automated consistency checks passed. This is not independent landlord verification.,2026-09-13,,1,2800,2800,2026-08-15,2026-08-15,False,False,0.8258720595425264,0–1 mi,919.3955256154605,0.9974991356134714,0–1 mi,13.204563960871187,1.817368599459345,>1–3 mi,4315.706205145341,True
bq6wzsb,Room in House on Quartz Ct,2325 Quartz Ct,Raleigh,NC,27610,35.746499,-78.607758,685,685,$685,Whole unit,Per bedroom,1,1,1 Bed,Single-Family Home,False,False,,2026-09-03T14:03:46Z,https://offcampus.dasa.ncsu.edu/housing/property/room-in-house-on-quartz-ct/bq6wzsb,True,Included in rent means,,Saved September 9 title explicitly offers a room. Reclassified from whole unit to room/per-bedroom; snapshot price unchanged.,2026-09-13,room_title_override; lease_term_missing,1,685,685,2026-09-09,2026-09-09,False,False,4.73061912195772,>3–5 mi,1422.331036063237,4.200471923458102,>3–5 mi,4221.50824414122,6.4846515642138955,Outside 5 mi,7838.960259049369,True
ocp4t7wmxk,University Oaks,1130 Carlton Avenue #303,Raleigh,NC,27606,35.782112,-78.689174,725,725,$725,Per bedroom,Per bedroom,3,3,3 Beds,Apartment Community,True,False,12 Month Lease,2026-08-23T17:12:28Z,https://offcampus.dasa.ncsu.edu/housing/property/university-oaks/ocp4t7wmxk,True,Included in rent means,,Source pricing flag retained; automated consistency checks passed. This is not independent landlord verification.,2026-09-13,,1,725,725,1970-01-01,1970-01-01,False,False,0.45691440711796516,0–1 mi,2867.491930417144,1.134452219955307,>1–3 mi,709.9077213640214,1.4054714704655398,>1–3 mi,2140.88936405805,True
z44390w,Lofts at Lineberry,2531 Lineberry Dr,Raleigh,NC,27607,35.74926,-78.679092,,,Call for Pricing,Whole unit,Whole unit,1,4,1 - 4 Beds,Apartment Community,False,False,,2026-06-25T07:56:33Z,https://offcampus.dasa.ncsu.edu/housing/property/lofts-at-lineberry/z44390w,False,Excluded from rent means,Missing or invalid price pair,Source pricing flag retained; automated consistency checks passed. This is not independent landlord verification.,2026-09-13,missing_price; lease_term_missing,2,,,,,False,False,2.09510614141643,>1–3 mi,4777.839573321249,1.3461386858388062,>1–3 mi,1827.612261228897,3.677328038667926,>3–5 mi,3576.292044166649,True
ocp90bdzb4,Brick Bungalow close to Campus,724 New Road,Raleigh,NC,27608,35.80608,-78.627592,1050,1050,"$1,050",Per bedroom,Per bedroom,1,1,1 Bed,Single-Family Home,True,False,1 Month Lease,2026-06-10T18:30:52Z,https://offcampus.dasa.ncsu.edu/housing/property/brick-bungalow-close-to-campus/ocp90bdzb4,True,Included in rent means,,Source pricing flag retained; automated consistency checks passed. This is not independent landlord verification.,2026-09-13,,1,1050,1050,2026-09-08,2026-09-08,False,False,3.5438843605559747,>3–5 mi,2871.7094237355464,3.8072287190805594,>3–5 mi,4262.167636745354,4.3183316845050745,>3–5 mi,3599.2087058132065,True
ocp9blcpd7,"Studio, One and Two Bedrooms at Westgrove Towers",4700 Westgrove Street,Raleigh,NC,27606,35.787608,-78.700346,805,1050,"$805 - $1,050",Whole unit,Whole unit,1,1,1 Bed,Apartment Community,False,False,12 Month Lease,2026-07-09T17:28:26Z,https://offcampus.dasa.ncsu.edu/housing/property/studio-one-and-two-bedrooms-at-westgrove-towers/ocp9blcpd7,True,Included in rent means,,Source pricing flag retained; automated consistency checks passed. This is not independent landlord verification.,2026-09-13,,3,805,1050,1970-01-01,1970-01-01,False,False,1.1864597245061157,>1–3 mi,984.5073453922909,1.8294053442038667,>1–3 mi,4379.260217396416,0.7791230108928013,0–1 mi,1166.2305024860088,True
ocpq99qjpx,Apartment close to NCSU,1321 Crab Orchard Drive 201,Raleigh,NC,27606,35.762406,-78.702305,645,645,$645,Per bedroom,Per bedroom,1,1,1 Bed,Apartment Community,True,False,,2026-04-14T09:09:11Z,https://offcampus.dasa.ncsu.edu/housing/property/apartment-close-to-ncsu/ocpq99qjpx,True,Included in rent means,,Source pricing flag retained; automated consistency checks passed. This is not independent landlord verification.,2026-09-13,lease_term_missing,1,645,645,1970-01-01,1970-01-01,False,False,1.6533172431768715,>1–3 mi,3449.5150439738813,1.4570636029554958,>1–3 mi,2413.2958236050176,2.493770610048423,>1–3 mi,2672.891178944327,True
gdtz0ww,"3111 Kentish Town Ln (Raleigh, NC)",3111 Kentish Town Ln,Raleigh,NC,27612,35.825827,-78.702069,2700,2700,"$2,700",Whole unit,Whole unit,3,3,3 Beds,Townhome,False,False,,2026-09-03T13:08:51Z,https://offcampus.dasa.ncsu.edu/housing/property/3111-kentish-town-ln-raleigh-nc/gdtz0ww,False,Excluded from rent means,Search/detail price mismatch,"Source pricing flag retained; automated consistency checks passed. This is not independent landlord verification. Search summary: $2700–$2700; saved floor-plan envelope: $2675–$2675. Difference may reflect fees, timing or scope; unresolved snapshot price excluded.",2026-09-13,price_mismatch; lease_term_missing,1,2675,2675,2026-09-12,2026-09-12,False,False,3.3980415850971672,>3–5 mi,2101.659569313043,4.180356155935011,>3–5 mi,4327.7194966631405,1.8935441398896937,>1–3 mi,4717.9130586175825,True
ocps6ymwl7,University Woods,1911 Wolf Tech Lane,Raleigh,NC,27603,35.750831,-78.695304,600,600,$600,Per bedroom,Per bedroom,1,1,1 Bed,Residential Condo Unit For Rent,False,False,,2024-04-17T19:13:38Z,https://offcampus.dasa.ncsu.edu/housing/property/university-woods/ocps6ymwl7,True,Included in rent means,,Source pricing flag retained; automated consistency checks passed. This is not independent landlord verification.,2026-09-13,lease_term_missing,1,600,600,1970-01-01,1970-01-01,False,False,2.1236456712085854,>1–3 mi,4627.150856018669,1.5876926893475356,>1–3 mi,3103.0173997549878,3.3281024652771403,>3–5 mi,1732.3810166633007,True
9m73sq5,Room in Townhome on Macedonia Lake Dr,8627 Macedonia Lake Dr,Cary,NC,27518,35.748332,-78.742572,800,800,$800,Whole unit,Per bedroom,1,1,1 Bed,Townhome,False,False,,2026-07-08T13:43:09Z,https://offcampus.dasa.ncsu.edu/housing/property/room-in-townhome-on-macedonia-lake-dr/9m73sq5,True,Included in rent means,,Saved September 9 title explicitly offers a room. Reclassified from whole unit to room/per-bedroom; snapshot price unchanged.,2026-09-13,room_title_override; lease_term_missing,1,800,800,2026-09-09,2026-09-09,False,False,4.036728025563669,>3–5 mi,5086.07602502383,3.9104878367296028,>3–5 mi,4807.375777932302,4.081267407142264,>3–5 mi,4850.9080902888445,True
ocpvgtpebg,Lake Park Condos- Room Rental with Utilities,1410 Collegiate Circle,Raleigh,NC,27606,35.762115,-78.701515,500,600,$500 - $600,Per bedroom,Per bedroom,1,1,1 Bed,Residential Condo Unit For Rent,True,False,12 Month Lease,2026-02-15T22:07:36Z,https://offcampus.dasa.ncsu.edu/housing/property/lake-park-condos-room-rental-with-utilities/ocpvgtpebg,True,Included in rent means,,Source pricing flag retained; automated consistency checks passed. This is not independent landlord verification.,2026-09-13,,1,500,600,1970-01-01,1970-01-01,False,False,1.6373569359044247,>1–3 mi,3365.244621575362,1.4211648900993707,>1–3 mi,2223.7506197246776,2.5160026253171655,>1–3 mi,2555.5061383253665,True
5hme2mn,The Station Raleigh,4200 Trinity Rd,Raleigh,NC,27607,35.799954,-78.711159,749,1930,"$749 - $1,930",Per bedroom,Per bedroom,1,4,1 - 4 Beds,Apartment Community,False,False,11 Month Lease,2026-08-18T07:31:17Z,https://offcampus.dasa.ncsu.edu/housing/property/the-station-raleigh/5hme2mn,True,Included in rent means,,Source pricing flag retained; automated consistency checks passed. This is not independent landlord verification.,2026-09-13,floorplan_all_in_differs,7,749,1930,2026-08-08,2026-08-08,False,True,2.173712249435797,>1–3 mi,4362.799322978992,2.8674805254773874,>1–3 mi,699.7028254793945,0.40974186363259407,0–1 mi,3116.5629600199036,True
ocp1kxjde4,"Rent a WHOLE unit with water, electric, washer and dryer! 4 Bed 4 Bath! Lake Park Condos!",1410 Collegiate Circle,Raleigh,NC,27606,35.762115,-78.701515,2000,2000,"$2,000",Whole unit,Whole unit,4,4,4 Beds,Residential Condo Unit For Rent,False,False,12 Month Lease,2026-02-15T22:14:10Z,https://offcampus.dasa.ncsu.edu/housing/property/rent-a-whole-unit-with-water-electric-washer-and-dryer-4-bed-4-bath-lake-park-condos/ocp1kxjde4,True,Included in rent means,,Source pricing flag retained; automated consistency checks passed. This is not independent landlord verification.,2026-09-13,,1,2000,2000,1970-01-01,1970-01-01,False,False,1.6373569359044247,>1–3 mi,3365.244621575362,1.4211648900993707,>1–3 mi,2223.7506197246776,2.5160026253171655,>1–3 mi,2555.5061383253665,True
lpl9fce,"2850 Sanderford Rd (Raleigh, NC)",2850 Sanderford Rd,Raleigh,NC,27610,35.739414,-78.61236,650,650,$650,Whole unit,Per bedroom,1,1,1 Bed,Single-Family Home,False,False,,2026-09-03T13:09:36Z,https://offcampus.dasa.ncsu.edu/housing/property/2850-sanderford-rd-raleigh-nc/lpl9fce,True,Included in rent means,,September 13 source description identifies a room in a five-bedroom house with shared kitchen/bathroom. Reclassified as room/per-bedroom; September 9 price retained.,2026-09-13,description_override; lease_term_missing,1,650,650,2026-08-25,2026-08-25,False,False,4.772916888366553,>3–5 mi,1198.9988294245993,4.175547503871908,>3–5 mi,4353.109179556328,6.564210403905217,Outside 5 mi,8259.030932619546,True
ocp706k96x,Six Forks townhome,,Raleigh,NC,27615,35.872656,-78.646275,900,900,$900,Per bedroom,Per bedroom,1,1,1 Bed,Townhome,True,False,12 Month Lease,2026-08-25T13:49:46Z,https://offcampus.dasa.ncsu.edu/housing/property/six-forks-townhome/ocp706k96x,True,Included in rent means,,Source pricing flag retained; automated consistency checks passed. This is not independent landlord verification.,2026-09-13,,1,900,900,2026-08-25,2026-08-25,False,False,6.734474107328608,Outside 5 mi,9158.02328669505,7.392639013087954,Outside 5 mi,12633.133989104395,6.062789084804523,Outside 5 mi,5611.526367767881,False
k8k3t7b,Room in House on Old Farm Rd,612 Old Farm Rd,Raleigh,NC,27606,35.774776,-78.735782,650,650,$650,Whole unit,Per bedroom,1,1,1 Bed,Single-Family Home,False,False,,2026-08-12T17:59:56Z,https://offcampus.dasa.ncsu.edu/housing/property/room-in-house-on-old-farm-rd/k8k3t7b,False,Excluded from rent means,Search/detail price mismatch,"Saved September 9 title explicitly offers a room. Reclassified from whole unit to room/per-bedroom; snapshot price unchanged. Search summary: $650–$650; saved floor-plan envelope: $630–$630. Difference may reflect fees, timing or scope; unresolved snapshot price excluded.",2026-09-13,room_title_override; price_mismatch; lease_term_missing,1,630,630,2026-09-09,2026-09-09,False,False,3.0502911642978976,>3–5 mi,265.5373474928993,3.2940971734978146,>3–5 mi,1552.8330760684612,2.416050680569727,>1–3 mi,3083.252406591841,True
ocpssgbbl7,Inona Place,228 Spark Street,Raleigh,NC,27606,35.786004,-78.739121,1800,1800,"$1,800",Whole unit,Whole unit,3,3,3 Beds,Townhome,False,False,10 Month Lease,2026-08-31T23:42:16Z,https://offcampus.dasa.ncsu.edu/housing/property/inona-place/ocpssgbbl7,True,Included in rent means,,Source pricing flag retained; automated consistency checks passed. This is not independent landlord verification.,2026-09-13,,1,1800,1800,1970-01-01,1970-01-01,False,False,3.250759336352898,>3–5 mi,1324.0092959433011,3.655237205823014,>3–5 mi,3459.652446745513,2.1444387757402454,>1–3 mi,4517.363264091504,True
3zb9brd,Room in House on Slippery Elm Dr,3320 Slippery Elm Dr,Raleigh,NC,27610,35.739297,-78.598298,720,720,$720,Whole unit,Per bedroom,1,1,1 Bed,Single-Family Home,False,False,,2026-08-12T17:59:50Z,https://offcampus.dasa.ncsu.edu/housing/property/room-in-house-on-slippery-elm-dr/3zb9brd,True,Included in rent means,,Saved September 9 title explicitly offers a room. Reclassified from whole unit to room/per-bedroom; snapshot price unchanged.,2026-09-13,room_title_override; lease_term_missing,1,720,720,2026-09-09,2026-09-09,False,False,5.43836794512648,Outside 5 mi,2314.582750267813,4.88359910158691,>3–5 mi,614.5967436211163,7.2030187148071505,Outside 5 mi,11631.938814181754,True
ocpd9wnxdk,$3600 saving on 2*2 Sublet at Stanhope Apartment for NC STATE,3001 Hillsborough St,Raleigh,NC,27607,35.78914,-78.677661,550,550,$550,Per bedroom,Per bedroom,1,1,1 Bed,Apartment Community,True,False,12 Month Lease,2026-08-14T14:08:41Z,https://offcampus.dasa.ncsu.edu/housing/property/3600-saving-on-2-2-sublet-at-stanhope-apartment-for-nc-state/ocpd9wnxdk,True,Included in rent means,,Source pricing flag retained; automated consistency checks passed. This is not independent landlord verification.,2026-09-13,,1,550,550,1970-01-01,1970-01-01,False,False,0.7024681108580499,0–1 mi,1570.9683746694964,1.412298318639059,>1–3 mi,2176.9351224142315,1.614862709977065,>1–3 mi,3246.475108678903,True
0nhgh82,Room in Condo on Carlton Ave,1120 Carlton Ave,Raleigh,NC,27606,35.783494,-78.688449,635,635,$635,Whole unit,Per bedroom,1,1,1 Bed,Duplex,False,False,,2026-08-27T14:08:15Z,https://offcampus.dasa.ncsu.edu/housing/property/room-in-condo-on-carlton-ave/0nhgh82,False,Excluded from rent means,Search/detail price mismatch,"Saved September 9 title explicitly offers a room. Reclassified from whole unit to room/per-bedroom; snapshot price unchanged. Search summary: $635–$635; saved floor-plan envelope: $600–$600. Difference may reflect fees, timing or scope; unresolved snapshot price excluded.",2026-09-13,room_title_override; price_mismatch; lease_term_missing,1,600,600,2026-09-09,2026-09-09,False,False,0.46875386158311083,0–1 mi,2804.9796108411747,1.1922775325306516,>1–3 mi,1015.2253717618405,1.3557849269644495,>1–3 mi,1878.5444143722934,True
ocp67ldb5s,The Wilde,3333 Melrose Club Boulevard,Raleigh,NC,27603,35.751416,-78.692771,860,860,$860,Per bedroom,Per bedroom,1,1,1 Bed,Apartment Community,True,True,12 Month Lease,2026-08-18T18:18:00Z,https://offcampus.dasa.ncsu.edu/housing/property/the-wilde/ocp67ldb5s,True,Included in rent means,,Source pricing flag retained; automated consistency checks passed. This is not independent landlord verification.,2026-09-13,all_floorplans_2027_or_later,1,860,860,2027-01-01,2027-01-01,True,False,2.038270327954621,>1–3 mi,5077.9326683996005,1.4694300931644315,>1–3 mi,2478.5908919081985,3.3123528000661704,>3–5 mi,1649.2227843493797,True
w6v7z0h,Room in Condo on University Ct,1220 University Ct,Raleigh,NC,27606,35.763461,-78.703185,650,650,$650,Whole unit,Per bedroom,1,1,1 Bed,Duplex,False,False,,2026-07-15T14:43:45Z,https://offcampus.dasa.ncsu.edu/housing/property/room-in-condo-on-university-ct/w6v7z0h,False,Excluded from rent means,Search/detail price mismatch,"Saved September 9 title explicitly offers a room. Reclassified from whole unit to room/per-bedroom; snapshot price unchanged. Search summary: $650–$650; saved floor-plan envelope: $575–$575. Difference may reflect fees, timing or scope; unresolved snapshot price excluded.",2026-09-13,room_title_override; price_mismatch; lease_term_missing,1,575,575,2026-09-09,2026-09-09,False,False,1.6379798053141692,>1–3 mi,3368.5333720588133,1.4847806277783109,>1–3 mi,2559.6417146694816,2.4194116742123217,>1–3 mi,3065.5063601589413,True
ocp0psn632,An apartments with 3 bed and 3 bath for NC State Students www.ncstudentsliving.com,2031 Wolfmill Drive Unit 204,Raleigh,NC,27603,35.748959,-78.69618,650,650,$650,Per bedroom,Per bedroom,3,3,3 Beds,Residential Condo Unit For Rent,False,False,12 Month Lease,2025-10-29T02:33:12Z,https://offcampus.dasa.ncsu.edu/housing/property/an-apartments-with-3-bed-and-3-bath-for-nc-state-students-www-ncstudentsliving-com/ocp0psn632,True,Included in rent means,,Source pricing flag retained; automated consistency checks passed. This is not independent landlord verification.,2026-09-13,,1,650,650,2026-07-20,2026-07-20,False,False,2.2620004650064023,>1–3 mi,3896.637544766196,1.7197014724700992,>1–3 mi,3800.0237746421235,3.449430457882558,>3–5 mi,2372.992817619907,True
l1e6hxd,"707 E Martin St (Raleigh, NC)",707 E Martin St,Raleigh,NC,27601,35.776606,-78.62745,2650,2650,"$2,650",Whole unit,Whole unit,3,3,3 Beds,Single-Family Home,False,False,,2026-08-22T13:30:37Z,https://offcampus.dasa.ncsu.edu/housing/property/707-e-martin-st-raleigh-nc/l1e6hxd,True,Included in rent means,,Source pricing flag retained; automated consistency checks passed. This is not independent landlord verification.,2026-09-13,lease_term_missing,1,2650,2650,2026-09-14,2026-09-14,False,False,3.0464581666047694,>3–5 mi,245.29911967318256,2.8584066656582103,>1–3 mi,747.6128053246495,4.552881362554294,>3–5 mi,2360.786405713326,True
ocpsqjgls7,Cozy private apt,808 Edmund Street,Raleigh,NC,27604,35.793768,-78.620987,1595,1595,"$1,595",Whole unit,Whole unit,1,1,1 Bed,Apartment Community,False,False,12 Month Lease,2025-10-29T13:51:41Z,https://offcampus.dasa.ncsu.edu/housing/property/cozy-private-apt/ocpsqjgls7,True,Included in rent means,,Source pricing flag retained; automated consistency checks passed. This is not independent landlord verification.,2026-09-13,,1,1595,1595,1970-01-01,1970-01-01,False,False,3.541531015291821,>3–5 mi,2859.2837607408155,3.6102906172008047,>3–5 mi,3222.3344588202485,4.668009157832532,>3–5 mi,1752.9116466442333,True
y6ff3gt,Room in Condo on Trailwood Heights Ln,1901 Trailwood Heights Ln,Raleigh,NC,27603,35.75105,-78.68598,875,875,$875,Whole unit,Per bedroom,1,1,1 Bed,Duplex,False,False,,2026-08-12T17:59:50Z,https://offcampus.dasa.ncsu.edu/housing/property/room-in-condo-on-trailwood-heights-ln/y6ff3gt,False,Excluded from rent means,Search/detail price mismatch,"Saved September 9 title explicitly offers a room. Reclassified from whole unit to room/per-bedroom; snapshot price unchanged. Search summary: $875–$875; saved floor-plan envelope: $850–$850. Difference may reflect fees, timing or scope; unresolved snapshot price excluded.",2026-09-13,room_title_override; price_mismatch; lease_term_missing,1,850,850,2026-09-09,2026-09-09,False,False,1.9811209946098822,>1–3 mi,5180.318851540178,1.3089049293083552,>1–3 mi,1631.0180267481155,3.4299181179356393,>3–5 mi,2269.9676627001754,True
ocpk5yz73b,Stanhope Student Apartments,3001 Hillsborough Street,Raleigh,NC,27607,35.78914,-78.677661,1300,1300,"$1,300",Per bedroom,Per bedroom,1,1,1 Bed,Apartment Community,True,False,6 Month Lease,2025-10-26T18:46:46Z,https://offcampus.dasa.ncsu.edu/housing/property/stanhope-student-apartments/ocpk5yz73b,True,Included in rent means,,Source pricing flag retained; automated consistency checks passed. This is not independent landlord verification.,2026-09-13,,1,1300,1300,2025-12-10,2025-12-10,False,False,0.7024681108580499,0–1 mi,1570.9683746694964,1.412298318639059,>1–3 mi,2176.9351224142315,1.614862709977065,>1–3 mi,3246.475108678903,True
hp3tns3,Room in House on Ravel St,729 Ravel St,Raleigh,NC,27606,35.772749,-78.709713,600,600,$600,Whole unit,Per bedroom,1,1,1 Bed,Single-Family Home,False,False,,2026-08-18T17:40:52Z,https://offcampus.dasa.ncsu.edu/housing/property/room-in-house-on-ravel-st/hp3tns3,False,Excluded from rent means,Search/detail price mismatch,"Saved September 9 title explicitly offers a room. Reclassified from whole unit to room/per-bedroom; snapshot price unchanged. Search summary: $600–$600; saved floor-plan envelope: $550–$550. Difference may reflect fees, timing or scope; unresolved snapshot price excluded.",2026-09-13,room_title_override; price_mismatch; lease_term_missing,1,550,550,2026-09-09,2026-09-09,False,False,1.6393824700520492,>1–3 mi,3375.9394418748197,1.827396224312826,>1–3 mi,4368.65206437172,1.8049796177603445,>1–3 mi,4250.29238177462,True
ocp5lwrmvq,"Convenient Kaplan Dr property near NCSU buses, park, grocery, with parking space & private bathroom",2012 Trexler Court,Raleigh,NC,27606,35.774772,-78.693057,675,675,$675,Per bedroom,Per bedroom,1,1,1 Bed,Townhome,True,True,12 Month Lease,2026-08-31T14:32:06Z,https://offcampus.dasa.ncsu.edu/housing/property/convenient-kaplan-dr-property-near-ncsu-buses-park-grocery-with-parking-space-and-private-bathroom/ocp5lwrmvq,True,Included in rent means,,Source pricing flag retained; automated consistency checks passed. This is not independent landlord verification.,2026-09-13,,1,675,675,2026-09-01,2026-09-01,False,False,0.7168551166717222,0–1 mi,1495.004983973307,0.9677748822425947,0–1 mi,170.14862175910014,1.7500588268310138,>1–3 mi,3960.3106056677525,True
ocpf3gzfct,Champion Court Condo,2375 Champion Court,Raleigh,NC,27606,35.778144,-78.679261,1500,1500,"$1,500",Whole unit,Whole unit,2,2,2 Beds,Residential Condo Unit For Rent,False,False,12 Month Lease,2026-08-04T19:59:43Z,https://offcampus.dasa.ncsu.edu/housing/property/champion-court-condo/ocpf3gzfct,True,Included in rent means,,Source pricing flag retained; automated consistency checks passed. This is not independent landlord verification.,2026-09-13,,1,1500,1500,1970-01-01,1970-01-01,False,False,0.16520853240400618,0–1 mi,4407.698948906847,0.6599434113088434,0–1 mi,1795.498788289307,1.9766926827902185,>1–3 mi,5156.937365132354,True
ocpvee4m9g,"Furnished 4 bed 3 baths Ranch House, walk to NCSU, free parking",,Raleigh,NC,27606,35.781248,-78.68822,2495,2495,"$2,495",Whole unit,Whole unit,4,4,4 Beds,Single-Family Home,False,False,12 Month Lease,2026-05-07T19:01:04Z,https://offcampus.dasa.ncsu.edu/housing/property/furnished-4-bed-3-baths-ranch-house-walk-to-ncsu-free-parking/ocpvee4m9g,True,Included in rent means,,Source pricing flag retained; automated consistency checks passed. This is not independent landlord verification.,2026-09-13,,1,2495,2495,2026-06-01,2026-06-01,False,False,0.385753873087993,0–1 mi,3243.2195500953967,1.0548826649788259,>1–3 mi,289.78047108820067,1.4852810273285753,>1–3 mi,2562.2838242948774,True
ocpkrnvkk8,The Hub Raleigh,111 Cox Avenue,Raleigh,NC,27605,35.785129,-78.66049,1500,1500,"$1,500",Whole unit,Whole unit,0,0,Studio,Apartment Community,False,False,12 Month Lease,2026-08-24T20:35:25Z,https://offcampus.dasa.ncsu.edu/housing/property/the-hub-raleigh/ocpkrnvkk8,True,Included in rent means,,Source pricing flag retained; automated consistency checks passed. This is not independent landlord verification.,2026-09-13,,1,1500,1500,1970-01-01,1970-01-01,False,False,1.2495758683530125,>1–3 mi,1317.760584903906,1.48246472439382,>1–3 mi,2547.41374479937,2.611114095902443,>1–3 mi,2053.317573635101,True
ocpq292qyw,1st Month FREE!,3000 Centennial Woods Drive Unit D,Raleigh,NC,27603,35.749033,-78.693983,625,625,$625,Per bedroom,Per bedroom,1,1,1 Bed,Apartment Community,True,False,6 Month Lease,2025-11-18T17:47:35Z,https://offcampus.dasa.ncsu.edu/housing/property/1st-month-free/ocpq292qyw,True,Included in rent means,,Source pricing flag retained; automated consistency checks passed. This is not independent landlord verification.,2026-09-13,,1,625,625,1970-01-01,1970-01-01,False,False,2.215850713288853,>1–3 mi,4140.308233834857,1.6433485796722787,>1–3 mi,3396.880500669631,3.462349811168599,>3–5 mi,2441.207002970203,True
ocpqh8kxbz,Falcon Ridge subdivision,2027 Trexler Court,Raleigh,NC,27606,35.775196,-78.693388,650,650,$650,Per bedroom,Per bedroom,1,1,1 Bed,Townhome,True,True,11 Month Lease,2026-08-21T22:56:31Z,https://offcampus.dasa.ncsu.edu/housing/property/falcon-ridge-subdivision/ocpqh8kxbz,False,Excluded from article analysis,Bedroom occupancy review: Unclear,September 20 manual bedroom review could not determine bedroom exclusivity from the saved photos and description. Preserved in the 76-listing bedroom audit but excluded from article rent means.,2026-09-20,bedroom_occupancy_exclusion,1,650,650,2026-09-01,2026-09-01,False,False,0.7208095757678291,0–1 mi,1474.1254399458624,0.997362849847382,0–1 mi,13.924152805823073,1.7161138375744205,>1–3 mi,3781.08106239294,True
ocpqfg7r3z,University Commons PRELEASING FOR 2026-2027,1521 Graduate Lane,Raleigh,NC,27606,35.772759,-78.69035,2200,2700,"$2,200 - $2,700",Whole unit,Whole unit,4,4,4 Beds,Residential Condo Unit For Rent,False,False,12 Month Lease,2026-06-04T05:02:16Z,https://offcampus.dasa.ncsu.edu/housing/property/university-commons-preleasing-for-2026-2027/ocpqfg7r3z,True,Included in rent means,,Source pricing flag retained; automated consistency checks passed. This is not independent landlord verification.,2026-09-13,,1,2200,2700,2026-07-20,2026-07-20,False,False,0.6736294824904357,0–1 mi,1723.2363324504993,0.7730350658450665,0–1 mi,1198.3748523380486,1.9359833354117257,>1–3 mi,4941.992010973912,True
ocpqsb7fkz,TWO BEDROOM TOWNHOUSE IN EXCELLENT CONDITION,2051 Trexler Court,Raleigh,NC,27606,35.774959,-78.693428,1550,1550,"$1,550",Whole unit,Whole unit,2,2,2 Beds,Townhome,False,False,12 Month Lease,2026-05-05T19:20:02Z,https://offcampus.dasa.ncsu.edu/housing/property/two-bedroom-townhouse-in-excellent-condition/ocpqsb7fkz,True,Included in rent means,,Source pricing flag retained; automated consistency checks passed. This is not independent landlord verification.,2026-09-13,,1,1550,1550,2026-08-02,2026-08-02,False,False,0.729757387183053,0–1 mi,1426.88099567348,0.9921205802987337,0–1 mi,41.60333602268588,1.7306932030978308,>1–3 mi,3858.0601123565466,True
ocp8d9cwv0,"Bright 2 BR, 2 BA unit in vibrant Person St district",710 North Person Street #202,Raleigh,NC,27604,35.789176,-78.634239,1950,1950,"$1,950",Whole unit,Whole unit,2,2,2 Beds,Residential Condo Unit For Rent,False,False,12 Month Lease,2026-02-24T16:25:02Z,https://offcampus.dasa.ncsu.edu/housing/property/bright-2-br-2-ba-unit-in-vibrant-person-st-district/ocp8d9cwv0,True,Included in rent means,,Source pricing flag retained; automated consistency checks passed. This is not independent landlord verification.,2026-09-13,,1,1950,1950,1970-01-01,1970-01-01,False,False,2.7416655227693103,>1–3 mi,1364.0060397780417,2.8074783589264487,>1–3 mi,1016.5142648683509,3.966462269159492,>3–5 mi,5102.920781162117,True
ocp9g1mkz6,Stylish Studio Condo on NC State University Campus,2504 Avent Ferry Road APT 204,Raleigh,NC,27606,35.773862,-78.682798,1630,1630,"$1,630",Whole unit,Whole unit,2,2,2 Beds,Residential Condo Unit For Rent,False,False,12 Month Lease,2026-07-14T14:07:03Z,https://offcampus.dasa.ncsu.edu/housing/property/stylish-studio-condo-on-nc-state-university-campus/ocp9g1mkz6,True,Included in rent means,,Source pricing flag retained; automated consistency checks passed. This is not independent landlord verification.,2026-09-13,,1,1630,1630,1970-01-01,1970-01-01,False,False,0.39523982604057983,0–1 mi,3193.1337185057387,0.4641305828202864,0–1 mi,2829.3905227088876,2.0769458864149306,>1–3 mi,4873.7257197291665,True
ocpeg5yhcm,Avery Close,2508 Avent Ferry Road,Raleigh,NC,27606,35.774037,-78.683011,1295,1650,"$1,295 - $1,650",Whole unit,Whole unit,2,2,2 Beds,Residential Condo Unit For Rent,False,False,12 Month Lease,2026-07-09T16:49:36Z,https://offcampus.dasa.ncsu.edu/housing/property/avery-close/ocpeg5yhcm,True,Included in rent means,,Source pricing flag retained; automated consistency checks passed. This is not independent landlord verification.,2026-09-13,,2,1295,1650,1970-01-01,1970-01-01,False,False,0.3854384079265769,0–1 mi,3244.885206147674,0.48106505993831006,0–1 mi,2739.976483525723,2.0601922551439955,>1–3 mi,4962.184892839704,True
ocpsnmx4w4,"""Avery Close "" condos room available across from Centennial Campus NCSU NC State Raleigh",2522 Avent Ferry Road Unit 201,Raleigh,NC,27606,35.774124,-78.682645,750,750,$750,Per bedroom,Per bedroom,1,1,1 Bed,Residential Condo Unit For Rent,True,False,12 Month Lease,2026-07-08T21:32:23Z,https://offcampus.dasa.ncsu.edu/housing/property/avery-close-condos-room-available-across-from-centennial-campus-ncsu-nc-state-raleigh/ocpsnmx4w4,True,Included in rent means,,Source pricing flag retained; automated consistency checks passed. This is not independent landlord verification.,2026-09-13,,1,750,750,2026-08-01,2026-08-01,False,False,0.3760481046808826,0–1 mi,3294.46600728494,0.4729019086752427,0–1 mi,2783.077922194719,2.067123955503036,>1–3 mi,4925.58551494397,True
ocp2k6k5g8,Furnished Room for Rent (Between Central and Centennial Campus),2327 Champion Court,Raleigh,NC,27606,35.777321,-78.67903,600,600,$600,Per bedroom,Per bedroom,1,1,1 Bed,Residential Condo Unit For Rent,True,False,9 Month Lease,2026-08-16T04:15:57Z,https://offcampus.dasa.ncsu.edu/housing/property/furnished-room-for-rent-between-central-and-centennial-campus/ocp2k6k5g8,False,Excluded from article analysis,Bedroom occupancy review: Shared bedroom,September 20 manual bedroom review found the listing explicitly offered one of two beds in a shared furnished master bedroom. Preserved in the 76-listing bedroom audit but excluded from article rent means.,2026-09-20,all_floorplans_2027_or_later; bedroom_occupancy_exclusion,1,600,600,2027-01-01,2027-01-01,True,False,0.2119918921207049,0–1 mi,4160.682809602678,0.6017976844833649,0–1 mi,2102.5082259278333,2.0264435447654403,>1–3 mi,5140.378083638475,True
